<?xml version="1.0" encoding="UTF-8"?>

<AuditEvent xmlns="http://hl7.org/fhir">
  <id value="ex-auditFindDocumentLists-responder"/>
  <meta>
    <profile value="https://profiles.ihe.net/ITI/MHD/StructureDefinition/IHE.MHD.FindDocumentLists.Audit.Responder"/>
    <security>
      <system value="http://terminology.hl7.org/CodeSystem/v3-ActReason"/>
      <code value="HTEST"/>
    </security>
  </meta>
  <text>
    <status value="generated"/><div xmlns="http://www.w3.org/1999/xhtml"><p class="res-header-id"><b>Generated Narrative: AuditEvent ex-auditFindDocumentLists-responder</b></p><a name="ex-auditFindDocumentLists-responder"> </a><a name="hcex-auditFindDocumentLists-responder"> </a><div style="display: inline-block; background-color: #d9e0e7; padding: 6px; margin: 4px; border: 1px solid #8da1b4; border-radius: 5px; line-height: 60%"><p style="margin-bottom: 0px"/><p style="margin-bottom: 0px">Profile: <a href="StructureDefinition-IHE.MHD.FindDocumentLists.Audit.Responder.html">Audit Event for Find Document Lists Transaction at Document Responder</a></p><p style="margin-bottom: 0px">Security Label: test health data (Details: ActReason code HTEST = 'test health data')</p></div><p><b>category</b>: <span title="Codes:{urn:ihe:event-type-code ITI-66}">Find Document Lists</span>, <span title="Codes:{http://hl7.org/fhir/restful-interaction search}">search</span></p><p><b>code</b>: <span title="Codes:{http://terminology.hl7.org/CodeSystem/audit-event-type rest}">Restful Operation</span></p><p><b>action</b>: Execute</p><p><b>recorded</b>: 2020-04-29 09:49:00+0000</p><h3>Outcomes</h3><table class="grid"><tr><td style="display: none">-</td><td><b>Code</b></td></tr><tr><td style="display: none">*</td><td><a href="http://terminology.hl7.org/7.0.1/CodeSystem-audit-event-outcome.html#audit-event-outcome-0">AuditEventOutcome: 0</a> (Success)</td></tr></table><blockquote><p><b>agent</b></p><p><b>type</b>: <span title="Codes:{http://dicom.nema.org/resources/ontology/DCM 110153}">Source Role ID</span></p><p><b>who</b>: <a href="Device-ex-device.html">Device</a></p><p><b>requestor</b>: false</p><p><b>network</b>: 2001:0db8:85a3:0000:0000:8a2e:0370:7334</p></blockquote><blockquote><p><b>agent</b></p><p><b>type</b>: <span title="Codes:{http://dicom.nema.org/resources/ontology/DCM 110152}">Destination Role ID</span></p><p><b>who</b>: http://server.example.com/fhir</p><p><b>requestor</b>: false</p><p><b>network</b>: <a href="http://server.example.com/fhir">http://server.example.com/fhir</a></p></blockquote><h3>Sources</h3><table class="grid"><tr><td style="display: none">-</td><td><b>Site</b></td><td><b>Observer</b></td><td><b>Type</b></td></tr><tr><td style="display: none">*</td><td>HIE MHD api example</td><td>http://server.example.com/fhir</td><td><span title="Codes:{http://terminology.hl7.org/CodeSystem/security-source-type 4}">Application Server</span></td></tr></table><blockquote><p><b>entity</b></p><p><b>role</b>: <span title="Codes:{http://terminology.hl7.org/CodeSystem/object-role 24}">Query</span></p><p><b>query</b>: <code>R0VUIHRlc3QuZmhpci5uZXQvUjQvZmhpci9MaXN0P3BhdGllbnQ9OTg3NiZjb2RlPXN1Ym1pc3Npb25zZXQmc3RhdHVzPWN1cnJlbnQmZGVzaWduYXRpb25UeXBlPWh0dHA6Ly9sb2luYy5vcmd8MTIzNC01Cg==</code></p></blockquote><blockquote><p><b>entity</b></p><p><b>what</b>: <a href="Patient-ex-patient.html">John Schmidt  Other, DoB: 1923-07-25</a></p><p><b>role</b>: <span title="Codes:{http://terminology.hl7.org/CodeSystem/object-role 1}">Patient</span></p></blockquote></div>
  </text>
  <category>
    <coding>
      <system value="urn:ihe:event-type-code"/>
      <code value="ITI-66"/>
      <display value="Find Document Lists"/>
    </coding>
  </category>
  <category>
    <coding>
      <system value="http://hl7.org/fhir/restful-interaction"/>
      <code value="search"/>
      <display value="search"/>
    </coding>
  </category>
  <code>
    <coding>
      <system value="http://terminology.hl7.org/CodeSystem/audit-event-type"/>
      <code value="rest"/>
      <display value="Restful Operation"/>
    </coding>
  </code>
  <action value="E"/>
  <recorded value="2020-04-29T09:49:00.000Z"/>
  <outcome>
    <code>
      <system value="http://terminology.hl7.org/CodeSystem/audit-event-outcome"/>
      <code value="0"/>
      <display value="Success"/>
    </code>
  </outcome>
  <agent>
    <type>
      <coding>
        <system value="http://dicom.nema.org/resources/ontology/DCM"/>
        <code value="110153"/>
        <display value="Source Role ID"/>
      </coding>
    </type>
    <who>
      <reference value="Device/ex-device"/>
    </who>
    <requestor value="false"/>
    <networkString value="2001:0db8:85a3:0000:0000:8a2e:0370:7334"/>
  </agent>
  <agent>
    <type>
      <coding>
        <system value="http://dicom.nema.org/resources/ontology/DCM"/>
        <code value="110152"/>
        <display value="Destination Role ID"/>
      </coding>
    </type>
    <who>
      <display value="http://server.example.com/fhir"/>
    </who>
    <requestor value="false"/>
    <networkUri value="http://server.example.com/fhir"/>
  </agent>
  <source>
    <site>
      <display value="HIE MHD api example"/>
    </site>
    <observer>
      <display value="http://server.example.com/fhir"/>
    </observer>
    <type>
      <coding>
        <system value="http://terminology.hl7.org/CodeSystem/security-source-type"/>
        <code value="4"/>
        <display value="Application Server"/>
      </coding>
    </type>
  </source>
  <entity>
    <role>
      <coding>
        <system value="http://terminology.hl7.org/CodeSystem/object-role"/>
        <code value="24"/>
        <display value="Query"/>
      </coding>
    </role>
    <query value="R0VUIHRlc3QuZmhpci5uZXQvUjQvZmhpci9MaXN0P3BhdGllbnQ9OTg3NiZjb2RlPXN1Ym1pc3Npb25zZXQmc3RhdHVzPWN1cnJlbnQmZGVzaWduYXRpb25UeXBlPWh0dHA6Ly9sb2luYy5vcmd8MTIzNC01Cg=="/>
  </entity>
  <entity>
    <what>
      <reference value="Patient/ex-patient"/>
    </what>
    <role>
      <coding>
        <system value="http://terminology.hl7.org/CodeSystem/object-role"/>
        <code value="1"/>
        <display value="Patient"/>
      </coding>
    </role>
  </entity>
</AuditEvent>