<?xml version="1.0" encoding="UTF-8"?>

<Bundle xmlns="http://hl7.org/fhir">
  <id value="ex-minimalProvideDocumentBundleSimple"/>
  <meta>
    <profile value="https://profiles.ihe.net/ITI/MHD/StructureDefinition/IHE.MHD.Minimal.ProvideBundle"/>
    <security>
      <system value="http://terminology.hl7.org/CodeSystem/v3-ActReason"/>
      <code value="HTEST"/>
    </security>
  </meta>
  <type value="transaction"/>
  <timestamp value="2004-10-25T23:50:50-05:00"/>
  <entry>
    <fullUrl value="urn:uuid:aaaaaaaa-bbbb-cccc-dddd-e00111100001"/>
    <resource>
      <List>
        <id value="aaaaaaaa-bbbb-cccc-dddd-e00111100001"/>
        <meta>
          <profile value="https://profiles.ihe.net/ITI/MHD/StructureDefinition/IHE.MHD.Minimal.SubmissionSet"/>
          <security>
            <system value="http://terminology.hl7.org/CodeSystem/v3-ActReason"/>
            <code value="HTEST"/>
          </security>
        </meta>
        <text>
          <status value="extensions"/><div xmlns="http://www.w3.org/1999/xhtml"><a name="List_aaaaaaaa-bbbb-cccc-dddd-e00111100001"> </a>SubmissionSet with Patient</div>
        </text>
        <contained>
          <Practitioner>
            <id value="in-practitioner2"/>
            <telecom>
              <system value="email"/>
              <value value="JohnMoehrke@gmail.com"/>
            </telecom>
          </Practitioner>
        </contained>
        <extension url="https://profiles.ihe.net/ITI/MHD/StructureDefinition/ihe-sourceId">
          <valueIdentifier>
            <value value="urn:oid:1.2.3.4"/>
          </valueIdentifier>
        </extension>
        <extension url="https://profiles.ihe.net/ITI/MHD/StructureDefinition/ihe-intendedRecipient">
          <valueReference>
            <reference value="#in-practitioner2"/>
          </valueReference>
        </extension>
        <identifier>
          <use value="usual"/>
          <system value="urn:ietf:rfc:3986"/>
          <value value="urn:oid:1.2.840.113556.1.8000.2554.58783.21864.3474.19410.44358.58254.41281.46343"/>
        </identifier>
        <status value="current"/>
        <mode value="working"/>
        <code>
          <coding>
            <system value="https://profiles.ihe.net/ITI/MHD/CodeSystem/MHDlistTypes"/>
            <code value="submissionset"/>
          </coding>
        </code>
        <subject>
          <reference value="urn:uuid:aaaaaaaa-bbbb-cccc-dddd-e00111100004"/>
        </subject>
        <date value="2004-10-25T23:50:50-05:00"/>
        <entry>
          <item>
            <reference value="urn:uuid:aaaaaaaa-bbbb-cccc-dddd-e00111100002"/>
          </item>
        </entry>
      </List>
    </resource>
    <request>
      <method value="POST"/>
      <url value="List"/>
    </request>
  </entry>
  <entry>
    <fullUrl value="urn:uuid:aaaaaaaa-bbbb-cccc-dddd-e00111100002"/>
    <resource>
      <DocumentReference>
        <id value="aaaaaaaa-bbbb-cccc-dddd-e00111100002"/>
        <meta>
          <profile value="https://profiles.ihe.net/ITI/MHD/StructureDefinition/IHE.MHD.Minimal.DocumentReference"/>
          <security>
            <system value="http://terminology.hl7.org/CodeSystem/v3-ActReason"/>
            <code value="HTEST"/>
          </security>
        </meta>
        <text>
          <status value="generated"/><div xmlns="http://www.w3.org/1999/xhtml"><a name="DocumentReference_aaaaaaaa-bbbb-cccc-dddd-e00111100002"> </a><p class="res-header-id"><b>Generated Narrative: DocumentReference aaaaaaaa-bbbb-cccc-dddd-e00111100002</b></p><a name="aaaaaaaa-bbbb-cccc-dddd-e00111100002"> </a><a name="hcaaaaaaaa-bbbb-cccc-dddd-e00111100002"> </a><div style="display: inline-block; background-color: #d9e0e7; padding: 6px; margin: 4px; border: 1px solid #8da1b4; border-radius: 5px; line-height: 60%"><p style="margin-bottom: 0px"/><p style="margin-bottom: 0px">Profile: <a href="StructureDefinition-IHE.MHD.Minimal.DocumentReference.html">MHD DocumentReference Minimal</a></p><p style="margin-bottom: 0px">Security Label: test health data (Details: ActReason code HTEST = 'test health data')</p></div><p><b>identifier</b>: <a href="http://terminology.hl7.org/7.0.1/NamingSystem-uri.html" title="As defined by RFC 3986 (http://www.ietf.org/rfc/rfc3986.txt)(with many schemes defined in many RFCs). For OIDs and UUIDs, use the URN form (urn:oid:(note: lowercase) and urn:uuid:). See http://www.ietf.org/rfc/rfc3001.txt and http://www.ietf.org/rfc/rfc4122.txt 

This oid is used as an identifier II.root to indicate the the extension is an absolute URI (technically, an IRI). Typically, this is used for OIDs and GUIDs. Note that when this OID is used with OIDs and GUIDs, the II.extension should start with urn:oid or urn:uuid: 

Note that this OID is created to aid with interconversion between CDA and FHIR - FHIR uses urn:ietf:rfc:3986 as equivalent to this OID. URIs as identifiers appear more commonly in FHIR.

This OID may also be used in CD.codeSystem.">Uniform Resource Identifier (URI)</a>/urn:oid:1.2.840.113556.1.8000.2554.53432.348.12973.17740.34205.4355.50220.62012 (use: usual, )</p><p><b>status</b>: Current</p><p><b>subject</b>: <a href="Bundle-ex-minimalProvideDocumentBundleSimple.html#urn-uuid-aaaaaaaa-bbbb-cccc-dddd-e00111100004">Dee Schmidt  (no stated gender), DoB Unknown</a></p><blockquote><p><b>content</b></p><h3>Attachments</h3><table class="grid"><tr><td style="display: none">-</td><td><b>ContentType</b></td><td><b>Url</b></td><td><b>Size</b></td><td><b>Hash</b></td></tr><tr><td style="display: none">*</td><td>text/plain</td><td><a href="Bundle-ex-minimalProvideDocumentBundleSimple.html#urn-uuid-aaaaaaaa-bbbb-cccc-dddd-e00111100003">Binary: text/plain (16 bytes base64)</a></td><td>11</td><td><code>MGE0ZDU1YThkNzc4ZTUwMjJmYWI3MDE5NzdjNWQ4NDBiYmM0ODZkMA==</code></td></tr></table><h3>Profiles</h3><table class="grid"><tr><td style="display: none">-</td><td><b>Value[x]</b></td></tr><tr><td style="display: none">*</td><td><a href="http://tx.fhir.org/r5/ValueSet/formatcode#formatcode-urn.58ihe.58iti.58xds-sd.58text.582008">IHE Format Code set for use with Document Sharing: urn:ihe:iti:xds-sd:text:2008</a> (ITI XDS-SD TEXT)</td></tr></table></blockquote></div>
        </text>
        <identifier>
          <use value="usual"/>
          <system value="urn:ietf:rfc:3986"/>
          <value value="urn:oid:1.2.840.113556.1.8000.2554.53432.348.12973.17740.34205.4355.50220.62012"/>
        </identifier>
        <status value="current"/>
        <subject>
          <reference value="urn:uuid:aaaaaaaa-bbbb-cccc-dddd-e00111100004"/>
        </subject>
        <content>
          <attachment>
            <contentType value="text/plain"/>
            <url value="urn:uuid:aaaaaaaa-bbbb-cccc-dddd-e00111100003"/>
            <size value="11"/>
            <hash value="MGE0ZDU1YThkNzc4ZTUwMjJmYWI3MDE5NzdjNWQ4NDBiYmM0ODZkMA=="/>
          </attachment>
          <profile>
            <valueCoding>
              <system value="http://ihe.net/fhir/ihe.formatcode.fhir/CodeSystem/formatcode"/>
              <code value="urn:ihe:iti:xds-sd:text:2008"/>
            </valueCoding>
          </profile>
        </content>
      </DocumentReference>
    </resource>
    <request>
      <method value="POST"/>
      <url value="DocumentReference"/>
    </request>
  </entry>
  <entry>
    <fullUrl value="urn:uuid:aaaaaaaa-bbbb-cccc-dddd-e00111100003"/>
    <resource>
      <Binary>
        <id value="aaaaaaaa-bbbb-cccc-dddd-e00111100003"/>
        <meta>
          <security>
            <system value="http://terminology.hl7.org/CodeSystem/v3-ActReason"/>
            <code value="HTEST"/>
          </security>
        </meta>
        <contentType value="text/plain"/>
        <data value="SGVsbG8gV29ybGQ="/>
      </Binary>
    </resource>
    <request>
      <method value="POST"/>
      <url value="Binary"/>
    </request>
  </entry>
  <entry>
    <fullUrl value="urn:uuid:aaaaaaaa-bbbb-cccc-dddd-e00111100004"/>
    <resource>
      <Patient>
        <id value="aaaaaaaa-bbbb-cccc-dddd-e00111100004"/>
        <meta>
          <security>
            <system value="http://terminology.hl7.org/CodeSystem/v3-ActReason"/>
            <code value="HTEST"/>
          </security>
        </meta>
        <text>
          <status value="generated"/><div xmlns="http://www.w3.org/1999/xhtml"><a name="Patient_aaaaaaaa-bbbb-cccc-dddd-e00111100004"> </a><p class="res-header-id"><b>Generated Narrative: Patient aaaaaaaa-bbbb-cccc-dddd-e00111100004</b></p><a name="aaaaaaaa-bbbb-cccc-dddd-e00111100004"> </a><a name="hcaaaaaaaa-bbbb-cccc-dddd-e00111100004"> </a><div style="display: inline-block; background-color: #d9e0e7; padding: 6px; margin: 4px; border: 1px solid #8da1b4; border-radius: 5px; line-height: 60%"><p style="margin-bottom: 0px"/><p style="margin-bottom: 0px">Security Label: test health data (Details: ActReason code HTEST = 'test health data')</p></div><p style="border: 1px #661aff solid; background-color: #e6e6ff; padding: 10px;">Dee Schmidt  (no stated gender), DoB Unknown</p><hr/></div>
        </text>
        <name>
          <family value="Schmidt"/>
          <given value="Dee"/>
        </name>
      </Patient>
    </resource>
    <request>
      <method value="POST"/>
      <url value="Patient"/>
    </request>
  </entry>
</Bundle>