{
  "resourceType" : "Bundle",
  "id" : "bf45236b-2ba7-49fe-ba17-7ee566d46df2",
  "meta" : {
    "lastUpdated" : "2024-06-20T08:51:57.490-05:00"
  },
  "type" : "collection",
  "entry" : [{
    "fullUrl" : "https://profiles.ihe.net/RAD/IMR/ValueSet/imaging-study-endpoint-connectiontype-vs",
    "resource" : {
      "resourceType" : "ValueSet",
      "text" : {
        "status" : "generated",
        "div" : "<div xmlns=\"http://www.w3.org/1999/xhtml\"><p style=\"border: black 1px dotted; background-color: #EEEEEE; padding: 8px; margin-bottom: 8px\">Expansion based on <a href=\"http://terminology.hl7.org/5.5.0/CodeSystem-endpoint-connection-type.html\">codesystem Endpoint Connection Type v2.1.0 (CodeSystem)</a></p><p>This value set contains 2 concepts</p><table class=\"codes\"><tr><td style=\"white-space:nowrap\"><b>Code</b></td><td><b>System</b></td><td><b>Display</b></td><td><b>Inactive</b></td><td><b>Definition</b></td></tr><tr><td style=\"white-space:nowrap\"><a name=\"http---terminology.hl7.org-CodeSystem-endpoint-connection-type-ihe-iid\"> </a>\u00a0\u00a0<a href=\"http://terminology.hl7.org/5.5.0/CodeSystem-endpoint-connection-type.html#endpoint-connection-type-ihe-iid\">ihe-iid</a></td><td>http://terminology.hl7.org/CodeSystem/endpoint-connection-type</td><td>IHE IDD</td><td>inactive</td><td><div><p>IHE Invoke Image Display (IID) - http://wiki.ihe.net/index.php/Invoke_Image_Display</p>\n</div></td></tr><tr><td style=\"white-space:nowrap\"><a name=\"http---terminology.hl7.org-CodeSystem-endpoint-connection-type-dicom-wado-rs\"> </a>\u00a0\u00a0<a href=\"http://terminology.hl7.org/5.5.0/CodeSystem-endpoint-connection-type.html#endpoint-connection-type-dicom-wado-rs\">dicom-wado-rs</a></td><td>http://terminology.hl7.org/CodeSystem/endpoint-connection-type</td><td>DICOM WADO-RS</td><td/><td><div><p>DICOMweb RESTful Image Retrieve - http://dicom.nema.org/medical/dicom/current/output/chtml/part18/sect_6.5.html</p>\n</div></td></tr></table></div>"
      },
      "url" : "https://profiles.ihe.net/RAD/IMR/ValueSet/imaging-study-endpoint-connectiontype-vs",
      "version" : "1.1.0",
      "name" : "ImagingStudyEndpointConnectionTypeVS",
      "title" : "Imaging Study Endpoint ConnectionType Value Set",
      "status" : "active",
      "experimental" : false,
      "date" : "2024-06-20T08:51:57-05:00",
      "jurisdiction" : [{
        "coding" : [{
          "system" : "http://unstats.un.org/unsd/methods/m49/m49.htm",
          "code" : "001"
        }]
      }],
      "expansion" : {
        "identifier" : "urn:uuid:e479e1fa-786e-4b24-bd0d-2bc2fad768c3",
        "timestamp" : "2024-06-20T08:52:35-05:00",
        "total" : 2,
        "offset" : 0,
        "parameter" : [{
          "name" : "count",
          "valueInteger" : 1000
        },
        {
          "name" : "offset",
          "valueInteger" : 0
        },
        {
          "name" : "excludeNested",
          "valueBoolean" : false
        },
        {
          "name" : "warning-draft",
          "valueUri" : "http://terminology.hl7.org/CodeSystem/endpoint-connection-type|2.1.0"
        },
        {
          "name" : "used-codesystem",
          "valueUri" : "http://terminology.hl7.org/CodeSystem/endpoint-connection-type|2.1.0"
        }],
        "contains" : [{
          "system" : "http://terminology.hl7.org/CodeSystem/endpoint-connection-type",
          "inactive" : true,
          "code" : "ihe-iid",
          "display" : "IHE IDD"
        },
        {
          "system" : "http://terminology.hl7.org/CodeSystem/endpoint-connection-type",
          "code" : "dicom-wado-rs",
          "display" : "DICOM WADO-RS"
        }]
      }
    }
  },
  {
    "fullUrl" : "https://profiles.ihe.net/RAD/IMR/ValueSet/imaging-study-endpoint-payloadtype-vs",
    "resource" : {
      "resourceType" : "ValueSet",
      "text" : {
        "status" : "generated",
        "div" : "<div xmlns=\"http://www.w3.org/1999/xhtml\"><p style=\"border: black 1px dotted; background-color: #EEEEEE; padding: 8px; margin-bottom: 8px\">Expansion based on <a href=\"http://hl7.org/fhir/R4/codesystem-dicom-dcim.html\">codesystem DICOM Controlled Terminology Definitions v01 (CodeSystem)</a></p><p>This value set contains 1 concepts</p><table class=\"codes\"><tr><td style=\"white-space:nowrap\"><b>Code</b></td><td><b>System</b></td><td><b>Display</b></td><td><b>Definition</b></td></tr><tr><td style=\"white-space:nowrap\"><a name=\"http---dicom.nema.org-resources-ontology-DCM-113014\"> </a>\u00a0\u00a0<a href=\"http://hl7.org/fhir/R4/codesystem-dicom-dcim.html#dicom-dcim-113014\">113014</a></td><td>http://dicom.nema.org/resources/ontology/DCM</td><td>Study</td><td><div><p>A study is a collection of one or more series of medical images, presentation states, and/or SR documents that are logically related for the purpose of diagnosing a patient. A study may include composite instances that are created by a single modality, multiple modalities or by multiple devices of the same modality. [From Section A.1.2.2 &quot;Study IE&quot; in PS3.3 ]</p>\n</div></td></tr></table></div>"
      },
      "url" : "https://profiles.ihe.net/RAD/IMR/ValueSet/imaging-study-endpoint-payloadtype-vs",
      "version" : "1.1.0",
      "name" : "ImagingStudyEndpointPayloadTypeVS",
      "title" : "Imaging Study Endpoint PayloadType Value Set",
      "status" : "active",
      "experimental" : false,
      "date" : "2024-06-20T08:51:57-05:00",
      "jurisdiction" : [{
        "coding" : [{
          "system" : "http://unstats.un.org/unsd/methods/m49/m49.htm",
          "code" : "001"
        }]
      }],
      "expansion" : {
        "identifier" : "urn:uuid:533ffbbc-56bd-4dcb-a35f-18d62daf35bc",
        "timestamp" : "2024-06-20T08:52:35-05:00",
        "total" : 1,
        "offset" : 0,
        "parameter" : [{
          "name" : "count",
          "valueInteger" : 1000
        },
        {
          "name" : "offset",
          "valueInteger" : 0
        },
        {
          "name" : "excludeNested",
          "valueBoolean" : false
        },
        {
          "name" : "used-codesystem",
          "valueUri" : "http://dicom.nema.org/resources/ontology/DCM|01"
        }],
        "contains" : [{
          "system" : "http://dicom.nema.org/resources/ontology/DCM",
          "code" : "113014",
          "display" : "Study"
        }]
      }
    }
  },
  {
    "fullUrl" : "https://profiles.ihe.net/RAD/IMR/ValueSet/imr-servicerequest-intent-vs",
    "resource" : {
      "resourceType" : "ValueSet",
      "text" : {
        "status" : "generated",
        "div" : "<div xmlns=\"http://www.w3.org/1999/xhtml\"><p style=\"border: black 1px dotted; background-color: #EEEEEE; padding: 8px; margin-bottom: 8px\">Expansion based on <a href=\"http://hl7.org/fhir/R4/codesystem-request-intent.html\">codesystem RequestIntent v4.0.1 (CodeSystem)</a></p><p>This value set contains 5 concepts</p><table class=\"codes\"><tr><td style=\"white-space:nowrap\"><b>Code</b></td><td><b>System</b></td><td><b>Display</b></td><td><b>Definition</b></td></tr><tr><td style=\"white-space:nowrap\"><a name=\"http---hl7.org-fhir-request-intent-order\"> </a>\u00a0\u00a0<a href=\"http://hl7.org/fhir/R4/codesystem-request-intent.html#request-intent-order\">order</a></td><td>http://hl7.org/fhir/request-intent</td><td>Order</td><td><div><p>The request represents a request/demand and authorization for action by a Practitioner.</p>\n</div></td></tr><tr><td style=\"white-space:nowrap\"><a name=\"http---hl7.org-fhir-request-intent-original-order\"> </a>\u00a0\u00a0<a href=\"http://hl7.org/fhir/R4/codesystem-request-intent.html#request-intent-original-order\">original-order</a></td><td>http://hl7.org/fhir/request-intent</td><td>Original Order</td><td><div><p>The request represents an original authorization for action.</p>\n</div></td></tr><tr><td style=\"white-space:nowrap\"><a name=\"http---hl7.org-fhir-request-intent-reflex-order\"> </a>\u00a0\u00a0<a href=\"http://hl7.org/fhir/R4/codesystem-request-intent.html#request-intent-reflex-order\">reflex-order</a></td><td>http://hl7.org/fhir/request-intent</td><td>Reflex Order</td><td><div><p>The request represents an automatically generated supplemental authorization for action based on a parent authorization together with initial results of the action taken against that parent authorization.</p>\n</div></td></tr><tr><td style=\"white-space:nowrap\"><a name=\"http---hl7.org-fhir-request-intent-filler-order\"> </a>\u00a0\u00a0<a href=\"http://hl7.org/fhir/R4/codesystem-request-intent.html#request-intent-filler-order\">filler-order</a></td><td>http://hl7.org/fhir/request-intent</td><td>Filler Order</td><td><div><p>The request represents the view of an authorization instantiated by a fulfilling system representing the details of the fulfiller's intention to act upon a submitted order.</p>\n</div></td></tr><tr><td style=\"white-space:nowrap\"><a name=\"http---hl7.org-fhir-request-intent-instance-order\"> </a>\u00a0\u00a0<a href=\"http://hl7.org/fhir/R4/codesystem-request-intent.html#request-intent-instance-order\">instance-order</a></td><td>http://hl7.org/fhir/request-intent</td><td>Instance Order</td><td><div><p>An order created in fulfillment of a broader order that represents the authorization for a single activity occurrence.  E.g. The administration of a single dose of a drug.</p>\n</div></td></tr></table></div>"
      },
      "url" : "https://profiles.ihe.net/RAD/IMR/ValueSet/imr-servicerequest-intent-vs",
      "version" : "1.1.0",
      "name" : "IMRServiceRequestIntentVS",
      "title" : "IMR ServiceRequest intent Value Set",
      "status" : "active",
      "experimental" : false,
      "date" : "2024-06-20T08:51:57-05:00",
      "jurisdiction" : [{
        "coding" : [{
          "system" : "http://unstats.un.org/unsd/methods/m49/m49.htm",
          "code" : "001"
        }]
      }],
      "expansion" : {
        "identifier" : "urn:uuid:57b69dbf-4c25-423b-b2d2-86b929d5cbd4",
        "timestamp" : "2024-06-20T08:52:35-05:00",
        "total" : 5,
        "offset" : 0,
        "parameter" : [{
          "name" : "count",
          "valueInteger" : 1000
        },
        {
          "name" : "offset",
          "valueInteger" : 0
        },
        {
          "name" : "excludeNested",
          "valueBoolean" : false
        },
        {
          "name" : "warning-draft",
          "valueUri" : "http://hl7.org/fhir/request-intent|4.0.1"
        },
        {
          "name" : "used-codesystem",
          "valueUri" : "http://hl7.org/fhir/request-intent|4.0.1"
        }],
        "contains" : [{
          "system" : "http://hl7.org/fhir/request-intent",
          "code" : "order",
          "display" : "Order"
        },
        {
          "system" : "http://hl7.org/fhir/request-intent",
          "code" : "original-order",
          "display" : "Original Order"
        },
        {
          "system" : "http://hl7.org/fhir/request-intent",
          "code" : "reflex-order",
          "display" : "Reflex Order"
        },
        {
          "system" : "http://hl7.org/fhir/request-intent",
          "code" : "filler-order",
          "display" : "Filler Order"
        },
        {
          "system" : "http://hl7.org/fhir/request-intent",
          "code" : "instance-order",
          "display" : "Instance Order"
        }]
      }
    }
  }]
}