<?xml version="1.0" encoding="UTF-8"?><ValueSet xmlns="http://hl7.org/fhir"><id value="MCSDEndpointTypesDocShareVS"/><text><status value="generated"/><div xmlns="http://www.w3.org/1999/xhtml"><ul><li>Include all codes defined in <a href="CodeSystem-MCSDEndpointTypes.html"><code>https://profiles.ihe.net/ITI/mCSD/CodeSystem/MCSDEndpointTypes</code></a></li></ul></div></text><url value="https://profiles.ihe.net/ITI/mCSD/ValueSet/MCSDEndpointTypesDocShareVS"/><version value="3.7.0"/><name value="MCSDEndpointTypesDocShareVS"/><title value="mCSD Endpoint Document Sharing Types ValueSet"/><status value="active"/><date value="2022-05-10T13:56:20-05:00"/><publisher value="IHE IT Infrastructure Technical Committee"/><contact><telecom><system value="url"/><value value="https://www.ihe.net/ihe_domains/it_infrastructure/"/></telecom></contact><contact><telecom><system value="email"/><value value="iti@ihe.net"/></telecom></contact><contact><name value="IHE IT Infrastructure Technical Committee"/><telecom><system value="email"/><value value="iti@ihe.net"/></telecom></contact><description value="ValueSet of the Document Sharing Endpint types allowed"/><jurisdiction><coding><system value="http://unstats.un.org/unsd/methods/m49/m49.htm"/><code value="001"/></coding></jurisdiction><compose><include><system value="https://profiles.ihe.net/ITI/mCSD/CodeSystem/MCSDEndpointTypes"/></include></compose></ValueSet>