{"resourceType":"CapabilityStatement","id":"IHE.MHD.DocumentRecipient.Generate","text":{"status":"extensions","div":"<div xmlns=\"http://www.w3.org/1999/xhtml\"><p class=\"res-header-id\"><b>Generated Narrative: CapabilityStatement IHE.MHD.DocumentRecipient.Generate</b></p><a name=\"IHE.MHD.DocumentRecipient.Generate\"> </a><a name=\"hcIHE.MHD.DocumentRecipient.Generate\"> </a><h2 id=\"title\">Document Recipient implementing Generate Metadata Option</h2><ul><li>Implementation Guide Version: 5.0.0 </li><li>FHIR Version: 4.0.1 </li><li>Supported Formats: <code>application/fhir+xml</code>, <code>application/fhir+json</code></li><li>Published on: 2025-12-18 09:48:18-0600 </li><li>Published by: IHE IT Infrastructure Technical Committee </li></ul><blockquote class=\"impl-note\"><p><strong>Note to Implementers: FHIR Capabilities</strong></p><p>Any FHIR capability may be 'allowed' by the system unless explicitly marked as 'SHALL NOT'. A few items are marked as MAY in the Implementation Guide to highlight their potential relevance to the use case.</p></blockquote><h2 id=\"rest\">FHIR RESTful Capabilities</h2><div class=\"panel panel-default\"><div class=\"panel-heading\"><h3 id=\"mode1\" class=\"panel-title\">Mode: <code>server</code></h3></div><div class=\"panel-body\"><div class=\"lead\"><em>Security</em></div><blockquote><div><p>Recommend <a href=\"https://profiles.ihe.net/ITI/TF/Volume1/ch-9.html\">ATNA</a>, encouraged <a href=\"https://profiles.ihe.net/ITI/IUA/index.html\">IHE-IUA</a> or SMART-on-FHIR</p>\n</div></blockquote><div class=\"lead\"><em>Summary of System-wide Interactions</em></div><ul><li>Supports the <code>transaction</code>interaction described as follows:<div><p>https://profiles.ihe.net/ITI/MHD/StructureDefinition/IHE.MHD.Minimal.ProvideBundle</p>\n</div></li><li>Supports the <code>transaction</code>interaction described as follows:<div><p>https://profiles.ihe.net/ITI/MHD/StructureDefinition/IHE.MHD.UnContained.Comprehensive.ProvideBundle</p>\n</div></li><li>Supports the <code>transaction</code>interaction described as follows:<div><p>https://profiles.ihe.net/ITI/MHD/StructureDefinition/IHE.MHD.Comprehensive.ProvideBundle</p>\n</div></li></ul></div></div><h3 id=\"resourcesCap1\">Capabilities by Resource/Profile</h3><h4 id=\"resourcesSummary1\">Summary</h4><p>The summary table lists the resources that are part of this configuration, and for each resource it lists:</p><ul><li>The relevant profiles (if any)</li><li>The interactions supported by each resource (<b><span class=\"bg-info\">R</span></b>ead, <b><span class=\"bg-info\">S</span></b>earch, <b><span class=\"bg-info\">U</span></b>pdate, and <b><span class=\"bg-info\">C</span></b>reate, are always shown, while <b><span class=\"bg-info\">VR</span></b>ead, <b><span class=\"bg-info\">P</span></b>atch, <b><span class=\"bg-info\">D</span></b>elete, <b><span class=\"bg-info\">H</span></b>istory on <b><span class=\"bg-info\">I</span></b>nstance, or <b><span class=\"bg-info\">H</span></b>istory on <b><span class=\"bg-info\">T</span></b>ype are only present if at least one of the resources has support for them.</li><li><span>The required, recommended, and some optional search parameters (if any). </span></li><li>The linked resources enabled for <code>_include</code></li><li>The other resources enabled for <code>_revinclude</code></li><li>The operations on the resource (if any)</li></ul><div class=\"table-responsive\"><table class=\"table table-condensed table-hover\"><thead><tr><th><b>Resource Type</b></th><th><b>Profile</b></th><th class=\"text-center\"><b title=\"GET a resource (read interaction)\">R</b></th><th class=\"text-center\"><b title=\"GET all set of resources of the type (search interaction)\">S</b></th><th class=\"text-center\"><b title=\"PUT a new resource version (update interaction)\">U</b></th><th class=\"text-center\"><b title=\"POST a new resource (create interaction)\">C</b></th><th><b title=\"Required and recommended search parameters\">Searches</b></th><th><code><b>_include</b></code></th><th><code><b>_revinclude</b></code></th><th><b>Operations</b></th></tr></thead><tbody><tr><td><a href=\"#DocumentReference1-1\">DocumentReference</a></td><td>\u00a0</td><td class=\"text-center\"/><td class=\"text-center\"/><td class=\"text-center\"/><td class=\"text-center\"/><td></td><td/><td/><td><code>$$generate-metadata</code></td></tr></tbody></table></div><hr/><div class=\"panel panel-default\"><div class=\"panel-heading\"><h4 id=\"DocumentReference1-1\" class=\"panel-title\"><span style=\"float: right;\">Resource Conformance: supported </span>DocumentReference</h4></div><div class=\"panel-body\"><div class=\"container\"><div class=\"row\"><div class=\"col-lg-4\"><span class=\"lead\">Core FHIR Resource</span><br/><a href=\"http://hl7.org/fhir/R4/documentreference.html\">DocumentReference</a></div><div class=\"col-lg-4\"><span class=\"lead\">Reference Policy</span><br/></div><div class=\"col-lg-4\"><span class=\"lead\">Interaction summary</span><br/><ul/></div></div><p/><p/><div class=\"row\"><div class=\"col-12\"><span class=\"lead\">Extended Operations</span><table class=\"table table-condensed table-hover\"><thead><tr><th>Conformance</th><th>Operation</th><th>Documentation</th></tr></thead><tbody><tr><td><b>SHALL</b></td><td><a href=\"OperationDefinition-generate-metadata.html\">$$generate-metadata</a></td><td><div/></td></tr></tbody></table></div></div></div></div></div></div>"},"url":"https://profiles.ihe.net/ITI/MHD/CapabilityStatement/IHE.MHD.DocumentRecipient.Generate","version":"5.0.0","name":"IHE_MHD_DocumentRecipient_Generate","title":"Document Recipient implementing Generate Metadata Option","status":"active","experimental":false,"date":"2025-12-18T09:48:18-06:00","publisher":"IHE IT Infrastructure Technical Committee","contact":[{"telecom":[{"system":"url","value":"https://www.ihe.net/ihe_domains/it_infrastructure/"}]},{"telecom":[{"system":"email","value":"iti@ihe.net"}]},{"name":"IHE IT Infrastructure Technical Committee","telecom":[{"system":"email","value":"iti@ihe.net"}]}],"description":"IHE ITI Mobile access to Health Documents (MHD) - Document Recipient - with Generate Metadata declared Option.","jurisdiction":[{"coding":[{"system":"http://unstats.un.org/unsd/methods/m49/m49.htm","code":"001"}]}],"kind":"requirements","fhirVersion":"4.0.1","format":["application/fhir+xml","application/fhir+json"],"rest":[{"mode":"server","security":{"description":"Recommend [ATNA](https://profiles.ihe.net/ITI/TF/Volume1/ch-9.html), encouraged [IHE-IUA](https://profiles.ihe.net/ITI/IUA/index.html) or SMART-on-FHIR"},"resource":[{"type":"DocumentReference","operation":[{"name":"$generate-metadata","definition":"https://profiles.ihe.net/ITI/MHD/OperationDefinition/generate-metadata"}]}],"interaction":[{"code":"transaction","documentation":"https://profiles.ihe.net/ITI/MHD/StructureDefinition/IHE.MHD.Minimal.ProvideBundle"},{"code":"transaction","documentation":"https://profiles.ihe.net/ITI/MHD/StructureDefinition/IHE.MHD.UnContained.Comprehensive.ProvideBundle"},{"code":"transaction","documentation":"https://profiles.ihe.net/ITI/MHD/StructureDefinition/IHE.MHD.Comprehensive.ProvideBundle"}]}]}