{"resourceType":"ConceptMap","id":"FhirStatusVsStatusCode","text":{"status":"generated","div":"<div xmlns=\"http://www.w3.org/1999/xhtml\"><p class=\"res-header-id\"><b>Generated Narrative: ConceptMap FhirStatusVsStatusCode</b></p><a name=\"FhirStatusVsStatusCode\"> </a><a name=\"hcFhirStatusVsStatusCode\"> </a><p>Mapping from (not specified) to (not specified)</p><br/><p><b>Group 1 </b>Mapping from <code>urn:ietf:rfc:3986</code> (Uniform Resource Identifier (URI)) to <a href=\"http://hl7.org/fhir/R5/codesystem-document-reference-status.html\">DocumentReferenceStatus</a></p><table class=\"grid\"><tr><td><b>Source Code</b></td><td><b>Relationship</b></td><td><b>Target Code</b></td></tr><tr><td>urn:oasis:names:tc:ebxml-regrep:StatusType:Approved</td><td><a href=\"http://hl7.org/fhir/R5/codesystem-concept-map-relationship.html#equivalent\" title=\"equivalent\">is equivalent to</a></td><td>current</td></tr><tr><td>urn:oasis:names:tc:ebxml-regrep:StatusType:Deprecated</td><td><a href=\"http://hl7.org/fhir/R5/codesystem-concept-map-relationship.html#equivalent\" title=\"equivalent\">is equivalent to</a></td><td>superseded</td></tr></table></div>"},"url":"https://profiles.ihe.net/ITI/MHD/ConceptMap/FhirStatusVsStatusCode","version":"5.0.0","name":"FhirStatusVsStatusCode","title":"FHIR status vs ebRIM Status Type Code","status":"active","experimental":false,"date":"2022-05-05","publisher":"IHE IT Infrastructure Technical Committee","contact":[{"telecom":[{"system":"url","value":"https://www.ihe.net/ihe_domains/it_infrastructure/"}]},{"telecom":[{"system":"email","value":"iti@ihe.net"}]},{"name":"IHE IT Infrastructure Technical Committee","telecom":[{"system":"email","value":"iti@ihe.net"}]}],"description":"map between XDS ebRIM Status Type Codes and MHD FHIR DocumentReference.status code. Table 2:3.67.4.1.3.1-2. Note that the codes given are used without a system in both FHIR and ebRIM.","jurisdiction":[{"coding":[{"system":"http://unstats.un.org/unsd/methods/m49/m49.htm","code":"001"}]}],"purpose":"show the mapping between ebRIM Status Type Codes and FHIR .status code","group":[{"source":"urn:ietf:rfc:3986","target":"http://hl7.org/fhir/document-reference-status","element":[{"code":"urn:oasis:names:tc:ebxml-regrep:StatusType:Approved","target":[{"code":"current","relationship":"equivalent"}]},{"code":"urn:oasis:names:tc:ebxml-regrep:StatusType:Deprecated","target":[{"code":"superseded","relationship":"equivalent"}]}]}]}