{
  "resourceType": "ValueSet",
  "id": "MCSDEndpointTypesDocShareVS",
  "text": {
    "status": "generated",
    "div": "<div xmlns=\"http://www.w3.org/1999/xhtml\"><ul><li>Include all codes defined in <a href=\"CodeSystem-MCSDEndpointTypes.html\"><code>https://profiles.ihe.net/ITI/mCSD/CodeSystem/MCSDEndpointTypes</code></a></li></ul></div>"
  },
  "url": "https://profiles.ihe.net/ITI/mCSD/ValueSet/MCSDEndpointTypesDocShareVS",
  "version": "3.6.0-comment",
  "name": "MCSDEndpointTypesDocShareVS",
  "title": "mCSD Endpoint Document Sharing Types ValueSet",
  "status": "active",
  "date": "2022-02-28T21:52:33-06:00",
  "publisher": "IHE IT Infrastructure Technical Committee",
  "contact": [
    {
      "telecom": [
        {
          "system": "url",
          "value": "https://www.ihe.net/ihe_domains/it_infrastructure/"
        }
      ]
    },
    {
      "telecom": [
        {
          "system": "email",
          "value": "iti@ihe.net"
        }
      ]
    },
    {
      "name": "IHE IT Infrastructure Technical Committee",
      "telecom": [
        {
          "system": "email",
          "value": "iti@ihe.net"
        }
      ]
    }
  ],
  "description": "ValueSet of the Document Sharing Endpint types allowed",
  "jurisdiction": [
    {
      "coding": [
        {
          "system": "http://unstats.un.org/unsd/methods/m49/m49.htm",
          "code": "001"
        }
      ]
    }
  ],
  "copyright": "IHE http://www.ihe.net/Governance/#Intellectual_Property",
  "compose": {
    "include": [
      {
        "system": "https://profiles.ihe.net/ITI/mCSD/CodeSystem/MCSDEndpointTypes"
      }
    ]
  }
}