{"resourceType":"CodeSystem","id":"AuthZsubType","text":{"status":"generated","div":"<div xmlns=\"http://www.w3.org/1999/xhtml\"><p>This case-sensitive code system <code>https://profiles.ihe.net/ITI/BALP/CodeSystem/AuthZsubType</code> defines the following codes:</p><table class=\"codes\"><tr><td style=\"white-space:nowrap\"><b>Code</b></td><td><b>Display</b></td></tr><tr><td style=\"white-space:nowrap\">AuthZ-Consent<a name=\"AuthZsubType-AuthZ-Consent\"> </a></td><td>Authorization Decision using Roles and Consent</td></tr><tr><td style=\"white-space:nowrap\">AuthZ-Role<a name=\"AuthZsubType-AuthZ-Role\"> </a></td><td>Authorization Decision using only Roles</td></tr></table></div>"},"url":"https://profiles.ihe.net/ITI/BALP/CodeSystem/AuthZsubType","version":"1.1.3","name":"AuthZsubType","title":"Authorization subType events","status":"active","experimental":false,"date":"2024-02-14T10:28:18-06:00","publisher":"IHE IT Infrastructure Technical Committee","contact":[{"name":"IHE IT Infrastructure Technical Committee","telecom":[{"system":"url","value":"https://www.ihe.net/ihe_domains/it_infrastructure/"},{"system":"email","value":"iti@ihe.net"}]},{"name":"IHE IT Infrastructure Technical Committee","telecom":[{"system":"email","value":"iti@ihe.net"}]}],"description":"These AuditEvent subTypes are related to Authorization Decisions. These are more specific types of Security Alert.","jurisdiction":[{"coding":[{"system":"http://unstats.un.org/unsd/methods/m49/m49.htm","code":"001"}]}],"caseSensitive":true,"content":"complete","count":2,"concept":[{"code":"AuthZ-Consent","display":"Authorization Decision using Roles and Consent"},{"code":"AuthZ-Role","display":"Authorization Decision using only Roles"}]}