{
  "resourceType" : "CapabilityStatement",
  "id" : "IHE.NPFS.FileSourceOption",
  "text" : {
    "status" : "extensions",
    "div" : "<div xmlns=\"http://www.w3.org/1999/xhtml\"><h2>IHE_NPFS_FileSource</h2><div><p>IHE ITI Non-patient File Sharing (NPFS) - File Source (client) - with ITI-89 Update DocumentReference</p>\n</div><table><tr><td>Mode</td><td>CLIENT</td></tr><tr><td>Description</td><td><div><p>CapabilityStatement for File Source implementing Update DocumentReference</p>\n</div></td></tr><tr><td>Transaction</td><td>y</td></tr><tr><td>System History</td><td></td></tr><tr><td>System Search</td><td></td></tr></table><table><tr><th><b>Resource Type</b></th><th><b>Profile</b></th><th><b title=\"GET a resource (read interaction)\">Read</b></th><th><b title=\"GET all set of resources of the type (search interaction)\">Search</b></th><th><b title=\"PUT a new resource version (update interaction)\">Update</b></th><th><b title=\"POST a new resource (create interaction)\">Create</b></th></tr><tr><td>DocumentReference</td><td><a href=\"https://profiles.ihe.net/ITI/NPFS/StructureDefinition/IHE.NPFS.DocumentReference\">https://profiles.ihe.net/ITI/NPFS/StructureDefinition/IHE.NPFS.DocumentReference</a></td><td></td><td></td><td>y</td><td></td></tr></table></div>"
  },
  "url" : "https://profiles.ihe.net/ITI/NPFS/CapabilityStatement/IHE.NPFS.FileSourceOption",
  "version" : "2.2.0-comment",
  "name" : "IHE_NPFS_FileSource",
  "title" : "File Source (client) implementing Update DocumentReference",
  "status" : "active",
  "experimental" : false,
  "date" : "2022-10-27",
  "publisher" : "IHE IT Infrastructure Technical Committee",
  "contact" : [{
    "telecom" : [{
      "system" : "url",
      "value" : "https://www.ihe.net/ihe_domains/it_infrastructure/"
    }]
  },
  {
    "telecom" : [{
      "system" : "email",
      "value" : "iti@ihe.net"
    }]
  },
  {
    "name" : "IHE IT Infrastructure Technical Committee",
    "telecom" : [{
      "system" : "email",
      "value" : "iti@ihe.net"
    }]
  }],
  "description" : "IHE ITI Non-patient File Sharing (NPFS) - File Source (client) - with ITI-89 Update DocumentReference",
  "jurisdiction" : [{
    "coding" : [{
      "system" : "http://unstats.un.org/unsd/methods/m49/m49.htm",
      "code" : "001"
    }]
  }],
  "kind" : "requirements",
  "fhirVersion" : "4.0.1",
  "format" : ["application/fhir+xml",
  "application/fhir+json"],
  "rest" : [{
    "mode" : "client",
    "documentation" : "CapabilityStatement for File Source implementing Update DocumentReference",
    "security" : {
      "description" : "Recommend [ATNA](https://profiles.ihe.net/ITI/TF/Volume1/ch-9.html), encouraged [IHE-IUA](https://profiles.ihe.net/ITI/IUA/index.html) or [SMART-app-launch](http://www.hl7.org/fhir/smart-app-launch/)"
    },
    "resource" : [{
      "type" : "DocumentReference",
      "profile" : "https://profiles.ihe.net/ITI/NPFS/StructureDefinition/IHE.NPFS.DocumentReference",
      "interaction" : [{
        "code" : "update"
      }]
    }],
    "interaction" : [{
      "code" : "transaction",
      "documentation" : "https://profiles.ihe.net/ITI/NPFS/StructureDefinition/IHE.NPFS.CreateDocumentBundle"
    },
    {
      "code" : "transaction",
      "documentation" : "https://profiles.ihe.net/ITI/NPFS/StructureDefinition/IHE.NPFS.UpdateDocumentBundle"
    },
    {
      "code" : "transaction",
      "documentation" : "https://profiles.ihe.net/ITI/NPFS/StructureDefinition/IHE.NPFS.ReplaceDocumentBundle"
    }]
  }]
}