{
  "resourceType" : "Bundle",
  "id" : "history-IHE-formatcode.codesystem",
  "type" : "collection",
  "entry" : [{
    "fullUrl" : "urn:oid:1.3.6.1.4.1.19376.1.2.3.1.20240205.1",
    "resource" : {
      "resourceType" : "Provenance",
      "id" : "formatcode-provenance-20240205",
      "text" : {
        "status" : "generated",
        "div" : "<div xmlns=\"http://www.w3.org/1999/xhtml\"><p><b>Generated Narrative: Provenance</b><a name=\"formatcode-provenance-20240205\"> </a></p><div style=\"display: inline-block; background-color: #d9e0e7; padding: 6px; margin: 4px; border: 1px solid #8da1b4; border-radius: 5px; line-height: 60%\"><p style=\"margin-bottom: 0px\">Resource Provenance &quot;formatcode-provenance-20240205&quot; </p></div><p><b>target</b>: <a href=\"http://ihe.net/fhir/ihe.formatcode.fhir/CodeSystem/formatcode\">http://ihe.net/fhir/ihe.formatcode.fhir/CodeSystem/formatcode</a> &quot;IHE_FormatCode_codesystem&quot;</p><p><b>occurred</b>: ?? --&gt; 2024-02-05</p><p><b>recorded</b>: Feb 5, 2024, 7:00:00\u202fAM</p><p><b>reason</b>: Change the non-deprecated to status of active. <span style=\"background: LightGoldenRodYellow; margin: 4px; border: 1px solid khaki\"> (<a href=\"http://terminology.hl7.org/5.3.0/CodeSystem-v3-ActReason.html\">ActReason</a>#METAMGT)</span></p><p><b>activity</b>: revise <span style=\"background: LightGoldenRodYellow; margin: 4px; border: 1px solid khaki\"> (<a href=\"http://terminology.hl7.org/5.3.0/CodeSystem-v3-DataOperation.html\">DataOperation</a>#UPDATE)</span></p><blockquote><p><b>agent</b></p><p><b>type</b>: Author <span style=\"background: LightGoldenRodYellow; margin: 4px; border: 1px solid khaki\"> (<a href=\"http://terminology.hl7.org/5.3.0/CodeSystem-provenance-participant-type.html\">Provenance participant type</a>#author)</span></p><p><b>who</b>: <span>: John Moehrke</span></p></blockquote><blockquote><p><b>agent</b></p><p><b>type</b>: Custodian <span style=\"background: LightGoldenRodYellow; margin: 4px; border: 1px solid khaki\"> (<a href=\"http://terminology.hl7.org/5.3.0/CodeSystem-provenance-participant-type.html\">Provenance participant type</a>#custodian)</span></p><p><b>who</b>: <span>: IHE ITI Domain</span></p></blockquote></div>"
      },
      "target" : [{
        "reference" : "http://ihe.net/fhir/ihe.formatcode.fhir/CodeSystem/formatcode",
        "type" : "CodeSystem"
      }],
      "occurredPeriod" : {
        "end" : "2024-02-05"
      },
      "recorded" : "2024-02-05T13:00:00.0000Z",
      "reason" : [{
        "coding" : [{
          "system" : "http://terminology.hl7.org/CodeSystem/v3-ActReason",
          "code" : "METAMGT"
        }],
        "text" : "Change the non-deprecated to status of active."
      }],
      "activity" : {
        "coding" : [{
          "system" : "http://terminology.hl7.org/CodeSystem/v3-DataOperation",
          "code" : "UPDATE"
        }]
      },
      "agent" : [{
        "type" : {
          "coding" : [{
            "system" : "http://terminology.hl7.org/CodeSystem/provenance-participant-type",
            "code" : "author"
          }]
        },
        "who" : {
          "display" : "John Moehrke"
        }
      },
      {
        "type" : {
          "coding" : [{
            "system" : "http://terminology.hl7.org/CodeSystem/provenance-participant-type",
            "code" : "custodian"
          }]
        },
        "who" : {
          "display" : "IHE ITI Domain"
        }
      }]
    }
  },
  {
    "fullUrl" : "urn:oid:1.3.6.1.4.1.19376.1.2.3.1.20220814.1",
    "resource" : {
      "resourceType" : "Provenance",
      "id" : "formatcode-provenance-20220814",
      "text" : {
        "status" : "generated",
        "div" : "<div xmlns=\"http://www.w3.org/1999/xhtml\"><p><b>Generated Narrative: Provenance</b><a name=\"formatcode-provenance-20220814\"> </a></p><div style=\"display: inline-block; background-color: #d9e0e7; padding: 6px; margin: 4px; border: 1px solid #8da1b4; border-radius: 5px; line-height: 60%\"><p style=\"margin-bottom: 0px\">Resource Provenance &quot;formatcode-provenance-20220814&quot; </p></div><p><b>target</b>: <a href=\"http://ihe.net/fhir/ihe.formatcode.fhir/CodeSystem/formatcode\">http://ihe.net/fhir/ihe.formatcode.fhir/CodeSystem/formatcode</a> &quot;IHE_FormatCode_codesystem&quot;</p><p><b>occurred</b>: ?? --&gt; 2022-08-15</p><p><b>recorded</b>: Aug 15, 2022, 8:00:00\u202fAM</p><p><b>reason</b>: Change the include HL7 managed FormatCode vocabulary to formal one found on terminology.hl7.org. <span style=\"background: LightGoldenRodYellow; margin: 4px; border: 1px solid khaki\"> (<a href=\"http://terminology.hl7.org/5.3.0/CodeSystem-v3-ActReason.html\">ActReason</a>#METAMGT)</span></p><p><b>activity</b>: revise <span style=\"background: LightGoldenRodYellow; margin: 4px; border: 1px solid khaki\"> (<a href=\"http://terminology.hl7.org/5.3.0/CodeSystem-v3-DataOperation.html\">DataOperation</a>#UPDATE)</span></p><blockquote><p><b>agent</b></p><p><b>type</b>: Author <span style=\"background: LightGoldenRodYellow; margin: 4px; border: 1px solid khaki\"> (<a href=\"http://terminology.hl7.org/5.3.0/CodeSystem-provenance-participant-type.html\">Provenance participant type</a>#author)</span></p><p><b>who</b>: <span>: John Moehrke</span></p></blockquote><blockquote><p><b>agent</b></p><p><b>type</b>: Custodian <span style=\"background: LightGoldenRodYellow; margin: 4px; border: 1px solid khaki\"> (<a href=\"http://terminology.hl7.org/5.3.0/CodeSystem-provenance-participant-type.html\">Provenance participant type</a>#custodian)</span></p><p><b>who</b>: <span>: IHE ITI Domain</span></p></blockquote></div>"
      },
      "target" : [{
        "reference" : "http://ihe.net/fhir/ihe.formatcode.fhir/CodeSystem/formatcode",
        "type" : "CodeSystem"
      }],
      "occurredPeriod" : {
        "end" : "2022-08-15"
      },
      "recorded" : "2022-08-15T13:00:00.0000Z",
      "reason" : [{
        "coding" : [{
          "system" : "http://terminology.hl7.org/CodeSystem/v3-ActReason",
          "code" : "METAMGT"
        }],
        "text" : "Change the include HL7 managed FormatCode vocabulary to formal one found on terminology.hl7.org."
      }],
      "activity" : {
        "coding" : [{
          "system" : "http://terminology.hl7.org/CodeSystem/v3-DataOperation",
          "code" : "UPDATE"
        }]
      },
      "agent" : [{
        "type" : {
          "coding" : [{
            "system" : "http://terminology.hl7.org/CodeSystem/provenance-participant-type",
            "code" : "author"
          }]
        },
        "who" : {
          "display" : "John Moehrke"
        }
      },
      {
        "type" : {
          "coding" : [{
            "system" : "http://terminology.hl7.org/CodeSystem/provenance-participant-type",
            "code" : "custodian"
          }]
        },
        "who" : {
          "display" : "IHE ITI Domain"
        }
      }]
    }
  },
  {
    "fullUrl" : "urn:oid:1.3.6.1.4.1.19376.1.2.3.1.202100419.3",
    "resource" : {
      "resourceType" : "Provenance",
      "id" : "formatcode-provenance-202100419-3",
      "text" : {
        "status" : "generated",
        "div" : "<div xmlns=\"http://www.w3.org/1999/xhtml\"><p><b>Generated Narrative: Provenance</b><a name=\"formatcode-provenance-202100419-3\"> </a></p><div style=\"display: inline-block; background-color: #d9e0e7; padding: 6px; margin: 4px; border: 1px solid #8da1b4; border-radius: 5px; line-height: 60%\"><p style=\"margin-bottom: 0px\">Resource Provenance &quot;formatcode-provenance-202100419-3&quot; </p></div><p><b>target</b>: <a href=\"http://ihe.net/fhir/ihe.formatcode.fhir/CodeSystem/formatcode\">http://ihe.net/fhir/ihe.formatcode.fhir/CodeSystem/formatcode</a> &quot;IHE_FormatCode_codesystem&quot;</p><p><b>occurred</b>: ?? --&gt; 2022-02-16</p><p><b>recorded</b>: Feb 16, 2022, 5:00:00\u202fPM</p><p><b>reason</b>: Change the Display for code urn:ihe:rad:CDA:ImagingReportStructuredHeadings:2013. It is currently “RAD XDS-I”, which is too generic. If you followed the pattern used in DENT (DENT TEXT, DENT PDF, DENT CDA), then you would change the code to “RAD CDA” (because RAD TEXT and RAD PDF exist). <span style=\"background: LightGoldenRodYellow; margin: 4px; border: 1px solid khaki\"> (<a href=\"http://terminology.hl7.org/5.3.0/CodeSystem-v3-ActReason.html\">ActReason</a>#METAMGT)</span></p><p><b>activity</b>: revise <span style=\"background: LightGoldenRodYellow; margin: 4px; border: 1px solid khaki\"> (<a href=\"http://terminology.hl7.org/5.3.0/CodeSystem-v3-DataOperation.html\">DataOperation</a>#UPDATE)</span></p><blockquote><p><b>agent</b></p><p><b>type</b>: Author <span style=\"background: LightGoldenRodYellow; margin: 4px; border: 1px solid khaki\"> (<a href=\"http://terminology.hl7.org/5.3.0/CodeSystem-provenance-participant-type.html\">Provenance participant type</a>#author)</span></p><p><b>who</b>: <span>: John Moehrke</span></p></blockquote><blockquote><p><b>agent</b></p><p><b>type</b>: Custodian <span style=\"background: LightGoldenRodYellow; margin: 4px; border: 1px solid khaki\"> (<a href=\"http://terminology.hl7.org/5.3.0/CodeSystem-provenance-participant-type.html\">Provenance participant type</a>#custodian)</span></p><p><b>who</b>: <span>: IHE RAD Domain</span></p></blockquote></div>"
      },
      "target" : [{
        "reference" : "http://ihe.net/fhir/ihe.formatcode.fhir/CodeSystem/formatcode",
        "type" : "CodeSystem"
      }],
      "occurredPeriod" : {
        "end" : "2022-02-16"
      },
      "recorded" : "2022-02-16T23:00:00.0000Z",
      "reason" : [{
        "coding" : [{
          "system" : "http://terminology.hl7.org/CodeSystem/v3-ActReason",
          "code" : "METAMGT"
        }],
        "text" : "Change the Display for code urn:ihe:rad:CDA:ImagingReportStructuredHeadings:2013. It is currently “RAD XDS-I”, which is too generic. If you followed the pattern used in DENT (DENT TEXT, DENT PDF, DENT CDA), then you would change the code to “RAD CDA” (because RAD TEXT and RAD PDF exist)."
      }],
      "activity" : {
        "coding" : [{
          "system" : "http://terminology.hl7.org/CodeSystem/v3-DataOperation",
          "code" : "UPDATE"
        }]
      },
      "agent" : [{
        "type" : {
          "coding" : [{
            "system" : "http://terminology.hl7.org/CodeSystem/provenance-participant-type",
            "code" : "author"
          }]
        },
        "who" : {
          "display" : "John Moehrke"
        }
      },
      {
        "type" : {
          "coding" : [{
            "system" : "http://terminology.hl7.org/CodeSystem/provenance-participant-type",
            "code" : "custodian"
          }]
        },
        "who" : {
          "display" : "IHE RAD Domain"
        }
      }]
    }
  },
  {
    "fullUrl" : "urn:oid:1.3.6.1.4.1.19376.1.2.3.1.202100419.2",
    "resource" : {
      "resourceType" : "Provenance",
      "id" : "formatcode-provenance-202100419-2",
      "text" : {
        "status" : "generated",
        "div" : "<div xmlns=\"http://www.w3.org/1999/xhtml\"><p><b>Generated Narrative: Provenance</b><a name=\"formatcode-provenance-202100419-2\"> </a></p><div style=\"display: inline-block; background-color: #d9e0e7; padding: 6px; margin: 4px; border: 1px solid #8da1b4; border-radius: 5px; line-height: 60%\"><p style=\"margin-bottom: 0px\">Resource Provenance &quot;formatcode-provenance-202100419-2&quot; </p></div><p><b>target</b>: <a href=\"http://ihe.net/fhir/ihe.formatcode.fhir/CodeSystem/formatcode\">http://ihe.net/fhir/ihe.formatcode.fhir/CodeSystem/formatcode</a> &quot;IHE_FormatCode_codesystem&quot;</p><p><b>occurred</b>: ?? --&gt; 2021-04-19</p><p><b>recorded</b>: Apr 19, 2021, 10:00:00\u202fAM</p><p><b>reason</b>: Change urn:ihe:pcc:irc:2008 to urn:ihe:pcc:ic:2008 (see https://www.ihe.net/uploadedFiles/Documents/PCC/IHE_PCC_TF_Vol2.pdf) <span style=\"background: LightGoldenRodYellow; margin: 4px; border: 1px solid khaki\"> (<a href=\"http://terminology.hl7.org/5.3.0/CodeSystem-v3-ActReason.html\">ActReason</a>#METAMGT)</span></p><p><b>activity</b>: revise <span style=\"background: LightGoldenRodYellow; margin: 4px; border: 1px solid khaki\"> (<a href=\"http://terminology.hl7.org/5.3.0/CodeSystem-v3-DataOperation.html\">DataOperation</a>#UPDATE)</span></p><blockquote><p><b>agent</b></p><p><b>type</b>: Author <span style=\"background: LightGoldenRodYellow; margin: 4px; border: 1px solid khaki\"> (<a href=\"http://terminology.hl7.org/5.3.0/CodeSystem-provenance-participant-type.html\">Provenance participant type</a>#author)</span></p><p><b>who</b>: <span>: Oliver Egger</span></p></blockquote><blockquote><p><b>agent</b></p><p><b>type</b>: Custodian <span style=\"background: LightGoldenRodYellow; margin: 4px; border: 1px solid khaki\"> (<a href=\"http://terminology.hl7.org/5.3.0/CodeSystem-provenance-participant-type.html\">Provenance participant type</a>#custodian)</span></p><p><b>who</b>: <span>: IHE PCC Domain</span></p></blockquote></div>"
      },
      "target" : [{
        "reference" : "http://ihe.net/fhir/ihe.formatcode.fhir/CodeSystem/formatcode",
        "type" : "CodeSystem"
      }],
      "occurredPeriod" : {
        "end" : "2021-04-19"
      },
      "recorded" : "2021-04-19T15:00:00.0000Z",
      "reason" : [{
        "coding" : [{
          "system" : "http://terminology.hl7.org/CodeSystem/v3-ActReason",
          "code" : "METAMGT"
        }],
        "text" : "Change urn:ihe:pcc:irc:2008 to urn:ihe:pcc:ic:2008 (see https://www.ihe.net/uploadedFiles/Documents/PCC/IHE_PCC_TF_Vol2.pdf)"
      }],
      "activity" : {
        "coding" : [{
          "system" : "http://terminology.hl7.org/CodeSystem/v3-DataOperation",
          "code" : "UPDATE"
        }]
      },
      "agent" : [{
        "type" : {
          "coding" : [{
            "system" : "http://terminology.hl7.org/CodeSystem/provenance-participant-type",
            "code" : "author"
          }]
        },
        "who" : {
          "display" : "Oliver Egger"
        }
      },
      {
        "type" : {
          "coding" : [{
            "system" : "http://terminology.hl7.org/CodeSystem/provenance-participant-type",
            "code" : "custodian"
          }]
        },
        "who" : {
          "display" : "IHE PCC Domain"
        }
      }]
    }
  },
  {
    "fullUrl" : "urn:oid:1.3.6.1.4.1.19376.1.2.3.1.202100419",
    "resource" : {
      "resourceType" : "Provenance",
      "id" : "formatcode-provenance-202100419",
      "text" : {
        "status" : "generated",
        "div" : "<div xmlns=\"http://www.w3.org/1999/xhtml\"><p><b>Generated Narrative: Provenance</b><a name=\"formatcode-provenance-202100419\"> </a></p><div style=\"display: inline-block; background-color: #d9e0e7; padding: 6px; margin: 4px; border: 1px solid #8da1b4; border-radius: 5px; line-height: 60%\"><p style=\"margin-bottom: 0px\">Resource Provenance &quot;formatcode-provenance-202100419&quot; </p></div><p><b>target</b>: <a href=\"http://ihe.net/fhir/ihe.formatcode.fhir/CodeSystem/formatcode\">http://ihe.net/fhir/ihe.formatcode.fhir/CodeSystem/formatcode</a> &quot;IHE_FormatCode_codesystem&quot;</p><p><b>occurred</b>: ?? --&gt; 2021-04-19</p><p><b>recorded</b>: Apr 19, 2021, 10:00:00\u202fAM</p><p><b>reason</b>: Add IHE PHARM MTP and CMA code <span style=\"background: LightGoldenRodYellow; margin: 4px; border: 1px solid khaki\"> (<a href=\"http://terminology.hl7.org/5.3.0/CodeSystem-v3-ActReason.html\">ActReason</a>#METAMGT)</span></p><p><b>activity</b>: revise <span style=\"background: LightGoldenRodYellow; margin: 4px; border: 1px solid khaki\"> (<a href=\"http://terminology.hl7.org/5.3.0/CodeSystem-v3-DataOperation.html\">DataOperation</a>#UPDATE)</span></p><blockquote><p><b>agent</b></p><p><b>type</b>: Author <span style=\"background: LightGoldenRodYellow; margin: 4px; border: 1px solid khaki\"> (<a href=\"http://terminology.hl7.org/5.3.0/CodeSystem-provenance-participant-type.html\">Provenance participant type</a>#author)</span></p><p><b>who</b>: <span>: Oliver Egger</span></p></blockquote><blockquote><p><b>agent</b></p><p><b>type</b>: Custodian <span style=\"background: LightGoldenRodYellow; margin: 4px; border: 1px solid khaki\"> (<a href=\"http://terminology.hl7.org/5.3.0/CodeSystem-provenance-participant-type.html\">Provenance participant type</a>#custodian)</span></p><p><b>who</b>: <span>: IHE Pharmacy Domain</span></p></blockquote></div>"
      },
      "target" : [{
        "reference" : "http://ihe.net/fhir/ihe.formatcode.fhir/CodeSystem/formatcode",
        "type" : "CodeSystem"
      }],
      "occurredPeriod" : {
        "end" : "2021-04-19"
      },
      "recorded" : "2021-04-19T15:00:00.0000Z",
      "reason" : [{
        "coding" : [{
          "system" : "http://terminology.hl7.org/CodeSystem/v3-ActReason",
          "code" : "METAMGT"
        }],
        "text" : "Add IHE PHARM MTP and CMA code"
      }],
      "activity" : {
        "coding" : [{
          "system" : "http://terminology.hl7.org/CodeSystem/v3-DataOperation",
          "code" : "UPDATE"
        }]
      },
      "agent" : [{
        "type" : {
          "coding" : [{
            "system" : "http://terminology.hl7.org/CodeSystem/provenance-participant-type",
            "code" : "author"
          }]
        },
        "who" : {
          "display" : "Oliver Egger"
        }
      },
      {
        "type" : {
          "coding" : [{
            "system" : "http://terminology.hl7.org/CodeSystem/provenance-participant-type",
            "code" : "custodian"
          }]
        },
        "who" : {
          "display" : "IHE Pharmacy Domain"
        }
      }]
    }
  },
  {
    "fullUrl" : "urn:oid:1.3.6.1.4.1.19376.1.2.3.1.20210309",
    "resource" : {
      "resourceType" : "Provenance",
      "id" : "formatcode-provenance-20210309",
      "text" : {
        "status" : "generated",
        "div" : "<div xmlns=\"http://www.w3.org/1999/xhtml\"><p><b>Generated Narrative: Provenance</b><a name=\"formatcode-provenance-20210309\"> </a></p><div style=\"display: inline-block; background-color: #d9e0e7; padding: 6px; margin: 4px; border: 1px solid #8da1b4; border-radius: 5px; line-height: 60%\"><p style=\"margin-bottom: 0px\">Resource Provenance &quot;formatcode-provenance-20210309&quot; </p></div><p><b>target</b>: <a href=\"http://ihe.net/fhir/ihe.formatcode.fhir/CodeSystem/formatcode\">http://ihe.net/fhir/ihe.formatcode.fhir/CodeSystem/formatcode</a> &quot;IHE_FormatCode_codesystem&quot;</p><p><b>occurred</b>: ?? --&gt; 2021-03-09</p><p><b>recorded</b>: Mar 9, 2021, 7:00:00\u202fAM</p><p><b>reason</b>: Add PCC 360X format codes. <span style=\"background: LightGoldenRodYellow; margin: 4px; border: 1px solid khaki\"> (<a href=\"http://terminology.hl7.org/5.3.0/CodeSystem-v3-ActReason.html\">ActReason</a>#METAMGT)</span></p><p><b>activity</b>: revise <span style=\"background: LightGoldenRodYellow; margin: 4px; border: 1px solid khaki\"> (<a href=\"http://terminology.hl7.org/5.3.0/CodeSystem-v3-DataOperation.html\">DataOperation</a>#UPDATE)</span></p><blockquote><p><b>agent</b></p><p><b>type</b>: Author <span style=\"background: LightGoldenRodYellow; margin: 4px; border: 1px solid khaki\"> (<a href=\"http://terminology.hl7.org/5.3.0/CodeSystem-provenance-participant-type.html\">Provenance participant type</a>#author)</span></p><p><b>who</b>: <span>: Vassil Peytchev</span></p></blockquote><blockquote><p><b>agent</b></p><p><b>type</b>: Custodian <span style=\"background: LightGoldenRodYellow; margin: 4px; border: 1px solid khaki\"> (<a href=\"http://terminology.hl7.org/5.3.0/CodeSystem-provenance-participant-type.html\">Provenance participant type</a>#custodian)</span></p><p><b>who</b>: <span>: IHE PCC Domain</span></p></blockquote></div>"
      },
      "target" : [{
        "reference" : "http://ihe.net/fhir/ihe.formatcode.fhir/CodeSystem/formatcode",
        "type" : "CodeSystem"
      }],
      "occurredPeriod" : {
        "end" : "2021-03-09"
      },
      "recorded" : "2021-03-09T13:00:00.0000Z",
      "reason" : [{
        "coding" : [{
          "system" : "http://terminology.hl7.org/CodeSystem/v3-ActReason",
          "code" : "METAMGT"
        }],
        "text" : "Add PCC 360X format codes."
      }],
      "activity" : {
        "coding" : [{
          "system" : "http://terminology.hl7.org/CodeSystem/v3-DataOperation",
          "code" : "UPDATE"
        }]
      },
      "agent" : [{
        "type" : {
          "coding" : [{
            "system" : "http://terminology.hl7.org/CodeSystem/provenance-participant-type",
            "code" : "author"
          }]
        },
        "who" : {
          "display" : "Vassil Peytchev"
        }
      },
      {
        "type" : {
          "coding" : [{
            "system" : "http://terminology.hl7.org/CodeSystem/provenance-participant-type",
            "code" : "custodian"
          }]
        },
        "who" : {
          "display" : "IHE PCC Domain"
        }
      }]
    }
  },
  {
    "fullUrl" : "urn:oid:1.3.6.1.4.1.19376.1.2.3.1.20200724",
    "resource" : {
      "resourceType" : "Provenance",
      "id" : "formatcode-provenance-20200724",
      "text" : {
        "status" : "generated",
        "div" : "<div xmlns=\"http://www.w3.org/1999/xhtml\"><p><b>Generated Narrative: Provenance</b><a name=\"formatcode-provenance-20200724\"> </a></p><div style=\"display: inline-block; background-color: #d9e0e7; padding: 6px; margin: 4px; border: 1px solid #8da1b4; border-radius: 5px; line-height: 60%\"><p style=\"margin-bottom: 0px\">Resource Provenance &quot;formatcode-provenance-20200724&quot; </p></div><p><b>target</b>: <a href=\"http://ihe.net/fhir/ihe.formatcode.fhir/CodeSystem/formatcode\">http://ihe.net/fhir/ihe.formatcode.fhir/CodeSystem/formatcode</a> &quot;IHE_FormatCode_codesystem&quot;</p><p><b>occurred</b>: ?? --&gt; 2020-07-24</p><p><b>recorded</b>: Jul 24, 2020, 8:00:00\u202fAM</p><p><b>reason</b>: Remove PAT domain, as PALM is right. Remove 2010 FormatCodes not used in favor of urn:ihe.palm:apsr:2016. <span style=\"background: LightGoldenRodYellow; margin: 4px; border: 1px solid khaki\"> (<a href=\"http://terminology.hl7.org/5.3.0/CodeSystem-v3-ActReason.html\">ActReason</a>#METAMGT)</span></p><p><b>activity</b>: revise <span style=\"background: LightGoldenRodYellow; margin: 4px; border: 1px solid khaki\"> (<a href=\"http://terminology.hl7.org/5.3.0/CodeSystem-v3-DataOperation.html\">DataOperation</a>#UPDATE)</span></p><blockquote><p><b>agent</b></p><p><b>type</b>: Author <span style=\"background: LightGoldenRodYellow; margin: 4px; border: 1px solid khaki\"> (<a href=\"http://terminology.hl7.org/5.3.0/CodeSystem-provenance-participant-type.html\">Provenance participant type</a>#author)</span></p><p><b>who</b>: <span>: John Moehrke</span></p></blockquote><blockquote><p><b>agent</b></p><p><b>type</b>: Custodian <span style=\"background: LightGoldenRodYellow; margin: 4px; border: 1px solid khaki\"> (<a href=\"http://terminology.hl7.org/5.3.0/CodeSystem-provenance-participant-type.html\">Provenance participant type</a>#custodian)</span></p><p><b>who</b>: <span>: IHE PaLM Domain</span></p></blockquote></div>"
      },
      "target" : [{
        "reference" : "http://ihe.net/fhir/ihe.formatcode.fhir/CodeSystem/formatcode",
        "type" : "CodeSystem"
      }],
      "occurredPeriod" : {
        "end" : "2020-07-24"
      },
      "recorded" : "2020-07-24T13:00:00.0000Z",
      "reason" : [{
        "coding" : [{
          "system" : "http://terminology.hl7.org/CodeSystem/v3-ActReason",
          "code" : "METAMGT"
        }],
        "text" : "Remove PAT domain, as PALM is right. Remove 2010 FormatCodes not used in favor of urn:ihe.palm:apsr:2016."
      }],
      "activity" : {
        "coding" : [{
          "system" : "http://terminology.hl7.org/CodeSystem/v3-DataOperation",
          "code" : "UPDATE"
        }]
      },
      "agent" : [{
        "type" : {
          "coding" : [{
            "system" : "http://terminology.hl7.org/CodeSystem/provenance-participant-type",
            "code" : "author"
          }]
        },
        "who" : {
          "display" : "John Moehrke"
        }
      },
      {
        "type" : {
          "coding" : [{
            "system" : "http://terminology.hl7.org/CodeSystem/provenance-participant-type",
            "code" : "custodian"
          }]
        },
        "who" : {
          "display" : "IHE PaLM Domain"
        }
      }]
    }
  },
  {
    "fullUrl" : "urn:oid:1.3.6.1.4.1.19376.1.2.3.1.20200723",
    "resource" : {
      "resourceType" : "Provenance",
      "id" : "formatcode-provenance-20200723",
      "text" : {
        "status" : "generated",
        "div" : "<div xmlns=\"http://www.w3.org/1999/xhtml\"><p><b>Generated Narrative: Provenance</b><a name=\"formatcode-provenance-20200723\"> </a></p><div style=\"display: inline-block; background-color: #d9e0e7; padding: 6px; margin: 4px; border: 1px solid #8da1b4; border-radius: 5px; line-height: 60%\"><p style=\"margin-bottom: 0px\">Resource Provenance &quot;formatcode-provenance-20200723&quot; </p></div><p><b>target</b>: <a href=\"http://ihe.net/fhir/ihe.formatcode.fhir/CodeSystem/formatcode\">http://ihe.net/fhir/ihe.formatcode.fhir/CodeSystem/formatcode</a> &quot;IHE_FormatCode_codesystem&quot;</p><p><b>occurred</b>: ?? --&gt; 2020-07-23</p><p><b>recorded</b>: Jul 23, 2020, 8:00:00\u202fAM</p><p><b>reason</b>: QRPH deprecated urn:ihe:qrph:crpc:2012. <span style=\"background: LightGoldenRodYellow; margin: 4px; border: 1px solid khaki\"> (<a href=\"http://terminology.hl7.org/5.3.0/CodeSystem-v3-ActReason.html\">ActReason</a>#METAMGT)</span></p><p><b>activity</b>: revise <span style=\"background: LightGoldenRodYellow; margin: 4px; border: 1px solid khaki\"> (<a href=\"http://terminology.hl7.org/5.3.0/CodeSystem-v3-DataOperation.html\">DataOperation</a>#UPDATE)</span></p><blockquote><p><b>agent</b></p><p><b>type</b>: Author <span style=\"background: LightGoldenRodYellow; margin: 4px; border: 1px solid khaki\"> (<a href=\"http://terminology.hl7.org/5.3.0/CodeSystem-provenance-participant-type.html\">Provenance participant type</a>#author)</span></p><p><b>who</b>: <span>: John Moehrke</span></p></blockquote><blockquote><p><b>agent</b></p><p><b>type</b>: Custodian <span style=\"background: LightGoldenRodYellow; margin: 4px; border: 1px solid khaki\"> (<a href=\"http://terminology.hl7.org/5.3.0/CodeSystem-provenance-participant-type.html\">Provenance participant type</a>#custodian)</span></p><p><b>who</b>: <span>: IHE QRPH Domain</span></p></blockquote></div>"
      },
      "target" : [{
        "reference" : "http://ihe.net/fhir/ihe.formatcode.fhir/CodeSystem/formatcode",
        "type" : "CodeSystem"
      }],
      "occurredPeriod" : {
        "end" : "2020-07-23"
      },
      "recorded" : "2020-07-23T13:00:00.0000Z",
      "reason" : [{
        "coding" : [{
          "system" : "http://terminology.hl7.org/CodeSystem/v3-ActReason",
          "code" : "METAMGT"
        }],
        "text" : "QRPH deprecated urn:ihe:qrph:crpc:2012."
      }],
      "activity" : {
        "coding" : [{
          "system" : "http://terminology.hl7.org/CodeSystem/v3-DataOperation",
          "code" : "UPDATE"
        }]
      },
      "agent" : [{
        "type" : {
          "coding" : [{
            "system" : "http://terminology.hl7.org/CodeSystem/provenance-participant-type",
            "code" : "author"
          }]
        },
        "who" : {
          "display" : "John Moehrke"
        }
      },
      {
        "type" : {
          "coding" : [{
            "system" : "http://terminology.hl7.org/CodeSystem/provenance-participant-type",
            "code" : "custodian"
          }]
        },
        "who" : {
          "display" : "IHE QRPH Domain"
        }
      }]
    }
  },
  {
    "fullUrl" : "urn:oid:1.3.6.1.4.1.19376.1.2.3.1.20200703",
    "resource" : {
      "resourceType" : "Provenance",
      "id" : "formatcode-provenance-20200703",
      "text" : {
        "status" : "generated",
        "div" : "<div xmlns=\"http://www.w3.org/1999/xhtml\"><p><b>Generated Narrative: Provenance</b><a name=\"formatcode-provenance-20200703\"> </a></p><div style=\"display: inline-block; background-color: #d9e0e7; padding: 6px; margin: 4px; border: 1px solid #8da1b4; border-radius: 5px; line-height: 60%\"><p style=\"margin-bottom: 0px\">Resource Provenance &quot;formatcode-provenance-20200703&quot; </p></div><p><b>target</b>: <a href=\"http://ihe.net/fhir/ihe.formatcode.fhir/CodeSystem/formatcode\">http://ihe.net/fhir/ihe.formatcode.fhir/CodeSystem/formatcode</a> &quot;IHE_FormatCode_codesystem&quot;</p><p><b>occurred</b>: ?? --&gt; 2020-07-03</p><p><b>recorded</b>: Jul 3, 2020, 8:00:00\u202fAM</p><p><b>reason</b>: align all display on the profile acronym, with name of profile in definition. <span style=\"background: LightGoldenRodYellow; margin: 4px; border: 1px solid khaki\"> (<a href=\"http://terminology.hl7.org/5.3.0/CodeSystem-v3-ActReason.html\">ActReason</a>#METAMGT)</span></p><p><b>activity</b>: revise <span style=\"background: LightGoldenRodYellow; margin: 4px; border: 1px solid khaki\"> (<a href=\"http://terminology.hl7.org/5.3.0/CodeSystem-v3-DataOperation.html\">DataOperation</a>#UPDATE)</span></p><blockquote><p><b>agent</b></p><p><b>type</b>: Author <span style=\"background: LightGoldenRodYellow; margin: 4px; border: 1px solid khaki\"> (<a href=\"http://terminology.hl7.org/5.3.0/CodeSystem-provenance-participant-type.html\">Provenance participant type</a>#author)</span></p><p><b>who</b>: <span>: John Moehrke</span></p></blockquote><blockquote><p><b>agent</b></p><p><b>type</b>: Custodian <span style=\"background: LightGoldenRodYellow; margin: 4px; border: 1px solid khaki\"> (<a href=\"http://terminology.hl7.org/5.3.0/CodeSystem-provenance-participant-type.html\">Provenance participant type</a>#custodian)</span></p><p><b>who</b>: <span>: IHE IT-Infrastructure Domain</span></p></blockquote></div>"
      },
      "target" : [{
        "reference" : "http://ihe.net/fhir/ihe.formatcode.fhir/CodeSystem/formatcode",
        "type" : "CodeSystem"
      }],
      "occurredPeriod" : {
        "end" : "2020-07-03"
      },
      "recorded" : "2020-07-03T13:00:00.0000Z",
      "reason" : [{
        "coding" : [{
          "system" : "http://terminology.hl7.org/CodeSystem/v3-ActReason",
          "code" : "METAMGT"
        }],
        "text" : "align all display on the profile acronym, with name of profile in definition."
      }],
      "activity" : {
        "coding" : [{
          "system" : "http://terminology.hl7.org/CodeSystem/v3-DataOperation",
          "code" : "UPDATE"
        }]
      },
      "agent" : [{
        "type" : {
          "coding" : [{
            "system" : "http://terminology.hl7.org/CodeSystem/provenance-participant-type",
            "code" : "author"
          }]
        },
        "who" : {
          "display" : "John Moehrke"
        }
      },
      {
        "type" : {
          "coding" : [{
            "system" : "http://terminology.hl7.org/CodeSystem/provenance-participant-type",
            "code" : "custodian"
          }]
        },
        "who" : {
          "display" : "IHE IT-Infrastructure Domain"
        }
      }]
    }
  },
  {
    "fullUrl" : "urn:oid:1.3.6.1.4.1.19376.1.2.3.1.20200701",
    "resource" : {
      "resourceType" : "Provenance",
      "id" : "formatcode-provenance-20200701",
      "text" : {
        "status" : "generated",
        "div" : "<div xmlns=\"http://www.w3.org/1999/xhtml\"><p><b>Generated Narrative: Provenance</b><a name=\"formatcode-provenance-20200701\"> </a></p><div style=\"display: inline-block; background-color: #d9e0e7; padding: 6px; margin: 4px; border: 1px solid #8da1b4; border-radius: 5px; line-height: 60%\"><p style=\"margin-bottom: 0px\">Resource Provenance &quot;formatcode-provenance-20200701&quot; </p></div><p><b>target</b>: <a href=\"http://ihe.net/fhir/ihe.formatcode.fhir/CodeSystem/formatcode\">http://ihe.net/fhir/ihe.formatcode.fhir/CodeSystem/formatcode</a> &quot;IHE_FormatCode_codesystem&quot;</p><p><b>occurred</b>: ?? --&gt; 2020-07-01</p><p><b>recorded</b>: Jul 1, 2020, 6:00:00\u202fPM</p><p><b>reason</b>: Regular maintenance for 2020, and inclusion of QRPH codes. Added Ontology to structure according to IHE domains. <span style=\"background: LightGoldenRodYellow; margin: 4px; border: 1px solid khaki\"> (<a href=\"http://terminology.hl7.org/5.3.0/CodeSystem-v3-ActReason.html\">ActReason</a>#METAMGT)</span></p><p><b>activity</b>: revise <span style=\"background: LightGoldenRodYellow; margin: 4px; border: 1px solid khaki\"> (<a href=\"http://terminology.hl7.org/5.3.0/CodeSystem-v3-DataOperation.html\">DataOperation</a>#UPDATE)</span></p><blockquote><p><b>agent</b></p><p><b>type</b>: Author <span style=\"background: LightGoldenRodYellow; margin: 4px; border: 1px solid khaki\"> (<a href=\"http://terminology.hl7.org/5.3.0/CodeSystem-provenance-participant-type.html\">Provenance participant type</a>#author)</span></p><p><b>who</b>: <span>: John Moehrke</span></p></blockquote><blockquote><p><b>agent</b></p><p><b>type</b>: Custodian <span style=\"background: LightGoldenRodYellow; margin: 4px; border: 1px solid khaki\"> (<a href=\"http://terminology.hl7.org/5.3.0/CodeSystem-provenance-participant-type.html\">Provenance participant type</a>#custodian)</span></p><p><b>who</b>: <span>: IHE IT-Infrastructure Domain</span></p></blockquote></div>"
      },
      "target" : [{
        "reference" : "http://ihe.net/fhir/ihe.formatcode.fhir/CodeSystem/formatcode",
        "type" : "CodeSystem"
      }],
      "occurredPeriod" : {
        "end" : "2020-07-01"
      },
      "recorded" : "2020-07-01T23:00:00.0000Z",
      "reason" : [{
        "coding" : [{
          "system" : "http://terminology.hl7.org/CodeSystem/v3-ActReason",
          "code" : "METAMGT"
        }],
        "text" : "Regular maintenance for 2020, and inclusion of QRPH codes. Added Ontology to structure according to IHE domains."
      }],
      "activity" : {
        "coding" : [{
          "system" : "http://terminology.hl7.org/CodeSystem/v3-DataOperation",
          "code" : "UPDATE"
        }]
      },
      "agent" : [{
        "type" : {
          "coding" : [{
            "system" : "http://terminology.hl7.org/CodeSystem/provenance-participant-type",
            "code" : "author"
          }]
        },
        "who" : {
          "display" : "John Moehrke"
        }
      },
      {
        "type" : {
          "coding" : [{
            "system" : "http://terminology.hl7.org/CodeSystem/provenance-participant-type",
            "code" : "custodian"
          }]
        },
        "who" : {
          "display" : "IHE IT-Infrastructure Domain"
        }
      }]
    }
  }]
}