"Id","Path","Slice Name","Alias(s)","Label","Min","Max","Must Support?","Is Modifier?","Is Summary?","Type(s)","Short","Definition","Comments","Requirements","Default Value","Meaning When Missing","Fixed Value","Pattern","Example","Minimum Value","Maximum Value","Maximum Length","Binding Strength","Binding Description","Binding Value Set","Code","Slicing Discriminator","Slicing Description","Slicing Ordered","Slicing Rules","Base Path","Base Min","Base Max","Condition(s)","Constraint(s)","Mapping: RIM Mapping"
"PatientBasic","PatientBasic","","","",0,*,"","","","null {[]} {[]}
","Patient (model)","Logical model for patient (basic data relevant for this use case)","","","","","","","","","",,,,,"",,,,"Base",0,*,"","","n/a"
"PatientBasic.identifier","PatientBasic.identifier","","","",1,*,"","","","Identifier {[]} {[]}
","Patient identifier","Patient identifier","","","","","","","","","",,,,,"",,,,"PatientBasic.identifier",1,*,"",""
"PatientBasic.name","PatientBasic.name","","","",1,*,"","","","HumanName {[]} {[]}
","Patient's name, incl first name, last name, or any other relevant name parts","Patient's name, incl first name, last name, or any other relevant name parts","","","","","","","","","",,,,,"",,,,"PatientBasic.name",1,*,"",""
"PatientBasic.gender","PatientBasic.gender","","","",0,1,"","","","CodeableConcept {[]} {[]}
","Gender","Question: eHDSI prescription emphasisis the biological gender, but I think the reality is that most systems would have administrative gender or somekindof gender","","","","","","","","","",,,,,"",,,,"PatientBasic.gender",0,1,"",""
"PatientBasic.dateOfBirth","PatientBasic.dateOfBirth","","","",0,1,"","","","dateTime {[]} {[]}
","Date of birth","eHDSI","","","","","","","","","",,,,,"",,,,"PatientBasic.dateOfBirth",0,1,"",""
"PatientBasic.insuranceInformation","PatientBasic.insuranceInformation","","","",0,1,"","","","BackboneElement {[]} {[]}
","Insurance information","Question: shall we go here and how deep?","","","","","","","","","",,,,,"",,,,"PatientBasic.insuranceInformation",0,1,"",""
