URL,Version,Status,OIDs,Name,Title,Descriptino,Uses,Used,Sources
http://hl7.org/fhir/ValueSet/ingredient-role,5.0.0,draft,"2.16.840.1.113883.4.642.3.3246",IngredientRole,Ingredient Role,"A classification of the ingredient identifying its purpose within the product.","StructureDefinition/ihe-ext-medication-ingredient-role","hl7.fhir.r5.core"
http://hl7.org/fhir/ValueSet/medicationknowledge-characteristic,5.0.0,draft,"2.16.840.1.113883.4.642.3.1337",MedicationKnowledgeCharacteristicCodes,medicationKnowledge Characteristic Codes,"MedicationKnowledge Characteristic Codes","StructureDefinition/ihe-ext-medication-characteristic","THO"
http://hl7.org/fhir/ValueSet/medicinal-product-classification,5.0.0,draft,,ProductClassification,Product Classification,"This value set includes codes from the Anatomical Therapeutic Chemical Classification System - provided as an exemplar value set.","StructureDefinition/ihe-ext-medication-classification","hl7.terminology.r5"
http://hl7.org/fhir/ValueSet/substance-codes,5.0.0,draft,"2.16.840.1.113883.4.642.3.3023",SNOMEDCTSubstanceCodes,SNOMED CT Substance Codes,"This value set includes all substance codes from SNOMED CT - provided as an exemplar value set.","StructureDefinition/ihe-ext-medication-strengthsubstance,StructureDefinition/IHEMedication","SCT"
http://hl7.org/fhir/ValueSet/unit-of-presentation,5.0.0,draft,"2.16.840.1.113883.4.642.3.3168",UnitOfPresentation,Unit Of Presentation,"The presentation type in which an administrable medicinal product is given to a patient.","StructureDefinition/ihe-ext-medication-unitofpresentation","hl7.fhir.r5.core"
