<?xml version="1.0" encoding="UTF-8"?>

<Bundle xmlns="http://hl7.org/fhir">
  <id value="Example-MCSD"/>
  <type value="transaction"/>
  <entry>
    <fullUrl value="http://www.example.org/fhir/Organization/MCSDJurisdictionOrganization-Example"/>
    <resource>
      <Organization>
        <id value="MCSDJurisdictionOrganization-Example"/>
        <meta>
          <profile value="https://profiles.ihe.net/ITI/mCSD/StructureDefinition/IHE.mCSD.JurisdictionOrganization"/>
        </meta>
        <text>
          <status value="generated"/><div xmlns="http://www.w3.org/1999/xhtml"><a name="Organization_MCSDJurisdictionOrganization-Example"> </a><p class="res-header-id"><b>Generated Narrative: Organization MCSDJurisdictionOrganization-Example</b></p><a name="MCSDJurisdictionOrganization-Example"> </a><a name="hcMCSDJurisdictionOrganization-Example"> </a><a name="MCSDJurisdictionOrganization-Example-en-US"> </a><p><b>active</b>: true</p><p><b>type</b>: <span title="Codes:{https://profiles.ihe.net/ITI/mCSD/CodeSystem/IHE.mCSD.Organization.Location.Types jurisdiction}">Jurisdiction</span></p><p><b>name</b>: MCSDJurisdictionOrganization-Example</p></div>
        </text>
        <active value="true"/>
        <type>
          <coding>
            <system value="https://profiles.ihe.net/ITI/mCSD/CodeSystem/IHE.mCSD.Organization.Location.Types"/>
            <code value="jurisdiction"/>
          </coding>
        </type>
        <name value="MCSDJurisdictionOrganization-Example"/>
      </Organization>
    </resource>
    <request>
      <method value="PUT"/>
      <url value="Organization/MCSDJurisdictionOrganization-Example"/>
    </request>
  </entry>
  <entry>
    <fullUrl value="http://www.example.org/fhir/Location/MCSDJurisdictionLocation-Example"/>
    <resource>
      <Location>
        <id value="MCSDJurisdictionLocation-Example"/>
        <meta>
          <profile value="https://profiles.ihe.net/ITI/mCSD/StructureDefinition/IHE.mCSD.JurisdictionLocation"/>
        </meta>
        <text>
          <status value="generated"/><div xmlns="http://www.w3.org/1999/xhtml"><a name="Location_MCSDJurisdictionLocation-Example"> </a><p class="res-header-id"><b>Generated Narrative: Location MCSDJurisdictionLocation-Example</b></p><a name="MCSDJurisdictionLocation-Example"> </a><a name="hcMCSDJurisdictionLocation-Example"> </a><a name="MCSDJurisdictionLocation-Example-en-US"> </a><p><b>status</b>: Active</p><p><b>name</b>: MCSDJurisdictionLocation-Example</p><p><b>type</b>: <span title="Codes:{https://profiles.ihe.net/ITI/mCSD/CodeSystem/IHE.mCSD.Organization.Location.Types jurisdiction}">Jurisdiction</span></p><p><b>physicalType</b>: <span title="Codes:{http://terminology.hl7.org/CodeSystem/location-physical-type jdn}">Jurisdiction</span></p><p><b>managingOrganization</b>: <a href="Organization-MCSDJurisdictionOrganization-Example.html">Organization MCSDJurisdictionOrganization-Example</a></p></div>
        </text>
        <status value="active"/>
        <name value="MCSDJurisdictionLocation-Example"/>
        <type>
          <coding>
            <system value="https://profiles.ihe.net/ITI/mCSD/CodeSystem/IHE.mCSD.Organization.Location.Types"/>
            <code value="jurisdiction"/>
          </coding>
        </type>
        <physicalType>
          <coding>
            <system value="http://terminology.hl7.org/CodeSystem/location-physical-type"/>
            <code value="jdn"/>
          </coding>
        </physicalType>
        <managingOrganization>
          <reference value="Organization/MCSDJurisdictionOrganization-Example"/>
        </managingOrganization>
      </Location>
    </resource>
    <request>
      <method value="PUT"/>
      <url value="Location/MCSDJurisdictionLocation-Example"/>
    </request>
  </entry>
  <entry>
    <fullUrl value="http://www.example.org/fhir/Organization/MCSDOrganization-ExamplePartner"/>
    <resource>
      <Organization>
        <id value="MCSDOrganization-ExamplePartner"/>
        <meta>
          <profile value="https://profiles.ihe.net/ITI/mCSD/StructureDefinition/IHE.mCSD.Organization"/>
        </meta>
        <text>
          <status value="generated"/><div xmlns="http://www.w3.org/1999/xhtml"><a name="Organization_MCSDOrganization-ExamplePartner"> </a><p class="res-header-id"><b>Generated Narrative: Organization MCSDOrganization-ExamplePartner</b></p><a name="MCSDOrganization-ExamplePartner"> </a><a name="hcMCSDOrganization-ExamplePartner"> </a><a name="MCSDOrganization-ExamplePartner-en-US"> </a><p><b>active</b>: true</p><p><b>type</b>: <span title="Codes:{http://terminology.hl7.org/CodeSystem/organization-type govt}">Government</span></p><p><b>name</b>: Organization-ExamplePartner</p></div>
        </text>
        <active value="true"/>
        <type>
          <coding>
            <system value="http://terminology.hl7.org/CodeSystem/organization-type"/>
            <code value="govt"/>
          </coding>
        </type>
        <name value="Organization-ExamplePartner"/>
      </Organization>
    </resource>
    <request>
      <method value="PUT"/>
      <url value="Organization/MCSDOrganization-ExamplePartner"/>
    </request>
  </entry>
  <entry>
    <fullUrl value="http://www.example.org/fhir/Organization/MCSDFacilityOrganization-Example"/>
    <resource>
      <Organization>
        <id value="MCSDFacilityOrganization-Example"/>
        <meta>
          <profile value="https://profiles.ihe.net/ITI/mCSD/StructureDefinition/IHE.mCSD.FacilityOrganization"/>
        </meta>
        <text>
          <status value="generated"/><div xmlns="http://www.w3.org/1999/xhtml"><a name="Organization_MCSDFacilityOrganization-Example"> </a><p class="res-header-id"><b>Generated Narrative: Organization MCSDFacilityOrganization-Example</b></p><a name="MCSDFacilityOrganization-Example"> </a><a name="hcMCSDFacilityOrganization-Example"> </a><a name="MCSDFacilityOrganization-Example-en-US"> </a><p><b>active</b>: true</p><p><b>type</b>: <span title="Codes:{https://profiles.ihe.net/ITI/mCSD/CodeSystem/IHE.mCSD.Organization.Location.Types facility}">Facility</span></p><p><b>name</b>: MCSDFacilityOrganization-Example</p><p><b>partOf</b>: <a href="Organization-MCSDJurisdictionOrganization-Example.html">Organization MCSDJurisdictionOrganization-Example</a></p></div>
        </text>
        <active value="true"/>
        <type>
          <coding>
            <system value="https://profiles.ihe.net/ITI/mCSD/CodeSystem/IHE.mCSD.Organization.Location.Types"/>
            <code value="facility"/>
          </coding>
        </type>
        <name value="MCSDFacilityOrganization-Example"/>
        <partOf>
          <reference value="Organization/MCSDJurisdictionOrganization-Example"/>
        </partOf>
      </Organization>
    </resource>
    <request>
      <method value="PUT"/>
      <url value="Organization/MCSDFacilityOrganization-Example"/>
    </request>
  </entry>
  <entry>
    <fullUrl value="http://www.example.org/fhir/Location/MCSDFacilityLocation-Example"/>
    <resource>
      <Location>
        <id value="MCSDFacilityLocation-Example"/>
        <meta>
          <profile value="https://profiles.ihe.net/ITI/mCSD/StructureDefinition/IHE.mCSD.FacilityLocation"/>
        </meta>
        <text>
          <status value="generated"/><div xmlns="http://www.w3.org/1999/xhtml"><a name="Location_MCSDFacilityLocation-Example"> </a><p class="res-header-id"><b>Generated Narrative: Location MCSDFacilityLocation-Example</b></p><a name="MCSDFacilityLocation-Example"> </a><a name="hcMCSDFacilityLocation-Example"> </a><a name="MCSDFacilityLocation-Example-en-US"> </a><p><b>status</b>: Active</p><p><b>name</b>: MCSDFacilityLocation-Example</p><p><b>type</b>: <span title="Codes:{https://profiles.ihe.net/ITI/mCSD/CodeSystem/IHE.mCSD.Organization.Location.Types facility}">Facility</span>, <span title="Codes:{http://terminology.hl7.org/CodeSystem/v3-RoleCode HOSP}">Hospital</span></p><p><b>physicalType</b>: <span title="Codes:{http://terminology.hl7.org/CodeSystem/location-physical-type bu}">Building</span></p><p><b>managingOrganization</b>: <a href="Organization-MCSDFacilityOrganization-Example.html">Organization MCSDFacilityOrganization-Example</a></p><p><b>partOf</b>: <a href="Location-MCSDJurisdictionLocation-Example.html">Location MCSDJurisdictionLocation-Example</a></p></div>
        </text>
        <status value="active"/>
        <name value="MCSDFacilityLocation-Example"/>
        <type>
          <coding>
            <system value="https://profiles.ihe.net/ITI/mCSD/CodeSystem/IHE.mCSD.Organization.Location.Types"/>
            <code value="facility"/>
          </coding>
        </type>
        <type>
          <coding>
            <system value="http://terminology.hl7.org/CodeSystem/v3-RoleCode"/>
            <code value="HOSP"/>
          </coding>
        </type>
        <physicalType>
          <coding>
            <system value="http://terminology.hl7.org/CodeSystem/location-physical-type"/>
            <code value="bu"/>
          </coding>
        </physicalType>
        <managingOrganization>
          <reference value="Organization/MCSDFacilityOrganization-Example"/>
        </managingOrganization>
        <partOf>
          <reference value="Location/MCSDJurisdictionLocation-Example"/>
        </partOf>
      </Location>
    </resource>
    <request>
      <method value="PUT"/>
      <url value="Location/MCSDFacilityLocation-Example"/>
    </request>
  </entry>
  <entry>
    <fullUrl value="http://www.example.org/fhir/HealthcareService/MCSDHealthcareService-Example"/>
    <resource>
      <HealthcareService>
        <id value="MCSDHealthcareService-Example"/>
        <meta>
          <profile value="https://profiles.ihe.net/ITI/mCSD/StructureDefinition/IHE.mCSD.HealthcareService"/>
        </meta>
        <text>
          <status value="generated"/><div xmlns="http://www.w3.org/1999/xhtml"><a name="HealthcareService_MCSDHealthcareService-Example"> </a><p class="res-header-id"><b>Generated Narrative: HealthcareService MCSDHealthcareService-Example</b></p><a name="MCSDHealthcareService-Example"> </a><a name="hcMCSDHealthcareService-Example"> </a><a name="MCSDHealthcareService-Example-en-US"> </a><p><b>type</b>: <span title="Codes:{http://terminology.hl7.org/CodeSystem/service-type 124}">General Practice</span></p><p><b>location</b>: <a href="Location-MCSDFacilityLocation-Example.html">Location MCSDFacilityLocation-Example</a></p><p><b>name</b>: ANC</p></div>
        </text>
        <type>
          <coding>
            <system value="http://terminology.hl7.org/CodeSystem/service-type"/>
            <code value="124"/>
            <display value="General Practice"/>
          </coding>
        </type>
        <location>
          <reference value="Location/MCSDFacilityLocation-Example"/>
        </location>
        <name value="ANC"/>
      </HealthcareService>
    </resource>
    <request>
      <method value="PUT"/>
      <url value="HealthcareService/MCSDHealthcareService-Example"/>
    </request>
  </entry>
  <entry>
    <fullUrl value="http://www.example.org/fhir/PractitionerRole/MCSDPractitionerRole-Example"/>
    <resource>
      <PractitionerRole>
        <id value="MCSDPractitionerRole-Example"/>
        <meta>
          <profile value="https://profiles.ihe.net/ITI/mCSD/StructureDefinition/IHE.mCSD.PractitionerRole"/>
        </meta>
        <text>
          <status value="generated"/><div xmlns="http://www.w3.org/1999/xhtml"><a name="PractitionerRole_MCSDPractitionerRole-Example"> </a><p class="res-header-id"><b>Generated Narrative: PractitionerRole MCSDPractitionerRole-Example</b></p><a name="MCSDPractitionerRole-Example"> </a><a name="hcMCSDPractitionerRole-Example"> </a><a name="MCSDPractitionerRole-Example-en-US"> </a><p><b>practitioner</b>: <a href="Practitioner-MCSDPractitioner-Example.html">Practitioner John Galt</a></p><p><b>organization</b>: <a href="Organization-MCSDFacilityOrganization-Example.html">Organization MCSDFacilityOrganization-Example</a></p><p><b>code</b>: <span title="Codes:{http://terminology.hl7.org/CodeSystem/practitioner-role nurse}">Nurse</span></p><p><b>location</b>: <a href="Location-MCSDFacilityLocation-Example.html">Location MCSDFacilityLocation-Example</a></p><p><b>healthcareService</b>: <a href="HealthcareService-MCSDHealthcareService-Example.html">HealthcareService ANC</a></p></div>
        </text>
        <practitioner>
          <reference value="Practitioner/MCSDPractitioner-Example"/>
        </practitioner>
        <organization>
          <reference value="Organization/MCSDFacilityOrganization-Example"/>
        </organization>
        <code>
          <coding>
            <system value="http://terminology.hl7.org/CodeSystem/practitioner-role"/>
            <code value="nurse"/>
          </coding>
        </code>
        <location>
          <reference value="Location/MCSDFacilityLocation-Example"/>
        </location>
        <healthcareService>
          <reference value="HealthcareService/MCSDHealthcareService-Example"/>
        </healthcareService>
      </PractitionerRole>
    </resource>
    <request>
      <method value="PUT"/>
      <url value="PractitionerRole/MCSDPractitionerRole-Example"/>
    </request>
  </entry>
  <entry>
    <fullUrl value="http://www.example.org/fhir/Practitioner/MCSDPractitioner-Example"/>
    <resource>
      <Practitioner>
        <id value="MCSDPractitioner-Example"/>
        <meta>
          <profile value="https://profiles.ihe.net/ITI/mCSD/StructureDefinition/IHE.mCSD.Practitioner"/>
        </meta>
        <text>
          <status value="generated"/><div xmlns="http://www.w3.org/1999/xhtml"><a name="Practitioner_MCSDPractitioner-Example"> </a><p class="res-header-id"><b>Generated Narrative: Practitioner MCSDPractitioner-Example</b></p><a name="MCSDPractitioner-Example"> </a><a name="hcMCSDPractitioner-Example"> </a><a name="MCSDPractitioner-Example-en-US"> </a><p><b>name</b>: John Galt</p></div>
        </text>
        <name>
          <text value="John Galt"/>
        </name>
      </Practitioner>
    </resource>
    <request>
      <method value="PUT"/>
      <url value="Practitioner/MCSDPractitioner-Example"/>
    </request>
  </entry>
  <entry>
    <fullUrl value="http://www.example.org/fhir/OrganizationAffiliation/ex-OrgAff"/>
    <resource>
      <OrganizationAffiliation>
        <id value="ex-OrgAff"/>
        <meta>
          <profile value="https://profiles.ihe.net/ITI/mCSD/StructureDefinition/IHE.mCSD.OrganizationAffiliation"/>
          <security>
            <system value="http://terminology.hl7.org/CodeSystem/v3-ActReason"/>
            <code value="HTEST"/>
          </security>
        </meta>
        <text>
          <status value="generated"/><div xmlns="http://www.w3.org/1999/xhtml"><a name="OrganizationAffiliation_ex-OrgAff"> </a><p class="res-header-id"><b>Generated Narrative: OrganizationAffiliation ex-OrgAff</b></p><a name="ex-OrgAff"> </a><a name="hcex-OrgAff"> </a><a name="ex-OrgAff-en-US"> </a><p><b>active</b>: true</p><p><b>period</b>: 2022-02-10 --&gt; (ongoing)</p><p><b>organization</b>: <a href="Organization-MCSDOrganization-ExamplePartner.html">Organization Organization-ExamplePartner</a></p><p><b>participatingOrganization</b>: <a href="Organization-ex-OrgA.html">Organization OrgA</a></p><p><b>code</b>: <span title="Codes:{http://hl7.org/fhir/organization-role HIE/HIO}">HIE/HIO</span></p></div>
        </text>
        <active value="true"/>
        <period>
          <start value="2022-02-10"/>
        </period>
        <organization>
          <reference value="Organization/MCSDOrganization-ExamplePartner"/>
        </organization>
        <participatingOrganization>
          <reference value="Organization/ex-OrgA"/>
        </participatingOrganization>
        <code>
          <coding>
            <system value="http://hl7.org/fhir/organization-role"/>
            <code value="HIE/HIO"/>
          </coding>
        </code>
      </OrganizationAffiliation>
    </resource>
    <request>
      <method value="PUT"/>
      <url value="OrganizationAffiliation/ex-OrgAff"/>
    </request>
  </entry>
  <entry>
    <fullUrl value="http://www.example.org/fhir/Organization/ex-OrgA"/>
    <resource>
      <Organization>
        <id value="ex-OrgA"/>
        <meta>
          <profile value="https://profiles.ihe.net/ITI/mCSD/StructureDefinition/IHE.mCSD.Organization"/>
          <security>
            <system value="http://terminology.hl7.org/CodeSystem/v3-ActReason"/>
            <code value="HTEST"/>
          </security>
        </meta>
        <text>
          <status value="generated"/><div xmlns="http://www.w3.org/1999/xhtml"><a name="Organization_ex-OrgA"> </a><p class="res-header-id"><b>Generated Narrative: Organization ex-OrgA</b></p><a name="ex-OrgA"> </a><a name="hcex-OrgA"> </a><a name="ex-OrgA-en-US"> </a><p><b>active</b>: true</p><p><b>type</b>: <span title="Codes:{http://terminology.hl7.org/CodeSystem/organization-type govt}">Government</span></p><p><b>name</b>: OrgA</p></div>
        </text>
        <active value="true"/>
        <type>
          <coding>
            <system value="http://terminology.hl7.org/CodeSystem/organization-type"/>
            <code value="govt"/>
          </coding>
        </type>
        <name value="OrgA"/>
      </Organization>
    </resource>
    <request>
      <method value="PUT"/>
      <url value="Organization/ex-OrgA"/>
    </request>
  </entry>
  <entry>
    <fullUrl value="http://www.example.org/fhir/Organization/ex-OrgB"/>
    <resource>
      <Organization>
        <id value="ex-OrgB"/>
        <meta>
          <profile value="https://profiles.ihe.net/ITI/mCSD/StructureDefinition/IHE.mCSD.Organization"/>
          <security>
            <system value="http://terminology.hl7.org/CodeSystem/v3-ActReason"/>
            <code value="HTEST"/>
          </security>
        </meta>
        <text>
          <status value="generated"/><div xmlns="http://www.w3.org/1999/xhtml"><a name="Organization_ex-OrgB"> </a><p class="res-header-id"><b>Generated Narrative: Organization ex-OrgB</b></p><a name="ex-OrgB"> </a><a name="hcex-OrgB"> </a><a name="ex-OrgB-en-US"> </a><p><b>identifier</b>: homeCommunityId/urn:uuid:4f88dade-42a7-4fb3-b0a6-f877ff6b23b7</p><p><b>active</b>: true</p><p><b>type</b>: <span title="Codes:{http://terminology.hl7.org/CodeSystem/organization-type govt}">Government</span></p><p><b>name</b>: OrgB</p></div>
        </text>
        <identifier>
          <type>
            <coding>
              <system value="urn:ihe:iti:xca:2010"/>
              <code value="homeCommunityId"/>
            </coding>
          </type>
          <value value="urn:uuid:4f88dade-42a7-4fb3-b0a6-f877ff6b23b7"/>
        </identifier>
        <active value="true"/>
        <type>
          <coding>
            <system value="http://terminology.hl7.org/CodeSystem/organization-type"/>
            <code value="govt"/>
          </coding>
        </type>
        <name value="OrgB"/>
      </Organization>
    </resource>
    <request>
      <method value="PUT"/>
      <url value="Organization/ex-OrgB"/>
    </request>
  </entry>
  <entry>
    <fullUrl value="http://www.example.org/fhir/Organization/ex-OrgC"/>
    <resource>
      <Organization>
        <id value="ex-OrgC"/>
        <meta>
          <profile value="https://profiles.ihe.net/ITI/mCSD/StructureDefinition/IHE.mCSD.Organization"/>
          <security>
            <system value="http://terminology.hl7.org/CodeSystem/v3-ActReason"/>
            <code value="HTEST"/>
          </security>
        </meta>
        <text>
          <status value="generated"/><div xmlns="http://www.w3.org/1999/xhtml"><a name="Organization_ex-OrgC"> </a><p class="res-header-id"><b>Generated Narrative: Organization ex-OrgC</b></p><a name="ex-OrgC"> </a><a name="hcex-OrgC"> </a><a name="ex-OrgC-en-US"> </a><p><b>active</b>: true</p><p><b>type</b>: <span title="Codes:{http://terminology.hl7.org/CodeSystem/organization-type govt}">Government</span></p><p><b>name</b>: OrgC</p><p><b>endpoint</b>: <a href="Endpoint-ex-endpointXCAquery.html">Endpoint: extension = XCA RespondingGateway ITI-38 Cross Gateway Query Synchronous; identifier = homeCommunityId; status = active; connectionType = XCA (mCSD Endpoint Types#ihe-xca); period = 2022-02-10 --&gt; (ongoing); payloadType = PCC XPHR,PCC IPS; payloadMimeType = application/fhir+xml,application/fhir+json,application/pdf,text/xml; address = http://example.org/xca/query</a></p></div>
        </text>
        <active value="true"/>
        <type>
          <coding>
            <system value="http://terminology.hl7.org/CodeSystem/organization-type"/>
            <code value="govt"/>
          </coding>
        </type>
        <name value="OrgC"/>
        <endpoint>
          <reference value="Endpoint/ex-endpointXCAquery"/>
        </endpoint>
      </Organization>
    </resource>
    <request>
      <method value="PUT"/>
      <url value="Organization/ex-OrgC"/>
    </request>
  </entry>
  <entry>
    <fullUrl value="http://www.example.org/fhir/OrganizationAffiliation/ex-OrgAffC"/>
    <resource>
      <OrganizationAffiliation>
        <id value="ex-OrgAffC"/>
        <meta>
          <profile value="https://profiles.ihe.net/ITI/mCSD/StructureDefinition/IHE.mCSD.OrganizationAffiliation.DocShare"/>
          <security>
            <system value="http://terminology.hl7.org/CodeSystem/v3-ActReason"/>
            <code value="HTEST"/>
          </security>
        </meta>
        <text>
          <status value="generated"/><div xmlns="http://www.w3.org/1999/xhtml"><a name="OrganizationAffiliation_ex-OrgAffC"> </a><p class="res-header-id"><b>Generated Narrative: OrganizationAffiliation ex-OrgAffC</b></p><a name="ex-OrgAffC"> </a><a name="hcex-OrgAffC"> </a><a name="ex-OrgAffC-en-US"> </a><p><b>identifier</b>: homeCommunityId/urn:uuid:4f88dade-42a7-4fb3-b0a6-f877ff6b23b7</p><p><b>active</b>: true</p><p><b>organization</b>: <a href="Organization-ex-OrgC.html">Organization OrgC</a></p><p><b>participatingOrganization</b>: <a href="Organization-ex-OrgB.html">Organization OrgB</a></p><p><b>code</b>: <span title="Codes:{https://profiles.ihe.net/ITI/mCSD/CodeSystem/MCSDOrgAffTypes DocShare-federate}">Federation to any Document Sharing exchange</span></p><p><b>endpoint</b>: <a href="Endpoint-ex-endpointXCAquery.html">Endpoint: extension = XCA RespondingGateway ITI-38 Cross Gateway Query Synchronous; identifier = homeCommunityId; status = active; connectionType = XCA (mCSD Endpoint Types#ihe-xca); period = 2022-02-10 --&gt; (ongoing); payloadType = PCC XPHR,PCC IPS; payloadMimeType = application/fhir+xml,application/fhir+json,application/pdf,text/xml; address = http://example.org/xca/query</a></p></div>
        </text>
        <identifier>
          <type>
            <coding>
              <system value="urn:ihe:iti:xca:2010"/>
              <code value="homeCommunityId"/>
            </coding>
          </type>
          <value value="urn:uuid:4f88dade-42a7-4fb3-b0a6-f877ff6b23b7"/>
        </identifier>
        <active value="true"/>
        <organization>
          <reference value="Organization/ex-OrgC"/>
        </organization>
        <participatingOrganization>
          <reference value="Organization/ex-OrgB"/>
        </participatingOrganization>
        <code>
          <coding>
            <system value="https://profiles.ihe.net/ITI/mCSD/CodeSystem/MCSDOrgAffTypes"/>
            <code value="DocShare-federate"/>
          </coding>
        </code>
        <endpoint>
          <reference value="Endpoint/ex-endpointXCAquery"/>
        </endpoint>
      </OrganizationAffiliation>
    </resource>
    <request>
      <method value="PUT"/>
      <url value="OrganizationAffiliation/ex-OrgAffC"/>
    </request>
  </entry>
  <entry>
    <fullUrl value="http://www.example.org/fhir/Endpoint/ex-endpointXCAquery"/>
    <resource>
      <Endpoint>
        <id value="ex-endpointXCAquery"/>
        <meta>
          <profile value="https://profiles.ihe.net/ITI/mCSD/StructureDefinition/IHE.mCSD.Endpoint.DocShare"/>
          <security>
            <system value="http://terminology.hl7.org/CodeSystem/v3-ActReason"/>
            <code value="HTEST"/>
          </security>
        </meta>
        <text>
          <status value="extensions"/><div xmlns="http://www.w3.org/1999/xhtml"><a name="Endpoint_ex-endpointXCAquery"> </a><p class="res-header-id"><b>Generated Narrative: Endpoint ex-endpointXCAquery</b></p><a name="ex-endpointXCAquery"> </a><a name="hcex-endpointXCAquery"> </a><a name="ex-endpointXCAquery-en-US"> </a><p><b>Endpoint Specific Type</b>: <span title="Codes:{https://profiles.ihe.net/ITI/mCSD/CodeSystem/MCSDEndpointTypes XCA-RespGateway-Query}">XCA RespondingGateway ITI-38 Cross Gateway Query Synchronous</span></p><p><b>identifier</b>: homeCommunityId/urn:uuid:cadbf8d0-5493-11ec-bf63-0242ac130002</p><p><b>status</b>: Active</p><p><b>connectionType</b>: <a href="CodeSystem-MCSDEndpointTypes.html#MCSDEndpointTypes-ihe-xca">mCSD Endpoint Types ihe-xca</a>: XCA</p><p><b>managingOrganization</b>: <a href="Organization-ex-OrgA.html">Organization OrgA</a></p><p><b>period</b>: 2022-02-10 --&gt; (ongoing)</p><p><b>payloadType</b>: <span title="Codes:{http://ihe.net/fhir/ihe.formatcode.fhir/CodeSystem/formatcode urn:ihe:pcc:xphr:2007}">PCC XPHR</span>, <span title="Codes:{http://ihe.net/fhir/ihe.formatcode.fhir/CodeSystem/formatcode urn:ihe:pcc:ips:2020}">PCC IPS</span></p><p><b>payloadMimeType</b>: application/fhir+xml, application/fhir+json, application/pdf, text/xml</p><p><b>address</b>: <a href="http://example.org/xca/query">http://example.org/xca/query</a></p></div>
        </text>
        <extension url="https://profiles.ihe.net/ITI/mCSD/StructureDefinition/ihe-endpointspecifictype">
          <valueCodeableConcept>
            <coding>
              <system value="https://profiles.ihe.net/ITI/mCSD/CodeSystem/MCSDEndpointTypes"/>
              <code value="XCA-RespGateway-Query"/>
            </coding>
          </valueCodeableConcept>
        </extension>
        <identifier>
          <type>
            <coding>
              <system value="urn:ihe:iti:xca:2010"/>
              <code value="homeCommunityId"/>
            </coding>
          </type>
          <value value="urn:uuid:cadbf8d0-5493-11ec-bf63-0242ac130002"/>
        </identifier>
        <status value="active"/>
        <connectionType>
          <system value="https://profiles.ihe.net/ITI/mCSD/CodeSystem/MCSDEndpointTypes"/>
          <code value="ihe-xca"/>
        </connectionType>
        <managingOrganization>
          <reference value="Organization/ex-OrgA"/>
        </managingOrganization>
        <period>
          <start value="2022-02-10"/>
        </period>
        <payloadType>
          <coding>
            <system value="http://ihe.net/fhir/ihe.formatcode.fhir/CodeSystem/formatcode"/>
            <code value="urn:ihe:pcc:xphr:2007"/>
          </coding>
        </payloadType>
        <payloadType>
          <coding>
            <system value="http://ihe.net/fhir/ihe.formatcode.fhir/CodeSystem/formatcode"/>
            <code value="urn:ihe:pcc:ips:2020"/>
          </coding>
        </payloadType>
        <payloadMimeType value="application/fhir+xml"/>
        <payloadMimeType value="application/fhir+json"/>
        <payloadMimeType value="application/pdf"/>
        <payloadMimeType value="text/xml"/>
        <address value="http://example.org/xca/query"/>
      </Endpoint>
    </resource>
    <request>
      <method value="PUT"/>
      <url value="Endpoint/ex-endpointXCAquery"/>
    </request>
  </entry>
  <entry>
    <fullUrl value="http://www.example.org/fhir/Endpoint/ex-endpointXCAretrieve"/>
    <resource>
      <Endpoint>
        <id value="ex-endpointXCAretrieve"/>
        <meta>
          <profile value="https://profiles.ihe.net/ITI/mCSD/StructureDefinition/IHE.mCSD.Endpoint.DocShare"/>
          <security>
            <system value="http://terminology.hl7.org/CodeSystem/v3-ActReason"/>
            <code value="HTEST"/>
          </security>
        </meta>
        <text>
          <status value="extensions"/><div xmlns="http://www.w3.org/1999/xhtml"><a name="Endpoint_ex-endpointXCAretrieve"> </a><p class="res-header-id"><b>Generated Narrative: Endpoint ex-endpointXCAretrieve</b></p><a name="ex-endpointXCAretrieve"> </a><a name="hcex-endpointXCAretrieve"> </a><a name="ex-endpointXCAretrieve-en-US"> </a><p><b>Endpoint Specific Type</b>: <span title="Codes:{https://profiles.ihe.net/ITI/mCSD/CodeSystem/MCSDEndpointTypes XCA-RespGateway-Retrieve}">XCA RespondingGateway ITI-39 Cross Gateway Retrieve Synchronous</span></p><p><b>identifier</b>: homeCommunityId/urn:uuid:cadbf8d0-5493-11ec-bf63-0242ac130002</p><p><b>status</b>: Active</p><p><b>connectionType</b>: <a href="CodeSystem-MCSDEndpointTypes.html#MCSDEndpointTypes-ihe-xca">mCSD Endpoint Types ihe-xca</a>: XCA</p><p><b>managingOrganization</b>: <a href="Organization-ex-OrgA.html">Organization OrgA</a></p><p><b>period</b>: 2022-02-10 --&gt; (ongoing)</p><p><b>payloadType</b>: <span title="Codes:{http://ihe.net/fhir/ihe.formatcode.fhir/CodeSystem/formatcode urn:ihe:pcc:xphr:2007}">PCC XPHR</span>, <span title="Codes:{http://ihe.net/fhir/ihe.formatcode.fhir/CodeSystem/formatcode urn:ihe:pcc:ips:2020}">PCC IPS</span></p><p><b>payloadMimeType</b>: application/fhir+xml, application/fhir+json, application/pdf, text/xml</p><p><b>address</b>: <a href="http://example.org/xca/retrieve">http://example.org/xca/retrieve</a></p></div>
        </text>
        <extension url="https://profiles.ihe.net/ITI/mCSD/StructureDefinition/ihe-endpointspecifictype">
          <valueCodeableConcept>
            <coding>
              <system value="https://profiles.ihe.net/ITI/mCSD/CodeSystem/MCSDEndpointTypes"/>
              <code value="XCA-RespGateway-Retrieve"/>
            </coding>
          </valueCodeableConcept>
        </extension>
        <identifier>
          <type>
            <coding>
              <system value="urn:ihe:iti:xca:2010"/>
              <code value="homeCommunityId"/>
            </coding>
          </type>
          <value value="urn:uuid:cadbf8d0-5493-11ec-bf63-0242ac130002"/>
        </identifier>
        <status value="active"/>
        <connectionType>
          <system value="https://profiles.ihe.net/ITI/mCSD/CodeSystem/MCSDEndpointTypes"/>
          <code value="ihe-xca"/>
        </connectionType>
        <managingOrganization>
          <reference value="Organization/ex-OrgA"/>
        </managingOrganization>
        <period>
          <start value="2022-02-10"/>
        </period>
        <payloadType>
          <coding>
            <system value="http://ihe.net/fhir/ihe.formatcode.fhir/CodeSystem/formatcode"/>
            <code value="urn:ihe:pcc:xphr:2007"/>
          </coding>
        </payloadType>
        <payloadType>
          <coding>
            <system value="http://ihe.net/fhir/ihe.formatcode.fhir/CodeSystem/formatcode"/>
            <code value="urn:ihe:pcc:ips:2020"/>
          </coding>
        </payloadType>
        <payloadMimeType value="application/fhir+xml"/>
        <payloadMimeType value="application/fhir+json"/>
        <payloadMimeType value="application/pdf"/>
        <payloadMimeType value="text/xml"/>
        <address value="http://example.org/xca/retrieve"/>
      </Endpoint>
    </resource>
    <request>
      <method value="PUT"/>
      <url value="Endpoint/ex-endpointXCAretrieve"/>
    </request>
  </entry>
  <entry>
    <fullUrl value="http://www.example.org/fhir/Endpoint/ex-endpointDicom"/>
    <resource>
      <Endpoint>
        <id value="ex-endpointDicom"/>
        <meta>
          <profile value="https://profiles.ihe.net/ITI/mCSD/StructureDefinition/IHE.mCSD.Endpoint"/>
          <security>
            <system value="http://terminology.hl7.org/CodeSystem/v3-ActReason"/>
            <code value="HTEST"/>
          </security>
        </meta>
        <text>
          <status value="extensions"/><div xmlns="http://www.w3.org/1999/xhtml"><a name="Endpoint_ex-endpointDicom"> </a><p class="res-header-id"><b>Generated Narrative: Endpoint ex-endpointDicom</b></p><a name="ex-endpointDicom"> </a><a name="hcex-endpointDicom"> </a><a name="ex-endpointDicom-en-US"> </a><p><b>Purpose of Use Extension</b>: <span title="Codes:{http://terminology.hl7.org/CodeSystem/v3-ActReason RECORDMGT}">records management</span></p><p><b>status</b>: Active</p><p><b>connectionType</b>: <a href="http://terminology.hl7.org/6.1.0/CodeSystem-endpoint-connection-type.html#endpoint-connection-type-dicom-wado-rs">Endpoint Connection Type dicom-wado-rs</a>: DICOM WADO-RS</p><p><b>name</b>: The PACS</p><p><b>managingOrganization</b>: <a href="Organization-MCSDOrganization-ExamplePartner.html">Organization Organization-ExamplePartner</a></p><p><b>period</b>: 2022-02-10 --&gt; (ongoing)</p><p><b>payloadType</b>: <span title="Codes:">DICOM WADO-RS</span></p><p><b>payloadMimeType</b>: image/dicom+jpeg</p><p><b>address</b>: <a href="http://example.org/pacs">http://example.org/pacs</a></p></div>
        </text>
        <extension url="https://profiles.ihe.net/ITI/mCSD/StructureDefinition/IHE.mCSD.PurposeOfUse">
          <valueCodeableConcept>
            <coding>
              <system value="http://terminology.hl7.org/CodeSystem/v3-ActReason"/>
              <code value="RECORDMGT"/>
            </coding>
          </valueCodeableConcept>
        </extension>
        <status value="active"/>
        <connectionType>
          <system value="http://terminology.hl7.org/CodeSystem/endpoint-connection-type"/>
          <code value="dicom-wado-rs"/>
        </connectionType>
        <name value="The PACS"/>
        <managingOrganization>
          <reference value="Organization/MCSDOrganization-ExamplePartner"/>
        </managingOrganization>
        <period>
          <start value="2022-02-10"/>
        </period>
        <payloadType>
          <text value="DICOM WADO-RS"/>
        </payloadType>
        <payloadMimeType value="image/dicom+jpeg"/>
        <address value="http://example.org/pacs"/>
      </Endpoint>
    </resource>
    <request>
      <method value="PUT"/>
      <url value="Endpoint/ex-endpointDicom"/>
    </request>
  </entry>
</Bundle>