{
  "codeSystems" : [
    {
      "url" : "http://hl7.org/fhir/organization-role",
      "version" : "4.0.1",
      "status" : "draft",
      "name" : "OrganizationAffiliationRole",
      "title" : "Organization Affiliation Role",
      "description" : "This example value set defines a set of codes that can be used to indicate the role of one Organization in relation to another.",
      "oids" : ["2.16.840.1.113883.4.642.4.881"],
      "uses" : {
      },
      "ValueSet-MCSDOrgAffTypesVS.html" : "mCSD Organization Affiliation Types ValueSet"
    },
    {
      "url" : "http://terminology.hl7.org/CodeSystem/v3-ActReason",
      "version" : "3.1.0",
      "status" : "active",
      "name" : "ActReason",
      "title" : "ActReason",
      "description" : "A set of codes specifying the motivation, cause, or rationale of an Act, when such rationale is not reasonably represented as an ActRelationship of type \"has reason\" linking to another Act.\r\n\r\n*Examples:* Example reasons that might qualify for being coded in this field might be: \"routine requirement\", \"infectious disease reporting requirement\", \"on patient request\", \"required by law\".",
      "oids" : ["2.16.840.1.113883.5.8"],
      "uses" : {
      },
      "http://terminology.hl7.org/6.1.0/ValueSet-v3-PurposeOfUse.html" : "PurposeOfUse"
    },
    {
      "url" : "http://terminology.hl7.org/CodeSystem/v3-RoleCode",
      "version" : "3.0.0",
      "status" : "active",
      "name" : "RoleCode",
      "title" : "RoleCode",
      "description" : "A set of codes further specifying the kind of Role; specific classification codes for further qualifying RoleClass codes.",
      "oids" : ["2.16.840.1.113883.5.111"],
      "uses" : {
      },
      "http://terminology.hl7.org/6.1.0/ValueSet-v3-ServiceDeliveryLocationRoleType.html" : "ServiceDeliveryLocationRoleType"
    },
    {
      "url" : "https://profiles.ihe.net/ITI/mCSD/CodeSystem/IHE.mCSD.Organization.Location.Types",
      "version" : "3.9.0",
      "status" : "active",
      "name" : "MCSDOrganizationLocationTypes",
      "title" : "mCSD Type codes for Organizations and Locations",
      "description" : "mCSD Type codes for specialized Organization and Location resources.",
      "uses" : {
      },
      "ValueSet-IHE.mCSD.Organization.Location.Types.html" : "mCSD Types for Organizations and Locations"
    },
    {
      "url" : "https://profiles.ihe.net/ITI/mCSD/CodeSystem/MCSDEndpointIdentifierTypes",
      "version" : "3.9.0",
      "status" : "active",
      "name" : "MCSDEndpointIdentifierTypes",
      "title" : "mCSD Type codes for Endpoint.identifier",
      "description" : "mCSD Type codes for specific business identifiers for Endpoint resources.",
      "uses" : {
      },
      "ValueSet-MCSDEndpointIdentifierTypeValueSet.html" : "mCSD Type codes for Endpoint.identifier"
    },
    {
      "url" : "https://profiles.ihe.net/ITI/mCSD/CodeSystem/MCSDEndpointTypes",
      "version" : "3.9.0",
      "status" : "active",
      "name" : "MCSDEndpointTypes",
      "title" : "mCSD Endpoint Types",
      "description" : "mCSD Endpoint types beyond those in the FHIR core.\n\nThe codes defined here are endpoint types defined in IHE profiles at the time of publication. \nOther codes might be defined in new IHE profiles written later, where they could define their own code and own codeSystem.\n\nCode pattern: `{Profile}-{Actor}-{Transaction}[-{option}]`\n* Where Profile is the acronym\n* Where Actor name compressed to be short yet clear (camel case)\n* Where Transaction name is compressed to be short yet clear (camel case)\n* Where the code definition spells out these using the formal names and transaction number\n* Where an option is important it can be prepended\n\nNote that this codeSystem contains only endpoints needed for Some IHE profiles, and only for the synchronous communication pattern. When Async is supported additional entries will be needed on these actors, and the peer actor will also need to be described. Async is not in scope at this time.",
      "uses" : {
      },
      "ValueSet-MCSDEndpointTypesVS.html" : "mCSD Endpoint Types ValueSet",
      "ValueSet-MCSDEndpointTypesCoreDocShareVS.html" : "mCSD Endpoint Core Document Sharing Types ValueSet"
    },
    {
      "url" : "https://profiles.ihe.net/ITI/mCSD/CodeSystem/MCSDOrgAffTypes",
      "version" : "3.9.0",
      "status" : "active",
      "name" : "MCSDOrgAffTypes",
      "title" : "mCSD Organization Affiliation Types",
      "description" : "mCSD OrganizationAffiliation types beyond those in the FHIR core.",
      "uses" : {
      },
      "ValueSet-MCSDOrgAffTypesVS.html" : "mCSD Organization Affiliation Types ValueSet"
    },
    {
      "url" : "https://profiles.ihe.net/ITI/mCSD/CodeSystem/MCSDOrganizationIdentifierTypes",
      "version" : "3.9.0",
      "status" : "active",
      "name" : "MCSDOrganizationIdentifierTypes",
      "title" : "mCSD Type codes for Organization.identifier",
      "description" : "mCSD Type codes for specific business identifiers for Organization resources.",
      "uses" : {
      },
      "ValueSet-MCSDOrganizationIdentifierTypeValueSet.html" : "mCSD Type codes for Organization.identifier"
    }
  ]
}
