{
  "resourceType" : "Organization",
  "id" : "ex-OrgA",
  "meta" : {
    "profile" : ["https://profiles.ihe.net/ITI/mCSD/StructureDefinition/IHE.mCSD.Organization"],
    "security" : [{
      "system" : "http://terminology.hl7.org/CodeSystem/v3-ActReason",
      "code" : "HTEST"
    }]
  },
  "text" : {
    "status" : "generated",
    "div" : "<div xmlns=\"http://www.w3.org/1999/xhtml\"><p class=\"res-header-id\"><b>Generated Narrative: Organization ex-OrgA</b></p><a name=\"ex-OrgA\"> </a><a name=\"hcex-OrgA\"> </a><a name=\"ex-OrgA-en-US\"> </a><p><b>active</b>: true</p><p><b>type</b>: <span title=\"Codes:{http://terminology.hl7.org/CodeSystem/organization-type govt}\">Government</span></p><p><b>name</b>: OrgA</p></div>"
  },
  "active" : true,
  "type" : [{
    "coding" : [{
      "system" : "http://terminology.hl7.org/CodeSystem/organization-type",
      "code" : "govt"
    }]
  }],
  "name" : "OrgA"
}