{
  "resourceType" : "ValueSet",
  "id" : "odf-industriesVS",
  "text" : {
    "status" : "generated",
    "div" : "<div xmlns=\"http://www.w3.org/1999/xhtml\"><p class=\"res-header-id\"><b>Generated Narrative: ValueSet odf-industriesVS</b></p><a name=\"odf-industriesVS\"> </a><a name=\"hcodf-industriesVS\"> </a><a name=\"odf-industriesVS-en-US\"> </a><ul><li>Include all codes defined in <code>https://www.ilo.org/global/industries-and-sectors/health-services/lang--en/index.htm</code></li></ul></div>"
  },
  "url" : "https://profiles.ihe.net/PCC/ODH/ValueSet/odf-industriesVS",
  "identifier" : [{
    "system" : "urn:ietf:rfc:3986",
    "value" : "urn:oid:1.3.6.1.4.1.19376.1.5.3.1.3.43.48.2"
  }],
  "version" : "1.0.0",
  "name" : "ODF_industriesVS",
  "title" : "industries types",
  "status" : "active",
  "experimental" : false,
  "date" : "2024-12-04T15:45:20-06:00",
  "publisher" : "IHE Patient Care Coordination Committee",
  "contact" : [{
    "telecom" : [{
      "system" : "url",
      "value" : "https://www.ihe.net/ihe_domains/patient_care_coordination/"
    }]
  },
  {
    "telecom" : [{
      "system" : "email",
      "value" : "pcc@ihe.net"
    }]
  },
  {
    "name" : "IHE Patient Care Coordination Committee",
    "telecom" : [{
      "system" : "email",
      "value" : "pcc@ihe.net"
    }]
  }],
  "description" : "ILO.org [industries](https://www.ilo.org/global/industries-and-sectors/health-services/lang--en/index.htm) types",
  "jurisdiction" : [{
    "coding" : [{
      "system" : "http://unstats.un.org/unsd/methods/m49/m49.htm",
      "code" : "001"
    }]
  }],
  "compose" : {
    "include" : [{
      "system" : "https://www.ilo.org/global/industries-and-sectors/health-services/lang--en/index.htm"
    }]
  }
}