<?xml version="1.0" encoding="UTF-8"?>

<ImplementationGuide xmlns="http://hl7.org/fhir">
  <id value="ihe.iti.svcm"/>
  <text>
    <status value="extensions"/><div xmlns="http://www.w3.org/1999/xhtml"><h2>IHE_ITI_SVCM</h2><p>The official URL for this implementation guide is: </p><pre>https://profiles.ihe.net/ITI/SVCM/ImplementationGuide/ihe.iti.svcm</pre><div><p>The Sharing Valuesets, Codes, and Maps (SVCM) Profile defines a lightweight interface through which healthcare systems may retrieve centrally managed uniform nomenclature and mappings between code systems based on the HL7 Fast Healthcare Interoperability Resources (FHIR) specification.</p>
</div></div>
  </text>
  <url value="https://profiles.ihe.net/ITI/SVCM/ImplementationGuide/ihe.iti.svcm"/>
  <version value="1.5.1"/>
  <name value="IHE_ITI_SVCM"/>
  <title value="Sharing Valuesets, Codes, and Maps (SVCM)"/>
  <status value="active"/>
  <date value="2023-08-02T12:47:19-05:00"/>
  <publisher value="IHE IT Infrastructure Technical Committee"/>
  <contact>
    <telecom>
      <system value="url"/>
      <value value="https://www.ihe.net/ihe_domains/it_infrastructure/"/>
    </telecom>
  </contact>
  <contact>
    <telecom>
      <system value="email"/>
      <value value="iti@ihe.net"/>
    </telecom>
  </contact>
  <contact>
    <name value="IHE IT Infrastructure Technical Committee"/>
    <telecom>
      <system value="email"/>
      <value value="iti@ihe.net"/>
    </telecom>
  </contact>
  <description value="The Sharing Valuesets, Codes, and Maps (SVCM) Profile defines a lightweight interface through which healthcare systems may retrieve centrally managed uniform nomenclature and mappings between code systems based on the HL7 Fast Healthcare Interoperability Resources (FHIR) specification."/>
  <jurisdiction>
    <coding>
      <system value="http://unstats.un.org/unsd/methods/m49/m49.htm"/>
      <code value="001"/>
    </coding>
  </jurisdiction>
  <packageId value="ihe.iti.svcm"/>
  <license value="CC-BY-4.0"/>
  <fhirVersion value="4.0.1"/>
  <dependsOn id="hl7tx">
    <extension url="http://hl7.org/fhir/tools/StructureDefinition/implementationguide-dependency-comment">
      <valueMarkdown value="Automatically added as a dependency - all IGs depend on HL7 Terminology"/>
    </extension>
    <uri value="http://terminology.hl7.org/ImplementationGuide/hl7.terminology"/>
    <packageId value="hl7.terminology.r4"/>
    <version value="5.0.0"/>
  </dependsOn>
  <dependsOn id="hl7ext">
    <extension url="http://hl7.org/fhir/tools/StructureDefinition/implementationguide-dependency-comment">
      <valueMarkdown value="Automatically added as a dependency - all IGs depend on the HL7 Extension Pack"/>
    </extension>
    <uri value="http://hl7.org/fhir/extensions/ImplementationGuide/hl7.fhir.uv.extensions"/>
    <packageId value="hl7.fhir.uv.extensions.r4"/>
    <version value="1.0.0"/>
  </dependsOn>
  <dependsOn id="ihe_iti_balp">
    <uri value="http://fhir.org/packages/ihe.iti.balp/ImplementationGuide/ihe.iti.balp"/>
    <packageId value="ihe.iti.balp"/>
    <version value="1.1.x"/>
  </dependsOn>
  <definition>
    <extension url="http://hl7.org/fhir/tools/StructureDefinition/ig-parameter">
      <extension url="code">
        <valueString value="copyrightyear"/>
      </extension>
      <extension url="value">
        <valueString value="2023+"/>
      </extension>
    </extension>
    <extension url="http://hl7.org/fhir/tools/StructureDefinition/ig-parameter">
      <extension url="code">
        <valueString value="releaselabel"/>
      </extension>
      <extension url="value">
        <valueString value="Trial-Implementation"/>
      </extension>
    </extension>
    <extension url="http://hl7.org/fhir/tools/StructureDefinition/ig-parameter">
      <extension url="code">
        <valueString value="show-inherited-invariants"/>
      </extension>
      <extension url="value">
        <valueString value="false"/>
      </extension>
    </extension>
    <extension url="http://hl7.org/fhir/tools/StructureDefinition/ig-parameter">
      <extension url="code">
        <valueString value="usage-stats-opt-out"/>
      </extension>
      <extension url="value">
        <valueString value="false"/>
      </extension>
    </extension>
    <extension url="http://hl7.org/fhir/tools/StructureDefinition/ig-parameter">
      <extension url="code">
        <valueString value="logging"/>
      </extension>
      <extension url="value">
        <valueString value="progress"/>
      </extension>
    </extension>
    <extension url="http://hl7.org/fhir/tools/StructureDefinition/ig-parameter">
      <extension url="code">
        <valueString value="shownav"/>
      </extension>
      <extension url="value">
        <valueString value="true"/>
      </extension>
    </extension>
    <extension url="http://hl7.org/fhir/tools/StructureDefinition/ig-parameter">
      <extension url="code">
        <valueString value="active-tables"/>
      </extension>
      <extension url="value">
        <valueString value="false"/>
      </extension>
    </extension>
    <extension url="http://hl7.org/fhir/tools/StructureDefinition/ig-parameter">
      <extension url="code">
        <valueString value="apply-contact"/>
      </extension>
      <extension url="value">
        <valueString value="true"/>
      </extension>
    </extension>
    <extension url="http://hl7.org/fhir/tools/StructureDefinition/ig-parameter">
      <extension url="code">
        <valueString value="apply-jurisdiction"/>
      </extension>
      <extension url="value">
        <valueString value="true"/>
      </extension>
    </extension>
    <extension url="http://hl7.org/fhir/tools/StructureDefinition/ig-parameter">
      <extension url="code">
        <valueString value="apply-publisher"/>
      </extension>
      <extension url="value">
        <valueString value="true"/>
      </extension>
    </extension>
    <extension url="http://hl7.org/fhir/tools/StructureDefinition/ig-parameter">
      <extension url="code">
        <valueString value="apply-version"/>
      </extension>
      <extension url="value">
        <valueString value="true"/>
      </extension>
    </extension>
    <extension url="http://hl7.org/fhir/tools/StructureDefinition/ig-parameter">
      <extension url="code">
        <valueString value="autoload-resources"/>
      </extension>
      <extension url="value">
        <valueString value="true"/>
      </extension>
    </extension>
    <extension url="http://hl7.org/fhir/tools/StructureDefinition/ig-parameter">
      <extension url="code">
        <valueString value="path-liquid"/>
      </extension>
      <extension url="value">
        <valueString value="template/liquid"/>
      </extension>
    </extension>
    <extension url="http://hl7.org/fhir/tools/StructureDefinition/ig-parameter">
      <extension url="code">
        <valueString value="path-liquid"/>
      </extension>
      <extension url="value">
        <valueString value="input/liquid"/>
      </extension>
    </extension>
    <extension url="http://hl7.org/fhir/tools/StructureDefinition/ig-parameter">
      <extension url="code">
        <valueString value="path-qa"/>
      </extension>
      <extension url="value">
        <valueString value="temp/qa"/>
      </extension>
    </extension>
    <extension url="http://hl7.org/fhir/tools/StructureDefinition/ig-parameter">
      <extension url="code">
        <valueString value="path-temp"/>
      </extension>
      <extension url="value">
        <valueString value="temp/pages"/>
      </extension>
    </extension>
    <extension url="http://hl7.org/fhir/tools/StructureDefinition/ig-parameter">
      <extension url="code">
        <valueString value="path-output"/>
      </extension>
      <extension url="value">
        <valueString value="output"/>
      </extension>
    </extension>
    <extension url="http://hl7.org/fhir/tools/StructureDefinition/ig-parameter">
      <extension url="code">
        <valueString value="path-suppressed-warnings"/>
      </extension>
      <extension url="value">
        <valueString value="input/ignoreWarnings.txt"/>
      </extension>
    </extension>
    <extension url="http://hl7.org/fhir/tools/StructureDefinition/ig-parameter">
      <extension url="code">
        <valueString value="path-history"/>
      </extension>
      <extension url="value">
        <valueString value="https://profiles.ihe.net/ITI/SVCM/history.html"/>
      </extension>
    </extension>
    <extension url="http://hl7.org/fhir/tools/StructureDefinition/ig-parameter">
      <extension url="code">
        <valueString value="template-html"/>
      </extension>
      <extension url="value">
        <valueString value="template-page.html"/>
      </extension>
    </extension>
    <extension url="http://hl7.org/fhir/tools/StructureDefinition/ig-parameter">
      <extension url="code">
        <valueString value="template-md"/>
      </extension>
      <extension url="value">
        <valueString value="template-page-md.html"/>
      </extension>
    </extension>
    <extension url="http://hl7.org/fhir/tools/StructureDefinition/ig-parameter">
      <extension url="code">
        <valueString value="apply-context"/>
      </extension>
      <extension url="value">
        <valueString value="true"/>
      </extension>
    </extension>
    <extension url="http://hl7.org/fhir/tools/StructureDefinition/ig-parameter">
      <extension url="code">
        <valueString value="apply-copyright"/>
      </extension>
      <extension url="value">
        <valueString value="true"/>
      </extension>
    </extension>
    <extension url="http://hl7.org/fhir/tools/StructureDefinition/ig-parameter">
      <extension url="code">
        <valueString value="apply-license"/>
      </extension>
      <extension url="value">
        <valueString value="true"/>
      </extension>
    </extension>
    <extension url="http://hl7.org/fhir/tools/StructureDefinition/ig-parameter">
      <extension url="code">
        <valueString value="fmm-definition"/>
      </extension>
      <extension url="value">
        <valueString value="http://hl7.org/fhir/versions.html#maturity"/>
      </extension>
    </extension>
    <extension url="http://hl7.org/fhir/tools/StructureDefinition/ig-parameter">
      <extension url="code">
        <valueString value="propagate-status"/>
      </extension>
      <extension url="value">
        <valueString value="true"/>
      </extension>
    </extension>
    <extension url="http://hl7.org/fhir/tools/StructureDefinition/ig-parameter">
      <extension url="code">
        <valueString value="excludelogbinaryformat"/>
      </extension>
      <extension url="value">
        <valueString value="true"/>
      </extension>
    </extension>
    <extension url="http://hl7.org/fhir/tools/StructureDefinition/ig-parameter">
      <extension url="code">
        <valueString value="tabbed-snapshots"/>
      </extension>
      <extension url="value">
        <valueString value="true"/>
      </extension>
    </extension>
    <extension url="http://hl7.org/fhir/tools/StructureDefinition/ig-internal-dependency">
      <valueCode value="hl7.fhir.uv.tools#current"/>
    </extension>
    <extension url="http://hl7.org/fhir/tools/StructureDefinition/ig-parameter">
      <extension url="code">
        <valueCode value="copyrightyear"/>
      </extension>
      <extension url="value">
        <valueString value="2023+"/>
      </extension>
    </extension>
    <extension url="http://hl7.org/fhir/tools/StructureDefinition/ig-parameter">
      <extension url="code">
        <valueCode value="releaselabel"/>
      </extension>
      <extension url="value">
        <valueString value="Trial-Implementation"/>
      </extension>
    </extension>
    <extension url="http://hl7.org/fhir/tools/StructureDefinition/ig-parameter">
      <extension url="code">
        <valueCode value="show-inherited-invariants"/>
      </extension>
      <extension url="value">
        <valueString value="false"/>
      </extension>
    </extension>
    <extension url="http://hl7.org/fhir/tools/StructureDefinition/ig-parameter">
      <extension url="code">
        <valueCode value="usage-stats-opt-out"/>
      </extension>
      <extension url="value">
        <valueString value="false"/>
      </extension>
    </extension>
    <extension url="http://hl7.org/fhir/tools/StructureDefinition/ig-parameter">
      <extension url="code">
        <valueCode value="logging"/>
      </extension>
      <extension url="value">
        <valueString value="progress"/>
      </extension>
    </extension>
    <extension url="http://hl7.org/fhir/tools/StructureDefinition/ig-parameter">
      <extension url="code">
        <valueCode value="shownav"/>
      </extension>
      <extension url="value">
        <valueString value="true"/>
      </extension>
    </extension>
    <extension url="http://hl7.org/fhir/tools/StructureDefinition/ig-parameter">
      <extension url="code">
        <valueCode value="active-tables"/>
      </extension>
      <extension url="value">
        <valueString value="false"/>
      </extension>
    </extension>
    <extension url="http://hl7.org/fhir/tools/StructureDefinition/ig-parameter">
      <extension url="code">
        <valueCode value="apply-contact"/>
      </extension>
      <extension url="value">
        <valueString value="true"/>
      </extension>
    </extension>
    <extension url="http://hl7.org/fhir/tools/StructureDefinition/ig-parameter">
      <extension url="code">
        <valueCode value="apply-jurisdiction"/>
      </extension>
      <extension url="value">
        <valueString value="true"/>
      </extension>
    </extension>
    <extension url="http://hl7.org/fhir/tools/StructureDefinition/ig-parameter">
      <extension url="code">
        <valueCode value="apply-publisher"/>
      </extension>
      <extension url="value">
        <valueString value="true"/>
      </extension>
    </extension>
    <extension url="http://hl7.org/fhir/tools/StructureDefinition/ig-parameter">
      <extension url="code">
        <valueCode value="apply-version"/>
      </extension>
      <extension url="value">
        <valueString value="true"/>
      </extension>
    </extension>
    <extension url="http://hl7.org/fhir/tools/StructureDefinition/ig-parameter">
      <extension url="code">
        <valueCode value="autoload-resources"/>
      </extension>
      <extension url="value">
        <valueString value="true"/>
      </extension>
    </extension>
    <extension url="http://hl7.org/fhir/tools/StructureDefinition/ig-parameter">
      <extension url="code">
        <valueCode value="path-liquid"/>
      </extension>
      <extension url="value">
        <valueString value="template/liquid"/>
      </extension>
    </extension>
    <extension url="http://hl7.org/fhir/tools/StructureDefinition/ig-parameter">
      <extension url="code">
        <valueCode value="path-liquid"/>
      </extension>
      <extension url="value">
        <valueString value="input/liquid"/>
      </extension>
    </extension>
    <extension url="http://hl7.org/fhir/tools/StructureDefinition/ig-parameter">
      <extension url="code">
        <valueCode value="path-qa"/>
      </extension>
      <extension url="value">
        <valueString value="temp/qa"/>
      </extension>
    </extension>
    <extension url="http://hl7.org/fhir/tools/StructureDefinition/ig-parameter">
      <extension url="code">
        <valueCode value="path-temp"/>
      </extension>
      <extension url="value">
        <valueString value="temp/pages"/>
      </extension>
    </extension>
    <extension url="http://hl7.org/fhir/tools/StructureDefinition/ig-parameter">
      <extension url="code">
        <valueCode value="path-output"/>
      </extension>
      <extension url="value">
        <valueString value="output"/>
      </extension>
    </extension>
    <extension url="http://hl7.org/fhir/tools/StructureDefinition/ig-parameter">
      <extension url="code">
        <valueCode value="path-suppressed-warnings"/>
      </extension>
      <extension url="value">
        <valueString value="input/ignoreWarnings.txt"/>
      </extension>
    </extension>
    <extension url="http://hl7.org/fhir/tools/StructureDefinition/ig-parameter">
      <extension url="code">
        <valueCode value="path-history"/>
      </extension>
      <extension url="value">
        <valueString value="https://profiles.ihe.net/ITI/SVCM/history.html"/>
      </extension>
    </extension>
    <extension url="http://hl7.org/fhir/tools/StructureDefinition/ig-parameter">
      <extension url="code">
        <valueCode value="template-html"/>
      </extension>
      <extension url="value">
        <valueString value="template-page.html"/>
      </extension>
    </extension>
    <extension url="http://hl7.org/fhir/tools/StructureDefinition/ig-parameter">
      <extension url="code">
        <valueCode value="template-md"/>
      </extension>
      <extension url="value">
        <valueString value="template-page-md.html"/>
      </extension>
    </extension>
    <extension url="http://hl7.org/fhir/tools/StructureDefinition/ig-parameter">
      <extension url="code">
        <valueCode value="apply-context"/>
      </extension>
      <extension url="value">
        <valueString value="true"/>
      </extension>
    </extension>
    <extension url="http://hl7.org/fhir/tools/StructureDefinition/ig-parameter">
      <extension url="code">
        <valueCode value="apply-copyright"/>
      </extension>
      <extension url="value">
        <valueString value="true"/>
      </extension>
    </extension>
    <extension url="http://hl7.org/fhir/tools/StructureDefinition/ig-parameter">
      <extension url="code">
        <valueCode value="apply-license"/>
      </extension>
      <extension url="value">
        <valueString value="true"/>
      </extension>
    </extension>
    <extension url="http://hl7.org/fhir/tools/StructureDefinition/ig-parameter">
      <extension url="code">
        <valueCode value="fmm-definition"/>
      </extension>
      <extension url="value">
        <valueString value="http://hl7.org/fhir/versions.html#maturity"/>
      </extension>
    </extension>
    <extension url="http://hl7.org/fhir/tools/StructureDefinition/ig-parameter">
      <extension url="code">
        <valueCode value="propagate-status"/>
      </extension>
      <extension url="value">
        <valueString value="true"/>
      </extension>
    </extension>
    <extension url="http://hl7.org/fhir/tools/StructureDefinition/ig-parameter">
      <extension url="code">
        <valueCode value="excludelogbinaryformat"/>
      </extension>
      <extension url="value">
        <valueString value="true"/>
      </extension>
    </extension>
    <extension url="http://hl7.org/fhir/tools/StructureDefinition/ig-parameter">
      <extension url="code">
        <valueCode value="tabbed-snapshots"/>
      </extension>
      <extension url="value">
        <valueString value="true"/>
      </extension>
    </extension>
    <resource>
      <extension url="http://hl7.org/fhir/tools/StructureDefinition/resource-information">
        <valueString value="StructureDefinition:resource"/>
      </extension>
      <reference>
        <reference value="StructureDefinition/IHE.SVCM.Audit.ValueSet.Expand"/>
      </reference>
      <name value="Audit Event for Expand Value Set Transaction by the Terminology Consumer and Repository"/>
      <description value="Defines constraints on the AuditEvent Resource to record when an Expand Value Set Transaction happens&#xA;to expand a ValueSet, as recorded by the Terminology Consumer and Registry."/>
      <exampleBoolean value="false"/>
    </resource>
    <resource>
      <extension url="http://hl7.org/fhir/tools/StructureDefinition/resource-information">
        <valueString value="StructureDefinition:resource"/>
      </extension>
      <reference>
        <reference value="StructureDefinition/IHE.SVCM.Audit.CodeSystem.Lookup"/>
      </reference>
      <name value="Audit Event for Lookup Code Transaction by the Terminology Consumer and Repository"/>
      <description value="Defines constraints on the AuditEvent Resource to record when a Lookup Code Transaction happens&#xA;to expand a CodeSystem, as recorded by the Terminology Consumer and Registry."/>
      <exampleBoolean value="false"/>
    </resource>
    <resource>
      <extension url="http://hl7.org/fhir/tools/StructureDefinition/resource-information">
        <valueString value="StructureDefinition:resource"/>
      </extension>
      <reference>
        <reference value="StructureDefinition/IHE.SVCM.Audit.CodeSystem.Query"/>
      </reference>
      <name value="Audit Event for Query Code System Transaction by the Terminology Consumer and Repository for Query"/>
      <description value="Defines constraints on the AuditEvent Resource to record when a Query Code System Transaction happens&#xA;to query a CodeSystem, as recorded by the Terminology Consumer and Registry."/>
      <exampleBoolean value="false"/>
    </resource>
    <resource>
      <extension url="http://hl7.org/fhir/tools/StructureDefinition/resource-information">
        <valueString value="StructureDefinition:resource"/>
      </extension>
      <reference>
        <reference value="StructureDefinition/IHE.SVCM.Audit.CodeSystem.Read"/>
      </reference>
      <name value="Audit Event for Query Code System Transaction by the Terminology Consumer and Repository for Read"/>
      <description value="Defines constraints on the AuditEvent Resource to record when a Query Code System Transaction happens&#xA;to read a CodeSystem, as recorded by the Terminology Consumer and Registry."/>
      <exampleBoolean value="false"/>
    </resource>
    <resource>
      <extension url="http://hl7.org/fhir/tools/StructureDefinition/resource-information">
        <valueString value="StructureDefinition:resource"/>
      </extension>
      <reference>
        <reference value="StructureDefinition/IHE.SVCM.Audit.ConceptMap.Query"/>
      </reference>
      <name value="Audit Event for Query Concept Map Transaction by the Terminology Consumer and Repository for Query"/>
      <description value="Defines constraints on the AuditEvent Resource to record when a Query Concept Map Transaction happens&#xA;to query a ConceptMap, as recorded by the Terminology Consumer and Registry."/>
      <exampleBoolean value="false"/>
    </resource>
    <resource>
      <extension url="http://hl7.org/fhir/tools/StructureDefinition/resource-information">
        <valueString value="StructureDefinition:resource"/>
      </extension>
      <reference>
        <reference value="StructureDefinition/IHE.SVCM.Audit.ConceptMap.Read"/>
      </reference>
      <name value="Audit Event for Query Concept Map Transaction by the Terminology Consumer and Repository for Read"/>
      <description value="Defines constraints on the AuditEvent Resource to record when a Query Concept Map Transaction happens&#xA;to read a ConceptMap, as recorded by the Terminology Consumer and Registry."/>
      <exampleBoolean value="false"/>
    </resource>
    <resource>
      <extension url="http://hl7.org/fhir/tools/StructureDefinition/resource-information">
        <valueString value="StructureDefinition:resource"/>
      </extension>
      <reference>
        <reference value="StructureDefinition/IHE.SVCM.Audit.ValueSet.Query"/>
      </reference>
      <name value="Audit Event for Query Value Set Transaction by the Terminology Consumer and Repository for Query"/>
      <description value="Defines constraints on the AuditEvent Resource to record when a Query Value Set Transaction happens&#xA;to query a ValueSet, as recorded by the Terminology Consumer and Registry."/>
      <exampleBoolean value="false"/>
    </resource>
    <resource>
      <extension url="http://hl7.org/fhir/tools/StructureDefinition/resource-information">
        <valueString value="StructureDefinition:resource"/>
      </extension>
      <reference>
        <reference value="StructureDefinition/IHE.SVCM.Audit.ValueSet.Read"/>
      </reference>
      <name value="Audit Event for Query Value Set Transaction by the Terminology Consumer and Repository for Read"/>
      <description value="Defines constraints on the AuditEvent Resource to record when a Query Value Set Transaction happens&#xA;to read a ValueSet, as recorded by the Terminology Consumer and Registry."/>
      <exampleBoolean value="false"/>
    </resource>
    <resource>
      <extension url="http://hl7.org/fhir/tools/StructureDefinition/resource-information">
        <valueString value="StructureDefinition:resource"/>
      </extension>
      <reference>
        <reference value="StructureDefinition/IHE.SVCM.Audit.ConceptMap.Translate"/>
      </reference>
      <name value="Audit Event for Translate Code Transaction by the Terminology Consumer and Repository"/>
      <description value="Defines constraints on the AuditEvent Resource to record when a Translate Code Transaction happens&#xA;to translate a code using a ConceptMap, as recorded by the Terminology Consumer and Registry."/>
      <exampleBoolean value="false"/>
    </resource>
    <resource>
      <extension url="http://hl7.org/fhir/tools/StructureDefinition/resource-information">
        <valueString value="StructureDefinition:resource"/>
      </extension>
      <reference>
        <reference value="StructureDefinition/IHE.SVCM.Audit.Code.Validate"/>
      </reference>
      <name value="Audit Event for Validate Code Transaction by the Terminology Consumer and Repository"/>
      <description value="Defines constraints on the AuditEvent Resource to record when a Validate Code Transaction happens&#xA;to validate a code, as recorded by the Terminology Consumer and Registry."/>
      <exampleBoolean value="false"/>
    </resource>
    <resource>
      <extension url="http://hl7.org/fhir/tools/StructureDefinition/resource-information">
        <valueString value="AuditEvent"/>
      </extension>
      <reference>
        <reference value="AuditEvent/ex-AuditSvcmConceptMapQuery"/>
      </reference>
      <name value="Audit example for ITI-100 for Terminology Consumer for query."/>
      <description value="Audit example for a Terminology Consumer requesting a query on a ConceptMap for ITI-100."/>
      <exampleCanonical value="https://profiles.ihe.net/ITI/SVCM/StructureDefinition/IHE.SVCM.Audit.ConceptMap.Query"/>
    </resource>
    <resource>
      <extension url="http://hl7.org/fhir/tools/StructureDefinition/resource-information">
        <valueString value="AuditEvent"/>
      </extension>
      <reference>
        <reference value="AuditEvent/ex-AuditSvcmConceptMapRead"/>
      </reference>
      <name value="Audit example for ITI-100 for Terminology Consumer for read."/>
      <description value="Audit example for a Terminology Consumer requesting a read on a ConceptMap for ITI-100."/>
      <exampleCanonical value="https://profiles.ihe.net/ITI/SVCM/StructureDefinition/IHE.SVCM.Audit.ConceptMap.Read"/>
    </resource>
    <resource>
      <extension url="http://hl7.org/fhir/tools/StructureDefinition/resource-information">
        <valueString value="AuditEvent"/>
      </extension>
      <reference>
        <reference value="AuditEvent/ex-AuditSvcmConceptMapTranslate"/>
      </reference>
      <name value="Audit example for ITI-101 for Terminology Consumer for translate code."/>
      <description value="Audit example for a Terminology Consumer requesting translate code for ITI-101."/>
      <exampleCanonical value="https://profiles.ihe.net/ITI/SVCM/StructureDefinition/IHE.SVCM.Audit.ConceptMap.Translate"/>
    </resource>
    <resource>
      <extension url="http://hl7.org/fhir/tools/StructureDefinition/resource-information">
        <valueString value="AuditEvent"/>
      </extension>
      <reference>
        <reference value="AuditEvent/ex-AuditSvcmValueSetQuery"/>
      </reference>
      <name value="Audit example for ITI-95 for Terminology Consumer for query."/>
      <description value="Audit example for a Terminology Consumer requesting a query on a ValueSet for ITI-95."/>
      <exampleCanonical value="https://profiles.ihe.net/ITI/SVCM/StructureDefinition/IHE.SVCM.Audit.ValueSet.Query"/>
    </resource>
    <resource>
      <extension url="http://hl7.org/fhir/tools/StructureDefinition/resource-information">
        <valueString value="AuditEvent"/>
      </extension>
      <reference>
        <reference value="AuditEvent/ex-AuditSvcmValueSetRead"/>
      </reference>
      <name value="Audit example for ITI-95 for Terminology Consumer for read."/>
      <description value="Audit example for a Terminology Consumer requesting a read on a ValueSet for ITI-95."/>
      <exampleCanonical value="https://profiles.ihe.net/ITI/SVCM/StructureDefinition/IHE.SVCM.Audit.ValueSet.Read"/>
    </resource>
    <resource>
      <extension url="http://hl7.org/fhir/tools/StructureDefinition/resource-information">
        <valueString value="AuditEvent"/>
      </extension>
      <reference>
        <reference value="AuditEvent/ex-AuditSvcmCodeSystemQuery"/>
      </reference>
      <name value="Audit example for ITI-96 for Terminology Consumer for query."/>
      <description value="Audit example for a Terminology Consumer requesting a query on a CodeSystem for ITI-96."/>
      <exampleCanonical value="https://profiles.ihe.net/ITI/SVCM/StructureDefinition/IHE.SVCM.Audit.CodeSystem.Query"/>
    </resource>
    <resource>
      <extension url="http://hl7.org/fhir/tools/StructureDefinition/resource-information">
        <valueString value="AuditEvent"/>
      </extension>
      <reference>
        <reference value="AuditEvent/ex-AuditSvcmCodeSystemRead"/>
      </reference>
      <name value="Audit example for ITI-96 for Terminology Consumer for read."/>
      <description value="Audit example for a Terminology Consumer requesting a read on a CodeSystem for ITI-96."/>
      <exampleCanonical value="https://profiles.ihe.net/ITI/SVCM/StructureDefinition/IHE.SVCM.Audit.CodeSystem.Read"/>
    </resource>
    <resource>
      <extension url="http://hl7.org/fhir/tools/StructureDefinition/resource-information">
        <valueString value="AuditEvent"/>
      </extension>
      <reference>
        <reference value="AuditEvent/ex-AuditSvcmValueSetExpand"/>
      </reference>
      <name value="Audit example for ITI-97 for Terminology Consumer for expand."/>
      <description value="Audit example for a Terminology Consumer requesting Expand ValueSet for ITI-97."/>
      <exampleCanonical value="https://profiles.ihe.net/ITI/SVCM/StructureDefinition/IHE.SVCM.Audit.ValueSet.Expand"/>
    </resource>
    <resource>
      <extension url="http://hl7.org/fhir/tools/StructureDefinition/resource-information">
        <valueString value="AuditEvent"/>
      </extension>
      <reference>
        <reference value="AuditEvent/ex-AuditSvcmCodeSystemLookup"/>
      </reference>
      <name value="Audit example for ITI-98 for Terminology Consumer for lookup code."/>
      <description value="Audit example for a Terminology Consumer requesting lookup code for ITI-98."/>
      <exampleCanonical value="https://profiles.ihe.net/ITI/SVCM/StructureDefinition/IHE.SVCM.Audit.CodeSystem.Lookup"/>
    </resource>
    <resource>
      <extension url="http://hl7.org/fhir/tools/StructureDefinition/resource-information">
        <valueString value="AuditEvent"/>
      </extension>
      <reference>
        <reference value="AuditEvent/ex-AuditSvcmValidateCSCode"/>
      </reference>
      <name value="Audit example for ITI-99 for Terminology Consumer for validate code on a CodeSystem."/>
      <description value="Audit example for a Terminology Consumer requesting validate code on a CodeSystem for ITI-99."/>
      <exampleCanonical value="https://profiles.ihe.net/ITI/SVCM/StructureDefinition/IHE.SVCM.Audit.Code.Validate"/>
    </resource>
    <resource>
      <extension url="http://hl7.org/fhir/tools/StructureDefinition/resource-information">
        <valueString value="AuditEvent"/>
      </extension>
      <reference>
        <reference value="AuditEvent/ex-AuditSvcmValidateVSCode"/>
      </reference>
      <name value="Audit example for ITI-99 for Terminology Consumer for validate code on a ValueSet."/>
      <description value="Audit example for a Terminology Consumer requesting validate code on a ValueSet for ITI-99."/>
      <exampleCanonical value="https://profiles.ihe.net/ITI/SVCM/StructureDefinition/IHE.SVCM.Audit.Code.Validate"/>
    </resource>
    <resource>
      <extension url="http://hl7.org/fhir/tools/StructureDefinition/resource-information">
        <valueString value="StructureDefinition:resource"/>
      </extension>
      <reference>
        <reference value="StructureDefinition/IHE.SVCM.Audit.Operation"/>
      </reference>
      <name value="Basic AuditEvent for a successful Operation"/>
      <description value="A basic AuditEvent profile for when a RESTful Operation action happens successfully.&#xA;&#xA;- Given a RESTful Operation is requested&#xA;- And the request is authorized&#xA;  - Authorization failures should follow [FHIR core Access Denied](http://hl7.org/fhir/security.html#AccessDenied)&#xA;- When successful&#xA;  - Note a failure AuditEvent may follow this pattern, but would not be a successful outcome and should have an OperationOutcome&#xA;  - Note success may result in zero or more results. The number of results and the content of the results are not recorded.&#xA;- Then the AuditEvent recorded will conform&#xA;  - The raw operation parameters is placed in the .contained element. The contained parameters enables preserving exactly what was requested, including possibly malicious patterns. This enables detection of malicious or malformed requests.&#xA;&#xA;Note: the pattern defined in DICOM and IHE have the client is identified as the Source Role ID, and the server is identified as the Destination Role ID. This represents the query parameters are flowing from the client to the server. This may not be so obvious, as the data actually flows the opposite direction. This pattern is established and thus followed here."/>
      <exampleBoolean value="false"/>
    </resource>
    <resource>
      <extension url="http://hl7.org/fhir/tools/StructureDefinition/resource-information">
        <valueString value="Device"/>
      </extension>
      <reference>
        <reference value="Device/ex-device"/>
      </reference>
      <name value="Device Example for SVCM"/>
      <description value="Device Example for SVCM."/>
      <exampleBoolean value="true"/>
    </resource>
    <resource>
      <extension url="http://hl7.org/fhir/tools/StructureDefinition/resource-information">
        <valueString value="CapabilityStatement"/>
      </extension>
      <reference>
        <reference value="CapabilityStatement/IHE.SVCM.TerminologyConsumer"/>
      </reference>
      <name value="IHE.SVCM.TerminologyConsumer"/>
      <description value="CapabilityStatement for Terminology Consumer Actor in the IHE IT Infrastructure Technical Framework Supplement [SVCM](index.html)."/>
      <exampleBoolean value="false"/>
    </resource>
    <resource>
      <extension url="http://hl7.org/fhir/tools/StructureDefinition/resource-information">
        <valueString value="CapabilityStatement"/>
      </extension>
      <reference>
        <reference value="CapabilityStatement/IHE.SVCM.TerminologyRepository"/>
      </reference>
      <name value="IHE.SVCM.TerminologyRepository"/>
      <description value="CapabilityStatement for Terminology Repository Actor in the IHE IT Infrastructure Technical Framework Supplement [SVCM](index.html)."/>
      <exampleBoolean value="false"/>
    </resource>
    <resource>
      <extension url="http://hl7.org/fhir/tools/StructureDefinition/resource-information">
        <valueString value="StructureDefinition:resource"/>
      </extension>
      <reference>
        <reference value="StructureDefinition/IHE.SVCM.CodeSystem"/>
      </reference>
      <name value="SVCM CodeSystem"/>
      <description value="A profile on the CodeSystem resource for SVCM."/>
      <exampleBoolean value="false"/>
    </resource>
    <resource>
      <extension url="http://hl7.org/fhir/tools/StructureDefinition/resource-information">
        <valueString value="StructureDefinition:resource"/>
      </extension>
      <reference>
        <reference value="StructureDefinition/IHE.SVCM.ConceptMap"/>
      </reference>
      <name value="SVCM ConceptMap"/>
      <description value="A profile on the ConceptMap resource for SVCM."/>
      <exampleBoolean value="false"/>
    </resource>
    <resource>
      <extension url="http://hl7.org/fhir/tools/StructureDefinition/resource-information">
        <valueString value="StructureDefinition:resource"/>
      </extension>
      <reference>
        <reference value="StructureDefinition/IHE.SVCM.ValueSet"/>
      </reference>
      <name value="SVCM ValueSet"/>
      <description value="A profile on the ValueSet resource for SVCM."/>
      <exampleBoolean value="false"/>
    </resource>
    <resource>
      <extension url="http://hl7.org/fhir/tools/StructureDefinition/resource-information">
        <valueString value="ValueSet"/>
      </extension>
      <reference>
        <reference value="ValueSet/svcm-example2-valueset"/>
      </reference>
      <name value="SVCMExample2ValueSet"/>
      <description value="An example 2 ValueSet for SVCM"/>
      <exampleCanonical value="https://profiles.ihe.net/ITI/SVCM/StructureDefinition/IHE.SVCM.ValueSet"/>
    </resource>
    <resource>
      <extension url="http://hl7.org/fhir/tools/StructureDefinition/resource-information">
        <valueString value="CodeSystem"/>
      </extension>
      <reference>
        <reference value="CodeSystem/svcm-example-codesystem"/>
      </reference>
      <name value="SVCMExampleCodeSystem"/>
      <description value="An example CodeSystem for SVCM"/>
      <exampleCanonical value="https://profiles.ihe.net/ITI/SVCM/StructureDefinition/IHE.SVCM.CodeSystem"/>
    </resource>
    <resource>
      <extension url="http://hl7.org/fhir/tools/StructureDefinition/resource-information">
        <valueString value="CodeSystem"/>
      </extension>
      <reference>
        <reference value="CodeSystem/svcm-example-codesystem2"/>
      </reference>
      <name value="SVCMExampleCodeSystem2"/>
      <description value="An example CodeSystem for SVCM for mapping"/>
      <exampleCanonical value="https://profiles.ihe.net/ITI/SVCM/StructureDefinition/IHE.SVCM.CodeSystem"/>
    </resource>
    <resource>
      <extension url="http://hl7.org/fhir/tools/StructureDefinition/resource-information">
        <valueString value="ConceptMap"/>
      </extension>
      <reference>
        <reference value="ConceptMap/svcm-example-conceptmap"/>
      </reference>
      <name value="SVCMExampleConceptMap"/>
      <description value="An example ConceptMap for SVCM"/>
      <exampleCanonical value="https://profiles.ihe.net/ITI/SVCM/StructureDefinition/IHE.SVCM.ConceptMap"/>
    </resource>
    <resource>
      <extension url="http://hl7.org/fhir/tools/StructureDefinition/resource-information">
        <valueString value="ValueSet"/>
      </extension>
      <reference>
        <reference value="ValueSet/svcm-example-valueset"/>
      </reference>
      <name value="SVCMExampleValueSet"/>
      <description value="An example ValueSet for SVCM"/>
      <exampleCanonical value="https://profiles.ihe.net/ITI/SVCM/StructureDefinition/IHE.SVCM.ValueSet"/>
    </resource>
    <page>
      <extension url="http://hl7.org/fhir/tools/StructureDefinition/ig-page-name">
        <valueUrl value="toc.html"/>
      </extension>
      <nameUrl value="toc.html"/>
      <title value="Table of Contents"/>
      <generation value="html"/>
      <page>
        <extension url="http://hl7.org/fhir/tools/StructureDefinition/ig-page-name">
          <valueUrl value="index.html"/>
        </extension>
        <nameUrl value="index.html"/>
        <title value="Sharing Valuesets, Codes, and Maps (SVCM)"/>
        <generation value="markdown"/>
      </page>
      <page>
        <extension url="http://hl7.org/fhir/tools/StructureDefinition/ig-page-name">
          <valueUrl value="volume-1.html"/>
        </extension>
        <nameUrl value="volume-1.html"/>
        <title value="1:51 Sharing Valuesets, Codes, and Maps Volume 1"/>
        <generation value="markdown"/>
      </page>
      <page>
        <extension url="http://hl7.org/fhir/tools/StructureDefinition/ig-page-name">
          <valueUrl value="ITI-95.html"/>
        </extension>
        <nameUrl value="ITI-95.html"/>
        <title value="2:3.95 Query Value Set [ITI-95]"/>
        <generation value="markdown"/>
      </page>
      <page>
        <extension url="http://hl7.org/fhir/tools/StructureDefinition/ig-page-name">
          <valueUrl value="ITI-96.html"/>
        </extension>
        <nameUrl value="ITI-96.html"/>
        <title value="2:3.96 Query Code System [ITI-96]"/>
        <generation value="markdown"/>
      </page>
      <page>
        <extension url="http://hl7.org/fhir/tools/StructureDefinition/ig-page-name">
          <valueUrl value="ITI-97.html"/>
        </extension>
        <nameUrl value="ITI-97.html"/>
        <title value="2:3.97 Expand Value Set [ITI-97]"/>
        <generation value="markdown"/>
      </page>
      <page>
        <extension url="http://hl7.org/fhir/tools/StructureDefinition/ig-page-name">
          <valueUrl value="ITI-98.html"/>
        </extension>
        <nameUrl value="ITI-98.html"/>
        <title value="2:3.98 Lookup Code [ITI-98]"/>
        <generation value="markdown"/>
      </page>
      <page>
        <extension url="http://hl7.org/fhir/tools/StructureDefinition/ig-page-name">
          <valueUrl value="ITI-99.html"/>
        </extension>
        <nameUrl value="ITI-99.html"/>
        <title value="2:3.99 Validate Code [ITI-99]"/>
        <generation value="markdown"/>
      </page>
      <page>
        <extension url="http://hl7.org/fhir/tools/StructureDefinition/ig-page-name">
          <valueUrl value="ITI-100.html"/>
        </extension>
        <nameUrl value="ITI-100.html"/>
        <title value="2:3.100 Query Concept Map [ITI-100]"/>
        <generation value="markdown"/>
      </page>
      <page>
        <extension url="http://hl7.org/fhir/tools/StructureDefinition/ig-page-name">
          <valueUrl value="ITI-101.html"/>
        </extension>
        <nameUrl value="ITI-101.html"/>
        <title value="2:3.101 Translate Code [ITI-101]"/>
        <generation value="markdown"/>
      </page>
      <page>
        <extension url="http://hl7.org/fhir/tools/StructureDefinition/ig-page-name">
          <valueUrl value="testplan.html"/>
        </extension>
        <nameUrl value="testplan.html"/>
        <title value="Test Plan"/>
        <generation value="markdown"/>
      </page>
      <page>
        <extension url="http://hl7.org/fhir/tools/StructureDefinition/ig-page-name">
          <valueUrl value="other.html"/>
        </extension>
        <nameUrl value="other.html"/>
        <title value="Changes to Other Specifications"/>
        <generation value="markdown"/>
      </page>
      <page>
        <extension url="http://hl7.org/fhir/tools/StructureDefinition/ig-page-name">
          <valueUrl value="issues.html"/>
        </extension>
        <nameUrl value="issues.html"/>
        <title value="Significant Changes &amp; Issues"/>
        <generation value="markdown"/>
      </page>
      <page>
        <extension url="http://hl7.org/fhir/tools/StructureDefinition/ig-page-name">
          <valueUrl value="download.html"/>
        </extension>
        <nameUrl value="download.html"/>
        <title value="Download and Analysis"/>
        <generation value="markdown"/>
      </page>
    </page>
    <parameter>
      <code value="path-resource"/>
      <value value="input/resources"/>
    </parameter>
    <parameter>
      <code value="path-resource"/>
      <value value="fsh-generated/resources"/>
    </parameter>
    <parameter>
      <code value="path-resource"/>
      <value value="input/examples"/>
    </parameter>
    <parameter>
      <code value="path-resource"/>
      <value value="input/capabilities"/>
    </parameter>
    <parameter>
      <code value="path-resource"/>
      <value value="input/extensions"/>
    </parameter>
    <parameter>
      <code value="path-resource"/>
      <value value="input/models"/>
    </parameter>
    <parameter>
      <code value="path-resource"/>
      <value value="input/operations"/>
    </parameter>
    <parameter>
      <code value="path-resource"/>
      <value value="input/profiles"/>
    </parameter>
    <parameter>
      <code value="path-resource"/>
      <value value="input/vocabulary"/>
    </parameter>
    <parameter>
      <code value="path-resource"/>
      <value value="input/testing"/>
    </parameter>
    <parameter>
      <code value="path-resource"/>
      <value value="input/history"/>
    </parameter>
    <parameter>
      <code value="path-pages"/>
      <value value="template/config"/>
    </parameter>
    <parameter>
      <code value="path-pages"/>
      <value value="input/images"/>
    </parameter>
    <parameter>
      <code value="path-tx-cache"/>
      <value value="input-cache/txcache"/>
    </parameter>
  </definition>
</ImplementationGuide>