<?xml version="1.0" encoding="UTF-8"?>

<AuditEvent xmlns="http://hl7.org/fhir">
  <id value="ex-auditFindDocumentLists-consumer"/>
  <meta>
    <profile value="https://profiles.ihe.net/ITI/BALP/StructureDefinition/IHE.BasicAudit.PatientQuery"/>
    <security>
      <system value="http://terminology.hl7.org/CodeSystem/v3-ActReason"/>
      <code value="HTEST"/>
    </security>
  </meta>
  <text>
    <status value="generated"/><div xmlns="http://www.w3.org/1999/xhtml"><p><b>Generated Narrative</b></p><div style="display: inline-block; background-color: #d9e0e7; padding: 6px; margin: 4px; border: 1px solid #8da1b4; border-radius: 5px; line-height: 60%"><p style="margin-bottom: 0px">Resource "ex-auditFindDocumentLists-consumer" </p><p style="margin-bottom: 0px">Profile: <a href="StructureDefinition-IHE.BasicAudit.PatientQuery.html">Basic AuditEvent for a successful Query with Patient</a></p><p style="margin-bottom: 0px">Security Labels: <span title="{http://terminology.hl7.org/CodeSystem/v3-ActReason http://terminology.hl7.org/CodeSystem/v3-ActReason}">http://terminology.hl7.org/CodeSystem/v3-ActReason</span></p></div><p><b>type</b>: Restful Operation (Details: http://terminology.hl7.org/CodeSystem/audit-event-type code rest = 'RESTful Operation', stated as 'Restful Operation')</p><p><b>subtype</b>: search (Details: http://hl7.org/fhir/restful-interaction code search = 'search', stated as 'search'), Find Document Lists (Details: urn:ihe:event-type-code code ITI-66 = 'ITI-66', stated as 'Find Document Lists')</p><p><b>action</b>: E</p><p><b>recorded</b>: Apr 29, 2020 4:49:00 AM</p><p><b>outcome</b>: 0</p><blockquote><p><b>agent</b></p><p><b>type</b>: Source Role ID <span style="background: LightGoldenRodYellow; margin: 4px; border: 1px solid khaki"> (<a href="http://terminology.hl7.org/3.1.0/CodeSystem-v3-DCM.html">DICOM</a>#110153)</span></p><p><b>who</b>: <a href="Device-ex-device.html">Device/ex-device</a></p><p><b>requestor</b>: false</p><h3>Networks</h3><table class="grid"><tr><td>-</td><td><b>Address</b></td><td><b>Type</b></td></tr><tr><td>*</td><td>2001:0db8:85a3:0000:0000:8a2e:0370:7334</td><td>2</td></tr></table></blockquote><blockquote><p><b>agent</b></p><p><b>type</b>: Destination Role ID <span style="background: LightGoldenRodYellow; margin: 4px; border: 1px solid khaki"> (<a href="http://terminology.hl7.org/3.1.0/CodeSystem-v3-DCM.html">DICOM</a>#110152)</span></p><p><b>who</b>: <span>: http://server.example.com/fhir</span></p><p><b>requestor</b>: false</p><h3>Networks</h3><table class="grid"><tr><td>-</td><td><b>Address</b></td><td><b>Type</b></td></tr><tr><td>*</td><td>http://server.example.com/fhir</td><td>5</td></tr></table></blockquote><h3>Sources</h3><table class="grid"><tr><td>-</td><td><b>Site</b></td><td><b>Observer</b></td><td><b>Type</b></td></tr><tr><td>*</td><td>fancy mobile app</td><td><a href="Device-ex-device.html">Device/ex-device</a></td><td>User Device (Details: http://terminology.hl7.org/CodeSystem/security-source-type code 1 = 'User Device', stated as 'User Device')</td></tr></table><blockquote><p><b>entity</b></p><p><b>type</b>: System Object (Details: http://terminology.hl7.org/CodeSystem/audit-entity-type code 2 = 'System Object', stated as 'System Object')</p><p><b>role</b>: Query (Details: http://terminology.hl7.org/CodeSystem/object-role code 24 = 'Query', stated as 'Query')</p><p><b>query</b>: R0VUIHRlc3QuZmhpci5uZXQvUjQvZmhpci9MaXN0P3BhdGllbnQ9OTg3NiZjb2RlPXN1Ym1pc3Npb25zZXQmc3RhdHVzPWN1cnJlbnQmZGVzaWduYXRpb25UeXBlPWh0dHA6Ly9sb2luYy5vcmd8MTIzNC01Cg==</p></blockquote><blockquote><p><b>entity</b></p><p><b>what</b>: <a href="Patient-ex-patient.html">Patient/ex-patient</a> " SCHMIDT"</p><p><b>type</b>: Person (Details: http://terminology.hl7.org/CodeSystem/audit-entity-type code 1 = 'Person', stated as 'Person')</p><p><b>role</b>: Patient (Details: http://terminology.hl7.org/CodeSystem/object-role code 1 = 'Patient', stated as 'Patient')</p></blockquote></div>
  </text>
  <type>
    <system value="http://terminology.hl7.org/CodeSystem/audit-event-type"/>
    <code value="rest"/>
    <display value="Restful Operation"/>
  </type>
  <subtype>
    <system value="http://hl7.org/fhir/restful-interaction"/>
    <code value="search"/>
    <display value="search"/>
  </subtype>
  <subtype>
    <system value="urn:ihe:event-type-code"/>
    <code value="ITI-66"/>
    <display value="Find Document Lists"/>
  </subtype>
  <action value="E"/>
  <recorded value="2020-04-29T09:49:00.000Z"/>
  <outcome value="0"/>
  <agent>
    <type>
      <coding>
        <system value="http://dicom.nema.org/resources/ontology/DCM"/>
        <code value="110153"/>
        <display value="Source Role ID"/>
      </coding>
    </type>
    <who>
      <reference value="Device/ex-device"/>
    </who>
    <requestor value="false"/>
    <network>
      <address value="2001:0db8:85a3:0000:0000:8a2e:0370:7334"/>
      <type value="2"/>
    </network>
  </agent>
  <agent>
    <type>
      <coding>
        <system value="http://dicom.nema.org/resources/ontology/DCM"/>
        <code value="110152"/>
        <display value="Destination Role ID"/>
      </coding>
    </type>
    <who>
      <display value="http://server.example.com/fhir"/>
    </who>
    <requestor value="false"/>
    <network>
      <address value="http://server.example.com/fhir"/>
      <type value="5"/>
    </network>
  </agent>
  <source>
    <site value="fancy mobile app"/>
    <observer>
      <reference value="Device/ex-device"/>
    </observer>
    <type>
      <system value="http://terminology.hl7.org/CodeSystem/security-source-type"/>
      <code value="1"/>
      <display value="User Device"/>
    </type>
  </source>
  <entity>
    <type>
      <system value="http://terminology.hl7.org/CodeSystem/audit-entity-type"/>
      <code value="2"/>
      <display value="System Object"/>
    </type>
    <role>
      <system value="http://terminology.hl7.org/CodeSystem/object-role"/>
      <code value="24"/>
      <display value="Query"/>
    </role>
    <query value="R0VUIHRlc3QuZmhpci5uZXQvUjQvZmhpci9MaXN0P3BhdGllbnQ9OTg3NiZjb2RlPXN1Ym1pc3Npb25zZXQmc3RhdHVzPWN1cnJlbnQmZGVzaWduYXRpb25UeXBlPWh0dHA6Ly9sb2luYy5vcmd8MTIzNC01Cg=="/>
  </entity>
  <entity>
    <what>
      <reference value="Patient/ex-patient"/>
    </what>
    <type>
      <system value="http://terminology.hl7.org/CodeSystem/audit-entity-type"/>
      <code value="1"/>
      <display value="Person"/>
    </type>
    <role>
      <system value="http://terminology.hl7.org/CodeSystem/object-role"/>
      <code value="1"/>
      <display value="Patient"/>
    </role>
  </entity>
</AuditEvent>