<?xml version="1.0" encoding="UTF-8"?><ImplementationGuide xmlns="http://hl7.org/fhir"><id value="IHE.ITI.PDQm"/><text><status value="extensions"/><div xmlns="http://www.w3.org/1999/xhtml"><h2>IHE_PDQm</h2><p>The official URL for this implementation guide is: </p><pre>http://profiles.ihe.net/ITI/PDQm/ImplementationGuide/IHE.ITI.PDQm</pre><div><p>The Patient Demographics Query for Mobile (PDQm) Profile defines a lightweight RESTful interface to a patient demographics supplier leveraging technologies readily available to mobile applications and lightweight browser based applications.</p>
</div></div></text><url value="http://profiles.ihe.net/ITI/PDQm/ImplementationGuide/IHE.ITI.PDQm"/><version value="2.2.1"/><name value="IHE_PDQm"/><title value="Patient Demographics Query for mobile (PDQm)"/><status value="active"/><date value="2021-07-29T08:30:31-05:00"/><publisher value="IHE IT Infrastructure Technical Committee"/><contact><telecom><system value="url"/><value value="https://www.ihe.net/ihe_domains/it_infrastructure/"/></telecom></contact><contact><telecom><system value="email"/><value value="iti@ihe.net"/></telecom></contact><contact><name value="IHE IT Infrastructure Technical Committee"/><telecom><system value="email"/><value value="iti@ihe.net"/></telecom></contact><description value="The Patient Demographics Query for Mobile (PDQm) Profile defines a lightweight RESTful interface to a patient demographics supplier leveraging technologies readily available to mobile applications and lightweight browser based applications."/><jurisdiction><coding><system value="http://unstats.un.org/unsd/methods/m49/m49.htm"/><code value="001"/></coding></jurisdiction><copyright value="IHE http://www.ihe.net/Governance/#Intellectual_Property"/><packageId value="IHE.ITI.PDQm"/><license value="CC-BY-SA-4.0"/><fhirVersion value="4.0.1"/><definition><extension url="http://hl7.org/fhir/tools/StructureDefinition/ig-parameter"><extension url="code"><valueString value="copyrightyear"/></extension><extension url="value"><valueString value="2020+"/></extension></extension><extension url="http://hl7.org/fhir/tools/StructureDefinition/ig-parameter"><extension url="code"><valueString value="releaselabel"/></extension><extension url="value"><valueString value="public-comment"/></extension></extension><extension url="http://hl7.org/fhir/tools/StructureDefinition/ig-parameter"><extension url="code"><valueString value="show-inherited-invariants"/></extension><extension url="value"><valueString value="false"/></extension></extension><extension url="http://hl7.org/fhir/tools/StructureDefinition/ig-parameter"><extension url="code"><valueString value="usage-stats-opt-out"/></extension><extension url="value"><valueString value="false"/></extension></extension><extension url="http://hl7.org/fhir/tools/StructureDefinition/ig-parameter"><extension url="code"><valueString value="logging"/></extension><extension url="value"><valueString value="progress"/></extension></extension><extension url="http://hl7.org/fhir/tools/StructureDefinition/ig-parameter"><extension url="code"><valueString value="shownav"/></extension><extension url="value"><valueString value="true"/></extension></extension><extension url="http://hl7.org/fhir/tools/StructureDefinition/ig-parameter"><extension url="code"><valueString value="active-tables"/></extension><extension url="value"><valueString value="false"/></extension></extension><extension url="http://hl7.org/fhir/tools/StructureDefinition/ig-parameter"><extension url="code"><valueString value="apply-contact"/></extension><extension url="value"><valueString value="true"/></extension></extension><extension url="http://hl7.org/fhir/tools/StructureDefinition/ig-parameter"><extension url="code"><valueString value="apply-jurisdiction"/></extension><extension url="value"><valueString value="true"/></extension></extension><extension url="http://hl7.org/fhir/tools/StructureDefinition/ig-parameter"><extension url="code"><valueString value="apply-publisher"/></extension><extension url="value"><valueString value="true"/></extension></extension><extension url="http://hl7.org/fhir/tools/StructureDefinition/ig-parameter"><extension url="code"><valueString value="apply-version"/></extension><extension url="value"><valueString value="true"/></extension></extension><extension url="http://hl7.org/fhir/tools/StructureDefinition/ig-parameter"><extension url="code"><valueString value="special-url"/></extension><extension url="value"><valueString value="urn:ihe:event-type-code"/></extension></extension><extension url="http://hl7.org/fhir/tools/StructureDefinition/ig-parameter"><extension url="code"><valueString value="autoload-resources"/></extension><extension url="value"><valueString value="true"/></extension></extension><extension url="http://hl7.org/fhir/tools/StructureDefinition/ig-parameter"><extension url="code"><valueString value="path-liquid"/></extension><extension url="value"><valueString value="template/liquid"/></extension></extension><extension url="http://hl7.org/fhir/tools/StructureDefinition/ig-parameter"><extension url="code"><valueString value="path-liquid"/></extension><extension url="value"><valueString value="input/liquid"/></extension></extension><extension url="http://hl7.org/fhir/tools/StructureDefinition/ig-parameter"><extension url="code"><valueString value="path-qa"/></extension><extension url="value"><valueString value="temp/qa"/></extension></extension><extension url="http://hl7.org/fhir/tools/StructureDefinition/ig-parameter"><extension url="code"><valueString value="path-temp"/></extension><extension url="value"><valueString value="temp/pages"/></extension></extension><extension url="http://hl7.org/fhir/tools/StructureDefinition/ig-parameter"><extension url="code"><valueString value="path-output"/></extension><extension url="value"><valueString value="output"/></extension></extension><extension url="http://hl7.org/fhir/tools/StructureDefinition/ig-parameter"><extension url="code"><valueString value="path-suppressed-warnings"/></extension><extension url="value"><valueString value="input/ignoreWarnings.txt"/></extension></extension><extension url="http://hl7.org/fhir/tools/StructureDefinition/ig-parameter"><extension url="code"><valueString value="path-history"/></extension><extension url="value"><valueString value="http://profiles.ihe.net/ITI/PDQm/history.html"/></extension></extension><extension url="http://hl7.org/fhir/tools/StructureDefinition/ig-parameter"><extension url="code"><valueString value="template-html"/></extension><extension url="value"><valueString value="template-page.html"/></extension></extension><extension url="http://hl7.org/fhir/tools/StructureDefinition/ig-parameter"><extension url="code"><valueString value="template-md"/></extension><extension url="value"><valueString value="template-page-md.html"/></extension></extension><extension url="http://hl7.org/fhir/tools/StructureDefinition/ig-parameter"><extension url="code"><valueString value="apply-context"/></extension><extension url="value"><valueString value="true"/></extension></extension><extension url="http://hl7.org/fhir/tools/StructureDefinition/ig-parameter"><extension url="code"><valueString value="apply-copyright"/></extension><extension url="value"><valueString value="true"/></extension></extension><extension url="http://hl7.org/fhir/tools/StructureDefinition/ig-parameter"><extension url="code"><valueString value="apply-license"/></extension><extension url="value"><valueString value="true"/></extension></extension><grouping id="-dyn-capabilitystatement"><name value="Behavior: Capability Statements"/><description value="The following artifacts define the specific capabilities that different types of systems are expected to have in order to comply with this implementation guide.  Systems conforming to this implementation guide are expected to declare conformance to one or more of the following capability statements."/></grouping><grouping id="-str-profile"><name value="Structures: Resource Profiles"/><description value="These define constraints on FHIR resources for systems conforming to this implementation guide"/></grouping><grouping id="-ex-example"><name value="Example: Example Instances"/><description value="These are example instances that show what data produced and consumed by systems conforming with this implementation guide might look like"/></grouping><resource><extension url="http://hl7.org/fhir/StructureDefinition/implementationguide-page"><valueUri value="StructureDefinition-IHE.PDQm.Query.Audit.Consumer.html"/></extension><reference><reference value="StructureDefinition/IHE.PDQm.Query.Audit.Consumer"/></reference><name value="Audit Event for PDQm Query at Consumer"/><description value="Defines constraints on the AuditEvent Resource to record when a Patient Demographics Query using ITI-78 as recorded at the Consumer.&#xD;&#xA;&#x9;EventTypeCode = EV(&#x201C;ITI-78&#x201D;, &#x201C;IHE Transactions&#x201D;, &#x201C;Mobile Patient Demographics Query&#x201D;)&#xD;&#xA;&#x9;Query Parameters &#xD;&#xA;&#x9;ParticipantObjectIdTypeCode = EV(&#x201C;ITI-78&#x201D;, &#x201C;IHE Transactions&#x201D;, &#x201C;Mobile Patient Demographics Query&#x201D;)&#xD;&#xA;&#x9;ParticipantObjectQuery = Requested URL including query parameters&#xD;&#xA;&#x9;ParticipantObjectDetail = HTTP Request Headers contained in the query (e.g., Accept header)"/><exampleBoolean value="false"/><groupingId value="-str-profile"/></resource><resource><extension url="http://hl7.org/fhir/StructureDefinition/implementationguide-page"><valueUri value="StructureDefinition-IHE.PDQm.Query.Audit.Supplier.html"/></extension><reference><reference value="StructureDefinition/IHE.PDQm.Query.Audit.Supplier"/></reference><name value="Audit Event for PDQm Query at Supplier"/><description value="Defines constraints on the AuditEvent Resource to record when a Patient Demographics Query using ITI-78 as recorded at the Supplier.&#xD;&#xA;&#x9;EventTypeCode = EV(&#x201C;ITI-78&#x201D;, &#x201C;IHE Transactions&#x201D;, &#x201C;Mobile Patient Demographics Query&#x201D;)&#xD;&#xA;&#x9;Query Parameters &#xD;&#xA;&#x9;ParticipantObjectIdTypeCode = EV(&#x201C;ITI-78&#x201D;, &#x201C;IHE Transactions&#x201D;, &#x201C;Mobile Patient Demographics Query&#x201D;)&#xD;&#xA;&#x9;ParticipantObjectQuery = Requested URL including query parameters&#xD;&#xA;&#x9;ParticipantObjectDetail = HTTP Request Headers contained in the query (e.g., Accept header)"/><exampleBoolean value="false"/><groupingId value="-str-profile"/></resource><resource><extension url="http://hl7.org/fhir/StructureDefinition/implementationguide-page"><valueUri value="StructureDefinition-IHE.PDQm.Patient.html"/></extension><reference><reference value="StructureDefinition/IHE.PDQm.Patient"/></reference><name value="Patient Profile for PDQm"/><description value="The PDQm Profile forbids modifier extensions, this FHIR profile enforces it."/><exampleBoolean value="false"/><groupingId value="-str-profile"/></resource><resource><extension url="http://hl7.org/fhir/StructureDefinition/implementationguide-page"><valueUri value="CapabilityStatement-IHE.PDQm.client.html"/></extension><reference><reference value="CapabilityStatement/IHE.PDQm.client"/></reference><name value="IHE.PDQm.client"/><description value="CapabilityStatement for Client Actor in the IHE IT Infrastructure Technical Framework Supplement IHE PDQm. See https://profiles.ihe.net/ITI/TF/Volume1/ch-38.html. The IHE Profile text is Normative, this conformance resource is Informative."/><exampleBoolean value="false"/><groupingId value="-dyn-capabilitystatement"/></resource><resource><extension url="http://hl7.org/fhir/StructureDefinition/implementationguide-page"><valueUri value="CapabilityStatement-IHE.PDQm.server.html"/></extension><reference><reference value="CapabilityStatement/IHE.PDQm.server"/></reference><name value="IHE.PDQm.server"/><description value="CapabilityStatement for Server Actor in the IHE IT Infrastructure Technical Framework Supplement IHE PDQm. See https://profiles.ihe.net/ITI/TF/Volume1/ch-38.html. The IHE Profile text is Normative, this conformance resource is Informative."/><exampleBoolean value="false"/><groupingId value="-dyn-capabilitystatement"/></resource><resource><extension url="http://hl7.org/fhir/StructureDefinition/implementationguide-page"><valueUri value="AuditEvent-ex-auditPdqmQuery-consumer.html"/></extension><reference><reference value="AuditEvent/ex-auditPdqmQuery-consumer"/></reference><name value="Audit Example of ITI-78 at Consumer"/><description value="Audit Event for PDQm Query Transaction by the Patient Identifier Cross-reference Consumer&#xA;&#xA;where the Query was executed with a GET as follows&#xA;GET https://server.example.com/fhir/Patient?family=MOHR&amp;given=ALICE&amp;active=true&amp;gender=female&#xA;Accept: application/fhir+json; fhirVersion=4.0"/><exampleCanonical value="http://profiles.ihe.net/ITI/PDQm/StructureDefinition/IHE.PDQm.Query.Audit.Consumer"/><groupingId value="-ex-example"/></resource><resource><extension url="http://hl7.org/fhir/StructureDefinition/implementationguide-page"><valueUri value="AuditEvent-ex-auditPdqmQuery-supplier.html"/></extension><reference><reference value="AuditEvent/ex-auditPdqmQuery-supplier"/></reference><name value="Audit Example of ITI-78 at Supplier"/><description value="Audit Event for PDQm Query Transaction by the Patient Identifier Cross-reference Supplier&#xA;&#xA;where the Query was executed with a GET as follows&#xA;GET https://server.example.com/fhir/Patient?family=MOHR&amp;given=ALICE&amp;active=true&amp;gender=female&#xA;Accept: application/fhir+json; fhirVersion=4.0&#xA;&#xA;Note the Supplier may choose to record patient identities found, but is not required to.&#xA;&#xA;Given the Supplier chooses to record a patient in the AuditEvent &#xA;When the search finds multiple Patients, &#xA;Then the Supplier would create an AuditEvent for each of those Patients. &#xA;&#xA;This example shows where Patient-MohrAlice-Blue is returned. This single result does not affect the response returned on the ITI-78 that would include all results."/><exampleCanonical value="http://profiles.ihe.net/ITI/PDQm/StructureDefinition/IHE.PDQm.Query.Audit.Supplier"/><groupingId value="-ex-example"/></resource><resource><extension url="http://hl7.org/fhir/StructureDefinition/implementationguide-page"><valueUri value="Device-ex-device.html"/></extension><reference><reference value="Device/ex-device"/></reference><name value="Dummy Device example"/><description value="Dummy Device example for completeness sake. No actual use of this resource other than an example target"/><exampleBoolean value="true"/><groupingId value="-ex-example"/></resource><resource><extension url="http://hl7.org/fhir/StructureDefinition/implementationguide-page"><valueUri value="Patient-Patient-MaidenAlice-Red.html"/></extension><reference><reference value="Patient/Patient-MaidenAlice-Red"/></reference><name value="Patient Maiden Alice (Red)"/><description value="Patient Maiden Alice in IHE Red Domain"/><exampleBoolean value="true"/><groupingId value="-ex-example"/></resource><resource><extension url="http://hl7.org/fhir/StructureDefinition/implementationguide-page"><valueUri value="Patient-Patient-MohrAlice-Blue.html"/></extension><reference><reference value="Patient/Patient-MohrAlice-Blue"/></reference><name value="Patient Alice Mohr (Blue)"/><description value="Patient Mohr Alice in IHE Blue Domain"/><exampleBoolean value="true"/><groupingId value="-ex-example"/></resource><resource><extension url="http://hl7.org/fhir/StructureDefinition/implementationguide-page"><valueUri value="Patient-Patient-MohrAlice-Green.html"/></extension><reference><reference value="Patient/Patient-MohrAlice-Green"/></reference><name value="Patient Alice Mohr (Green)"/><description value="Patient Mohr Alice in IHE Green Domain"/><exampleBoolean value="true"/><groupingId value="-ex-example"/></resource><resource><extension url="http://hl7.org/fhir/StructureDefinition/implementationguide-page"><valueUri value="Patient-Patient-MohrAlice-Red.html"/></extension><reference><reference value="Patient/Patient-MohrAlice-Red"/></reference><name value="Patient Alice Mohr (Red)"/><description value="Patient Mohr Alice in IHE Red Domain"/><exampleBoolean value="true"/><groupingId value="-ex-example"/></resource><resource><extension url="http://hl7.org/fhir/StructureDefinition/implementationguide-page"><valueUri value="Patient-Patient-MohrAlice.html"/></extension><reference><reference value="Patient/Patient-MohrAlice"/></reference><name value="Patient Alice Mohr"/><description value="Patient Mohr Alice with all IHE Domain identifiers, note: this is just a consolidated identifier example will all identifiers from all the IHE domains equivalent to a golden patient, however a golden patient is not the scope of PIXm, see the IHE PMIR profile"/><exampleBoolean value="true"/><groupingId value="-ex-example"/></resource><resource><extension url="http://hl7.org/fhir/StructureDefinition/implementationguide-page"><valueUri value="Patient-Patient-MohrAlissa-Red.html"/></extension><reference><reference value="Patient/Patient-MohrAlissa-Red"/></reference><name value="Patient Alissa Mohr (Red)"/><description value="Patient Mohr Alisa in IHE Red Domain"/><exampleBoolean value="true"/><groupingId value="-ex-example"/></resource><page><nameUrl value="toc.html"/><title value="Table of Contents"/><generation value="html"/><page><nameUrl value="index.html"/><title value="1:38. Patient Demographics Query for Mobile"/><generation value="markdown"/></page><page><nameUrl value="actors_and_transactions.html"/><title value="1:38.1 Actors and Transactions"/><generation value="markdown"/></page><page><nameUrl value="actor_options.html"/><title value="1:38.2 Actor Options"/><generation value="markdown"/></page><page><nameUrl value="required_groupings.html"/><title value="1:38.3 Required Groupings"/><generation value="markdown"/></page><page><nameUrl value="overview.html"/><title value="1:38.4 Overview"/><generation value="markdown"/></page><page><nameUrl value="security_considerations.html"/><title value="1:38.5 Security Considerations"/><generation value="markdown"/></page><page><nameUrl value="grouping.html"/><title value="1:38.6 Cross-Profile Considerations"/><generation value="markdown"/></page><page><nameUrl value="ITI-78.html"/><title value="2:3.78 Mobile Patient Demographics Query [ITI-78]"/><generation value="markdown"/></page><page><nameUrl value="testplan.html"/><title value="Test Plan"/><generation value="markdown"/></page><page><nameUrl value="issues.html"/><title value="Open and Closed issues"/><generation value="markdown"/></page><page><nameUrl value="artifacts.html"/><title value="Artifacts Summary"/><generation value="html"/><page><nameUrl value="CapabilityStatement-IHE.PDQm.client.html"/><title value="IHE.PDQm.client"/><generation value="generated"/></page><page><nameUrl value="CapabilityStatement-IHE.PDQm.server.html"/><title value="IHE.PDQm.server"/><generation value="generated"/></page><page><nameUrl value="StructureDefinition-IHE.PDQm.Query.Audit.Consumer.html"/><title value="Audit Event for PDQm Query at Consumer"/><generation value="generated"/></page><page><nameUrl value="StructureDefinition-IHE.PDQm.Query.Audit.Supplier.html"/><title value="Audit Event for PDQm Query at Supplier"/><generation value="generated"/></page><page><nameUrl value="StructureDefinition-IHE.PDQm.Patient.html"/><title value="Patient Profile for PDQm"/><generation value="generated"/></page><page><nameUrl value="AuditEvent-ex-auditPdqmQuery-consumer.html"/><title value="Audit Example of ITI-78 at Consumer"/><generation value="generated"/></page><page><nameUrl value="AuditEvent-ex-auditPdqmQuery-supplier.html"/><title value="Audit Example of ITI-78 at Supplier"/><generation value="generated"/></page><page><nameUrl value="Device-ex-device.html"/><title value="Dummy Device example"/><generation value="generated"/></page><page><nameUrl value="Patient-Patient-MaidenAlice-Red.html"/><title value="Patient Maiden Alice (Red)"/><generation value="generated"/></page><page><nameUrl value="Patient-Patient-MohrAlice-Blue.html"/><title value="Patient Alice Mohr (Blue)"/><generation value="generated"/></page><page><nameUrl value="Patient-Patient-MohrAlice-Green.html"/><title value="Patient Alice Mohr (Green)"/><generation value="generated"/></page><page><nameUrl value="Patient-Patient-MohrAlice-Red.html"/><title value="Patient Alice Mohr (Red)"/><generation value="generated"/></page><page><nameUrl value="Patient-Patient-MohrAlice.html"/><title value="Patient Alice Mohr"/><generation value="generated"/></page><page><nameUrl value="Patient-Patient-MohrAlissa-Red.html"/><title value="Patient Alissa Mohr (Red)"/><generation value="generated"/></page></page></page><parameter><code value="path-resource"/><value value="input/resources"/></parameter><parameter><code value="path-resource"/><value value="fsh-generated/resources"/></parameter><parameter><code value="path-resource"/><value value="input/examples"/></parameter><parameter><code value="path-pages"/><value value="input/pagecontent"/></parameter><parameter><code value="path-pages"/><value value="fsh-generated/includes"/></parameter><parameter><code value="path-resource"/><value value="input/capabilities"/></parameter><parameter><code value="path-resource"/><value value="input/extensions"/></parameter><parameter><code value="path-resource"/><value value="input/models"/></parameter><parameter><code value="path-resource"/><value value="input/operations"/></parameter><parameter><code value="path-resource"/><value value="input/profiles"/></parameter><parameter><code value="path-resource"/><value value="input/vocabulary"/></parameter><parameter><code value="path-resource"/><value value="input/testing"/></parameter><parameter><code value="path-resource"/><value value="input/history"/></parameter><parameter><code value="path-pages"/><value value="template/config"/></parameter><parameter><code value="path-pages"/><value value="input/images"/></parameter><parameter><code value="path-tx-cache"/><value value="input-cache/txcache"/></parameter></definition></ImplementationGuide>