<?xml version="1.0" encoding="UTF-8"?><CapabilityStatement xmlns="http://hl7.org/fhir"><id value="IHE.MHD.DocumentSource.Comprehensive"/><text><status value="additional"/><div xmlns="http://www.w3.org/1999/xhtml">
	This Requirements CapabilityStatement describes the <a href="2_actors_and_transactions.html#document-source">Document Source actor</a> with Comprehensive declared Option.
	</div></text><url value="http://profiles.ihe.net/ITI/MHD/CapabilityStatement/IHE.MHD.DocumentSource.Comprehensive"/><version value="4.0.0-comment"/><name value="IHE_MHD_DocumentSource_Comprehensive"/><title value="Document Source (publisher) implementing Comprehensive Option"/><status value="active"/><experimental value="false"/><date value="2021-02-22T00:00:00-05:00"/><publisher value="Integrating the Healthcare Enterprise (IHE)"/><contact><name value="IHE"/><telecom><system value="url"/><value value="http://ihe.net"/></telecom></contact><contact><name value="IHE Secretary"/><telecom><system value="email"/><value value="secretary@ihe.net"/></telecom></contact><description value="IHE ITI Mobile access to Health Documents (MHD) - Document Source (publisher) - with Comprehensive Option."/><jurisdiction><coding><system value="http://unstats.un.org/unsd/methods/m49/m49.htm"/><code value="001"/></coding></jurisdiction><copyright value="IHE http://www.ihe.net/Governance/#Intellectual_Property"/><kind value="requirements"/><fhirVersion value="4.0.0"/><format value="application/fhir+xml"/><format value="application/fhir+json"/><rest><mode value="client"/><security><description value="Recommend IUA or SMART"/></security><interaction><code value="transaction"/><documentation value="http://profiles.ihe.net/ITI/MHD/StructureDefinition/IHE.MHD.UnContained.Comprehensive.ProvideBundle"/></interaction></rest></CapabilityStatement>