<?xml version="1.0" encoding="UTF-8"?>

<MedicationRequest xmlns="http://hl7.org/fhir">
  <id value="PrescriptionLine9"/>
  <text>
    <status value="generated"/><div xmlns="http://www.w3.org/1999/xhtml"><p class="res-header-id"><b>Generated Narrative: MedicationRequest PrescriptionLine9</b></p><a name="PrescriptionLine9"> </a><a name="hcPrescriptionLine9"> </a><a name="PrescriptionLine9-en-US"> </a><p><b>identifier</b>: <code>http://example.org/prescriptionlines</code>/line9</p><p><b>status</b>: Active</p><p><b>intent</b>: Order</p><h3>Medications</h3><table class="grid"><tr><td style="display: none">-</td><td><b>Concept</b></td></tr><tr><td style="display: none">*</td><td><span title="Codes:{http://id.who.int/icd/release/11/mms med1}">med1</span></td></tr></table><p><b>subject</b>: Identifier: patient1</p></div>
  </text>
  <identifier>
    <system value="http://example.org/prescriptionlines"/>
    <value value="line9"/>
  </identifier>
  <status value="active"/>
  <intent value="order"/>
  <medication>
    <concept>
      <coding>
        <system value="http://id.who.int/icd/release/11/mms"/>
        <code value="med1"/>
      </coding>
    </concept>
  </medication>
  <subject>
    <identifier>
      <value value="patient1"/>
    </identifier>
  </subject>
</MedicationRequest>