{
  "resourceType" : "SearchParameter",
  "id" : "group-or-identifier",
  "text" : {
    "status" : "generated",
    "div" : "<div xmlns=\"http://www.w3.org/1999/xhtml\"><p class=\"res-header-id\"><b>Generated Narrative: SearchParameter group-or-identifier</b></p><a name=\"group-or-identifier\"> </a><a name=\"hcgroup-or-identifier\"> </a><a name=\"group-or-identifier-en-US\"> </a><h2>GroupOrIdentifier</h2><p>Parameter <code>group-or-identifier</code>:<code>token</code></p><div><p>Single search on both request.identifier or groupIdentifier</p>\n</div><table class=\"grid\"><tr><td>Resource</td><td><a href=\"http://hl7.org/fhir/R5/medicationrequest.html\">MedicationRequest</a></td></tr><tr><td>Expression</td><td><code>MedicationRequest.groupIdentifier | MedicationRequest.identifier</code></td></tr><tr><td>Processing Mode</td><td>Normal</td></tr><tr><td>Multiples</td><td><ul><li>multipleAnd: It's up to the server whether the parameter may repeat in order to specify multiple values that must all be true</li><li>multipleOr: It's up to the server whether the parameter can have multiple values (separated by comma) where at least one must be true</li></ul></td></tr></table></div>"
  },
  "url" : "https://profiles.ihe.net/PHARM/MPD/SearchParameter/group-or-identifier",
  "version" : "1.0.0-preview",
  "name" : "GroupOrIdentifier",
  "status" : "active",
  "date" : "2025-05-08T23:42:09+02:00",
  "publisher" : "Integrating the Healthcare Enterprise (IHE)",
  "contact" : [{
    "name" : "Integrating the Healthcare Enterprise (IHE)",
    "telecom" : [{
      "system" : "url",
      "value" : "http://ihe.net"
    },
    {
      "system" : "email",
      "value" : "secretary@ihe.net"
    }]
  },
  {
    "name" : "José Costa Teixeira",
    "telecom" : [{
      "system" : "email",
      "value" : "jose.a.teixeira@gmail.com",
      "use" : "work"
    }]
  }],
  "description" : "Single search on both request.identifier or groupIdentifier",
  "jurisdiction" : [{
    "coding" : [{
      "system" : "http://unstats.un.org/unsd/methods/m49/m49.htm",
      "code" : "001"
    }]
  }],
  "copyright" : "IHE http://www.ihe.net/Governance/#Intellectual_Property",
  "code" : "group-or-identifier",
  "base" : ["MedicationRequest"],
  "type" : "token",
  "expression" : "MedicationRequest.groupIdentifier | MedicationRequest.identifier",
  "processingMode" : "normal"
}