<?xml version="1.0" encoding="UTF-8"?>

<Immunization xmlns="http://hl7.org/fhir">
  <id value="ex-Immunization-Vericella"/>
  <meta>
    <profile value="http://hl7.org/fhir/uv/ips/StructureDefinition/Immunization-uv-ips"/>
    <security>
      <system value="http://terminology.hl7.org/CodeSystem/v3-ActReason"/>
      <code value="HTEST"/>
    </security>
  </meta>
  <text>
    <status value="generated"/><div xmlns="http://www.w3.org/1999/xhtml"><p><b>Generated Narrative: Immunization </b><a name="ex-Immunization-Vericella"> </a><a name="hcex-Immunization-Vericella"> </a></p><div style="display: inline-block; background-color: #d9e0e7; padding: 6px; margin: 4px; border: 1px solid #8da1b4; border-radius: 5px; line-height: 60%"><p style="margin-bottom: 0px">ResourceImmunization &quot;ex-Immunization-Vericella&quot; </p><p style="margin-bottom: 0px">Profile: <a href="http://hl7.org/fhir/uv/ips/STU1.1/StructureDefinition-Immunization-uv-ips.html">Immunization (IPS)</a></p><p style="margin-bottom: 0px">Security Labels: <span title="{http://terminology.hl7.org/CodeSystem/v3-ActReason http://terminology.hl7.org/CodeSystem/v3-ActReason}">http://terminology.hl7.org/CodeSystem/v3-ActReason</span></p></div><p><b>status</b>: completed</p><p><b>vaccineCode</b>: Varicella <span style="background: LightGoldenRodYellow; margin: 4px; border: 1px solid khaki"> (ViewCodeSystem.action?id=2.16.840.1.113883.12.292#21)</span></p><p><b>patient</b>: <a href="Patient-ex-Patient-AmandaAlvarez.html">Patient/ex-Patient-AmandaAlvarez</a> &quot; ALVAREZ&quot;</p><p><b>occurrence</b>: 2023-08-11</p><p><b>primarySource</b>: false</p><p><b>reportOrigin</b>: Written Record <span style="background: LightGoldenRodYellow; margin: 4px; border: 1px solid khaki"> (<a href="http://terminology.hl7.org/5.5.0/CodeSystem-immunization-origin.html">Immunization Origin Codes</a>#record)</span></p></div>
  </text>
  <status value="completed"/>
  <vaccineCode>
    <coding>
      <system value="https://phinvads.cdc.gov/vads/ViewCodeSystem.action?id=2.16.840.1.113883.12.292"/>
      <code value="21"/>
      <display value="Varicella"/>
    </coding>
  </vaccineCode>
  <patient>
    <reference value="Patient/ex-Patient-AmandaAlvarez"/>
  </patient>
  <occurrenceDateTime value="2023-08-11"/>
  <primarySource value="false"/>
  <reportOrigin>
    <coding>
      <system value="http://terminology.hl7.org/CodeSystem/immunization-origin"/>
      <code value="record"/>
    </coding>
  </reportOrigin>
</Immunization>