<?xml version="1.0" encoding="UTF-8"?>

<ValueSet xmlns="http://hl7.org/fhir">
  <id value="Smoking.Status.VS"/>
  <text>
    <status value="generated"/><div xmlns="http://www.w3.org/1999/xhtml"><ul><li>Include these codes as defined in <a href="http://www.snomed.org/"><code>http://snomed.info/sct</code></a><table class="none"><tr><td style="white-space:nowrap"><b>Code</b></td><td><b>Display</b></td></tr><tr><td><a href="http://snomed.info/id/449868002">449868002</a></td><td>Current every day smoker</td></tr><tr><td><a href="http://snomed.info/id/428041000124106">428041000124106</a></td><td>Current some day smoker</td></tr><tr><td><a href="http://snomed.info/id/8517006">8517006</a></td><td>Former smoker</td></tr><tr><td><a href="http://snomed.info/id/266919005">266919005</a></td><td>Never smoker</td></tr><tr><td><a href="http://snomed.info/id/77176002">77176002</a></td><td>Smoker, current status unknown</td></tr><tr><td><a href="http://snomed.info/id/266927001">266927001</a></td><td>Unknown if ever smoked</td></tr></table></li></ul></div>
  </text>
  <url value="https://profiles.ihe.net/PCC/mAPS/ValueSet/Smoking.Status.VS"/>
  <version value="1.0.0-comment"/>
  <name value="Smoking_Status_VS"/>
  <title value="Smoking Status"/>
  <status value="active"/>
  <experimental value="false"/>
  <date value="2024-06-04T15:40:08-05:00"/>
  <publisher value="IHE Patient Care Coordination Committee"/>
  <contact>
    <telecom>
      <system value="url"/>
      <value value="https://www.ihe.net/ihe_domains/patient_care_coordination/"/>
    </telecom>
  </contact>
  <contact>
    <telecom>
      <system value="email"/>
      <value value="pcc@ihe.net"/>
    </telecom>
  </contact>
  <contact>
    <name value="IHE Patient Care Coordination Committee"/>
    <telecom>
      <system value="email"/>
      <value value="pcc@ihe.net"/>
    </telecom>
  </contact>
  <description value="This value set identifies whether the patient is a smoker (everyday smoker or some day smoker) or whether the patient was a previous smoker."/>
  <jurisdiction>
    <coding>
      <system value="http://unstats.un.org/unsd/methods/m49/m49.htm"/>
      <code value="001"/>
    </coding>
  </jurisdiction>
  <compose>
    <include>
      <system value="http://snomed.info/sct"/>
      <concept>
        <code value="449868002"/>
        <display value="Current every day smoker"/>
      </concept>
      <concept>
        <code value="428041000124106"/>
        <display value="Current some day smoker"/>
      </concept>
      <concept>
        <code value="8517006"/>
        <display value="Former smoker"/>
      </concept>
      <concept>
        <code value="266919005"/>
        <display value="Never smoker"/>
      </concept>
      <concept>
        <code value="77176002"/>
        <display value="Smoker, current status unknown"/>
      </concept>
      <concept>
        <code value="266927001"/>
        <display value="Unknown if ever smoked"/>
      </concept>
    </include>
  </compose>
</ValueSet>