{
  "codeSystems" : [
    {
      "url" : "http://dicom.nema.org/resources/ontology/DCM",
      "version" : "01",
      "status" : "active",
      "name" : "DICOM Controlled Terminology Definitions",
      "title" : null,
      "description" : "DICOM Code Definitions (Coding Scheme Designator \"DCM\" Coding Scheme Version \"01\")",
      "oids" : ["1.2.840.10008.2.16.4"],
      "uses" : {
      },
      "http://hl7.org/fhir/R4/valueset-audit-event-sub-type.html" : "Audit Event Sub-Type",
      "http://hl7.org/fhir/R4/valueset-security-role-type.html" : "SecurityRoleType",
      "http://hl7.org/fhir/R4/valueset-audit-event-type.html" : "Audit Event ID",
      "http://hl7.org/fhir/R4/valueset-dicm-405-mediatype.html" : "Media Type Code",
      "http://hl7.org/fhir/R4/valueset-participation-role-type.html" : "ParticipationRoleType"
    },
    {
      "url" : "http://hl7.org/fhir/audit-event-action",
      "version" : "4.0.1",
      "status" : "draft",
      "name" : "AuditEventAction",
      "title" : "AuditEventAction",
      "description" : "Indicator for type of action performed during the event that generated the event.",
      "oids" : ["2.16.840.1.113883.4.642.4.453"],
      "uses" : {
      },
      "http://hl7.org/fhir/R4/valueset-audit-event-action.html" : "AuditEventAction"
    },
    {
      "url" : "http://hl7.org/fhir/audit-event-outcome",
      "version" : "4.0.1",
      "status" : "draft",
      "name" : "AuditEventOutcome",
      "title" : "AuditEventOutcome",
      "description" : "Indicates whether the event succeeded or failed.",
      "oids" : ["2.16.840.1.113883.4.642.4.455"],
      "uses" : {
      },
      "http://hl7.org/fhir/R4/valueset-audit-event-outcome.html" : "AuditEventOutcome"
    },
    {
      "url" : "http://hl7.org/fhir/identifier-use",
      "version" : "4.0.1",
      "status" : "active",
      "name" : "IdentifierUse",
      "title" : "IdentifierUse",
      "description" : "Identifies the purpose for this identifier, if known .",
      "oids" : ["2.16.840.1.113883.4.642.4.58"],
      "uses" : {
      },
      "http://hl7.org/fhir/R4/valueset-identifier-use.html" : "IdentifierUse"
    },
    {
      "url" : "http://hl7.org/fhir/network-type",
      "version" : "4.0.1",
      "status" : "draft",
      "name" : "AuditEventAgentNetworkType",
      "title" : "AuditEventAgentNetworkType",
      "description" : "The type of network access point of this agent in the audit event.",
      "oids" : ["2.16.840.1.113883.4.642.4.457"],
      "uses" : {
      },
      "http://hl7.org/fhir/R4/valueset-network-type.html" : "AuditEventAgentNetworkType"
    },
    {
      "url" : "http://hl7.org/fhir/resource-types",
      "version" : "4.0.1",
      "status" : "active",
      "name" : "ResourceType",
      "title" : "ResourceType",
      "description" : "One of the resource types defined as part of this version of FHIR.",
      "uses" : {
      },
      "http://hl7.org/fhir/R4/valueset-audit-entity-type.html" : "Audit event entity type",
      "http://hl7.org/fhir/R4/valueset-resource-types.html" : "ResourceType"
    },
    {
      "url" : "http://hl7.org/fhir/restful-interaction",
      "version" : "4.0.1",
      "status" : "active",
      "name" : "FHIR Restful Interactions",
      "title" : null,
      "description" : "The set of interactions defined by the RESTful part of the FHIR specification.",
      "uses" : {
      },
      "http://hl7.org/fhir/R4/valueset-audit-event-sub-type.html" : "Audit Event Sub-Type",
      "https://profiles.ihe.net/ITI/BALP/1.1.3/ValueSet-AllSearchVS.html" : "all Searches"
    },
    {
      "url" : "http://terminology.hl7.org/CodeSystem/audit-entity-type",
      "version" : "1.0.1",
      "status" : "active",
      "name" : "AuditEventEntityType",
      "title" : "Audit event entity type",
      "description" : "Code for the entity type involved in the audit event.",
      "oids" : ["2.16.840.1.113883.4.642.1.1134"],
      "uses" : {
      },
      "http://hl7.org/fhir/R4/valueset-audit-entity-type.html" : "Audit event entity type"
    },
    {
      "url" : "http://terminology.hl7.org/CodeSystem/audit-event-type",
      "version" : "1.0.0",
      "status" : "active",
      "name" : "AuditEventID",
      "title" : "Audit Event ID",
      "description" : "Event Types for Audit Events - defined by DICOM with some FHIR specific additions.",
      "oids" : ["2.16.840.1.113883.4.642.1.1136"],
      "uses" : {
      },
      "http://hl7.org/fhir/R4/valueset-audit-event-type.html" : "Audit Event ID"
    },
    {
      "url" : "http://terminology.hl7.org/CodeSystem/contractsignertypecodes",
      "version" : "1.0.1",
      "status" : "active",
      "name" : "ContractSignerTypeCodes",
      "title" : "Contract Signer Type Codes",
      "description" : "This value set includes sample Contract Signer Type codes.",
      "oids" : ["2.16.840.1.113883.4.642.1.1201"],
      "uses" : {
      },
      "http://hl7.org/fhir/R4/valueset-security-role-type.html" : "SecurityRoleType",
      "http://hl7.org/fhir/R4/valueset-participation-role-type.html" : "ParticipationRoleType"
    },
    {
      "url" : "http://terminology.hl7.org/CodeSystem/dicom-audit-lifecycle",
      "version" : "20100826",
      "status" : "active",
      "name" : "DicomAuditMessageRecordLifecycleEvents",
      "title" : null,
      "description" : "Attached is vocabulary for the record lifecycle events, as per DICOM Audit Message, ",
      "uses" : {
      },
      "http://hl7.org/fhir/extensions/5.1.0/ValueSet-object-lifecycle-events.html" : "ObjectLifecycleEvents"
    },
    {
      "url" : "http://terminology.hl7.org/CodeSystem/extra-security-role-type",
      "version" : "1.0.1",
      "status" : "active",
      "name" : "SecurityRoleType",
      "title" : "Security Role Type",
      "description" : "This CodeSystem contains Additional FHIR-defined Security Role types not defined elsewhere",
      "uses" : {
      },
      "http://hl7.org/fhir/R4/valueset-security-role-type.html" : "SecurityRoleType",
      "http://hl7.org/fhir/R4/valueset-participation-role-type.html" : "ParticipationRoleType"
    },
    {
      "url" : "http://terminology.hl7.org/CodeSystem/iso-21089-lifecycle",
      "version" : "1.0.0",
      "status" : "active",
      "name" : "Iso_21089_2017_Health_Record_Lifecycle_Events",
      "title" : "ISO 21089 2017 Health Record Lifecycle Events",
      "description" : "Attached is vocabulary for the 27 record lifecycle events, as per ISO TS 21089-2017, Health Informatics - Trusted End-to-End Information Flows, Section 3, Terms and Definitions (2017, at ISO Central Secretariat, passed ballot and ready for publication).  This will also be included in the FHIR EHR Record Lifecycle Event Implementation Guide, balloted and (to be) published with FHIR STU-3.",
      "uses" : {
      },
      "http://hl7.org/fhir/R4/valueset-audit-event-type.html" : "Audit Event ID",
      "http://hl7.org/fhir/extensions/5.1.0/ValueSet-object-lifecycle-events.html" : "ObjectLifecycleEvents"
    },
    {
      "url" : "http://terminology.hl7.org/CodeSystem/object-role",
      "version" : "1.0.1",
      "status" : "active",
      "name" : "AuditEventEntityRole",
      "title" : "AuditEventEntityRole",
      "description" : "Code representing the role the entity played in the audit event.",
      "oids" : ["2.16.840.1.113883.4.642.1.1135"],
      "uses" : {
      },
      "http://hl7.org/fhir/R4/valueset-object-role.html" : "AuditEventEntityRole"
    },
    {
      "url" : "http://terminology.hl7.org/CodeSystem/security-source-type",
      "version" : "1.0.0",
      "status" : "active",
      "name" : "AuditEventSourceType",
      "title" : "Audit Event Source Type",
      "description" : "The type of process where the audit event originated from.",
      "oids" : ["2.16.840.1.113883.4.642.1.1137"],
      "uses" : {
      },
      "http://hl7.org/fhir/R4/valueset-audit-source-type.html" : "Audit Event Source Type"
    },
    {
      "url" : "http://terminology.hl7.org/CodeSystem/v2-0203",
      "version" : "4.0.0",
      "status" : "active",
      "name" : "IdentifierType",
      "title" : "identifierType",
      "description" : "HL7-defined code system of concepts specifying type of identifier. Used in HL7 Version 2.x messaging data types CX, PLN, PPN, XCN and XON.",
      "oids" : ["2.16.840.1.113883.18.108"],
      "uses" : {
      },
      "http://hl7.org/fhir/R4/valueset-identifier-type.html" : "IdentifierType"
    },
    {
      "url" : "http://terminology.hl7.org/CodeSystem/v3-ActReason",
      "version" : "3.1.0",
      "status" : "active",
      "name" : "ActReason",
      "title" : "ActReason",
      "description" : "A set of codes specifying the motivation, cause, or rationale of an Act, when such rationale is not reasonably represented as an ActRelationship of type \"has reason\" linking to another Act.\r\n\r\n*Examples:* Example reasons that might qualify for being coded in this field might be: \"routine requirement\", \"infectious disease reporting requirement\", \"on patient request\", \"required by law\".",
      "oids" : ["2.16.840.1.113883.5.8"],
      "uses" : {
      },
      "http://terminology.hl7.org/6.0.2/ValueSet-v3-PurposeOfUse.html" : "PurposeOfUse"
    },
    {
      "url" : "http://terminology.hl7.org/CodeSystem/v3-ParticipationFunction",
      "version" : "3.0.0",
      "status" : "active",
      "name" : "ParticipationFunction",
      "title" : "ParticipationFunction",
      "description" : "This code is used to specify the exact function an actor had in a service in all necessary detail. This domain may include local extensions (CWE).",
      "oids" : ["2.16.840.1.113883.5.88"],
      "uses" : {
      },
      "http://hl7.org/fhir/R4/valueset-security-role-type.html" : "SecurityRoleType",
      "http://hl7.org/fhir/R4/valueset-participation-role-type.html" : "ParticipationRoleType"
    },
    {
      "url" : "http://terminology.hl7.org/CodeSystem/v3-ParticipationType",
      "version" : "5.0.0",
      "status" : "active",
      "name" : "ParticipationType",
      "title" : "ParticipationType",
      "description" : "A code specifying the meaning and purpose of every Participation instance. Each of its values implies specific constraints on the Roles undertaking the participation.",
      "oids" : ["2.16.840.1.113883.5.90"],
      "uses" : {
      },
      "http://hl7.org/fhir/R4/valueset-security-role-type.html" : "SecurityRoleType",
      "http://hl7.org/fhir/R4/valueset-participation-role-type.html" : "ParticipationRoleType"
    },
    {
      "url" : "http://terminology.hl7.org/CodeSystem/v3-RoleClass",
      "version" : "4.0.0",
      "status" : "active",
      "name" : "RoleClass",
      "title" : "RoleClass",
      "description" : "Codes for the Role class hierarchy. The values in this hierarchy, represent a Role which is an association or relationship between two entities - the entity that plays the role and the entity that scopes the role. Roles names are derived from the name of the playing entity in that role.\r\n\r\nThe role hierarchy stems from three core concepts, or abstract domains:\r\n\r\n *  **RoleClassOntological** is an abstract domain that collects roles in which the playing entity is defined or specified by the scoping entity.\r\n *  **RoleClassPartitive** collects roles in which the playing entity is in some sense a \"part\" of the scoping entity.\r\n *  **RoleClassAssociative** collects all of the remaining forms of association between the playing entity and the scoping entity. This set of roles is further partitioned between:\r\n    \r\n     *  **RoleClassPassive** which are roles in which the playing entity is used, known, treated, handled, built, or destroyed, etc. under the auspices of the scoping entity. The playing entity is passive in these roles in that the role exists without an agreement from the playing entity.\r\n     *  **RoleClassMutualRelationship** which are relationships based on mutual behavior of the two entities. The basis of these relationship may be formal agreements or they may be *de facto* behavior. Thus, this sub-domain is further divided into:\r\n        \r\n         *  **RoleClassRelationshipFormal** in which the relationship is formally defined, frequently by a contract or agreement.\r\n         *  **Personal relationship** which inks two people in a personal relationship.\r\n\r\nThe hierarchy discussed above is represented In the current vocabulary tables as a set of abstract domains, with the exception of the \"Personal relationship\" which is a leaf concept.\r\n\r\n*OpenIssue:* Description copied from Concept Domain of same name. Must be verified.",
      "oids" : ["2.16.840.1.113883.5.110"],
      "uses" : {
      },
      "http://hl7.org/fhir/R4/valueset-security-role-type.html" : "SecurityRoleType",
      "http://hl7.org/fhir/R4/valueset-participation-role-type.html" : "ParticipationRoleType"
    },
    {
      "url" : "http://terminology.hl7.org/CodeSystem/v3-RoleCode",
      "version" : "3.0.0",
      "status" : "active",
      "name" : "RoleCode",
      "title" : "RoleCode",
      "description" : "A set of codes further specifying the kind of Role; specific classification codes for further qualifying RoleClass codes.",
      "oids" : ["2.16.840.1.113883.5.111"],
      "uses" : {
      },
      "http://hl7.org/fhir/R4/valueset-security-role-type.html" : "SecurityRoleType",
      "http://hl7.org/fhir/R4/valueset-participation-role-type.html" : "ParticipationRoleType"
    },
    {
      "url" : "urn:ietf:bcp:47",
      "version" : "2.0.0",
      "status" : "active",
      "name" : "Ietf3066",
      "title" : "Tags for the Identification of Languages",
      "description" : "Older value from OID registry.  Superceded; see recommendations in BCP-47.",
      "oids" : ["2.16.840.1.113883.6.121"],
      "uses" : {
      },
      "http://hl7.org/fhir/R4/valueset-languages.html" : "Common Languages"
    }
  ]
}
