<?xml version="1.0" encoding="UTF-8"?><CapabilityStatement xmlns="http://hl7.org/fhir"><id value="IHE.PCF.consentAuthorizationServer"/><text><status value="extensions"/><div xmlns="http://www.w3.org/1999/xhtml"><h2 id="title">IHE PCF Consent Authorization Server</h2><ul><li>Implementation Guide Version: 1.1.0</li><li>FHIR Version: 4.0.1</li><li>Supported Formats: <code>application/fhir+xml</code>, <code>application/fhir+json</code></li><li>Supported Patch Formats: </li><li>Published on: Tue Feb 14 00:00:00 CST 2023</li><li>Published by: IHE IT Infrastructure Technical Committee</li></ul><blockquote class="impl-note"><p><strong>Note to Implementers: FHIR Capabilities</strong></p><p>Any FHIR capability may be 'allowed' by the system unless explicitly marked as &quot;SHALL NOT&quot;. A few items are marked as MAY in the Implementation Guide to highlight their potential relevance to the use case.</p></blockquote><h2 id="rest">FHIR RESTful Capabilities</h2><div class="panel panel-default"><div class="panel-heading"><h3 id="mode1" class="panel-title">Mode: <code>client</code></h3></div><div class="panel-body"><div><p>PCF Consent Authorization Server makes authorization decisions based on the existing Privacy Consent.</p>
</div><div class="lead"><em>Security</em></div><blockquote><div><p>Recommend <a href="https://profiles.ihe.net/ITI/TF/Volume1/ch-9.html">ATNA</a>, encouraged <a href="https://profiles.ihe.net/ITI/IUA/index.html">IHE-IUA</a> or <a href="http://www.hl7.org/fhir/smart-app-launch/">SMART-app-launch</a></p>
</div></blockquote><div class="lead"><em>Summary of System-wide Interactions</em></div><ul><li>Supports the <code>search-system</code> interaction.</li></ul></div></div><h3 id="resourcesCap1">Capabilities by Resource/Profile</h3><h4 id="resourcesSummary1">Summary</h4><p>The summary table lists the resources that are part of this configuration, and for each resource it lists:</p><ul><li>The relevant profiles (if any)</li><li>The interactions supported by each resource (<b><span class="bg-info">R</span></b>ead, <b><span class="bg-info">S</span></b>earch, <b><span class="bg-info">U</span></b>pdate, and <b><span class="bg-info">C</span></b>reate, are always shown, while <b><span class="bg-info">VR</span></b>ead, <b><span class="bg-info">P</span></b>atch, <b><span class="bg-info">D</span></b>elete, <b><span class="bg-info">H</span></b>istory on <b><span class="bg-info">I</span></b>nstance, or <b><span class="bg-info">H</span></b>istory on <b><span class="bg-info">T</span></b>ype are only present if at least one of the resources has support for them.</li><li><span>The required, recommended, and some optional search parameters (if any). </span></li><li>The linked resources enabled for <code>_include</code></li><li>The other resources enabled for <code>_revinclude</code></li><li>The operations on the resource (if any)</li></ul><div class="table-responsive"><table class="table table-condensed table-hover"><thead><tr><th><b>Resource Type</b></th><th><b>Profile</b></th><th class="text-center"><b title="GET a resource (read interaction)">R</b></th><th class="text-center"><b title="GET all set of resources of the type (search interaction)">S</b></th><th class="text-center"><b title="PUT a new resource version (update interaction)">U</b></th><th class="text-center"><b title="POST a new resource (create interaction)">C</b></th><th><b title="Required and recommended search parameters">Searches</b></th><th><code><b>_include</b></code></th><th><code><b>_revinclude</b></code></th><th><b>Operations</b></th></tr></thead><tbody><tr><td><a href="#Consent1-1">Consent</a></td><td> </td><td>y</td><td class="text-center">y</td><td class="text-center"></td><td class="text-center"></td><td>_lastUpdated, _id, status, patient, patient.identifier, actor</td><td/><td/><td/></tr></tbody></table></div><hr/><div class="panel panel-default"><div class="panel-heading"><h4 id="Consent1-1" class="panel-title"><span style="float: right;">Resource Conformance: supported</span>Consent</h4></div><div class="panel-body"><div class="container"><div class="row"><div class="col-lg-4"><span class="lead">Core FHIR Resource</span><br/><a href="http://hl7.org/fhir/R4/consent.html">Consent</a></div><div class="col-lg-4"><span class="lead">Reference Policy</span><br/></div><div class="col-lg-4"><span class="lead">Interaction summary</span><br/><ul><li>Supports <code>read</code>, <code>search-type</code>.</li></ul></div></div><p/><p/><div class="row"><div class="col-12"><span class="lead">Documentation</span><blockquote><div><p>PCF transaction <a href="ITI-108.html">Access Consent [ITI-108]</a></p>
</div></blockquote></div></div><div class="row"><div class="col-lg-7"><span class="lead">Search Parameters</span><table class="table table-condensed table-hover"><thead><tr><th>Conformance</th><th>Parameter</th><th>Type</th><th>Documentation</th></tr></thead><tbody><tr><td><b>SHALL</b></td><td>_lastUpdated</td><td><code>date</code></td><td><div><p>When the resource version last changed</p>
</div></td></tr><tr><td><b>SHALL</b></td><td>_id</td><td><code>token</code></td><td><div><p>Logical id of this artifact</p>
</div></td></tr><tr><td><b>SHALL</b></td><td>status</td><td><code>token</code></td><td><div><p>Whether the Consent record is active</p>
</div></td></tr><tr><td><b>SHALL</b></td><td>patient</td><td><code>reference</code></td><td><div><p>The Patient</p>
</div></td></tr><tr><td><b>SHALL</b></td><td>patient.identifier</td><td><code>token</code></td><td><div/></td></tr><tr><td><b>SHALL</b></td><td>actor</td><td><code>token</code></td><td><div/></td></tr></tbody></table></div><div class="col-lg-5"> </div></div></div></div></div></div></text><url value="https://profiles.ihe.net/ITI/PCF/CapabilityStatement/IHE.PCF.consentAuthorizationServer"/><version value="1.1.0"/><name value="IHE_PCF_consentAuthorizationServer"/><title value="IHE PCF Consent Authorization Server"/><status value="active"/><experimental value="false"/><date value="2023-02-14"/><publisher value="IHE IT Infrastructure Technical Committee"/><contact><telecom><system value="url"/><value value="https://www.ihe.net/ihe_domains/it_infrastructure/"/></telecom></contact><contact><telecom><system value="email"/><value value="iti@ihe.net"/></telecom></contact><contact><name value="IHE IT Infrastructure Technical Committee"/><telecom><system value="email"/><value value="iti@ihe.net"/></telecom></contact><description value="CapabilityStatement for the Consent Authorization Server Actor &#xA;&#xA;Explain&#xA;- is a Client that uses [Access Consent \[ITI-108\]](ITI-108.html) to retrieve current Privacy Consent and make access control decisions based upon them"/><jurisdiction><coding><system value="http://unstats.un.org/unsd/methods/m49/m49.htm"/><code value="001"/></coding></jurisdiction><kind value="requirements"/><fhirVersion value="4.0.1"/><format value="application/fhir+xml"/><format value="application/fhir+json"/><rest><mode value="client"/><documentation value="PCF Consent Authorization Server makes authorization decisions based on the existing Privacy Consent."/><security><description value="Recommend [ATNA](https://profiles.ihe.net/ITI/TF/Volume1/ch-9.html), encouraged [IHE-IUA](https://profiles.ihe.net/ITI/IUA/index.html) or [SMART-app-launch](http://www.hl7.org/fhir/smart-app-launch/)"/></security><resource><type value="Consent"/><documentation value="PCF transaction [Access Consent \[ITI-108\]](ITI-108.html)"/><interaction><code value="read"/></interaction><interaction><code value="search-type"/></interaction><searchParam><name value="_lastUpdated"/><type value="date"/><documentation value="When the resource version last changed"/></searchParam><searchParam><name value="_id"/><type value="token"/><documentation value="Logical id of this artifact"/></searchParam><searchParam><name value="status"/><type value="token"/><documentation value="Whether the Consent record is active"/></searchParam><searchParam><name value="patient"/><type value="reference"/><documentation value="The Patient"/></searchParam><searchParam><name value="patient.identifier"/><type value="token"/></searchParam><searchParam><name value="actor"/><type value="token"/></searchParam></resource><interaction><code value="search-system"/></interaction></rest></CapabilityStatement>