{
  "resourceType": "Bundle",
  "id": "ex-comprehensiveProvideDocumentBundleSimple",
  "meta": {
    "profile": [
      "https://profiles.ihe.net/ITI/MHD/StructureDefinition/IHE.MHD.Comprehensive.ProvideBundle"
    ],
    "security": [
      {
        "system": "http://terminology.hl7.org/CodeSystem/v3-ActReason",
        "code": "HTEST"
      }
    ]
  },
  "type": "transaction",
  "timestamp": "2004-10-25T23:50:50-05:00",
  "entry": [
    {
      "fullUrl": "urn:uuid:aaaaaaaa-bbbb-cccc-dddd-e00333300001",
      "resource": {
        "resourceType": "List",
        "id": "aaaaaaaa-bbbb-cccc-dddd-e00333300001",
        "meta": {
          "profile": [
            "https://profiles.ihe.net/ITI/MHD/StructureDefinition/IHE.MHD.Comprehensive.SubmissionSet"
          ],
          "security": [
            {
              "system": "http://terminology.hl7.org/CodeSystem/v3-ActReason",
              "code": "HTEST"
            }
          ]
        },
        "text": {
          "status": "extensions",
          "div": "<div xmlns=\"http://www.w3.org/1999/xhtml\">SubmissionSet with Patient</div>"
        },
        "extension": [
          {
            "url": "https://profiles.ihe.net/ITI/MHD/StructureDefinition/ihe-designationType",
            "valueCodeableConcept": {
              "coding": [
                {
                  "system": "http://snomed.info/sct",
                  "code": "225728007"
                }
              ]
            }
          },
          {
            "url": "https://profiles.ihe.net/ITI/MHD/StructureDefinition/ihe-sourceId",
            "valueIdentifier": {
              "value": "urn:oid:1.2.3.4"
            }
          }
        ],
        "identifier": [
          {
            "use": "official",
            "system": "urn:ietf:rfc:3986",
            "value": "urn:oid:1.2.129.6.58.92.88337.1"
          },
          {
            "use": "usual",
            "system": "http://example.org/documents",
            "value": "23425234-23470-1"
          }
        ],
        "status": "current",
        "mode": "working",
        "code": {
          "coding": [
            {
              "system": "https://profiles.ihe.net/ITI/MHD/CodeSystem/MHDlistTypes",
              "code": "submissionset"
            }
          ]
        },
        "subject": {
          "reference": "Patient/ex-patient"
        },
        "date": "2004-10-25T23:50:50-05:00",
        "entry": [
          {
            "item": {
              "reference": "urn:uuid:aaaaaaaa-bbbb-cccc-dddd-e00333300002"
            }
          }
        ]
      },
      "request": {
        "method": "POST",
        "url": "List"
      }
    },
    {
      "fullUrl": "urn:uuid:aaaaaaaa-bbbb-cccc-dddd-e00333300002",
      "resource": {
        "resourceType": "DocumentReference",
        "id": "aaaaaaaa-bbbb-cccc-dddd-e00333300002",
        "meta": {
          "profile": [
            "https://profiles.ihe.net/ITI/MHD/StructureDefinition/IHE.MHD.Comprehensive.DocumentReference"
          ],
          "security": [
            {
              "system": "http://terminology.hl7.org/CodeSystem/v3-ActReason",
              "code": "HTEST"
            }
          ]
        },
        "text": {
          "status": "generated",
          "div": "<div xmlns=\"http://www.w3.org/1999/xhtml\"><p><b>Generated Narrative</b></p><div style=\"display: inline-block; background-color: #d9e0e7; padding: 6px; margin: 4px; border: 1px solid #8da1b4; border-radius: 5px; line-height: 60%\"><p style=\"margin-bottom: 0px\">Resource \"aaaaaaaa-bbbb-cccc-dddd-e00333300002\" </p><p style=\"margin-bottom: 0px\">Profile: <a href=\"StructureDefinition-IHE.MHD.Comprehensive.DocumentReference.html\">MHD DocumentReference Comprehensive</a></p><p style=\"margin-bottom: 0px\">Security Labels: <span title=\"{http://terminology.hl7.org/CodeSystem/v3-ActReason http://terminology.hl7.org/CodeSystem/v3-ActReason}\">http://terminology.hl7.org/CodeSystem/v3-ActReason</span></p></div><p><b>masterIdentifier</b>: id: urn:oid:1.2.840.113556.1.8000.2554.53432.348.12973.17740.34205.4355.50220.62012</p><p><b>identifier</b>: id: urn:uuid:7d5bb8ac-68ee-4926-85e7-b8aac8e1f09d</p><p><b>status</b>: current</p><p><b>type</b>: Patient summary Document <span style=\"background: LightGoldenRodYellow; margin: 4px; border: 1px solid khaki\"> (<a href=\"https://loinc.org/\">LOINC</a>#60591-5)</span></p><p><b>category</b>: History of Immunization Narrative <span style=\"background: LightGoldenRodYellow; margin: 4px; border: 1px solid khaki\"> (<a href=\"https://loinc.org/\">LOINC</a>#11369-6)</span></p><p><b>subject</b>: <a href=\"Patient-ex-patient.html\">Patient/ex-patient</a> \" SCHMIDT\"</p><p><b>date</b>: Feb 1, 2020 10:50:50 PM</p><p><b>securityLabel</b>: restricted <span style=\"background: LightGoldenRodYellow; margin: 4px; border: 1px solid khaki\"> (<a href=\"http://terminology.hl7.org/3.1.0/CodeSystem-v3-Confidentiality.html\">Confidentiality</a>#R)</span></p><blockquote><p><b>content</b></p><p><b>format</b>: ITI XDS-SD TEXT (Details: http://ihe.net/fhir/ihe.formatcode.fhir/CodeSystem/formatcode code urn:ihe:iti:xds-sd:text:2008 = 'ITI XDS-SD TEXT', stated as 'null')</p></blockquote><h3>Contexts</h3><table class=\"grid\"><tr><td>-</td><td><b>FacilityType</b></td><td><b>PracticeSetting</b></td><td><b>SourcePatientInfo</b></td></tr><tr><td>*</td><td>Children's hospital <span style=\"background: LightGoldenRodYellow; margin: 4px; border: 1px solid khaki\"> (<a href=\"https://browser.ihtsdotools.org/\">SNOMED CT</a>#82242000)</span></td><td>Adult mental illness - specialty (qualifier value) <span style=\"background: LightGoldenRodYellow; margin: 4px; border: 1px solid khaki\"> (<a href=\"https://browser.ihtsdotools.org/\">SNOMED CT</a>#408467006)</span></td><td><a name=\"aaaaaaaa-bbbb-cccc-dddd-e00333300004\"> </a><blockquote><div style=\"display: inline-block; background-color: #d9e0e7; padding: 6px; margin: 4px; border: 1px solid #8da1b4; border-radius: 5px; line-height: 60%\"><p style=\"margin-bottom: 0px\">Resource \"aaaaaaaa-bbbb-cccc-dddd-e00333300004\" </p></div><p><b>identifier</b>: id: mrn-1234</p><p><b>name</b>: Dee Schmidt </p></blockquote></td></tr></table></div>"
        },
        "contained": [
          {
            "resourceType": "Patient",
            "id": "aaaaaaaa-bbbb-cccc-dddd-e00333300004",
            "identifier": [
              {
                "system": "http://example.org/patients",
                "value": "mrn-1234"
              }
            ],
            "name": [
              {
                "family": "Schmidt",
                "given": [
                  "Dee"
                ]
              }
            ]
          }
        ],
        "masterIdentifier": {
          "system": "urn:ietf:rfc:3986",
          "value": "urn:oid:1.2.840.113556.1.8000.2554.53432.348.12973.17740.34205.4355.50220.62012"
        },
        "identifier": [
          {
            "system": "urn:ietf:rfc:3986",
            "value": "urn:uuid:7d5bb8ac-68ee-4926-85e7-b8aac8e1f09d"
          }
        ],
        "status": "current",
        "type": {
          "coding": [
            {
              "system": "http://loinc.org",
              "code": "60591-5"
            }
          ]
        },
        "category": [
          {
            "coding": [
              {
                "system": "http://loinc.org",
                "code": "11369-6"
              }
            ]
          }
        ],
        "subject": {
          "reference": "Patient/ex-patient"
        },
        "date": "2020-02-01T23:50:50-05:00",
        "securityLabel": [
          {
            "coding": [
              {
                "system": "http://terminology.hl7.org/CodeSystem/v3-Confidentiality",
                "code": "R"
              }
            ]
          }
        ],
        "content": [
          {
            "attachment": {
              "contentType": "text/plain",
              "language": "en",
              "url": "urn:uuid:aaaaaaaa-bbbb-cccc-dddd-e00333300003",
              "size": 11,
              "hash": "MGE0ZDU1YThkNzc4ZTUwMjJmYWI3MDE5NzdjNWQ4NDBiYmM0ODZkMA==",
              "title": "Hello World",
              "creation": "2020-02-01T23:50:50-05:00"
            },
            "format": {
              "system": "http://ihe.net/fhir/ihe.formatcode.fhir/CodeSystem/formatcode",
              "code": "urn:ihe:iti:xds-sd:text:2008"
            }
          }
        ],
        "context": {
          "facilityType": {
            "coding": [
              {
                "system": "http://snomed.info/sct",
                "code": "82242000"
              }
            ]
          },
          "practiceSetting": {
            "coding": [
              {
                "system": "http://snomed.info/sct",
                "code": "408467006"
              }
            ]
          },
          "sourcePatientInfo": {
            "reference": "#aaaaaaaa-bbbb-cccc-dddd-e00333300004"
          }
        }
      },
      "request": {
        "method": "POST",
        "url": "DocumentReference"
      }
    },
    {
      "fullUrl": "urn:uuid:aaaaaaaa-bbbb-cccc-dddd-e00333300003",
      "resource": {
        "resourceType": "Binary",
        "id": "aaaaaaaa-bbbb-cccc-dddd-e00333300003",
        "meta": {
          "security": [
            {
              "system": "http://terminology.hl7.org/CodeSystem/v3-ActReason",
              "code": "HTEST"
            }
          ]
        },
        "contentType": "text/plain",
        "data": "SGVsbG8gV29ybGQ="
      },
      "request": {
        "method": "POST",
        "url": "Binary"
      }
    }
  ]
}