<?xml version="1.0" encoding="UTF-8"?>

<MessageHeader xmlns="http://hl7.org/fhir">
  <id value="ex-messageheader-update"/>
  <meta>
    <profile value="https://profiles.ihe.net/ITI/PMIR/StructureDefinition/IHE.PMIR.MessageHeader"/>
  </meta>
  <text>
    <status value="generated"/><div xmlns="http://www.w3.org/1999/xhtml"><p class="res-header-id"><b>Generated Narrative: MessageHeader ex-messageheader-update</b></p><a name="ex-messageheader-update"> </a><a name="hcex-messageheader-update"> </a><div style="display: inline-block; background-color: #d9e0e7; padding: 6px; margin: 4px; border: 1px solid #8da1b4; border-radius: 5px; line-height: 60%"><p style="margin-bottom: 0px"/><p style="margin-bottom: 0px">Profile: <a href="StructureDefinition-IHE.PMIR.MessageHeader.html">IHE Patient Master Identity Registry MessageHeader</a></p></div><p><b>event</b>: urn:ihe:iti:pmir:2019:patient-feed</p><h3>Destinations</h3><table class="grid"><tr><td style="display: none">-</td><td><b>Endpoint</b></td></tr><tr><td style="display: none">*</td><td><a href="http://example.com/patientEndpoint">http://example.com/patientEndpoint</a></td></tr></table><h3>Sources</h3><table class="grid"><tr><td style="display: none">-</td><td><b>Endpoint</b></td></tr><tr><td style="display: none">*</td><td><a href="http://example.com/patientSource">http://example.com/patientSource</a></td></tr></table><p><b>focus</b>: <a href="Bundle-ex-bundle-history-update.html">Bundle: type = history</a></p></div>
  </text>
  <eventUri value="urn:ihe:iti:pmir:2019:patient-feed"/>
  <destination>
    <endpoint value="http://example.com/patientEndpoint"/>
  </destination>
  <source>
    <endpoint value="http://example.com/patientSource"/>
  </source>
  <focus>
    <reference value="Bundle/ex-bundle-history-update"/>
  </focus>
</MessageHeader>