{"resourceType":"SearchParameter","id":"activity-resource","text":{"status":"generated","div":"<div xmlns=\"http://www.w3.org/1999/xhtml\"><p class=\"res-header-id\"><b>Generated Narrative: SearchParameter activity-resource</b></p><a name=\"activity-resource\"> </a><a name=\"hcactivity-resource\"> </a><a name=\"activity-resource-en-US\"> </a><h2>ActivityResource</h2><p>Parameter <code>activity-resource</code>:<code>reference</code></p><div><p>Search on the resources that are linked to a RequestOrchestration - important to allow for example _revInclude</p>\n</div><table class=\"grid\"><tr><td>Resource</td><td><a href=\"http://hl7.org/fhir/R5/requestorchestration.html\">RequestOrchestration</a></td></tr><tr><td>Expression</td><td><code>RequestOrchestration.action.resource</code></td></tr><tr><td>Processing Mode</td><td>Normal</td></tr><tr><td>Multiples</td><td><ul><li>multipleAnd: It's up to the server whether the parameter may repeat in order to specify multiple values that must all be true</li><li>multipleOr: It's up to the server whether the parameter can have multiple values (separated by comma) where at least one must be true</li></ul></td></tr></table></div>"},"url":"https://profiles.ihe.net/PHARM/MPD/SearchParameter/activity-resource","version":"1.0.0-comment-2","name":"ActivityResource","status":"active","date":"2025-05-27T16:32:53+02:00","publisher":"Integrating the Healthcare Enterprise (IHE)","contact":[{"name":"Integrating the Healthcare Enterprise (IHE)","telecom":[{"system":"url","value":"http://ihe.net"},{"system":"email","value":"secretary@ihe.net"}]},{"name":"José Costa Teixeira","telecom":[{"system":"email","value":"jose.a.teixeira@gmail.com","use":"work"}]}],"description":"Search on the resources that are linked to a RequestOrchestration - important to allow for example _revInclude","jurisdiction":[{"coding":[{"system":"http://unstats.un.org/unsd/methods/m49/m49.htm","code":"001"}]}],"copyright":"IHE http://www.ihe.net/Governance/#Intellectual_Property","code":"activity-resource","base":["RequestOrchestration"],"type":"reference","expression":"RequestOrchestration.action.resource","processingMode":"normal"}