{
  "resourceType" : "CodeSystem",
  "id" : "d9ac1567-ea6e-4f06-8155-6d6fef06871b-2",
  "url" : "http://hl7.org/fhir/comparison/CodeSystem/d9ac1567-ea6e-4f06-8155-6d6fef06871b-2",
  "name" : "UnionMHDlistTypesAndMHDlistTypes",
  "title" : "Union of MHD List Types And MHD List Types",
  "status" : "active",
  "date" : "2023-08-02T11:21:28-05:00",
  "jurisdiction" : [{
    "coding" : [{
      "system" : "http://unstats.un.org/unsd/methods/m49/m49.htm",
      "code" : "001"
    }]
  }],
  "concept" : [{
    "code" : "folder",
    "display" : "Folder as a FHIR List"
  },
  {
    "code" : "submissionset",
    "display" : "SubmissionSet as a FHIR List"
  }]
}