<?xml version="1.0" encoding="UTF-8"?><ActivityDefinition xmlns="http://hl7.org/fhir"><id value="activity-example-orderservice-proc-ad"/><meta><profile value="https://profiles.ihe.net/QRPH/CCG/StructureDefinition/ccg-card-reqprocserv-ad"/><profile value="http://hl7.org/fhir/uv/cpg/StructureDefinition/cpg-servicerequestactivity"/><profile value="http://hl7.org/fhir/uv/cpg/StructureDefinition/cpg-computableactivity"/></meta><extension url="http://hl7.org/fhir/StructureDefinition/cqf-knowledgeCapability"><valueCode value="shareable"/></extension><extension url="http://hl7.org/fhir/StructureDefinition/cqf-knowledgeCapability"><valueCode value="computable"/></extension><extension url="http://hl7.org/fhir/StructureDefinition/cqf-knowledgeCapability"><valueCode value="publishable"/></extension><url value="http://example.org/fhir/uv/cpg/ActivityDefinition/activity-example-orderservice-proc-ad"/><identifier><system value="urn:ietf:rfc:3986"/><value value="urn:oid:2.16.840.1.113883.4.642.40.48.11.91"/></identifier><version value="1.0.0-comment"/><name value="ActivityExampleOrderServiceProcAD"/><title value="Activity Example Order Service (Procedure) AD"/><status value="active"/><experimental value="true"/><date value="2024-11-26T16:34:39+00:00"/><publisher value="IHE QRPH Technical Committee"/><contact><telecom><system value="url"/><value value="https://www.ihe.net/ihe_domains/quality_research_and_public_health/"/></telecom></contact><contact><telecom><system value="email"/><value value="qrph@ihe.net"/></telecom></contact><contact><name value="IHE QRPH Technical Committee"/><telecom><system value="email"/><value value="qrph@ihe.net"/></telecom></contact><description value="IHE CCG example for Procedure Order ActivityDefinition (based on HL7 CPG example)"/><jurisdiction><coding><system value="http://unstats.un.org/unsd/methods/m49/m49.htm"/><code value="001"/></coding></jurisdiction><topic><coding><system value="https://profiles.ihe.net/QRPH/CCG/CodeSystem/ccg-card-type-cs"/><code value="reqproc"/></coding></topic><kind value="ServiceRequest"/><profile value="http://hl7.org/fhir/uv/cpg/StructureDefinition/cpg-servicerequest"/><code><coding><system value="http://hl7.org/fhir/uv/cpg/CodeSystem/cpg-activity-type-cs"/><code value="order-service"/><display value="Order a service"/></coding></code><intent value="proposal"/><doNotPerform value="false"/><dynamicValue><path value="status"/><expression><language value="text/cql"/><expression value="'draft procedure order'"/></expression></dynamicValue></ActivityDefinition>