<?xml version="1.0" encoding="UTF-8"?><PlanDefinition xmlns="http://hl7.org/fhir"><id value="ccg-folder-Hypertension"/><meta><profile value="https://profiles.ihe.net/QRPH/CCG/StructureDefinition/ccg-card-folder"/></meta><url value="https://example.org/fhir/PlanDefinition/ccg-folder-Hypertension"/><version value="1.0.0-comment"/><name value="ExampleCCGFolder1"/><title value="CCG Folder example 2 - e.g. Hypertension"/><type><coding><system value="http://terminology.hl7.org/CodeSystem/plan-definition-type"/><code value="clinical-protocol"/></coding></type><status value="active"/><experimental value="true"/><date value="2024-11-18T17:56:55+00:00"/><publisher value="IHE QRPH Technical Committee"/><contact><telecom><system value="url"/><value value="https://www.ihe.net/ihe_domains/quality_research_and_public_health/"/></telecom></contact><contact><telecom><system value="email"/><value value="qrph@ihe.net"/></telecom></contact><contact><name value="IHE QRPH Technical Committee"/><telecom><system value="email"/><value value="qrph@ihe.net"/></telecom></contact><description value="IHE CCG Folder example e.g. Hypertension"/><jurisdiction><coding><system value="http://unstats.un.org/unsd/methods/m49/m49.htm"/><code value="001"/></coding></jurisdiction><action><definitionCanonical value="http://example.org/PlanDefinition/card-example-reqref"/></action><action><definitionCanonical value="http://example.org/PlanDefinition/card-example-collect"/></action></PlanDefinition>