<?xml version="1.0" encoding="UTF-8"?><SearchParameter xmlns="http://hl7.org/fhir"><id value="IHE.mCSD.Organization.HierarchyType"/><url value="http://profiles.ihe.net/ITI/mCSD/SearchParameter/IHE.mCSD.Organization.HierarchyType"/><version value="3.4.0"/><name value="IHE_mCSD_Hierarchy_Type"/><status value="active"/><date value="2022-01-10T13:59:33-06:00"/><publisher value="IHE IT Infrastructure Technical Committee"/><contact><telecom><system value="url"/><value value="https://www.ihe.net/ihe_domains/it_infrastructure/"/></telecom></contact><contact><telecom><system value="email"/><value value="iti@ihe.net"/></telecom></contact><contact><name value="IHE IT Infrastructure Technical Committee"/><telecom><system value="email"/><value value="iti@ihe.net"/></telecom></contact><description value="This Search Parameter enables finding Organizations by the hierarchy type."/><jurisdiction><coding><system value="http://unstats.un.org/unsd/methods/m49/m49.htm"/><code value="001"/></coding></jurisdiction><code value="ihe-mcsd-hierarchy-type"/><base value="Organization"/><type value="token"/><expression value="extension(&#39;http://profiles.ihe.net/ITI/mCSD/StructureDefinition/IHE.mCSD.OrganizationHierarchy&#39;).extension(&#39;hierarchy-type&#39;).value as CodeableConcept"/></SearchParameter>