<?xml version="1.0" encoding="UTF-8"?><ValueSet xmlns="http://hl7.org/fhir"><id value="Antepartum.History.of.Past.Illness.VS"/><text><status value="generated"/><div xmlns="http://www.w3.org/1999/xhtml"><ul><li>Include these codes as defined in <a href="http://www.snomed.org/"><code>http://snomed.info/sct</code></a><table class="none"><tr><td style="white-space:nowrap"><b>Code</b></td><td><b>Display</b></td></tr><tr><td><a href="http://snomed.info/id/73211009">73211009</a></td><td>Diabetes</td></tr><tr><td><a href="http://snomed.info/id/38341003">38341003</a></td><td>Hypertension</td></tr><tr><td><a href="http://snomed.info/id/56265001">56265001</a></td><td>Heart Disease</td></tr><tr><td><a href="http://snomed.info/id/85828009">85828009</a></td><td>Autoimmune Disorder</td></tr><tr><td><a href="http://snomed.info/id/90708001">90708001</a></td><td>Kidney Disease</td></tr><tr><td><a href="http://snomed.info/id/68566005">68566005</a></td><td>UTI</td></tr><tr><td><a href="http://snomed.info/id/118940003">118940003</a></td><td>Neurologic</td></tr><tr><td><a href="http://snomed.info/id/84757009">84757009</a></td><td>Epilepsy</td></tr><tr><td><a href="http://snomed.info/id/74732009">74732009</a></td><td>Psychiatric</td></tr><tr><td><a href="http://snomed.info/id/41006004">41006004</a></td><td>Depression</td></tr><tr><td><a href="http://snomed.info/id/58703003">58703003</a></td><td>Postpartum Depression</td></tr><tr><td><a href="http://snomed.info/id/128241005">128241005</a></td><td>Hepatitis</td></tr><tr><td><a href="http://snomed.info/id/235856003">235856003</a></td><td>Liver Disease</td></tr><tr><td><a href="http://snomed.info/id/276504003">276504003</a></td><td>Varicosities</td></tr><tr><td><a href="http://snomed.info/id/61599003">61599003</a></td><td>Phlebitis</td></tr><tr><td><a href="http://snomed.info/id/14304000">14304000</a></td><td>Thyroid Dysfunction</td></tr><tr><td><a href="http://snomed.info/id/417746004">417746004</a></td><td>Trauma</td></tr><tr><td><a href="http://snomed.info/id/225818009">225818009</a></td><td>Violence</td></tr><tr><td><a href="http://snomed.info/id/116859006">116859006</a></td><td>History of Blood Transfusion</td></tr><tr><td><a href="http://snomed.info/id/3885002">3885002</a></td><td>D(Rh) Sensitized</td></tr><tr><td><a href="http://snomed.info/id/19829001">19829001</a></td><td>Pulmonary</td></tr><tr><td><a href="http://snomed.info/id/367498001">367498001</a></td><td>Seasonal Allergies</td></tr><tr><td><a href="http://snomed.info/id/416098002">416098002</a></td><td>Drug Allergy</td></tr><tr><td><a href="http://snomed.info/id/300916003">300916003</a></td><td>Latex Allergy</td></tr><tr><td><a href="http://snomed.info/id/414285001">414285001</a></td><td>Food Allergy</td></tr><tr><td><a href="http://snomed.info/id/79604008">79604008</a></td><td>Breast</td></tr><tr><td><a href="http://snomed.info/id/32485007">32485007</a></td><td>Hospitalizations</td></tr><tr><td><a href="http://snomed.info/id/33211000">33211000</a></td><td>Anesthetic Complications</td></tr><tr><td><a href="http://snomed.info/id/274688009">274688009</a></td><td>History of Abnormal Pap</td></tr><tr><td><a href="http://snomed.info/id/37849005">37849005</a></td><td>Uterine Anomaly/DES</td></tr><tr><td><a href="http://snomed.info/id/413340008">413340008</a></td><td>DES Exposure of fetus</td></tr><tr><td><a href="http://snomed.info/id/8619003">8619003</a></td><td>Infertility</td></tr><tr><td><a href="http://snomed.info/id/63487001">63487001</a></td><td>Artificial Reproductive Therapy (ART) Treatment</td></tr><tr><td><a href="http://snomed.info/id/17382005">17382005</a></td><td>History of Incompetent Cervix</td></tr><tr><td><a href="http://snomed.info/id/441493008">441493008</a></td><td>History of Preterm labor</td></tr><tr><td><a href="http://snomed.info/id/161805006">161805006</a></td><td>Previous Cesarean Section</td></tr><tr><td><a href="http://snomed.info/id/161743003">161743003</a></td><td>History of Stillbirth</td></tr><tr><td><a href="http://snomed.info/id/161809000">161809000</a></td><td>History of Postpartum Hemorrhage</td></tr></table></li></ul></div></text><url value="https://profiles.ihe.net/PCC/mAPS/ValueSet/Antepartum.History.of.Past.Illness.VS"/><version value="1.0.0-comment"/><name value="Antepartum_History_of_Past_Illness_VS"/><title value="Antepartum History of Past Illness"/><status value="active"/><experimental value="false"/><date value="2024-06-04T15:40:08-05:00"/><publisher value="IHE Patient Care Coordination Committee"/><contact><telecom><system value="url"/><value value="https://www.ihe.net/ihe_domains/patient_care_coordination/"/></telecom></contact><contact><telecom><system value="email"/><value value="pcc@ihe.net"/></telecom></contact><contact><name value="IHE Patient Care Coordination Committee"/><telecom><system value="email"/><value value="pcc@ihe.net"/></telecom></contact><description value="This value set identifies conditions that may impact the pregnancy care and monitoring decisions."/><jurisdiction><coding><system value="http://unstats.un.org/unsd/methods/m49/m49.htm"/><code value="001"/></coding></jurisdiction><compose><include><system value="http://snomed.info/sct"/><concept><code value="73211009"/><display value="Diabetes"/></concept><concept><code value="38341003"/><display value="Hypertension"/></concept><concept><code value="56265001"/><display value="Heart Disease"/></concept><concept><code value="85828009"/><display value="Autoimmune Disorder"/></concept><concept><code value="90708001"/><display value="Kidney Disease"/></concept><concept><code value="68566005"/><display value="UTI"/></concept><concept><code value="118940003"/><display value="Neurologic"/></concept><concept><code value="84757009"/><display value="Epilepsy"/></concept><concept><code value="74732009"/><display value="Psychiatric"/></concept><concept><code value="41006004"/><display value="Depression"/></concept><concept><code value="58703003"/><display value="Postpartum Depression"/></concept><concept><code value="128241005"/><display value="Hepatitis"/></concept><concept><code value="235856003"/><display value="Liver Disease"/></concept><concept><code value="276504003"/><display value="Varicosities"/></concept><concept><code value="61599003"/><display value="Phlebitis"/></concept><concept><code value="14304000"/><display value="Thyroid Dysfunction"/></concept><concept><code value="417746004"/><display value="Trauma"/></concept><concept><code value="225818009"/><display value="Violence"/></concept><concept><code value="116859006"/><display value="History of Blood Transfusion"/></concept><concept><code value="3885002"/><display value="D(Rh) Sensitized"/></concept><concept><code value="19829001"/><display value="Pulmonary"/></concept><concept><code value="367498001"/><display value="Seasonal Allergies"/></concept><concept><code value="416098002"/><display value="Drug Allergy"/></concept><concept><code value="300916003"/><display value="Latex Allergy"/></concept><concept><code value="414285001"/><display value="Food Allergy"/></concept><concept><code value="79604008"/><display value="Breast"/></concept><concept><code value="32485007"/><display value="Hospitalizations"/></concept><concept><code value="33211000"/><display value="Anesthetic Complications"/></concept><concept><code value="274688009"/><display value="History of Abnormal Pap"/></concept><concept><code value="37849005"/><display value="Uterine Anomaly/DES"/></concept><concept><code value="413340008"/><display value="DES Exposure of fetus"/></concept><concept><code value="8619003"/><display value="Infertility"/></concept><concept><code value="63487001"/><display value="Artificial Reproductive Therapy (ART) Treatment"/></concept><concept><code value="17382005"/><display value="History of Incompetent Cervix"/></concept><concept><code value="441493008"/><display value="History of Preterm labor"/></concept><concept><code value="161805006"/><display value="Previous Cesarean Section"/></concept><concept><code value="161743003"/><display value="History of Stillbirth"/></concept><concept><code value="161809000"/><display value="History of Postpartum Hemorrhage"/></concept></include></compose></ValueSet>