{
  "resourceType": "CapabilityStatement",
  "id": "IHE.PDQm.client",
  "text": {
    "status": "extensions",
    "div": "<div xmlns=\"http://www.w3.org/1999/xhtml\"><h2>IHE_PDQm_client</h2><div><p>CapabilityStatement for Client Actor in the IHE IT Infrastructure Technical Framework Supplement IHE PDQm.</p>\n</div><table><tr><td>Mode</td><td>CLIENT</td></tr><tr><td>Description</td><td><div><p>PDQm client will query for Patient resources matching a sub-set of the FHIR core Patient resource query parameters</p>\n</div></td></tr><tr><td>Transaction</td><td></td></tr><tr><td>System History</td><td></td></tr><tr><td>System Search</td><td>y</td></tr></table><table><tr><th><b>Resource Type</b></th><th><b>Profile</b></th><th><b title=\"GET a resource (read interaction)\">Read</b></th><th><b title=\"GET all set of resources of the type (search interaction)\">Search</b></th><th><b title=\"PUT a new resource version (update interaction)\">Update</b></th><th><b title=\"POST a new resource (create interaction)\">Create</b></th></tr><tr><td>Patient</td><td> </td><td>y</td><td>y</td><td></td><td></td></tr></table></div>"
  },
  "url": "http://profiles.ihe.net/ITI/PDQm/CapabilityStatement/IHE.PDQm.client",
  "version": "2.4.0",
  "name": "IHE_PDQm_client",
  "title": "IHE PDQm client",
  "status": "active",
  "experimental": false,
  "date": "2021-09-30",
  "publisher": "IHE IT Infrastructure Technical Committee",
  "contact": [
    {
      "telecom": [
        {
          "system": "url",
          "value": "https://www.ihe.net/ihe_domains/it_infrastructure/"
        }
      ]
    },
    {
      "telecom": [
        {
          "system": "email",
          "value": "iti@ihe.net"
        }
      ]
    },
    {
      "name": "IHE IT Infrastructure Technical Committee",
      "telecom": [
        {
          "system": "email",
          "value": "iti@ihe.net"
        }
      ]
    }
  ],
  "description": "CapabilityStatement for Client Actor in the IHE IT Infrastructure Technical Framework Supplement IHE PDQm.",
  "jurisdiction": [
    {
      "coding": [
        {
          "system": "http://unstats.un.org/unsd/methods/m49/m49.htm",
          "code": "001"
        }
      ]
    }
  ],
  "copyright": "IHE http://www.ihe.net/Governance/#Intellectual_Property",
  "kind": "requirements",
  "fhirVersion": "4.0.1",
  "format": [
    "application/fhir+xml",
    "application/fhir+json"
  ],
  "rest": [
    {
      "mode": "client",
      "documentation": "PDQm client will query for Patient resources matching a sub-set of the FHIR core Patient resource query parameters",
      "security": {
        "description": "None mandated by IHE, encouraged IHE-IUA or SMART-on-FHIR"
      },
      "resource": [
        {
          "type": "Patient",
          "interaction": [
            {
              "code": "read"
            },
            {
              "code": "search-type"
            }
          ],
          "searchParam": [
            {
              "name": "_id",
              "type": "token",
              "documentation": "Logical id of this artifact"
            },
            {
              "name": "active",
              "type": "token",
              "documentation": "Whether the patient record is active"
            },
            {
              "name": "address-city",
              "type": "string",
              "documentation": "A city specified in an address"
            },
            {
              "name": "address-country",
              "type": "string",
              "documentation": "A country specified in an address"
            },
            {
              "name": "address-postalcode",
              "type": "string",
              "documentation": "A postalCode specified in an address"
            },
            {
              "name": "address-state",
              "type": "string",
              "documentation": "A state specified in an address"
            },
            {
              "name": "birthdate",
              "type": "date",
              "documentation": "The patient's date of birth"
            },
            {
              "name": "family",
              "type": "string",
              "documentation": "A portion of the family name of the patient"
            },
            {
              "name": "gender",
              "type": "token",
              "documentation": "Gender of the patient"
            },
            {
              "name": "given",
              "type": "string",
              "documentation": "A portion of the given name of the patient"
            },
            {
              "name": "identifier",
              "type": "token",
              "documentation": "A patient identifier"
            },
            {
              "name": "telecom",
              "type": "token",
              "documentation": "The value in any kind of telecom details of the patient"
            },
            {
              "name": "_lastUpdated",
              "type": "date",
              "documentation": "When the resource version last changed"
            },
            {
              "name": "mothersMaidenName",
              "definition": "http://hl7.org/fhir/SearchParameter/patient-extensions-Patient-mothersMaidenName",
              "type": "string",
              "documentation": "Mother's maiden (unmarried) name, commonly collected to help verify patient identity."
            }
          ]
        }
      ],
      "interaction": [
        {
          "code": "search-system"
        }
      ]
    }
  ]
}