{
  "resourceType" : "ImplementationGuide",
  "id" : "ihe.qrph.ccg",
  "text" : {
    "status" : "generated",
    "div" : "<div xmlns=\"http://www.w3.org/1999/xhtml\"><p class=\"res-header-id\"><b>Generated Narrative: ImplementationGuide ihe.qrph.ccg</b></p><a name=\"ihe.qrph.ccg\"> </a><a name=\"hcihe.qrph.ccg\"> </a><h2>IHE_QRPH_CCG</h2><p>The official URL for this implementation guide is: </p><pre>https://profiles.ihe.net/QRPH/CCG/ImplementationGuide/ihe.qrph.ccg</pre><div><p>The IHE Computable Care Guidelines (CCG) Profile specifies a normative grammar and a normative transaction processing model that allows evidence-based care recommendations to be expressed in a way that a digital health solution can ingest and operationalize. This is an implementable and conformance-testable specification. It is targeted to regulated healthcare markets where the support for multiple conditions is an important requirement. The CCG Profile supports jurisdictions that want to leverage digital health to systemically improve the adoption of guideline-adherent best practices across an entire care delivery network.</p>\n</div></div>"
  },
  "url" : "https://profiles.ihe.net/QRPH/CCG/ImplementationGuide/ihe.qrph.ccg",
  "version" : "1.0.0",
  "name" : "IHE_QRPH_CCG",
  "title" : "Computable Care Guidelines",
  "status" : "active",
  "date" : "2025-10-03",
  "publisher" : "IHE QRPH Technical Committee",
  "contact" : [{
    "telecom" : [{
      "system" : "url",
      "value" : "https://www.ihe.net/ihe_domains/quality_research_and_public_health/"
    }]
  },
  {
    "telecom" : [{
      "system" : "email",
      "value" : "qrph@ihe.net"
    }]
  },
  {
    "name" : "IHE QRPH Technical Committee",
    "telecom" : [{
      "system" : "email",
      "value" : "qrph@ihe.net"
    }]
  }],
  "description" : "The IHE Computable Care Guidelines (CCG) Profile specifies a normative grammar and a normative transaction processing model that allows evidence-based care recommendations to be expressed in a way that a digital health solution can ingest and operationalize. This is an implementable and conformance-testable specification. It is targeted to regulated healthcare markets where the support for multiple conditions is an important requirement. The CCG Profile supports jurisdictions that want to leverage digital health to systemically improve the adoption of guideline-adherent best practices across an entire care delivery network.",
  "jurisdiction" : [{
    "coding" : [{
      "system" : "http://unstats.un.org/unsd/methods/m49/m49.htm",
      "code" : "001"
    }]
  }],
  "packageId" : "ihe.qrph.ccg",
  "license" : "CC-BY-4.0",
  "fhirVersion" : ["4.0.1"],
  "dependsOn" : [{
    "id" : "hl7tx",
    "extension" : [{
      "url" : "http://hl7.org/fhir/tools/StructureDefinition/implementationguide-dependency-comment",
      "valueMarkdown" : "Automatically added as a dependency - all IGs depend on HL7 Terminology"
    }],
    "uri" : "http://terminology.hl7.org/ImplementationGuide/hl7.terminology",
    "packageId" : "hl7.terminology.r4",
    "version" : "6.5.0"
  },
  {
    "id" : "hl7ext",
    "extension" : [{
      "url" : "http://hl7.org/fhir/tools/StructureDefinition/implementationguide-dependency-comment",
      "valueMarkdown" : "Automatically added as a dependency - all IGs depend on the HL7 Extension Pack"
    }],
    "uri" : "http://hl7.org/fhir/extensions/ImplementationGuide/hl7.fhir.uv.extensions",
    "packageId" : "hl7.fhir.uv.extensions.r4",
    "version" : "5.2.0"
  },
  {
    "id" : "hl7_fhir_uv_cpg",
    "uri" : "http://hl7.org/fhir/uv/cpg/ImplementationGuide/hl7.fhir.uv.cpg",
    "packageId" : "hl7.fhir.uv.cpg",
    "version" : "2.0.0"
  },
  {
    "id" : "hl7_fhir_uv_ips",
    "uri" : "http://hl7.org/fhir/uv/ips/ImplementationGuide/hl7.fhir.uv.ips",
    "packageId" : "hl7.fhir.uv.ips",
    "version" : "1.1.0"
  },
  {
    "id" : "hl7_fhir_uv_cql",
    "uri" : "http://hl7.org/fhir/uv/cql/ImplementationGuide/hl7.fhir.uv.cql",
    "packageId" : "hl7.fhir.uv.cql",
    "version" : "1.0.0"
  }],
  "definition" : {
    "extension" : [{
      "extension" : [{
        "url" : "code",
        "valueString" : "copyrightyear"
      },
      {
        "url" : "value",
        "valueString" : "2025+"
      }],
      "url" : "http://hl7.org/fhir/tools/StructureDefinition/ig-parameter"
    },
    {
      "extension" : [{
        "url" : "code",
        "valueString" : "releaselabel"
      },
      {
        "url" : "value",
        "valueString" : "Trial-Implementation"
      }],
      "url" : "http://hl7.org/fhir/tools/StructureDefinition/ig-parameter"
    },
    {
      "extension" : [{
        "url" : "code",
        "valueString" : "show-inherited-invariants"
      },
      {
        "url" : "value",
        "valueString" : "false"
      }],
      "url" : "http://hl7.org/fhir/tools/StructureDefinition/ig-parameter"
    },
    {
      "extension" : [{
        "url" : "code",
        "valueString" : "usage-stats-opt-out"
      },
      {
        "url" : "value",
        "valueString" : "false"
      }],
      "url" : "http://hl7.org/fhir/tools/StructureDefinition/ig-parameter"
    },
    {
      "extension" : [{
        "url" : "code",
        "valueString" : "logging"
      },
      {
        "url" : "value",
        "valueString" : "progress"
      }],
      "url" : "http://hl7.org/fhir/tools/StructureDefinition/ig-parameter"
    },
    {
      "extension" : [{
        "url" : "code",
        "valueString" : "shownav"
      },
      {
        "url" : "value",
        "valueString" : "true"
      }],
      "url" : "http://hl7.org/fhir/tools/StructureDefinition/ig-parameter"
    },
    {
      "extension" : [{
        "url" : "code",
        "valueString" : "active-tables"
      },
      {
        "url" : "value",
        "valueString" : "false"
      }],
      "url" : "http://hl7.org/fhir/tools/StructureDefinition/ig-parameter"
    },
    {
      "extension" : [{
        "url" : "code",
        "valueString" : "apply-contact"
      },
      {
        "url" : "value",
        "valueString" : "true"
      }],
      "url" : "http://hl7.org/fhir/tools/StructureDefinition/ig-parameter"
    },
    {
      "extension" : [{
        "url" : "code",
        "valueString" : "apply-jurisdiction"
      },
      {
        "url" : "value",
        "valueString" : "true"
      }],
      "url" : "http://hl7.org/fhir/tools/StructureDefinition/ig-parameter"
    },
    {
      "extension" : [{
        "url" : "code",
        "valueString" : "apply-publisher"
      },
      {
        "url" : "value",
        "valueString" : "true"
      }],
      "url" : "http://hl7.org/fhir/tools/StructureDefinition/ig-parameter"
    },
    {
      "extension" : [{
        "url" : "code",
        "valueString" : "apply-version"
      },
      {
        "url" : "value",
        "valueString" : "true"
      }],
      "url" : "http://hl7.org/fhir/tools/StructureDefinition/ig-parameter"
    },
    {
      "extension" : [{
        "url" : "code",
        "valueString" : "autoload-resources"
      },
      {
        "url" : "value",
        "valueString" : "true"
      }],
      "url" : "http://hl7.org/fhir/tools/StructureDefinition/ig-parameter"
    },
    {
      "extension" : [{
        "url" : "code",
        "valueString" : "path-liquid"
      },
      {
        "url" : "value",
        "valueString" : "template/liquid"
      }],
      "url" : "http://hl7.org/fhir/tools/StructureDefinition/ig-parameter"
    },
    {
      "extension" : [{
        "url" : "code",
        "valueString" : "path-liquid"
      },
      {
        "url" : "value",
        "valueString" : "input/liquid"
      }],
      "url" : "http://hl7.org/fhir/tools/StructureDefinition/ig-parameter"
    },
    {
      "extension" : [{
        "url" : "code",
        "valueString" : "path-qa"
      },
      {
        "url" : "value",
        "valueString" : "temp/qa"
      }],
      "url" : "http://hl7.org/fhir/tools/StructureDefinition/ig-parameter"
    },
    {
      "extension" : [{
        "url" : "code",
        "valueString" : "path-temp"
      },
      {
        "url" : "value",
        "valueString" : "temp/pages"
      }],
      "url" : "http://hl7.org/fhir/tools/StructureDefinition/ig-parameter"
    },
    {
      "extension" : [{
        "url" : "code",
        "valueString" : "path-output"
      },
      {
        "url" : "value",
        "valueString" : "output"
      }],
      "url" : "http://hl7.org/fhir/tools/StructureDefinition/ig-parameter"
    },
    {
      "extension" : [{
        "url" : "code",
        "valueString" : "path-suppressed-warnings"
      },
      {
        "url" : "value",
        "valueString" : "input/ignoreWarnings.txt"
      }],
      "url" : "http://hl7.org/fhir/tools/StructureDefinition/ig-parameter"
    },
    {
      "extension" : [{
        "url" : "code",
        "valueString" : "path-history"
      },
      {
        "url" : "value",
        "valueString" : "https://profiles.ihe.net/QRPH/CCG/history.html"
      }],
      "url" : "http://hl7.org/fhir/tools/StructureDefinition/ig-parameter"
    },
    {
      "extension" : [{
        "url" : "code",
        "valueString" : "template-html"
      },
      {
        "url" : "value",
        "valueString" : "template-page.html"
      }],
      "url" : "http://hl7.org/fhir/tools/StructureDefinition/ig-parameter"
    },
    {
      "extension" : [{
        "url" : "code",
        "valueString" : "template-md"
      },
      {
        "url" : "value",
        "valueString" : "template-page-md.html"
      }],
      "url" : "http://hl7.org/fhir/tools/StructureDefinition/ig-parameter"
    },
    {
      "extension" : [{
        "url" : "code",
        "valueString" : "apply-context"
      },
      {
        "url" : "value",
        "valueString" : "true"
      }],
      "url" : "http://hl7.org/fhir/tools/StructureDefinition/ig-parameter"
    },
    {
      "extension" : [{
        "url" : "code",
        "valueString" : "apply-copyright"
      },
      {
        "url" : "value",
        "valueString" : "true"
      }],
      "url" : "http://hl7.org/fhir/tools/StructureDefinition/ig-parameter"
    },
    {
      "extension" : [{
        "url" : "code",
        "valueString" : "apply-license"
      },
      {
        "url" : "value",
        "valueString" : "true"
      }],
      "url" : "http://hl7.org/fhir/tools/StructureDefinition/ig-parameter"
    },
    {
      "extension" : [{
        "url" : "code",
        "valueString" : "apply-wg"
      },
      {
        "url" : "value",
        "valueString" : "true"
      }],
      "url" : "http://hl7.org/fhir/tools/StructureDefinition/ig-parameter"
    },
    {
      "extension" : [{
        "url" : "code",
        "valueString" : "fmm-definition"
      },
      {
        "url" : "value",
        "valueString" : "http://hl7.org/fhir/versions.html#maturity"
      }],
      "url" : "http://hl7.org/fhir/tools/StructureDefinition/ig-parameter"
    },
    {
      "extension" : [{
        "url" : "code",
        "valueString" : "propagate-status"
      },
      {
        "url" : "value",
        "valueString" : "true"
      }],
      "url" : "http://hl7.org/fhir/tools/StructureDefinition/ig-parameter"
    },
    {
      "extension" : [{
        "url" : "code",
        "valueString" : "excludelogbinaryformat"
      },
      {
        "url" : "value",
        "valueString" : "true"
      }],
      "url" : "http://hl7.org/fhir/tools/StructureDefinition/ig-parameter"
    },
    {
      "extension" : [{
        "url" : "code",
        "valueString" : "tabbed-snapshots"
      },
      {
        "url" : "value",
        "valueString" : "true"
      }],
      "url" : "http://hl7.org/fhir/tools/StructureDefinition/ig-parameter"
    },
    {
      "url" : "http://hl7.org/fhir/tools/StructureDefinition/ig-internal-dependency",
      "valueCode" : "hl7.fhir.uv.tools.r4#0.8.0"
    },
    {
      "extension" : [{
        "url" : "code",
        "valueCode" : "copyrightyear"
      },
      {
        "url" : "value",
        "valueString" : "2025+"
      }],
      "url" : "http://hl7.org/fhir/tools/StructureDefinition/ig-parameter"
    },
    {
      "extension" : [{
        "url" : "code",
        "valueCode" : "releaselabel"
      },
      {
        "url" : "value",
        "valueString" : "Trial-Implementation"
      }],
      "url" : "http://hl7.org/fhir/tools/StructureDefinition/ig-parameter"
    },
    {
      "extension" : [{
        "url" : "code",
        "valueCode" : "show-inherited-invariants"
      },
      {
        "url" : "value",
        "valueString" : "false"
      }],
      "url" : "http://hl7.org/fhir/tools/StructureDefinition/ig-parameter"
    },
    {
      "extension" : [{
        "url" : "code",
        "valueCode" : "usage-stats-opt-out"
      },
      {
        "url" : "value",
        "valueString" : "false"
      }],
      "url" : "http://hl7.org/fhir/tools/StructureDefinition/ig-parameter"
    },
    {
      "extension" : [{
        "url" : "code",
        "valueCode" : "logging"
      },
      {
        "url" : "value",
        "valueString" : "progress"
      }],
      "url" : "http://hl7.org/fhir/tools/StructureDefinition/ig-parameter"
    },
    {
      "extension" : [{
        "url" : "code",
        "valueCode" : "shownav"
      },
      {
        "url" : "value",
        "valueString" : "true"
      }],
      "url" : "http://hl7.org/fhir/tools/StructureDefinition/ig-parameter"
    },
    {
      "extension" : [{
        "url" : "code",
        "valueCode" : "active-tables"
      },
      {
        "url" : "value",
        "valueString" : "false"
      }],
      "url" : "http://hl7.org/fhir/tools/StructureDefinition/ig-parameter"
    },
    {
      "extension" : [{
        "url" : "code",
        "valueCode" : "apply-contact"
      },
      {
        "url" : "value",
        "valueString" : "true"
      }],
      "url" : "http://hl7.org/fhir/tools/StructureDefinition/ig-parameter"
    },
    {
      "extension" : [{
        "url" : "code",
        "valueCode" : "apply-jurisdiction"
      },
      {
        "url" : "value",
        "valueString" : "true"
      }],
      "url" : "http://hl7.org/fhir/tools/StructureDefinition/ig-parameter"
    },
    {
      "extension" : [{
        "url" : "code",
        "valueCode" : "apply-publisher"
      },
      {
        "url" : "value",
        "valueString" : "true"
      }],
      "url" : "http://hl7.org/fhir/tools/StructureDefinition/ig-parameter"
    },
    {
      "extension" : [{
        "url" : "code",
        "valueCode" : "apply-version"
      },
      {
        "url" : "value",
        "valueString" : "true"
      }],
      "url" : "http://hl7.org/fhir/tools/StructureDefinition/ig-parameter"
    },
    {
      "extension" : [{
        "url" : "code",
        "valueCode" : "autoload-resources"
      },
      {
        "url" : "value",
        "valueString" : "true"
      }],
      "url" : "http://hl7.org/fhir/tools/StructureDefinition/ig-parameter"
    },
    {
      "extension" : [{
        "url" : "code",
        "valueCode" : "path-liquid"
      },
      {
        "url" : "value",
        "valueString" : "template/liquid"
      }],
      "url" : "http://hl7.org/fhir/tools/StructureDefinition/ig-parameter"
    },
    {
      "extension" : [{
        "url" : "code",
        "valueCode" : "path-liquid"
      },
      {
        "url" : "value",
        "valueString" : "input/liquid"
      }],
      "url" : "http://hl7.org/fhir/tools/StructureDefinition/ig-parameter"
    },
    {
      "extension" : [{
        "url" : "code",
        "valueCode" : "path-qa"
      },
      {
        "url" : "value",
        "valueString" : "temp/qa"
      }],
      "url" : "http://hl7.org/fhir/tools/StructureDefinition/ig-parameter"
    },
    {
      "extension" : [{
        "url" : "code",
        "valueCode" : "path-temp"
      },
      {
        "url" : "value",
        "valueString" : "temp/pages"
      }],
      "url" : "http://hl7.org/fhir/tools/StructureDefinition/ig-parameter"
    },
    {
      "extension" : [{
        "url" : "code",
        "valueCode" : "path-output"
      },
      {
        "url" : "value",
        "valueString" : "output"
      }],
      "url" : "http://hl7.org/fhir/tools/StructureDefinition/ig-parameter"
    },
    {
      "extension" : [{
        "url" : "code",
        "valueCode" : "path-suppressed-warnings"
      },
      {
        "url" : "value",
        "valueString" : "input/ignoreWarnings.txt"
      }],
      "url" : "http://hl7.org/fhir/tools/StructureDefinition/ig-parameter"
    },
    {
      "extension" : [{
        "url" : "code",
        "valueCode" : "path-history"
      },
      {
        "url" : "value",
        "valueString" : "https://profiles.ihe.net/QRPH/CCG/history.html"
      }],
      "url" : "http://hl7.org/fhir/tools/StructureDefinition/ig-parameter"
    },
    {
      "extension" : [{
        "url" : "code",
        "valueCode" : "template-html"
      },
      {
        "url" : "value",
        "valueString" : "template-page.html"
      }],
      "url" : "http://hl7.org/fhir/tools/StructureDefinition/ig-parameter"
    },
    {
      "extension" : [{
        "url" : "code",
        "valueCode" : "template-md"
      },
      {
        "url" : "value",
        "valueString" : "template-page-md.html"
      }],
      "url" : "http://hl7.org/fhir/tools/StructureDefinition/ig-parameter"
    },
    {
      "extension" : [{
        "url" : "code",
        "valueCode" : "apply-context"
      },
      {
        "url" : "value",
        "valueString" : "true"
      }],
      "url" : "http://hl7.org/fhir/tools/StructureDefinition/ig-parameter"
    },
    {
      "extension" : [{
        "url" : "code",
        "valueCode" : "apply-copyright"
      },
      {
        "url" : "value",
        "valueString" : "true"
      }],
      "url" : "http://hl7.org/fhir/tools/StructureDefinition/ig-parameter"
    },
    {
      "extension" : [{
        "url" : "code",
        "valueCode" : "apply-license"
      },
      {
        "url" : "value",
        "valueString" : "true"
      }],
      "url" : "http://hl7.org/fhir/tools/StructureDefinition/ig-parameter"
    },
    {
      "extension" : [{
        "url" : "code",
        "valueCode" : "apply-wg"
      },
      {
        "url" : "value",
        "valueString" : "true"
      }],
      "url" : "http://hl7.org/fhir/tools/StructureDefinition/ig-parameter"
    },
    {
      "extension" : [{
        "url" : "code",
        "valueCode" : "fmm-definition"
      },
      {
        "url" : "value",
        "valueString" : "http://hl7.org/fhir/versions.html#maturity"
      }],
      "url" : "http://hl7.org/fhir/tools/StructureDefinition/ig-parameter"
    },
    {
      "extension" : [{
        "url" : "code",
        "valueCode" : "propagate-status"
      },
      {
        "url" : "value",
        "valueString" : "true"
      }],
      "url" : "http://hl7.org/fhir/tools/StructureDefinition/ig-parameter"
    },
    {
      "extension" : [{
        "url" : "code",
        "valueCode" : "excludelogbinaryformat"
      },
      {
        "url" : "value",
        "valueString" : "true"
      }],
      "url" : "http://hl7.org/fhir/tools/StructureDefinition/ig-parameter"
    },
    {
      "extension" : [{
        "url" : "code",
        "valueCode" : "tabbed-snapshots"
      },
      {
        "url" : "value",
        "valueString" : "true"
      }],
      "url" : "http://hl7.org/fhir/tools/StructureDefinition/ig-parameter"
    }],
    "resource" : [{
      "extension" : [{
        "url" : "http://hl7.org/fhir/tools/StructureDefinition/resource-information",
        "valueString" : "StructureDefinition:resource"
      }],
      "reference" : {
        "reference" : "StructureDefinition/ccg-card-adminrx-ad"
      },
      "name" : "Activity Definition for the Administer Medication CARD",
      "description" : "Simple profile to inherit the base and set topic to the appropriate CARD",
      "exampleBoolean" : false
    },
    {
      "extension" : [{
        "url" : "http://hl7.org/fhir/tools/StructureDefinition/resource-information",
        "valueString" : "StructureDefinition:resource"
      }],
      "reference" : {
        "reference" : "StructureDefinition/ccg-card-collect-ad"
      },
      "name" : "Activity Definition for the Collect Information CARD",
      "description" : "Simple profile to inherit the base and set topic to the appropriate CARD",
      "exampleBoolean" : false
    },
    {
      "extension" : [{
        "url" : "http://hl7.org/fhir/tools/StructureDefinition/resource-information",
        "valueString" : "StructureDefinition:resource"
      }],
      "reference" : {
        "reference" : "StructureDefinition/ccg-card-disprx-ad"
      },
      "name" : "Activity Definition for the Dispense Medication CARD",
      "description" : "Simple profile to inherit the base and set topic to the appropriate CARD",
      "exampleBoolean" : false
    },
    {
      "extension" : [{
        "url" : "http://hl7.org/fhir/tools/StructureDefinition/resource-information",
        "valueString" : "StructureDefinition:resource"
      }],
      "reference" : {
        "reference" : "StructureDefinition/ccg-card-orderrx-ad"
      },
      "name" : "Activity Definition for the Order Medication CARD",
      "description" : "Simple profile to inherit the base and set topic to the appropriate CARD",
      "exampleBoolean" : false
    },
    {
      "extension" : [{
        "url" : "http://hl7.org/fhir/tools/StructureDefinition/resource-information",
        "valueString" : "StructureDefinition:resource"
      }],
      "reference" : {
        "reference" : "StructureDefinition/ccg-card-proposedx-ad"
      },
      "name" : "Activity Definition for the Propose a Diagnosis CARD",
      "description" : "Simple profile to inherit the base and set topic to the appropriate CARD",
      "exampleBoolean" : false
    },
    {
      "extension" : [{
        "url" : "http://hl7.org/fhir/tools/StructureDefinition/resource-information",
        "valueString" : "StructureDefinition:resource"
      }],
      "reference" : {
        "reference" : "StructureDefinition/ccg-card-provide-ad"
      },
      "name" : "Activity Definition for the Provide Information CARD",
      "description" : "Simple profile to inherit the base and set topic to the appropriate CARD",
      "exampleBoolean" : false
    },
    {
      "extension" : [{
        "url" : "http://hl7.org/fhir/tools/StructureDefinition/resource-information",
        "valueString" : "StructureDefinition:resource"
      }],
      "reference" : {
        "reference" : "StructureDefinition/ccg-card-reqlabs-ad"
      },
      "name" : "Activity Definition for the Request a Service (Lab Order) CARD",
      "description" : "Simple profile to inherit the base and set topic to the appropriate CARD",
      "exampleBoolean" : false
    },
    {
      "extension" : [{
        "url" : "http://hl7.org/fhir/tools/StructureDefinition/resource-information",
        "valueString" : "StructureDefinition:resource"
      }],
      "reference" : {
        "reference" : "StructureDefinition/ccg-card-reqprocserv-ad"
      },
      "name" : "Activity Definition for the Request a Service (Procedure Order) CARD",
      "description" : "Simple profile to inherit the base and set topic to the appropriate CARD",
      "exampleBoolean" : false
    },
    {
      "extension" : [{
        "url" : "http://hl7.org/fhir/tools/StructureDefinition/resource-information",
        "valueString" : "StructureDefinition:resource"
      }],
      "reference" : {
        "reference" : "StructureDefinition/ccg-card-reqradserv-ad"
      },
      "name" : "Activity Definition for the Request a Service (Radiology Order) CARD",
      "description" : "Simple profile to inherit the base and set topic to the appropriate CARD",
      "exampleBoolean" : false
    },
    {
      "extension" : [{
        "url" : "http://hl7.org/fhir/tools/StructureDefinition/resource-information",
        "valueString" : "StructureDefinition:resource"
      }],
      "reference" : {
        "reference" : "StructureDefinition/ccg-card-reqrefserv-ad"
      },
      "name" : "Activity Definition for the Request a Service (Referral) CARD",
      "description" : "Simple profile to inherit the base and set topic to the appropriate CARD",
      "exampleBoolean" : false
    },
    {
      "extension" : [{
        "url" : "http://hl7.org/fhir/tools/StructureDefinition/resource-information",
        "valueString" : "StructureDefinition:resource"
      }],
      "reference" : {
        "reference" : "StructureDefinition/ccg-card-reqvx-ad"
      },
      "name" : "Activity Definition for the Request Immunization CARD",
      "description" : "Simple profile to inherit the base and set topic to the appropriate CARD",
      "exampleBoolean" : false
    },
    {
      "extension" : [{
        "url" : "http://hl7.org/fhir/tools/StructureDefinition/resource-information",
        "valueString" : "StructureDefinition:resource"
      }],
      "reference" : {
        "reference" : "StructureDefinition/ccg-card-stoprx-ad"
      },
      "name" : "Activity Definition for the Stop Activity (Medication Order) CARD",
      "description" : "Simple profile to inherit the base and set topic to the appropriate CARD",
      "exampleBoolean" : false
    },
    {
      "extension" : [{
        "url" : "http://hl7.org/fhir/tools/StructureDefinition/resource-information",
        "valueString" : "StructureDefinition:resource"
      }],
      "reference" : {
        "reference" : "StructureDefinition/ccg-card-stopsrv-ad"
      },
      "name" : "Activity Definition for the Stop Activity (Service Order) CARD",
      "description" : "Simple profile to inherit the base and set topic to the appropriate CARD",
      "exampleBoolean" : false
    },
    {
      "extension" : [{
        "url" : "http://hl7.org/fhir/tools/StructureDefinition/resource-information",
        "valueString" : "ActivityDefinition"
      }],
      "reference" : {
        "reference" : "ActivityDefinition/activity-example-administermedication-ad"
      },
      "name" : "AD Administer Meds",
      "description" : "Example ActivityDefinition for Administer Medications CARD",
      "exampleCanonical" : "https://profiles.ihe.net/QRPH/CCG/StructureDefinition/ccg-card-adminrx-ad"
    },
    {
      "extension" : [{
        "url" : "http://hl7.org/fhir/tools/StructureDefinition/resource-information",
        "valueString" : "ActivityDefinition"
      }],
      "reference" : {
        "reference" : "ActivityDefinition/activity-example-collectinformation-ad"
      },
      "name" : "AD Collect info",
      "description" : "Example ActivityDefinition for Collect Info CARD",
      "exampleCanonical" : "https://profiles.ihe.net/QRPH/CCG/StructureDefinition/ccg-card-collect-ad"
    },
    {
      "extension" : [{
        "url" : "http://hl7.org/fhir/tools/StructureDefinition/resource-information",
        "valueString" : "ActivityDefinition"
      }],
      "reference" : {
        "reference" : "ActivityDefinition/activity-example-dispensemedication-ad"
      },
      "name" : "AD Dispense Meds",
      "description" : "Example ActivityDefinition for Dispense Medications CARD",
      "exampleCanonical" : "https://profiles.ihe.net/QRPH/CCG/StructureDefinition/ccg-card-disprx-ad"
    },
    {
      "extension" : [{
        "url" : "http://hl7.org/fhir/tools/StructureDefinition/resource-information",
        "valueString" : "ActivityDefinition"
      }],
      "reference" : {
        "reference" : "ActivityDefinition/activity-example-ordermedication-ad"
      },
      "name" : "AD Order Meds",
      "description" : "Example ActivityDefinition for Order Medications CARD",
      "exampleCanonical" : "https://profiles.ihe.net/QRPH/CCG/StructureDefinition/ccg-card-orderrx-ad"
    },
    {
      "extension" : [{
        "url" : "http://hl7.org/fhir/tools/StructureDefinition/resource-information",
        "valueString" : "ActivityDefinition"
      }],
      "reference" : {
        "reference" : "ActivityDefinition/activity-example-proposediagnosis-ad"
      },
      "name" : "AD Propose Diagnosis",
      "description" : "Example ActivityDefinition for Propose Diagnosis CARD",
      "exampleCanonical" : "https://profiles.ihe.net/QRPH/CCG/StructureDefinition/ccg-card-proposedx-ad"
    },
    {
      "extension" : [{
        "url" : "http://hl7.org/fhir/tools/StructureDefinition/resource-information",
        "valueString" : "ActivityDefinition"
      }],
      "reference" : {
        "reference" : "ActivityDefinition/activity-example-sendmessage-ad"
      },
      "name" : "AD Provide Information",
      "description" : "Example ActivityDefinition for Provide Information CARD",
      "exampleCanonical" : "https://profiles.ihe.net/QRPH/CCG/StructureDefinition/ccg-card-provide-ad"
    },
    {
      "extension" : [{
        "url" : "http://hl7.org/fhir/tools/StructureDefinition/resource-information",
        "valueString" : "ActivityDefinition"
      }],
      "reference" : {
        "reference" : "ActivityDefinition/activity-example-recommendimmunization-ad"
      },
      "name" : "AD Recommend Immunization",
      "description" : "Example ActivityDefinition for Recommend Immunization CARD",
      "exampleCanonical" : "https://profiles.ihe.net/QRPH/CCG/StructureDefinition/ccg-card-reqvx-ad"
    },
    {
      "extension" : [{
        "url" : "http://hl7.org/fhir/tools/StructureDefinition/resource-information",
        "valueString" : "ActivityDefinition"
      }],
      "reference" : {
        "reference" : "ActivityDefinition/activity-example-orderservice-lab-ad"
      },
      "name" : "AD Service Request (Lab Order)",
      "description" : "Example ActivityDefinition for Recommend Lab Order CARD",
      "exampleCanonical" : "https://profiles.ihe.net/QRPH/CCG/StructureDefinition/ccg-card-reqlabs-ad"
    },
    {
      "extension" : [{
        "url" : "http://hl7.org/fhir/tools/StructureDefinition/resource-information",
        "valueString" : "ActivityDefinition"
      }],
      "reference" : {
        "reference" : "ActivityDefinition/activity-example-orderservice-proc-ad"
      },
      "name" : "AD Service Request (Procedure Order)",
      "description" : "Example ActivityDefinition for Recommend Procedure Order CARD",
      "exampleCanonical" : "https://profiles.ihe.net/QRPH/CCG/StructureDefinition/ccg-card-reqprocserv-ad"
    },
    {
      "extension" : [{
        "url" : "http://hl7.org/fhir/tools/StructureDefinition/resource-information",
        "valueString" : "ActivityDefinition"
      }],
      "reference" : {
        "reference" : "ActivityDefinition/activity-example-orderservice-rad-ad"
      },
      "name" : "AD Service Request (Radiology Order)",
      "description" : "Example ActivityDefinition for Recommend Radiology Order CARD",
      "exampleCanonical" : "https://profiles.ihe.net/QRPH/CCG/StructureDefinition/ccg-card-reqradserv-ad"
    },
    {
      "extension" : [{
        "url" : "http://hl7.org/fhir/tools/StructureDefinition/resource-information",
        "valueString" : "ActivityDefinition"
      }],
      "reference" : {
        "reference" : "ActivityDefinition/activity-example-orderservice-ref-ad"
      },
      "name" : "AD Service Request (Referral Order)",
      "description" : "Example ActivityDefinition for Recommend Referral Order CARD",
      "exampleCanonical" : "https://profiles.ihe.net/QRPH/CCG/StructureDefinition/ccg-card-reqrefserv-ad"
    },
    {
      "extension" : [{
        "url" : "http://hl7.org/fhir/tools/StructureDefinition/resource-information",
        "valueString" : "ActivityDefinition"
      }],
      "reference" : {
        "reference" : "ActivityDefinition/activity-example-stopmedication-ad"
      },
      "name" : "AD Stop Task (Medication Order)",
      "description" : "Example ActivityDefinition for Stop Medication Order CARD",
      "exampleCanonical" : "https://profiles.ihe.net/QRPH/CCG/StructureDefinition/ccg-card-stoprx-ad"
    },
    {
      "extension" : [{
        "url" : "http://hl7.org/fhir/tools/StructureDefinition/resource-information",
        "valueString" : "ActivityDefinition"
      }],
      "reference" : {
        "reference" : "ActivityDefinition/activity-example-stopservice-ad"
      },
      "name" : "AD Stop Task (Service Order)",
      "description" : "Example ActivityDefinition for Stop Service Order CARD",
      "exampleCanonical" : "https://profiles.ihe.net/QRPH/CCG/StructureDefinition/ccg-card-stopsrv-ad"
    },
    {
      "extension" : [{
        "url" : "http://hl7.org/fhir/tools/StructureDefinition/resource-information",
        "valueString" : "ValueSet"
      }],
      "reference" : {
        "reference" : "ValueSet/ccg-signature-sigformat"
      },
      "name" : "AllowedSignature signatureFormat",
      "description" : "Constraining to signature xml and json only",
      "exampleBoolean" : false
    },
    {
      "extension" : [{
        "url" : "http://hl7.org/fhir/tools/StructureDefinition/resource-information",
        "valueString" : "ValueSet"
      }],
      "reference" : {
        "reference" : "ValueSet/ccg-signature-target"
      },
      "name" : "AllowedSignature targetFormat",
      "description" : "Constraining to fhir only",
      "exampleBoolean" : false
    },
    {
      "extension" : [{
        "url" : "http://hl7.org/fhir/tools/StructureDefinition/resource-information",
        "valueString" : "StructureDefinition:resource:abstract"
      }],
      "reference" : {
        "reference" : "StructureDefinition/ccg-card-pd-base"
      },
      "name" : "Base CARD PlanDefinition",
      "description" : "Profile to serve as the basis for all CARD PlanDefinitions based on the CPG Computable PlanDefinition",
      "exampleBoolean" : false
    },
    {
      "extension" : [{
        "url" : "http://hl7.org/fhir/tools/StructureDefinition/resource-information",
        "valueString" : "PlanDefinition"
      }],
      "reference" : {
        "reference" : "PlanDefinition/card-example-adminrx"
      },
      "name" : "CARD Administer Medication",
      "description" : "Example CCG CARD to Administer Medication",
      "exampleCanonical" : "https://profiles.ihe.net/QRPH/CCG/StructureDefinition/ccg-card-adminrx"
    },
    {
      "extension" : [{
        "url" : "http://hl7.org/fhir/tools/StructureDefinition/resource-information",
        "valueString" : "PlanDefinition"
      }],
      "reference" : {
        "reference" : "PlanDefinition/card-example-collect"
      },
      "name" : "CARD Collect Information",
      "description" : "Example CCG CARD to Collect Information",
      "exampleCanonical" : "https://profiles.ihe.net/QRPH/CCG/StructureDefinition/ccg-card-collect"
    },
    {
      "extension" : [{
        "url" : "http://hl7.org/fhir/tools/StructureDefinition/resource-information",
        "valueString" : "Provenance"
      }],
      "reference" : {
        "reference" : "Provenance/example-ccg-CARD-signature"
      },
      "name" : "CARD Digital Signature example",
      "description" : "Example FHIR Provenance resource for CARD digital signature",
      "exampleCanonical" : "https://profiles.ihe.net/QRPH/CCG/StructureDefinition/ccg-signature"
    },
    {
      "extension" : [{
        "url" : "http://hl7.org/fhir/tools/StructureDefinition/resource-information",
        "valueString" : "PlanDefinition"
      }],
      "reference" : {
        "reference" : "PlanDefinition/card-example-disprx"
      },
      "name" : "CARD Dispense Medication",
      "description" : "Example CCG CARD to Dispense Medication",
      "exampleCanonical" : "https://profiles.ihe.net/QRPH/CCG/StructureDefinition/ccg-card-disprx"
    },
    {
      "extension" : [{
        "url" : "http://hl7.org/fhir/tools/StructureDefinition/resource-information",
        "valueString" : "PlanDefinition"
      }],
      "reference" : {
        "reference" : "PlanDefinition/card-example-orderrx"
      },
      "name" : "CARD Order Medication",
      "description" : "Example CCG CARD to Order Medication",
      "exampleCanonical" : "https://profiles.ihe.net/QRPH/CCG/StructureDefinition/ccg-card-orderrx"
    },
    {
      "extension" : [{
        "url" : "http://hl7.org/fhir/tools/StructureDefinition/resource-information",
        "valueString" : "PlanDefinition"
      }],
      "reference" : {
        "reference" : "PlanDefinition/card-example-propdx"
      },
      "name" : "CARD Propose Diagnosis",
      "description" : "Example CCG CARD to Propose a Diagnosis",
      "exampleCanonical" : "https://profiles.ihe.net/QRPH/CCG/StructureDefinition/ccg-card-proposedx"
    },
    {
      "extension" : [{
        "url" : "http://hl7.org/fhir/tools/StructureDefinition/resource-information",
        "valueString" : "PlanDefinition"
      }],
      "reference" : {
        "reference" : "PlanDefinition/card-example-provide"
      },
      "name" : "CARD Provide Information",
      "description" : "Example CCG CARD to Provide Information",
      "exampleCanonical" : "https://profiles.ihe.net/QRPH/CCG/StructureDefinition/ccg-card-provide"
    },
    {
      "extension" : [{
        "url" : "http://hl7.org/fhir/tools/StructureDefinition/resource-information",
        "valueString" : "PlanDefinition"
      }],
      "reference" : {
        "reference" : "PlanDefinition/card-example-reqvx"
      },
      "name" : "CARD Recommend Immunization",
      "description" : "Example CCG CARD to Recommend an Immunization",
      "exampleCanonical" : "https://profiles.ihe.net/QRPH/CCG/StructureDefinition/ccg-card-reqvx"
    },
    {
      "extension" : [{
        "url" : "http://hl7.org/fhir/tools/StructureDefinition/resource-information",
        "valueString" : "PlanDefinition"
      }],
      "reference" : {
        "reference" : "PlanDefinition/card-example-reqlab"
      },
      "name" : "CARD Recommend Lab Order",
      "description" : "Example CCG CARD to Recommend a Lab Order",
      "exampleCanonical" : "https://profiles.ihe.net/QRPH/CCG/StructureDefinition/ccg-card-reqserv-labs"
    },
    {
      "extension" : [{
        "url" : "http://hl7.org/fhir/tools/StructureDefinition/resource-information",
        "valueString" : "PlanDefinition"
      }],
      "reference" : {
        "reference" : "PlanDefinition/card-example-reqproc"
      },
      "name" : "CARD Recommend Procedure Order",
      "description" : "Example CCG CARD to Recommend a Procedure",
      "exampleCanonical" : "https://profiles.ihe.net/QRPH/CCG/StructureDefinition/ccg-card-reqprocserv"
    },
    {
      "extension" : [{
        "url" : "http://hl7.org/fhir/tools/StructureDefinition/resource-information",
        "valueString" : "PlanDefinition"
      }],
      "reference" : {
        "reference" : "PlanDefinition/card-example-reqrad"
      },
      "name" : "CARD Recommend Radiology Order",
      "description" : "Example CCG CARD to Recommend a Radiology Order",
      "exampleCanonical" : "https://profiles.ihe.net/QRPH/CCG/StructureDefinition/ccg-card-reqradserv"
    },
    {
      "extension" : [{
        "url" : "http://hl7.org/fhir/tools/StructureDefinition/resource-information",
        "valueString" : "PlanDefinition"
      }],
      "reference" : {
        "reference" : "PlanDefinition/card-example-reqref"
      },
      "name" : "CARD Recommend Referral Order",
      "description" : "Example CCG CARD to Recommend a Referral Order",
      "exampleCanonical" : "https://profiles.ihe.net/QRPH/CCG/StructureDefinition/ccg-card-reqrefserv"
    },
    {
      "extension" : [{
        "url" : "http://hl7.org/fhir/tools/StructureDefinition/resource-information",
        "valueString" : "PlanDefinition"
      }],
      "reference" : {
        "reference" : "PlanDefinition/card-example-stoprx"
      },
      "name" : "CARD Stop Medication Order",
      "description" : "Example CCG CARD to Recommend Stopping a Medication Order",
      "exampleCanonical" : "https://profiles.ihe.net/QRPH/CCG/StructureDefinition/ccg-card-stoprx"
    },
    {
      "extension" : [{
        "url" : "http://hl7.org/fhir/tools/StructureDefinition/resource-information",
        "valueString" : "PlanDefinition"
      }],
      "reference" : {
        "reference" : "PlanDefinition/card-example-stopsrv"
      },
      "name" : "CARD Stop Service Order",
      "description" : "Example CCG CARD to Recommend Stopping a Service Order",
      "exampleCanonical" : "https://profiles.ihe.net/QRPH/CCG/StructureDefinition/ccg-card-stopsrv"
    },
    {
      "extension" : [{
        "url" : "http://hl7.org/fhir/tools/StructureDefinition/resource-information",
        "valueString" : "StructureDefinition:resource"
      }],
      "reference" : {
        "reference" : "StructureDefinition/ccg-signature"
      },
      "name" : "CCG CARD Digital Signature",
      "description" : "This is a profile on the FHIR Provenance resource to align with CCG requirements for signature",
      "exampleBoolean" : false
    },
    {
      "extension" : [{
        "url" : "http://hl7.org/fhir/tools/StructureDefinition/resource-information",
        "valueString" : "StructureDefinition:resource"
      }],
      "reference" : {
        "reference" : "StructureDefinition/ccg-card-folder"
      },
      "name" : "CCG CARD Folder PlanDefinition",
      "description" : "Each unique CCG will be expressed as a PlanDefinition (a CCG Folder) that lists the CCG's defined CARDs",
      "exampleBoolean" : false
    },
    {
      "extension" : [{
        "url" : "http://hl7.org/fhir/tools/StructureDefinition/resource-information",
        "valueString" : "StructureDefinition:resource"
      }],
      "reference" : {
        "reference" : "StructureDefinition/ccg-card-adminrx"
      },
      "name" : "CCG CARD type - Administer Medication",
      "description" : "The role of this type of CCG CARD is to record a medication administration for the patient.",
      "exampleBoolean" : false
    },
    {
      "extension" : [{
        "url" : "http://hl7.org/fhir/tools/StructureDefinition/resource-information",
        "valueString" : "StructureDefinition:resource"
      }],
      "reference" : {
        "reference" : "StructureDefinition/ccg-card-collect"
      },
      "name" : "CCG CARD type - Collect Information",
      "description" : "The role of this type of CCG CARD is to collect information about the patient.",
      "exampleBoolean" : false
    },
    {
      "extension" : [{
        "url" : "http://hl7.org/fhir/tools/StructureDefinition/resource-information",
        "valueString" : "StructureDefinition:resource"
      }],
      "reference" : {
        "reference" : "StructureDefinition/ccg-card-disprx"
      },
      "name" : "CCG CARD type - Dispense Medication",
      "description" : "The role of this type of CCG CARD is to create a medication dispensation for the patient.",
      "exampleBoolean" : false
    },
    {
      "extension" : [{
        "url" : "http://hl7.org/fhir/tools/StructureDefinition/resource-information",
        "valueString" : "StructureDefinition:resource"
      }],
      "reference" : {
        "reference" : "StructureDefinition/ccg-card-orderrx"
      },
      "name" : "CCG CARD type - Order Medication",
      "description" : "The role of this type of CCG CARD is to create a prescription / medication order for the patient.",
      "exampleBoolean" : false
    },
    {
      "extension" : [{
        "url" : "http://hl7.org/fhir/tools/StructureDefinition/resource-information",
        "valueString" : "StructureDefinition:resource"
      }],
      "reference" : {
        "reference" : "StructureDefinition/ccg-card-proposedx"
      },
      "name" : "CCG CARD type - Propose a Diagnosis",
      "description" : "The role of this type of CCG CARD is to propose a diagnosis of health conditions; it content about the patient.",
      "exampleBoolean" : false
    },
    {
      "extension" : [{
        "url" : "http://hl7.org/fhir/tools/StructureDefinition/resource-information",
        "valueString" : "StructureDefinition:resource"
      }],
      "reference" : {
        "reference" : "StructureDefinition/ccg-card-provide"
      },
      "name" : "CCG CARD type - Provide Information",
      "description" : "The role of this type of CCG CARD is to provide information, counselling, or instructions to the patient.",
      "exampleBoolean" : false
    },
    {
      "extension" : [{
        "url" : "http://hl7.org/fhir/tools/StructureDefinition/resource-information",
        "valueString" : "StructureDefinition:resource"
      }],
      "reference" : {
        "reference" : "StructureDefinition/ccg-card-reqserv-labs"
      },
      "name" : "CCG CARD type - Request a Service (Lab Order)",
      "description" : "The role of this type of CCG CARD is to create a laboratory / pathology ServiceRequest for the patient.",
      "exampleBoolean" : false
    },
    {
      "extension" : [{
        "url" : "http://hl7.org/fhir/tools/StructureDefinition/resource-information",
        "valueString" : "StructureDefinition:resource"
      }],
      "reference" : {
        "reference" : "StructureDefinition/ccg-card-reqprocserv"
      },
      "name" : "CCG CARD type - Request a Service (Procedure Order)",
      "description" : "The role of this type of CCG CARD is to create a procedure ServiceRequest for the patient.",
      "exampleBoolean" : false
    },
    {
      "extension" : [{
        "url" : "http://hl7.org/fhir/tools/StructureDefinition/resource-information",
        "valueString" : "StructureDefinition:resource"
      }],
      "reference" : {
        "reference" : "StructureDefinition/ccg-card-reqradserv"
      },
      "name" : "CCG CARD type - Request a Service (Radiology Order)",
      "description" : "The role of this type of CCG CARD is to create a laboratory / pathology ServiceRequest for the patient.",
      "exampleBoolean" : false
    },
    {
      "extension" : [{
        "url" : "http://hl7.org/fhir/tools/StructureDefinition/resource-information",
        "valueString" : "StructureDefinition:resource"
      }],
      "reference" : {
        "reference" : "StructureDefinition/ccg-card-reqrefserv"
      },
      "name" : "CCG CARD type - Request a Service (Referral)",
      "description" : "The role of this type of CCG CARD is to create a procedure ServiceRequest for the patient.",
      "exampleBoolean" : false
    },
    {
      "extension" : [{
        "url" : "http://hl7.org/fhir/tools/StructureDefinition/resource-information",
        "valueString" : "StructureDefinition:resource"
      }],
      "reference" : {
        "reference" : "StructureDefinition/ccg-card-reqvx"
      },
      "name" : "CCG CARD type - Request Immunization",
      "description" : "The role of this type of CCG CARD is to recommend and record an immunization event for the patient. Importantly, this CARD does not create an order for a future planned immunization.",
      "exampleBoolean" : false
    },
    {
      "extension" : [{
        "url" : "http://hl7.org/fhir/tools/StructureDefinition/resource-information",
        "valueString" : "StructureDefinition:resource"
      }],
      "reference" : {
        "reference" : "StructureDefinition/ccg-card-stoprx"
      },
      "name" : "CCG CARD type - Stop Activity (Medication Order)",
      "description" : "The role of this type of CCG CARD is to create a Task that, upon being processed, will “stop” a patient’s presently active MedicationRequest (i.e. set status to stopped).",
      "exampleBoolean" : false
    },
    {
      "extension" : [{
        "url" : "http://hl7.org/fhir/tools/StructureDefinition/resource-information",
        "valueString" : "StructureDefinition:resource"
      }],
      "reference" : {
        "reference" : "StructureDefinition/ccg-card-stopsrv"
      },
      "name" : "CCG CARD type - Stop Activity (Service Order)",
      "description" : "The role of this type of CCG CARD is to create a Task that, upon being processed, will “stop” a patient&apos;s presently active ServiceRequest (i.e. set status to revoked).",
      "exampleBoolean" : false
    },
    {
      "extension" : [{
        "url" : "http://hl7.org/fhir/tools/StructureDefinition/resource-information",
        "valueString" : "StructureDefinition:resource"
      }],
      "reference" : {
        "reference" : "StructureDefinition/ccg-di-bundle"
      },
      "name" : "CCG Data In Bundle",
      "description" : "CCG Data Input Bundle. \r\nA container for a collection of resources that is passed as part of the Apply Guideline transaction submission. This bundle represents the content that will be used by the Guideline Engine to evaluate all relevant CCG CARD&amp;s condition statements during the $apply operation.",
      "exampleBoolean" : false
    },
    {
      "extension" : [{
        "url" : "http://hl7.org/fhir/tools/StructureDefinition/resource-information",
        "valueString" : "StructureDefinition:resource"
      }],
      "reference" : {
        "reference" : "StructureDefinition/ccg-di-encounter"
      },
      "name" : "CCG Data-In Bundle Encounter",
      "description" : "Identifies the Encounter to which the CCG Apply Guideline transaction is relevant.",
      "exampleBoolean" : false
    },
    {
      "extension" : [{
        "url" : "http://hl7.org/fhir/tools/StructureDefinition/resource-information",
        "valueString" : "StructureDefinition:resource"
      }],
      "reference" : {
        "reference" : "StructureDefinition/ccg-data-in-ips-careplan"
      },
      "name" : "CCG Data-In Bundle IPS CarePlan Specific Resource",
      "description" : "This is a CarePlan profile that forces at least one of the activity.definitionCanonical to be a CARD Folder",
      "exampleBoolean" : false
    },
    {
      "extension" : [{
        "url" : "http://hl7.org/fhir/tools/StructureDefinition/resource-information",
        "valueString" : "StructureDefinition:resource"
      }],
      "reference" : {
        "reference" : "StructureDefinition/ccg-di-ips-composition"
      },
      "name" : "CCG Data-In Bundle IPS Composition Resource",
      "description" : "IPS Composition Resource Profiled for use with CCG",
      "exampleBoolean" : false
    },
    {
      "extension" : [{
        "url" : "http://hl7.org/fhir/tools/StructureDefinition/resource-information",
        "valueString" : "StructureDefinition:resource"
      }],
      "reference" : {
        "reference" : "StructureDefinition/ccg-di-location"
      },
      "name" : "CCG Data-In Bundle Location",
      "description" : "Location of the Encounter in the Data-in Bundle",
      "exampleBoolean" : false
    },
    {
      "extension" : [{
        "url" : "http://hl7.org/fhir/tools/StructureDefinition/resource-information",
        "valueString" : "StructureDefinition:resource"
      }],
      "reference" : {
        "reference" : "StructureDefinition/ccg-di-organization"
      },
      "name" : "CCG Data-In Bundle Organization",
      "description" : "Organization relevant to the current Encounter",
      "exampleBoolean" : false
    },
    {
      "extension" : [{
        "url" : "http://hl7.org/fhir/tools/StructureDefinition/resource-information",
        "valueString" : "StructureDefinition:resource"
      }],
      "reference" : {
        "reference" : "StructureDefinition/ccg-di-practitioner"
      },
      "name" : "CCG Data-In Bundle Practitioner",
      "description" : "Identifies the Practitioner initiating the CCG Apply Guideline transaction",
      "exampleBoolean" : false
    },
    {
      "extension" : [{
        "url" : "http://hl7.org/fhir/tools/StructureDefinition/resource-information",
        "valueString" : "StructureDefinition:resource"
      }],
      "reference" : {
        "reference" : "StructureDefinition/ccg-di-practitionerrole"
      },
      "name" : "CCG Data-In Bundle PractitionerRole",
      "description" : "Role of the Practitioner in the Data-in Bundle",
      "exampleBoolean" : false
    },
    {
      "extension" : [{
        "url" : "http://hl7.org/fhir/tools/StructureDefinition/resource-information",
        "valueString" : "StructureDefinition:resource"
      }],
      "reference" : {
        "reference" : "StructureDefinition/ccg-deployment"
      },
      "name" : "CCG Deployment Package (IG)",
      "description" : "The deployment model is that each unique CCG Folder and its contents will be contained in a FHIR package.",
      "exampleBoolean" : false
    },
    {
      "extension" : [{
        "url" : "http://hl7.org/fhir/tools/StructureDefinition/resource-information",
        "valueString" : "PlanDefinition"
      }],
      "reference" : {
        "reference" : "PlanDefinition/ccg-folder-Diabetes"
      },
      "name" : "CCG Folder 1",
      "description" : "Example CCG Folder - e.g. Diabetes",
      "exampleCanonical" : "https://profiles.ihe.net/QRPH/CCG/StructureDefinition/ccg-card-folder"
    },
    {
      "extension" : [{
        "url" : "http://hl7.org/fhir/tools/StructureDefinition/resource-information",
        "valueString" : "PlanDefinition"
      }],
      "reference" : {
        "reference" : "PlanDefinition/ccg-folder-Hypertension"
      },
      "name" : "CCG Folder 2",
      "description" : "Example CCG Folder - e.g. Hypertension",
      "exampleCanonical" : "https://profiles.ihe.net/QRPH/CCG/StructureDefinition/ccg-card-folder"
    },
    {
      "extension" : [{
        "url" : "http://hl7.org/fhir/tools/StructureDefinition/resource-information",
        "valueString" : "StructureDefinition:resource"
      }],
      "reference" : {
        "reference" : "StructureDefinition/ccg-di-ips-bundle"
      },
      "name" : "CCG IPS Bundle",
      "description" : "This bundle follows the IPS Bundle with the exception of using the CCG Composition",
      "exampleBoolean" : false
    },
    {
      "extension" : [{
        "url" : "http://hl7.org/fhir/tools/StructureDefinition/resource-information",
        "valueString" : "StructureDefinition:resource"
      }],
      "reference" : {
        "reference" : "StructureDefinition/ccg-card-library"
      },
      "name" : "CCG Library for CARDs",
      "description" : "Profile to serve as the basis for all CARD definitions referencing Library resources based on the CPG CQL Library",
      "exampleBoolean" : false
    },
    {
      "extension" : [{
        "url" : "http://hl7.org/fhir/tools/StructureDefinition/resource-information",
        "valueString" : "StructureDefinition:resource"
      }],
      "reference" : {
        "reference" : "StructureDefinition/ccg-patient-plans"
      },
      "name" : "CCG Patient Plans (patient-specific) PlanDefinition",
      "description" : "A patient-specific PlanDefinition holds the list of one or more applicable CCG Folders.",
      "exampleBoolean" : false
    },
    {
      "extension" : [{
        "url" : "http://hl7.org/fhir/tools/StructureDefinition/resource-information",
        "valueString" : "CodeSystem"
      }],
      "reference" : {
        "reference" : "CodeSystem/ccg-card-type-cs"
      },
      "name" : "Code System for All CCG Card Types",
      "description" : "This CodeSystem defines all known CardTypes for use in CARD PlanDefinitions",
      "exampleBoolean" : false
    },
    {
      "extension" : [{
        "url" : "http://hl7.org/fhir/tools/StructureDefinition/resource-information",
        "valueString" : "CarePlan"
      }],
      "reference" : {
        "reference" : "CarePlan/CCG-careplan-example"
      },
      "name" : "Data-in Care Plan",
      "description" : "Example CarePlan resource including a patient-speicific PlanDefinition (to reference applicable CCG Folders).",
      "exampleCanonical" : "https://profiles.ihe.net/QRPH/CCG/StructureDefinition/ccg-data-in-ips-careplan"
    },
    {
      "extension" : [{
        "url" : "http://hl7.org/fhir/tools/StructureDefinition/resource-information",
        "valueString" : "Encounter"
      }],
      "reference" : {
        "reference" : "Encounter/Encounter-1234567"
      },
      "name" : "Data-in Encounter",
      "description" : "Example in-progress outpatient encounter of normal priority",
      "exampleCanonical" : "https://profiles.ihe.net/QRPH/CCG/StructureDefinition/ccg-di-encounter"
    },
    {
      "extension" : [{
        "url" : "http://hl7.org/fhir/tools/StructureDefinition/resource-information",
        "valueString" : "Location"
      }],
      "reference" : {
        "reference" : "Location/Location-12"
      },
      "name" : "Data-in Location",
      "description" : "Example Location (Standalone Primary Care Clinic)",
      "exampleCanonical" : "https://profiles.ihe.net/QRPH/CCG/StructureDefinition/ccg-di-location"
    },
    {
      "extension" : [{
        "url" : "http://hl7.org/fhir/tools/StructureDefinition/resource-information",
        "valueString" : "Organization"
      }],
      "reference" : {
        "reference" : "Organization/Organization-14"
      },
      "name" : "Data-in Organization",
      "description" : "Example organization providing family care services",
      "exampleCanonical" : "https://profiles.ihe.net/QRPH/CCG/StructureDefinition/ccg-di-organization"
    },
    {
      "extension" : [{
        "url" : "http://hl7.org/fhir/tools/StructureDefinition/resource-information",
        "valueString" : "Patient"
      }],
      "reference" : {
        "reference" : "Patient/ZKT9319"
      },
      "name" : "Data-in Patient",
      "description" : "Example patient to which all the Data-in example content relates",
      "exampleBoolean" : true
    },
    {
      "extension" : [{
        "url" : "http://hl7.org/fhir/tools/StructureDefinition/resource-information",
        "valueString" : "PlanDefinition"
      }],
      "reference" : {
        "reference" : "PlanDefinition/CCG-patient-plans-example"
      },
      "name" : "Data-in PlanDefinition for Patient CCGs",
      "description" : "An example person-centric PlanDefinition resource referencing applicable CCG Folders.",
      "exampleCanonical" : "https://profiles.ihe.net/QRPH/CCG/StructureDefinition/ccg-patient-plans"
    },
    {
      "extension" : [{
        "url" : "http://hl7.org/fhir/tools/StructureDefinition/resource-information",
        "valueString" : "Practitioner"
      }],
      "reference" : {
        "reference" : "Practitioner/Practitioner-123"
      },
      "name" : "Data-in Practitioner",
      "description" : "Example practitioner (Family Doctor)",
      "exampleCanonical" : "https://profiles.ihe.net/QRPH/CCG/StructureDefinition/ccg-di-practitioner"
    },
    {
      "extension" : [{
        "url" : "http://hl7.org/fhir/tools/StructureDefinition/resource-information",
        "valueString" : "PractitionerRole"
      }],
      "reference" : {
        "reference" : "PractitionerRole/PractitionerRole-124"
      },
      "name" : "Data-in PractitionerRole",
      "description" : "Example practitionerRole (Family Doctor in a Family Practice setting)",
      "exampleCanonical" : "https://profiles.ihe.net/QRPH/CCG/StructureDefinition/ccg-di-practitionerrole"
    },
    {
      "extension" : [{
        "url" : "http://hl7.org/fhir/tools/StructureDefinition/resource-information",
        "valueString" : "CapabilityStatement"
      }],
      "reference" : {
        "reference" : "CapabilityStatement/IHE.CCG.GuidelineEngine"
      },
      "name" : "Guideline Engine",
      "description" : "IHE QRPH Computable Care Guidelines (CCG) - Guideline Engine.",
      "exampleBoolean" : false
    },
    {
      "extension" : [{
        "url" : "http://hl7.org/fhir/tools/StructureDefinition/resource-information",
        "valueString" : "CapabilityStatement"
      }],
      "reference" : {
        "reference" : "CapabilityStatement/IHE.CCG.GuidelinePerformer"
      },
      "name" : "Guideline Performer",
      "description" : "IHE QRPH Computable Care Guidelines (CCG) - Guideline Performer.",
      "exampleBoolean" : false
    },
    {
      "extension" : [{
        "url" : "http://hl7.org/fhir/tools/StructureDefinition/resource-information",
        "valueString" : "ValueSet"
      }],
      "reference" : {
        "reference" : "ValueSet/ccg-card-type"
      },
      "name" : "ValueSet of all Current CCG Card Types",
      "description" : "This list includes all currently defined CCG CARD Types",
      "exampleBoolean" : false
    }],
    "page" : {
      "extension" : [{
        "url" : "http://hl7.org/fhir/tools/StructureDefinition/ig-page-name",
        "valueUrl" : "toc.html"
      }],
      "nameUrl" : "toc.html",
      "title" : "Table of Contents",
      "generation" : "html",
      "page" : [{
        "extension" : [{
          "url" : "http://hl7.org/fhir/tools/StructureDefinition/ig-page-name",
          "valueUrl" : "index.html"
        }],
        "nameUrl" : "index.html",
        "title" : "Computable Care Guidelines (CCG) Home",
        "generation" : "markdown"
      },
      {
        "extension" : [{
          "url" : "http://hl7.org/fhir/tools/StructureDefinition/ig-page-name",
          "valueUrl" : "CCG_v1_over.html"
        }],
        "nameUrl" : "CCG_v1_over.html",
        "title" : "Business Description",
        "generation" : "markdown"
      },
      {
        "extension" : [{
          "url" : "http://hl7.org/fhir/tools/StructureDefinition/ig-page-name",
          "valueUrl" : "CCG_v1_actor.html"
        }],
        "nameUrl" : "CCG_v1_actor.html",
        "title" : "Actors",
        "generation" : "markdown"
      },
      {
        "extension" : [{
          "url" : "http://hl7.org/fhir/tools/StructureDefinition/ig-page-name",
          "valueUrl" : "CCG_v2_x1.html"
        }],
        "nameUrl" : "CCG_v2_x1.html",
        "title" : "2:3.61 Search for Guidelines [QRPH-61]",
        "generation" : "markdown"
      },
      {
        "extension" : [{
          "url" : "http://hl7.org/fhir/tools/StructureDefinition/ig-page-name",
          "valueUrl" : "CCG_v2_x2.html"
        }],
        "nameUrl" : "CCG_v2_x2.html",
        "title" : "2:3.62 Retrieve Guideline [QRPH-62]",
        "generation" : "markdown"
      },
      {
        "extension" : [{
          "url" : "http://hl7.org/fhir/tools/StructureDefinition/ig-page-name",
          "valueUrl" : "CCG_v2_x3.html"
        }],
        "nameUrl" : "CCG_v2_x3.html",
        "title" : "2:3.63 Publish Guideline [QRPH-63]",
        "generation" : "markdown"
      },
      {
        "extension" : [{
          "url" : "http://hl7.org/fhir/tools/StructureDefinition/ig-page-name",
          "valueUrl" : "CCG_v2_x4.html"
        }],
        "nameUrl" : "CCG_v2_x4.html",
        "title" : "2:3.64 Apply Guideline [QRPH-64]",
        "generation" : "markdown"
      },
      {
        "extension" : [{
          "url" : "http://hl7.org/fhir/tools/StructureDefinition/ig-page-name",
          "valueUrl" : "CCG_v3_launch.html"
        }],
        "nameUrl" : "CCG_v3_launch.html",
        "title" : "Content Specifications",
        "generation" : "markdown"
      },
      {
        "extension" : [{
          "url" : "http://hl7.org/fhir/tools/StructureDefinition/ig-page-name",
          "valueUrl" : "CCG_v4.html"
        }],
        "nameUrl" : "CCG_v4.html",
        "title" : "Jurisdictional Contextualizations",
        "generation" : "markdown"
      },
      {
        "extension" : [{
          "url" : "http://hl7.org/fhir/tools/StructureDefinition/ig-page-name",
          "valueUrl" : "testplan.html"
        }],
        "nameUrl" : "testplan.html",
        "title" : "Test Plan",
        "generation" : "markdown"
      },
      {
        "extension" : [{
          "url" : "http://hl7.org/fhir/tools/StructureDefinition/ig-page-name",
          "valueUrl" : "other.html"
        }],
        "nameUrl" : "other.html",
        "title" : "Changes to Other IHE Specifications",
        "generation" : "markdown"
      },
      {
        "extension" : [{
          "url" : "http://hl7.org/fhir/tools/StructureDefinition/ig-page-name",
          "valueUrl" : "download.html"
        }],
        "nameUrl" : "download.html",
        "title" : "Download and Analysis",
        "generation" : "markdown"
      },
      {
        "extension" : [{
          "url" : "http://hl7.org/fhir/tools/StructureDefinition/ig-page-name",
          "valueUrl" : "issues.html"
        }],
        "nameUrl" : "issues.html",
        "title" : "Significant Changes and Issues",
        "generation" : "markdown"
      }]
    },
    "parameter" : [{
      "code" : "path-resource",
      "value" : "input/resources"
    },
    {
      "code" : "path-resource",
      "value" : "fsh-generated/resources"
    },
    {
      "code" : "path-resource",
      "value" : "input/examples"
    },
    {
      "code" : "path-resource",
      "value" : "input/capabilities"
    },
    {
      "code" : "path-resource",
      "value" : "input/extensions"
    },
    {
      "code" : "path-resource",
      "value" : "input/models"
    },
    {
      "code" : "path-resource",
      "value" : "input/operations"
    },
    {
      "code" : "path-resource",
      "value" : "input/profiles"
    },
    {
      "code" : "path-resource",
      "value" : "input/vocabulary"
    },
    {
      "code" : "path-resource",
      "value" : "input/testing"
    },
    {
      "code" : "path-resource",
      "value" : "input/history"
    },
    {
      "code" : "path-pages",
      "value" : "template/config"
    },
    {
      "code" : "path-pages",
      "value" : "input/images"
    },
    {
      "code" : "path-tx-cache",
      "value" : "input-cache/txcache"
    }]
  }
}