{
  "resourceType" : "CapabilityStatement",
  "id" : "IHE.PCF.consentRegistry",
  "text" : {
    "status" : "extensions",
    "div" : "<div xmlns=\"http://www.w3.org/1999/xhtml\"><h2 id=\"title\">IHE PCF Consent Registry</h2><ul><li>Implementation Guide Version: 1.1.0</li><li>FHIR Version: 4.0.1</li><li>Supported Formats: <code>application/fhir+xml</code>, <code>application/fhir+json</code></li><li>Supported Patch Formats: </li><li>Published on: Tue Feb 14 00:00:00 CST 2023</li><li>Published by: IHE IT Infrastructure Technical Committee</li></ul><blockquote class=\"impl-note\"><p><strong>Note to Implementers: FHIR Capabilities</strong></p><p>Any FHIR capability may be 'allowed' by the system unless explicitly marked as &quot;SHALL NOT&quot;. A few items are marked as MAY in the Implementation Guide to highlight their potential relevance to the use case.</p></blockquote><h2 id=\"rest\">FHIR RESTful Capabilities</h2><div class=\"panel panel-default\"><div class=\"panel-heading\"><h3 id=\"mode1\" class=\"panel-title\">Mode: <code>server</code></h3></div><div class=\"panel-body\"><div><p>PCF Consent Registry actor provides capability to record, search, and manage Consents.</p>\n</div><div class=\"lead\"><em>Security</em></div><blockquote><div><p>Recommend <a href=\"https://profiles.ihe.net/ITI/TF/Volume1/ch-9.html\">ATNA</a>, encouraged <a href=\"https://profiles.ihe.net/ITI/IUA/index.html\">IHE-IUA</a> or <a href=\"http://www.hl7.org/fhir/smart-app-launch/\">SMART-app-launch</a></p>\n</div></blockquote><div class=\"lead\"><em>Summary of System-wide Interactions</em></div><ul><li>Supports the <code>search-system</code> interaction.</li></ul></div></div><h3 id=\"resourcesCap1\">Capabilities by Resource/Profile</h3><h4 id=\"resourcesSummary1\">Summary</h4><p>The summary table lists the resources that are part of this configuration, and for each resource it lists:</p><ul><li>The relevant profiles (if any)</li><li>The interactions supported by each resource (<b><span class=\"bg-info\">R</span></b>ead, <b><span class=\"bg-info\">S</span></b>earch, <b><span class=\"bg-info\">U</span></b>pdate, and <b><span class=\"bg-info\">C</span></b>reate, are always shown, while <b><span class=\"bg-info\">VR</span></b>ead, <b><span class=\"bg-info\">P</span></b>atch, <b><span class=\"bg-info\">D</span></b>elete, <b><span class=\"bg-info\">H</span></b>istory on <b><span class=\"bg-info\">I</span></b>nstance, or <b><span class=\"bg-info\">H</span></b>istory on <b><span class=\"bg-info\">T</span></b>ype are only present if at least one of the resources has support for them.</li><li><span>The required, recommended, and some optional search parameters (if any). </span></li><li>The linked resources enabled for <code>_include</code></li><li>The other resources enabled for <code>_revinclude</code></li><li>The operations on the resource (if any)</li></ul><div class=\"table-responsive\"><table class=\"table table-condensed table-hover\"><thead><tr><th><b>Resource Type</b></th><th><b>Profile</b></th><th class=\"text-center\"><b title=\"GET a resource (read interaction)\">R</b></th><th class=\"text-center\"><b title=\"GET all set of resources of the type (search interaction)\">S</b></th><th class=\"text-center\"><b title=\"PUT a new resource version (update interaction)\">U</b></th><th class=\"text-center\"><b title=\"POST a new resource (create interaction)\">C</b></th><th class=\"text-center\"><b title=\"DELETE a resource (delete interaction)\">D</b></th><th><b title=\"Required and recommended search parameters\">Searches</b></th><th><code><b>_include</b></code></th><th><code><b>_revinclude</b></code></th><th><b>Operations</b></th></tr></thead><tbody><tr><td><a href=\"#Consent1-1\">Consent</a></td><td>\u00a0</td><td>y</td><td class=\"text-center\">y</td><td class=\"text-center\">y</td><td class=\"text-center\">y</td><td class=\"text-center\">y</td><td>_lastUpdated, _id, status, patient, patient.identifier, actor</td><td/><td/><td/></tr></tbody></table></div><hr/><div class=\"panel panel-default\"><div class=\"panel-heading\"><h4 id=\"Consent1-1\" class=\"panel-title\"><span style=\"float: right;\">Resource Conformance: supported</span>Consent</h4></div><div class=\"panel-body\"><div class=\"container\"><div class=\"row\"><div class=\"col-lg-4\"><span class=\"lead\">Core FHIR Resource</span><br/><a href=\"http://hl7.org/fhir/R4/consent.html\">Consent</a></div><div class=\"col-lg-4\"><span class=\"lead\">Reference Policy</span><br/></div><div class=\"col-lg-4\"><span class=\"lead\">Interaction summary</span><br/><ul><li>Supports <code>create</code>, <code>read</code>, <code>update</code>, <code>delete</code>, <code>search-type</code>.</li></ul></div></div><p/><p/><div class=\"row\"><div class=\"col-12\"><span class=\"lead\">Documentation</span><blockquote><div><p>PCF transaction <a href=\"ITI-108.html\">Access Consent [ITI-108]</a></p>\n</div></blockquote></div></div><div class=\"row\"><div class=\"col-lg-7\"><span class=\"lead\">Search Parameters</span><table class=\"table table-condensed table-hover\"><thead><tr><th>Conformance</th><th>Parameter</th><th>Type</th><th>Documentation</th></tr></thead><tbody><tr><td><b>SHALL</b></td><td>_lastUpdated</td><td><code>date</code></td><td><div><p>When the resource version last changed</p>\n</div></td></tr><tr><td><b>SHALL</b></td><td>_id</td><td><code>token</code></td><td><div><p>Logical id of this artifact</p>\n</div></td></tr><tr><td><b>SHALL</b></td><td>status</td><td><code>token</code></td><td><div><p>Whether the Consent record is active</p>\n</div></td></tr><tr><td><b>SHALL</b></td><td>patient</td><td><code>reference</code></td><td><div><p>The Patient</p>\n</div></td></tr><tr><td><b>SHALL</b></td><td>patient.identifier</td><td><code>token</code></td><td><div></div></td></tr><tr><td><b>SHALL</b></td><td>actor</td><td><code>token</code></td><td><div></div></td></tr></tbody></table></div><div class=\"col-lg-5\">\u00a0</div></div></div></div></div></div>"
  },
  "url" : "https://profiles.ihe.net/ITI/PCF/CapabilityStatement/IHE.PCF.consentRegistry",
  "version" : "1.1.0",
  "name" : "IHE_PCF_consentRegistry",
  "title" : "IHE PCF Consent Registry",
  "status" : "active",
  "experimental" : false,
  "date" : "2023-02-14",
  "publisher" : "IHE IT Infrastructure Technical Committee",
  "contact" : [{
    "telecom" : [{
      "system" : "url",
      "value" : "https://www.ihe.net/ihe_domains/it_infrastructure/"
    }]
  },
  {
    "telecom" : [{
      "system" : "email",
      "value" : "iti@ihe.net"
    }]
  },
  {
    "name" : "IHE IT Infrastructure Technical Committee",
    "telecom" : [{
      "system" : "email",
      "value" : "iti@ihe.net"
    }]
  }],
  "description" : "CapabilityStatement for Consent Registry Actor.\n\nExplain\n- provides [Access Consent \\[ITI-108\\]](ITI-108.html) to store and support access to Privacy Consent Resources",
  "jurisdiction" : [{
    "coding" : [{
      "system" : "http://unstats.un.org/unsd/methods/m49/m49.htm",
      "code" : "001"
    }]
  }],
  "kind" : "requirements",
  "fhirVersion" : "4.0.1",
  "format" : ["application/fhir+xml",
  "application/fhir+json"],
  "rest" : [{
    "mode" : "server",
    "documentation" : "PCF Consent Registry actor provides capability to record, search, and manage Consents.",
    "security" : {
      "description" : "Recommend [ATNA](https://profiles.ihe.net/ITI/TF/Volume1/ch-9.html), encouraged [IHE-IUA](https://profiles.ihe.net/ITI/IUA/index.html) or [SMART-app-launch](http://www.hl7.org/fhir/smart-app-launch/)"
    },
    "resource" : [{
      "type" : "Consent",
      "documentation" : "PCF transaction [Access Consent \\[ITI-108\\]](ITI-108.html)",
      "interaction" : [{
        "code" : "create"
      },
      {
        "code" : "read"
      },
      {
        "code" : "update"
      },
      {
        "code" : "delete"
      },
      {
        "code" : "search-type"
      }],
      "searchParam" : [{
        "name" : "_lastUpdated",
        "type" : "date",
        "documentation" : "When the resource version last changed"
      },
      {
        "name" : "_id",
        "type" : "token",
        "documentation" : "Logical id of this artifact"
      },
      {
        "name" : "status",
        "type" : "token",
        "documentation" : "Whether the Consent record is active"
      },
      {
        "name" : "patient",
        "type" : "reference",
        "documentation" : "The Patient"
      },
      {
        "name" : "patient.identifier",
        "type" : "token"
      },
      {
        "name" : "actor",
        "type" : "token"
      }]
    }],
    "interaction" : [{
      "code" : "search-system"
    }]
  }]
}