{
  "resourceType" : "Patient",
  "id" : "ex-patient-update",
  "text" : {
    "status" : "additional",
    "div" : "<div xmlns=\"http://www.w3.org/1999/xhtml\">Example PMIR Patient for updating</div>"
  },
  "active" : true,
  "name" : [{
    "use" : "official",
    "family" : "Riegel",
    "given" : ["David",
    "A."]
  }],
  "telecom" : [{
    "system" : "phone",
    "value" : "+1-812-863-3613",
    "use" : "work"
  },
  {
    "system" : "email",
    "value" : "DavidARiegel@jourrapide.com",
    "use" : "work"
  }],
  "gender" : "male",
  "birthDate" : "1985-07-12",
  "address" : [{
    "use" : "home",
    "type" : "both",
    "text" : "4392 Stratford Park\nOwensburg, IN 47453",
    "line" : ["4392 Stratford Park"],
    "city" : "Owensburg",
    "state" : "IN",
    "postalCode" : "47453",
    "country" : "US"
  }]
}