<?xml version="1.0" encoding="UTF-8"?>

<Observation xmlns="http://hl7.org/fhir">
  <id value="ex-SocialHistory-smokingTobaccoUse-formerSmoker"/>
  <meta>
    <profile value="http://hl7.org/fhir/us/core/StructureDefinition/us-core-smokingstatus"/>
    <security>
      <system value="http://terminology.hl7.org/CodeSystem/v3-ActReason"/>
      <code value="HTEST"/>
    </security>
  </meta>
  <text>
    <status value="generated"/><div xmlns="http://www.w3.org/1999/xhtml"><p><b>Generated Narrative: Observation </b><a name="ex-SocialHistory-smokingTobaccoUse-formerSmoker"> </a><a name="hcex-SocialHistory-smokingTobaccoUse-formerSmoker"> </a></p><div style="display: inline-block; background-color: #d9e0e7; padding: 6px; margin: 4px; border: 1px solid #8da1b4; border-radius: 5px; line-height: 60%"><p style="margin-bottom: 0px">ResourceObservation &quot;ex-SocialHistory-smokingTobaccoUse-formerSmoker&quot; </p><p style="margin-bottom: 0px">Profile: <a href="http://hl7.org/fhir/us/core/STU6.1/StructureDefinition-us-core-smokingstatus.html">US Core Smoking Status Observation Profile</a></p><p style="margin-bottom: 0px">Security Labels: <span title="{http://terminology.hl7.org/CodeSystem/v3-ActReason http://terminology.hl7.org/CodeSystem/v3-ActReason}">http://terminology.hl7.org/CodeSystem/v3-ActReason</span></p></div><p><b>status</b>: final</p><p><b>category</b>: Social History <span style="background: LightGoldenRodYellow; margin: 4px; border: 1px solid khaki"> (<a href="http://terminology.hl7.org/5.5.0/CodeSystem-observation-category.html">Observation Category Codes</a>#social-history)</span></p><p><b>code</b>: Tobacco smoking status <span style="background: LightGoldenRodYellow; margin: 4px; border: 1px solid khaki"> (<a href="https://loinc.org/">LOINC</a>#72166-2)</span></p><p><b>subject</b>: <a href="Patient-ex-Patient-AmandaAlvarez.html">Patient/ex-Patient-AmandaAlvarez</a> &quot; ALVAREZ&quot;</p><p><b>effective</b>: 2023-01-04</p><p><b>performer</b>: <a href="Practitioner-ex-Practitioner.html">Practitioner/ex-Practitioner</a> &quot; HEPS&quot;</p><p><b>value</b>: Former smoker <span style="background: LightGoldenRodYellow; margin: 4px; border: 1px solid khaki"> (<a href="https://loinc.org/">LOINC</a>#LA15920-4)</span></p></div>
  </text>
  <status value="final"/>
  <category>
    <coding>
      <system value="http://terminology.hl7.org/CodeSystem/observation-category"/>
      <code value="social-history"/>
    </coding>
  </category>
  <code>
    <coding>
      <system value="http://loinc.org"/>
      <code value="72166-2"/>
      <display value="Tobacco smoking status"/>
    </coding>
  </code>
  <subject>
    <reference value="Patient/ex-Patient-AmandaAlvarez"/>
  </subject>
  <effectiveDateTime value="2023-01-04"/>
  <performer>
    <reference value="Practitioner/ex-Practitioner"/>
  </performer>
  <valueCodeableConcept>
    <coding>
      <system value="http://loinc.org"/>
      <code value="LA15920-4"/>
    </coding>
  </valueCodeableConcept>
</Observation>