[
  {
    "id": "IHE.PDQm.client",
    "type": "CapabilityStatement",
    "url": "http://ihe.net/fhir/CapabilityStatement/capabilitystatement-IHE.PDQm.client",
    "version": "2.3.0",
    "name": "IHE_PDQm_client"
  },
  {
    "id": "IHE.PDQm.server",
    "type": "CapabilityStatement",
    "url": "http://ihe.net/fhir/CapabilityStatement/capabilitystatement-IHE.PDQm.server",
    "version": "2.3.0",
    "name": "IHE_PDQm_supplier"
  },
  {
    "id": "IHE.ITI.PDQm",
    "type": "ImplementationGuide",
    "url": "https://profiles.ihe.net/ITI/PDQm/ImplementationGuide/IHE.ITI.PDQm",
    "version": "2.3.0",
    "name": "IHE_PDQm"
  },
  {
    "id": "IHE.PDQm.Patient",
    "type": "StructureDefinition",
    "url": "https://profiles.ihe.net/ITI/PDQm/StructureDefinition/IHE.PDQm.Patient",
    "version": "2.3.0",
    "name": "PDQmPatient"
  },
  {
    "id": "IHE.PDQm.Query.Audit.Consumer",
    "type": "StructureDefinition",
    "url": "https://profiles.ihe.net/ITI/PDQm/StructureDefinition/IHE.PDQm.Query.Audit.Consumer",
    "version": "2.3.0",
    "name": "AuditPdqmQueryConsumer"
  },
  {
    "id": "IHE.PDQm.Query.Audit.Supplier",
    "type": "StructureDefinition",
    "url": "https://profiles.ihe.net/ITI/PDQm/StructureDefinition/IHE.PDQm.Query.Audit.Supplier",
    "version": "2.3.0",
    "name": "AuditPdqmQuerySupplier"
  }
]