<?xml version="1.0" encoding="UTF-8"?>

<ImplementationGuide xmlns="http://hl7.org/fhir">
  <id value="IHE.ITI.PDQm"/>
  <text>
    <status value="extensions"/><div xmlns="http://www.w3.org/1999/xhtml"><h2>IHE_PDQm</h2><p>The official URL for this implementation guide is: </p><pre>https://profiles.ihe.net/ITI/PDQm/ImplementationGuide/IHE.ITI.PDQm</pre><div><p>The Patient Demographics Query for Mobile (PDQm) Profile defines a lightweight RESTful interface to a patient demographics supplier leveraging technologies readily available to mobile applications and lightweight browser based applications.</p>
</div></div>
  </text>
  <url value="https://profiles.ihe.net/ITI/PDQm/ImplementationGuide/IHE.ITI.PDQm"/>
  <version value="2.3.0"/>
  <name value="IHE_PDQm"/>
  <title value="Patient Demographics Query for mobile (PDQm)"/>
  <status value="active"/>
  <date value="2021-11-08T07:11:44-06:00"/>
  <publisher value="IHE IT Infrastructure Technical Committee"/>
  <contact>
    <telecom>
      <system value="url"/>
      <value value="https://www.ihe.net/ihe_domains/it_infrastructure/"/>
    </telecom>
  </contact>
  <contact>
    <telecom>
      <system value="email"/>
      <value value="iti@ihe.net"/>
    </telecom>
  </contact>
  <contact>
    <name value="IHE IT Infrastructure Technical Committee"/>
    <telecom>
      <system value="email"/>
      <value value="iti@ihe.net"/>
    </telecom>
  </contact>
  <description value="The Patient Demographics Query for Mobile (PDQm) Profile defines a lightweight RESTful interface to a patient demographics supplier leveraging technologies readily available to mobile applications and lightweight browser based applications."/>
  <jurisdiction>
    <coding>
      <system value="http://unstats.un.org/unsd/methods/m49/m49.htm"/>
      <code value="001"/>
    </coding>
  </jurisdiction>
  <copyright value="IHE http://www.ihe.net/Governance/#Intellectual_Property"/>
  <packageId value="IHE.ITI.PDQm"/>
  <license value="CC-BY-SA-4.0"/>
  <fhirVersion value="4.0.1"/>
  <definition>
    <extension url="http://hl7.org/fhir/tools/StructureDefinition/ig-parameter">
      <extension url="code">
        <valueString value="copyrightyear"/>
      </extension>
      <extension url="value">
        <valueString value="2020+"/>
      </extension>
    </extension>
    <extension url="http://hl7.org/fhir/tools/StructureDefinition/ig-parameter">
      <extension url="code">
        <valueString value="releaselabel"/>
      </extension>
      <extension url="value">
        <valueString value="Trial-Implementation"/>
      </extension>
    </extension>
    <extension url="http://hl7.org/fhir/tools/StructureDefinition/ig-parameter">
      <extension url="code">
        <valueString value="show-inherited-invariants"/>
      </extension>
      <extension url="value">
        <valueString value="false"/>
      </extension>
    </extension>
    <extension url="http://hl7.org/fhir/tools/StructureDefinition/ig-parameter">
      <extension url="code">
        <valueString value="usage-stats-opt-out"/>
      </extension>
      <extension url="value">
        <valueString value="false"/>
      </extension>
    </extension>
    <extension url="http://hl7.org/fhir/tools/StructureDefinition/ig-parameter">
      <extension url="code">
        <valueString value="logging"/>
      </extension>
      <extension url="value">
        <valueString value="progress"/>
      </extension>
    </extension>
    <extension url="http://hl7.org/fhir/tools/StructureDefinition/ig-parameter">
      <extension url="code">
        <valueString value="shownav"/>
      </extension>
      <extension url="value">
        <valueString value="true"/>
      </extension>
    </extension>
    <extension url="http://hl7.org/fhir/tools/StructureDefinition/ig-parameter">
      <extension url="code">
        <valueString value="active-tables"/>
      </extension>
      <extension url="value">
        <valueString value="false"/>
      </extension>
    </extension>
    <extension url="http://hl7.org/fhir/tools/StructureDefinition/ig-parameter">
      <extension url="code">
        <valueString value="apply-contact"/>
      </extension>
      <extension url="value">
        <valueString value="true"/>
      </extension>
    </extension>
    <extension url="http://hl7.org/fhir/tools/StructureDefinition/ig-parameter">
      <extension url="code">
        <valueString value="apply-jurisdiction"/>
      </extension>
      <extension url="value">
        <valueString value="true"/>
      </extension>
    </extension>
    <extension url="http://hl7.org/fhir/tools/StructureDefinition/ig-parameter">
      <extension url="code">
        <valueString value="apply-publisher"/>
      </extension>
      <extension url="value">
        <valueString value="true"/>
      </extension>
    </extension>
    <extension url="http://hl7.org/fhir/tools/StructureDefinition/ig-parameter">
      <extension url="code">
        <valueString value="apply-version"/>
      </extension>
      <extension url="value">
        <valueString value="true"/>
      </extension>
    </extension>
    <extension url="http://hl7.org/fhir/tools/StructureDefinition/ig-parameter">
      <extension url="code">
        <valueString value="special-url"/>
      </extension>
      <extension url="value">
        <valueString value="urn:ihe:event-type-code"/>
      </extension>
    </extension>
    <extension url="http://hl7.org/fhir/tools/StructureDefinition/ig-parameter">
      <extension url="code">
        <valueString value="autoload-resources"/>
      </extension>
      <extension url="value">
        <valueString value="true"/>
      </extension>
    </extension>
    <extension url="http://hl7.org/fhir/tools/StructureDefinition/ig-parameter">
      <extension url="code">
        <valueString value="path-liquid"/>
      </extension>
      <extension url="value">
        <valueString value="template/liquid"/>
      </extension>
    </extension>
    <extension url="http://hl7.org/fhir/tools/StructureDefinition/ig-parameter">
      <extension url="code">
        <valueString value="path-liquid"/>
      </extension>
      <extension url="value">
        <valueString value="input/liquid"/>
      </extension>
    </extension>
    <extension url="http://hl7.org/fhir/tools/StructureDefinition/ig-parameter">
      <extension url="code">
        <valueString value="path-qa"/>
      </extension>
      <extension url="value">
        <valueString value="temp/qa"/>
      </extension>
    </extension>
    <extension url="http://hl7.org/fhir/tools/StructureDefinition/ig-parameter">
      <extension url="code">
        <valueString value="path-temp"/>
      </extension>
      <extension url="value">
        <valueString value="temp/pages"/>
      </extension>
    </extension>
    <extension url="http://hl7.org/fhir/tools/StructureDefinition/ig-parameter">
      <extension url="code">
        <valueString value="path-output"/>
      </extension>
      <extension url="value">
        <valueString value="output"/>
      </extension>
    </extension>
    <extension url="http://hl7.org/fhir/tools/StructureDefinition/ig-parameter">
      <extension url="code">
        <valueString value="path-suppressed-warnings"/>
      </extension>
      <extension url="value">
        <valueString value="input/ignoreWarnings.txt"/>
      </extension>
    </extension>
    <extension url="http://hl7.org/fhir/tools/StructureDefinition/ig-parameter">
      <extension url="code">
        <valueString value="path-history"/>
      </extension>
      <extension url="value">
        <valueString value="https://profiles.ihe.net/ITI/PDQm/history.html"/>
      </extension>
    </extension>
    <extension url="http://hl7.org/fhir/tools/StructureDefinition/ig-parameter">
      <extension url="code">
        <valueString value="template-html"/>
      </extension>
      <extension url="value">
        <valueString value="template-page.html"/>
      </extension>
    </extension>
    <extension url="http://hl7.org/fhir/tools/StructureDefinition/ig-parameter">
      <extension url="code">
        <valueString value="template-md"/>
      </extension>
      <extension url="value">
        <valueString value="template-page-md.html"/>
      </extension>
    </extension>
    <extension url="http://hl7.org/fhir/tools/StructureDefinition/ig-parameter">
      <extension url="code">
        <valueString value="apply-context"/>
      </extension>
      <extension url="value">
        <valueString value="true"/>
      </extension>
    </extension>
    <extension url="http://hl7.org/fhir/tools/StructureDefinition/ig-parameter">
      <extension url="code">
        <valueString value="apply-copyright"/>
      </extension>
      <extension url="value">
        <valueString value="true"/>
      </extension>
    </extension>
    <extension url="http://hl7.org/fhir/tools/StructureDefinition/ig-parameter">
      <extension url="code">
        <valueString value="apply-license"/>
      </extension>
      <extension url="value">
        <valueString value="true"/>
      </extension>
    </extension>
    <resource>
      <extension url="http://hl7.org/fhir/tools/StructureDefinition/resource-information">
        <valueString value="StructureDefinition:resource"/>
      </extension>
      <reference>
        <reference value="StructureDefinition/IHE.PDQm.Query.Audit.Consumer"/>
      </reference>
      <name value="Audit Event for PDQm Query at Consumer"/>
      <description value="Defines constraints on the AuditEvent (AuditMessage) Resource for a Patient Demographics Consumer to record when it performs a Patient Demographics Query [ITI-78](./ITI-78.html).&#xA;- type (EventTypeCode) = EV(`110112`, `DCM`, `Query`)&#xA;- action (EventActionCode) = `E`&#xA;- subtype (EventTypeCode) = EV(`ITI-78`, `urn:ihe:event-type-code`, `Mobile Patient Demographics Query`)&#xA;- agent (ActiveParticipant)&#xA;  - supplier as the Destination&#xA;  - consumer as the Source&#xA;    - this agent is the source of the auditEvent&#xA;  - other agents are allowed including identity of the application or infrastructure&#xA;- entity (ParticipantObjectIdentification) &#xA;  - query parameters&#xA;  - no patient, because the consumer does not know the patient they are looking for or they wouldn&#39;t be using this transaction."/>
      <exampleBoolean value="false"/>
    </resource>
    <resource>
      <extension url="http://hl7.org/fhir/tools/StructureDefinition/resource-information">
        <valueString value="StructureDefinition:resource"/>
      </extension>
      <reference>
        <reference value="StructureDefinition/IHE.PDQm.Query.Audit.Supplier"/>
      </reference>
      <name value="Audit Event for PDQm Query at Supplier"/>
      <description value="Defines constraints on the AuditEvent (AuditMessage) Resource when a Patient Demographics Supplier responds to a Patient Demographics Query [ITI-78](./ITI-78.html).&#xA;- type (EventTypeCode) = EV(`110112`, `DCM`, `Query`)&#xA;- action (EventActionCode) = `E`&#xA;- subtype (EventTypeCode) = EV(`ITI-78`, `urn:ihe:event-type-code`, `Mobile Patient Demographics Query`)&#xA;- agent (ActiveParticipant)&#xA;  - supplier as the Destination&#xA;    - this agent is the source of the auditEvent&#xA;  - consumer as the Source&#xA;  - other agents are allowed including identity of the application or infrastructure&#xA;- entity (ParticipantObjectIdentification) &#xA;  - query parameters&#xA;  - other entity are allowed including one to identify a patient when explicitly identified in the query parameters"/>
      <exampleBoolean value="false"/>
    </resource>
    <resource>
      <extension url="http://hl7.org/fhir/tools/StructureDefinition/resource-information">
        <valueString value="StructureDefinition:resource"/>
      </extension>
      <reference>
        <reference value="StructureDefinition/IHE.PDQm.Patient"/>
      </reference>
      <name value="PDQm Patient Profile"/>
      <description value="The PDQm Patient Profile &#xA;- when any element in FHIR Core Patient are known, and when authorized to return the element, then all elements that are core to FHIR Patient should be returned&#xA;- forbids modifier extensions - so that all uses do not need to be concerned with changes to the meaning of the core elements of the Patient resource&#xA;- adds the patient-mothersMaidenName extension as an extension available to hold the mothers maiden name"/>
      <exampleBoolean value="false"/>
    </resource>
    <resource>
      <extension url="http://hl7.org/fhir/tools/StructureDefinition/resource-information">
        <valueString value="CapabilityStatement"/>
      </extension>
      <reference>
        <reference value="CapabilityStatement/IHE.PDQm.client"/>
      </reference>
      <name value="PDQm Client requirements CapabilityStatement"/>
      <description value="The PDQm Patient Demographics Consumer Actor requirements CapabililtyStatement expresses the requirements that can be utilized while being compliant.&#xA;&#xA;- Query against the FHIR endpoint to the Patient Resource endpoint&#xA;- Using FHIR R4&#xA;- may request json or xml encoding&#xA;- should use a security framework. Recommend [IHE-IUA](https://profiles.ihe.net/ITI/IUA/index.html) or [SMART-on-FHIR](http://www.hl7.org/fhir/smart-app-launch/)&#xA;- [Search Parameters that may be used](https://profiles.ihe.net/ITI/PDQm/ITI-78.html#23784121-query-search-parameters)&#xA;  - _id&#xA;  - active&#xA;  - family&#xA;  - given&#xA;  - identifier&#xA;  - telecom&#xA;  - birthdate&#xA;  - address&#xA;  - gender&#xA;  - mothersMaidenName"/>
      <exampleBoolean value="false"/>
    </resource>
    <resource>
      <extension url="http://hl7.org/fhir/tools/StructureDefinition/resource-information">
        <valueString value="CapabilityStatement"/>
      </extension>
      <reference>
        <reference value="CapabilityStatement/IHE.PDQm.server"/>
      </reference>
      <name value="IHE.PDQm.server"/>
      <description value="The PDQm Patient Demographics Supplier Actor requirements CapabililtyStatement expresses the requirements that shall be provided.&#xA;&#xA;- Query against the FHIR endpoint to the Patient Resource endpoint&#xA;- Using FHIR R4&#xA;- shall support both json or xml encoding&#xA;- should use a security framework. Recommend [IHE-IUA](https://profiles.ihe.net/ITI/IUA/index.html) or [SMART-on-FHIR](http://www.hl7.org/fhir/smart-app-launch/)&#xA;- [Search Parameters that shall be supported](https://profiles.ihe.net/ITI/PDQm/ITI-78.html#23784121-query-search-parameters)&#xA;  - _id&#xA;  - active&#xA;  - family&#xA;  - given&#xA;  - identifier&#xA;  - telecom&#xA;  - birthdate&#xA;  - address&#xA;  - gender&#xA;  - mothersMaidenName"/>
      <exampleBoolean value="false"/>
    </resource>
    <resource>
      <extension url="http://hl7.org/fhir/tools/StructureDefinition/resource-information">
        <valueString value="AuditEvent"/>
      </extension>
      <reference>
        <reference value="AuditEvent/ex-auditPdqmQuery-consumer"/>
      </reference>
      <name value="Audit Example of ITI-78 at Consumer"/>
      <description value="Audit Event for PDQm Query Transaction by the Patient Identifier Cross-reference Consumer&#xA;&#xA;where the Query was executed with a GET as follows:&#xA;&#xA;```&#xA;GET https://server.example.com/fhir/Patient?family=MOHR&amp;given=ALICE&amp;active=true&amp;gender=female&#xA;Accept: application/fhir+json; fhirVersion=4.0&#xA;```"/>
      <exampleCanonical value="https://profiles.ihe.net/ITI/PDQm/StructureDefinition/IHE.PDQm.Query.Audit.Consumer"/>
    </resource>
    <resource>
      <extension url="http://hl7.org/fhir/tools/StructureDefinition/resource-information">
        <valueString value="AuditEvent"/>
      </extension>
      <reference>
        <reference value="AuditEvent/ex-auditPdqmQuery-supplier"/>
      </reference>
      <name value="Audit Example of ITI-78 at Supplier"/>
      <description value="Audit Event for PDQm Query Transaction by the Patient Identifier Cross-reference Supplier&#xA;&#xA;where the Query was executed with a GET as follows:&#xA;&#xA;```&#xA;GET https://server.example.com/fhir/Patient?family=MOHR&amp;given=ALICE&amp;active=true&amp;gender=female&#xA;Accept: application/fhir+json; fhirVersion=4.0&#xA;```&#xA;&#xA;Note the Supplier may choose to record patient identities found, but is not required to.&#xA;&#xA;Given the Supplier chooses to record a patient in the AuditEvent &#xA;When the search finds multiple Patients, &#xA;Then the Supplier would create an AuditEvent for each of those Patients. &#xA;&#xA;This example shows where ex-patient is returned. This single result does not affect the response returned on the ITI-78 that would include all results."/>
      <exampleCanonical value="https://profiles.ihe.net/ITI/PDQm/StructureDefinition/IHE.PDQm.Query.Audit.Supplier"/>
    </resource>
    <resource>
      <extension url="http://hl7.org/fhir/tools/StructureDefinition/resource-information">
        <valueString value="Device"/>
      </extension>
      <reference>
        <reference value="Device/ex-device"/>
      </reference>
      <name value="Dummy Device example"/>
      <description value="Dummy Device example for completeness sake. No actual use of this resource other than an example target"/>
      <exampleBoolean value="true"/>
    </resource>
    <resource>
      <extension url="http://hl7.org/fhir/tools/StructureDefinition/resource-information">
        <valueString value="Patient"/>
      </extension>
      <reference>
        <reference value="Patient/ex-patient"/>
      </reference>
      <name value="Dummy Patient example"/>
      <description value="Dummy patient example for completeness sake. No actual use of this resource other than an example target"/>
      <exampleCanonical value="https://profiles.ihe.net/ITI/PDQm/StructureDefinition/IHE.PDQm.Patient"/>
    </resource>
    <page>
      <nameUrl value="toc.html"/>
      <title value="Table of Contents"/>
      <generation value="html"/>
      <page>
        <nameUrl value="index.html"/>
        <title value="Patient Demographics Query for Mobile"/>
        <generation value="markdown"/>
      </page>
      <page>
        <nameUrl value="volume-1.html"/>
        <title value="1:38 Patient Demographics Query for Mobile (PDQm)"/>
        <generation value="markdown"/>
      </page>
      <page>
        <nameUrl value="ITI-78.html"/>
        <title value="2:3.78 Mobile Patient Demographics Query [ITI-78]"/>
        <generation value="markdown"/>
      </page>
      <page>
        <nameUrl value="testplan.html"/>
        <title value="PDQm Test Plan"/>
        <generation value="markdown"/>
      </page>
      <page>
        <nameUrl value="issues.html"/>
        <title value="PDQm Open and Closed issues"/>
        <generation value="markdown"/>
      </page>
      <page>
        <nameUrl value="other.html"/>
        <title value="Changes to other Profiles"/>
        <generation value="markdown"/>
      </page>
    </page>
    <parameter>
      <code value="path-resource"/>
      <value value="input/resources"/>
    </parameter>
    <parameter>
      <code value="path-resource"/>
      <value value="fsh-generated/resources"/>
    </parameter>
    <parameter>
      <code value="path-resource"/>
      <value value="input/examples"/>
    </parameter>
    <parameter>
      <code value="path-resource"/>
      <value value="input/capabilities"/>
    </parameter>
    <parameter>
      <code value="path-resource"/>
      <value value="input/extensions"/>
    </parameter>
    <parameter>
      <code value="path-resource"/>
      <value value="input/models"/>
    </parameter>
    <parameter>
      <code value="path-resource"/>
      <value value="input/operations"/>
    </parameter>
    <parameter>
      <code value="path-resource"/>
      <value value="input/profiles"/>
    </parameter>
    <parameter>
      <code value="path-resource"/>
      <value value="input/vocabulary"/>
    </parameter>
    <parameter>
      <code value="path-resource"/>
      <value value="input/testing"/>
    </parameter>
    <parameter>
      <code value="path-resource"/>
      <value value="input/history"/>
    </parameter>
    <parameter>
      <code value="path-pages"/>
      <value value="template/config"/>
    </parameter>
    <parameter>
      <code value="path-pages"/>
      <value value="input/images"/>
    </parameter>
    <parameter>
      <code value="path-tx-cache"/>
      <value value="input-cache/txcache"/>
    </parameter>
  </definition>
</ImplementationGuide>