<?xml version="1.0" encoding="UTF-8"?><SearchParameter xmlns="http://hl7.org/fhir"><id value="DocumentReference-Creation"/><text><status value="generated"/><div xmlns="http://www.w3.org/1999/xhtml"><p class="res-header-id"><b>Generated Narrative: SearchParameter DocumentReference-Creation</b></p><a name="DocumentReference-Creation"> </a><a name="hcDocumentReference-Creation"> </a><h2>Creation</h2><p>Parameter <code>creation</code>:<code>date</code></p><div><p>This SearchParameter enables finding DocumentReference by the creation dateTime.</p>
</div><table class="grid"><tr><td>Resource</td><td><a href="http://hl7.org/fhir/R4/documentreference.html">DocumentReference</a></td></tr><tr><td>Expression</td><td><code>DocumentReference.content.attachment.creation</code></td></tr><tr><td>Multiples</td><td><ul><li>multipleAnd: It's up to the server whether the parameter may repeat in order to specify multiple values that must all be true</li><li>multipleOr: It's up to the server whether the parameter can have multiple values (separated by comma) where at least one must be true</li></ul></td></tr></table></div></text><url value="https://profiles.ihe.net/ITI/MHD/SearchParameter/DocumentReference-Creation"/><version value="4.2.3"/><name value="Creation"/><status value="active"/><date value="2025-10-31T14:32:55-05:00"/><publisher value="IHE IT Infrastructure Technical Committee"/><contact><telecom><system value="url"/><value value="https://www.ihe.net/ihe_domains/it_infrastructure/"/></telecom></contact><contact><telecom><system value="email"/><value value="iti@ihe.net"/></telecom></contact><contact><name value="IHE IT Infrastructure Technical Committee"/><telecom><system value="email"/><value value="iti@ihe.net"/></telecom></contact><description value="This SearchParameter enables finding DocumentReference by the creation dateTime."/><jurisdiction><coding><system value="http://unstats.un.org/unsd/methods/m49/m49.htm"/><code value="001"/><display value="World"/></coding></jurisdiction><code value="creation"/><base value="DocumentReference"/><type value="date"/><expression value="DocumentReference.content.attachment.creation"/></SearchParameter>