URL,Version,Status,OIDs,Name,Title,Descriptino,Uses,Used,Sources
http://hl7.org/fhir/ValueSet/condition-code,4.0.1,draft,"2.16.840.1.113883.4.642.3.161",Condition/Problem/DiagnosisCodes,Condition/Problem/Diagnosis Codes,"Example value set for Condition/Problem/Diagnosis codes.","OperationDefinition/appointment-find","SCT"
https://profiles.ihe.net/ITI/Scheduling/ValueSet/iti-sched-status-reason,1.0.0,active,,IHE_ITI_Sched_Status_Reason_Codes,IHE ITI Sched Status Reason Codes,"This value set is the full expansion of the ITI Scheduking Status Reason code system.","StructureDefinition/extension-status-reason","Internal"
https://profiles.ihe.net/ITI/Scheduling/ValueSet/sct-services,1.0.0,active,,IHE_ITI_Scheduling_Snomed_CT_Services,IHE ITI Scheduling Snomed CT Services,"The Snomed CT services and procedures concepts that represent visit types for scheduling appointments. These concepts are mapped to the [IHE ITI Scheduling Visit Types](http://fhir.org/guides/argonaut-scheduling/ConceptMap/visit-snomed-map).","StructureDefinition/ihe-sched-appt","SCT"
https://profiles.ihe.net/ITI/Scheduling/ValueSet/specialty,1.0.0,active,,IHE_ITI_Scheduling_Specialties,IHE ITI Scheduling Specialties,"The specialties offered by providers and  that would be required to perform the service requested in this appointment.","StructureDefinition/ihe-sched-appt","SCT"
