<?xml version="1.0" encoding="UTF-8"?>

<ImplementationGuide xmlns="http://hl7.org/fhir">
  <id value="ihe.iti.mhds"/>
  <text>
    <status value="extensions"/><div xmlns="http://www.w3.org/1999/xhtml"><h2>IHE_ITI_MHDS</h2><p>The official URL for this implementation guide is: </p><pre>https://profiles.ihe.net/ITI/MHDS/ImplementationGuide/ihe.iti.mhds</pre><div><p>This Implementation Guide shows how to build a Document Sharing Exchange using IHE-profiled FHIR standard, rather than the legacy IHE profiles that are dominated by XDS and HL7 v2. This Implementation Guide assembles other IHE Implementation guides (Profiles) and defines a Document Registry Actor.</p>
</div></div>
  </text>
  <url value="https://profiles.ihe.net/ITI/MHDS/ImplementationGuide/ihe.iti.mhds"/>
  <version value="2.3.0"/>
  <name value="IHE_ITI_MHDS"/>
  <title value="Mobile Health Document Sharing"/>
  <status value="active"/>
  <date value="2022-03-01"/>
  <publisher value="IHE IT Infrastructure Technical Committee"/>
  <contact>
    <telecom>
      <system value="url"/>
      <value value="https://www.ihe.net/ihe_domains/it_infrastructure/"/>
    </telecom>
  </contact>
  <contact>
    <telecom>
      <system value="email"/>
      <value value="iti@ihe.net"/>
    </telecom>
  </contact>
  <contact>
    <name value="IHE IT Infrastructure Technical Committee"/>
    <telecom>
      <system value="email"/>
      <value value="iti@ihe.net"/>
    </telecom>
  </contact>
  <description value="This Implementation Guide shows how to build a Document Sharing Exchange using IHE-profiled FHIR standard, rather than the legacy IHE profiles that are dominated by XDS and HL7 v2. This Implementation Guide assembles other IHE Implementation guides (Profiles) and defines a Document Registry Actor."/>
  <jurisdiction>
    <coding>
      <system value="http://unstats.un.org/unsd/methods/m49/m49.htm"/>
      <code value="001"/>
    </coding>
  </jurisdiction>
  <copyright value="IHE http://www.ihe.net/Governance/#Intellectual_Property"/>
  <packageId value="ihe.iti.mhds"/>
  <license value="CC-BY-SA-4.0"/>
  <fhirVersion value="4.0.1"/>
  <dependsOn id="iheitimhd">
    <uri value="https://profiles.ihe.net/ITI/MHD/ImplementationGuide/ihe.iti.mhd"/>
    <packageId value="ihe.iti.mhd"/>
    <version value="4.1.0"/>
  </dependsOn>
  <dependsOn id="ihepdqm">
    <uri value="https://profiles.ihe.net/ITI/PDQm/ImplementationGuide/ihe.iti.pdqm"/>
    <packageId value="ihe.iti.pdqm"/>
    <version value="2.4.0"/>
  </dependsOn>
  <dependsOn id="iheitipixm">
    <uri value="https://profiles.ihe.net/ITI/PIXm/ImplementationGuide/ihe.iti.pixm"/>
    <packageId value="ihe.iti.pixm"/>
    <version value="3.0.2"/>
  </dependsOn>
  <dependsOn id="iheitimcsd">
    <uri value="https://profiles.ihe.net/ITI/mCSD/ImplementationGuide/ihe.iti.mcsd"/>
    <packageId value="ihe.iti.mcsd"/>
    <version value="3.5.0"/>
  </dependsOn>
  <definition>
    <extension url="http://hl7.org/fhir/tools/StructureDefinition/ig-parameter">
      <extension url="code">
        <valueString value="copyrightyear"/>
      </extension>
      <extension url="value">
        <valueString value="2021+"/>
      </extension>
    </extension>
    <extension url="http://hl7.org/fhir/tools/StructureDefinition/ig-parameter">
      <extension url="code">
        <valueString value="releaselabel"/>
      </extension>
      <extension url="value">
        <valueString value="Trial-Implementation"/>
      </extension>
    </extension>
    <extension url="http://hl7.org/fhir/tools/StructureDefinition/ig-parameter">
      <extension url="code">
        <valueString value="show-inherited-invariants"/>
      </extension>
      <extension url="value">
        <valueString value="false"/>
      </extension>
    </extension>
    <extension url="http://hl7.org/fhir/tools/StructureDefinition/ig-parameter">
      <extension url="code">
        <valueString value="usage-stats-opt-out"/>
      </extension>
      <extension url="value">
        <valueString value="false"/>
      </extension>
    </extension>
    <extension url="http://hl7.org/fhir/tools/StructureDefinition/ig-parameter">
      <extension url="code">
        <valueString value="logging"/>
      </extension>
      <extension url="value">
        <valueString value="progress"/>
      </extension>
    </extension>
    <extension url="http://hl7.org/fhir/tools/StructureDefinition/ig-parameter">
      <extension url="code">
        <valueString value="shownav"/>
      </extension>
      <extension url="value">
        <valueString value="true"/>
      </extension>
    </extension>
    <extension url="http://hl7.org/fhir/tools/StructureDefinition/ig-parameter">
      <extension url="code">
        <valueString value="active-tables"/>
      </extension>
      <extension url="value">
        <valueString value="false"/>
      </extension>
    </extension>
    <extension url="http://hl7.org/fhir/tools/StructureDefinition/ig-parameter">
      <extension url="code">
        <valueString value="apply-contact"/>
      </extension>
      <extension url="value">
        <valueString value="true"/>
      </extension>
    </extension>
    <extension url="http://hl7.org/fhir/tools/StructureDefinition/ig-parameter">
      <extension url="code">
        <valueString value="apply-jurisdiction"/>
      </extension>
      <extension url="value">
        <valueString value="true"/>
      </extension>
    </extension>
    <extension url="http://hl7.org/fhir/tools/StructureDefinition/ig-parameter">
      <extension url="code">
        <valueString value="apply-publisher"/>
      </extension>
      <extension url="value">
        <valueString value="true"/>
      </extension>
    </extension>
    <extension url="http://hl7.org/fhir/tools/StructureDefinition/ig-parameter">
      <extension url="code">
        <valueString value="apply-version"/>
      </extension>
      <extension url="value">
        <valueString value="true"/>
      </extension>
    </extension>
    <extension url="http://hl7.org/fhir/tools/StructureDefinition/ig-parameter">
      <extension url="code">
        <valueString value="autoload-resources"/>
      </extension>
      <extension url="value">
        <valueString value="true"/>
      </extension>
    </extension>
    <extension url="http://hl7.org/fhir/tools/StructureDefinition/ig-parameter">
      <extension url="code">
        <valueString value="path-liquid"/>
      </extension>
      <extension url="value">
        <valueString value="template/liquid"/>
      </extension>
    </extension>
    <extension url="http://hl7.org/fhir/tools/StructureDefinition/ig-parameter">
      <extension url="code">
        <valueString value="path-liquid"/>
      </extension>
      <extension url="value">
        <valueString value="input/liquid"/>
      </extension>
    </extension>
    <extension url="http://hl7.org/fhir/tools/StructureDefinition/ig-parameter">
      <extension url="code">
        <valueString value="path-qa"/>
      </extension>
      <extension url="value">
        <valueString value="temp/qa"/>
      </extension>
    </extension>
    <extension url="http://hl7.org/fhir/tools/StructureDefinition/ig-parameter">
      <extension url="code">
        <valueString value="path-temp"/>
      </extension>
      <extension url="value">
        <valueString value="temp/pages"/>
      </extension>
    </extension>
    <extension url="http://hl7.org/fhir/tools/StructureDefinition/ig-parameter">
      <extension url="code">
        <valueString value="path-output"/>
      </extension>
      <extension url="value">
        <valueString value="output"/>
      </extension>
    </extension>
    <extension url="http://hl7.org/fhir/tools/StructureDefinition/ig-parameter">
      <extension url="code">
        <valueString value="path-suppressed-warnings"/>
      </extension>
      <extension url="value">
        <valueString value="input/ignoreWarnings.txt"/>
      </extension>
    </extension>
    <extension url="http://hl7.org/fhir/tools/StructureDefinition/ig-parameter">
      <extension url="code">
        <valueString value="path-history"/>
      </extension>
      <extension url="value">
        <valueString value="https://profiles.ihe.net/ITI/MHDS/history.html"/>
      </extension>
    </extension>
    <extension url="http://hl7.org/fhir/tools/StructureDefinition/ig-parameter">
      <extension url="code">
        <valueString value="template-html"/>
      </extension>
      <extension url="value">
        <valueString value="template-page.html"/>
      </extension>
    </extension>
    <extension url="http://hl7.org/fhir/tools/StructureDefinition/ig-parameter">
      <extension url="code">
        <valueString value="template-md"/>
      </extension>
      <extension url="value">
        <valueString value="template-page-md.html"/>
      </extension>
    </extension>
    <extension url="http://hl7.org/fhir/tools/StructureDefinition/ig-parameter">
      <extension url="code">
        <valueString value="apply-context"/>
      </extension>
      <extension url="value">
        <valueString value="true"/>
      </extension>
    </extension>
    <extension url="http://hl7.org/fhir/tools/StructureDefinition/ig-parameter">
      <extension url="code">
        <valueString value="apply-copyright"/>
      </extension>
      <extension url="value">
        <valueString value="true"/>
      </extension>
    </extension>
    <extension url="http://hl7.org/fhir/tools/StructureDefinition/ig-parameter">
      <extension url="code">
        <valueString value="apply-license"/>
      </extension>
      <extension url="value">
        <valueString value="true"/>
      </extension>
    </extension>
    <extension url="http://hl7.org/fhir/tools/StructureDefinition/ig-parameter">
      <extension url="code">
        <valueString value="fmm-definition"/>
      </extension>
      <extension url="value">
        <valueString value="http://hl7.org/fhir/versions.html#maturity"/>
      </extension>
    </extension>
    <extension url="http://hl7.org/fhir/tools/StructureDefinition/ig-parameter">
      <extension url="code">
        <valueString value="propagate-status"/>
      </extension>
      <extension url="value">
        <valueString value="true"/>
      </extension>
    </extension>
    <resource>
      <extension url="http://hl7.org/fhir/tools/StructureDefinition/resource-information">
        <valueString value="CapabilityStatement"/>
      </extension>
      <reference>
        <reference value="CapabilityStatement/IHE.MHDS.DocumentRegistry"/>
      </reference>
      <name value="MHDS Document Registry"/>
      <description value="CapabilityStatement Requirements for the MHDS Document Registry Actor&#xA;&#xA;- **[MHD](https://profiles.ihe.net/ITI/MHD/index.html) - [Document Recipient](https://profiles.ihe.net/ITI/MHD/1331_actors_and_transactions.html#133113-document-recipient)** supports publication requests by the [MHD Document Source](https://profiles.ihe.net/ITI/MHD/1331_actors_and_transactions.html#133111-document-source). The Comprehensive Metadata Option is required.&#xA;- **[MHD](https://profiles.ihe.net/ITI/MHD/index.html) - [Document Responder](https://profiles.ihe.net/ITI/MHD/1331_actors_and_transactions.html#133114-document-responder)** supports the discovery and retrieval of documents by [MHD](https://profiles.ihe.net/ITI/MHD/index.html) [Document Consumer](https://profiles.ihe.net/ITI/MHD/1331_actors_and_transactions.html#133112-document-consumer).&#xA;- **[PMIR](https://profiles.ihe.net/ITI/TF/Volume1/ch-49.html) - Patient Identity Consumer** provides patient identity synchronization and specifically the merge function to be applied to any data managed in the Document Registry.&#xA;- **[SVCM](https://profiles.ihe.net/ITI/TF/Volume1/ch-51.html) – Terminology Consumer** enables the Document Registry to gain access to ValueSets that the Registry is enforcing Metadata consistency.&#xA;- **[mCSD](https://profiles.ihe.net/ITI/mCSD/index.html) – Care Services Selective Consumer** enables the Registry to have access to Organization and Practitioner resources.&#xA;- **[IUA](https://profiles.ihe.net/ITI/IUA/index.html) – Authorization Server** and **Resource Server** enforces access control decisions.&#xA;- **[ATNA](https://profiles.ihe.net/ITI/TF/Volume1/ch-9.html) - [Secure Node](https://profiles.ihe.net/ITI/TF/Volume1/ch-9.html#9.1.1.1)** enable the Document Registry to be secure, record audit records, and support secure transactions.&#xA;- **[CT](https://profiles.ihe.net/ITI/TF/Volume1/ch-7.html) - Time Client** assures that all records of time done by the Document Registry are aligned with the Time Source."/>
      <exampleBoolean value="false"/>
    </resource>
    <page>
      <nameUrl value="toc.html"/>
      <title value="Table of Contents"/>
      <generation value="html"/>
      <page>
        <nameUrl value="index.html"/>
        <title value="MHDS Home"/>
        <generation value="markdown"/>
      </page>
      <page>
        <nameUrl value="volume-1.html"/>
        <title value="1:50. MHDS Volume 1"/>
        <generation value="markdown"/>
      </page>
      <page>
        <nameUrl value="testplan.html"/>
        <title value="Test Plan"/>
        <generation value="markdown"/>
      </page>
      <page>
        <nameUrl value="issues.html"/>
        <title value="Open and Closed issues"/>
        <generation value="markdown"/>
      </page>
    </page>
    <parameter>
      <code value="path-resource"/>
      <value value="input/resources"/>
    </parameter>
    <parameter>
      <code value="path-resource"/>
      <value value="fsh-generated/resources"/>
    </parameter>
    <parameter>
      <code value="path-resource"/>
      <value value="input/examples"/>
    </parameter>
    <parameter>
      <code value="path-resource"/>
      <value value="input/capabilities"/>
    </parameter>
    <parameter>
      <code value="path-resource"/>
      <value value="input/extensions"/>
    </parameter>
    <parameter>
      <code value="path-resource"/>
      <value value="input/models"/>
    </parameter>
    <parameter>
      <code value="path-resource"/>
      <value value="input/operations"/>
    </parameter>
    <parameter>
      <code value="path-resource"/>
      <value value="input/profiles"/>
    </parameter>
    <parameter>
      <code value="path-resource"/>
      <value value="input/vocabulary"/>
    </parameter>
    <parameter>
      <code value="path-resource"/>
      <value value="input/testing"/>
    </parameter>
    <parameter>
      <code value="path-resource"/>
      <value value="input/history"/>
    </parameter>
    <parameter>
      <code value="path-pages"/>
      <value value="template/config"/>
    </parameter>
    <parameter>
      <code value="path-pages"/>
      <value value="input/images"/>
    </parameter>
    <parameter>
      <code value="path-tx-cache"/>
      <value value="input-cache/txcache"/>
    </parameter>
  </definition>
</ImplementationGuide>