{
  "resourceType" : "Observation",
  "id" : "ex-SocialHistory-smokingTobaccoUse",
  "meta" : {
    "profile" : ["http://hl7.org/fhir/uv/ips/StructureDefinition/Observation-tobaccouse-uv-ips"],
    "security" : [{
      "system" : "http://terminology.hl7.org/CodeSystem/v3-ActReason",
      "code" : "HTEST"
    }]
  },
  "text" : {
    "status" : "generated",
    "div" : "<div xmlns=\"http://www.w3.org/1999/xhtml\"><p><b>Generated Narrative: Observation </b><a name=\"ex-SocialHistory-smokingTobaccoUse\"> </a><a name=\"hcex-SocialHistory-smokingTobaccoUse\"> </a></p><div style=\"display: inline-block; background-color: #d9e0e7; padding: 6px; margin: 4px; border: 1px solid #8da1b4; border-radius: 5px; line-height: 60%\"><p style=\"margin-bottom: 0px\">ResourceObservation &quot;ex-SocialHistory-smokingTobaccoUse&quot; </p><p style=\"margin-bottom: 0px\">Profile: <a href=\"http://hl7.org/fhir/uv/ips/STU1.1/StructureDefinition-Observation-tobaccouse-uv-ips.html\">Observation - SH: tobacco use</a></p><p style=\"margin-bottom: 0px\">Security Labels: <span title=\"{http://terminology.hl7.org/CodeSystem/v3-ActReason http://terminology.hl7.org/CodeSystem/v3-ActReason}\">http://terminology.hl7.org/CodeSystem/v3-ActReason</span></p></div><p><b>status</b>: final</p><p><b>code</b>: Tobacco smoking status <span style=\"background: LightGoldenRodYellow; margin: 4px; border: 1px solid khaki\"> (<a href=\"https://loinc.org/\">LOINC</a>#72166-2)</span></p><p><b>subject</b>: <a href=\"Patient-ex-Patient-AmandaAlvarez.html\">Patient/ex-Patient-AmandaAlvarez</a> &quot; ALVAREZ&quot;</p><p><b>effective</b>: 2022-08-15</p><p><b>performer</b>: <a href=\"Practitioner-ex-Practitioner.html\">Practitioner/ex-Practitioner</a> &quot; HEPS&quot;</p><p><b>value</b>: Current every day smoker <span style=\"background: LightGoldenRodYellow; margin: 4px; border: 1px solid khaki\"> (<a href=\"https://loinc.org/\">LOINC</a>#LA18976-3)</span></p></div>"
  },
  "status" : "final",
  "code" : {
    "coding" : [{
      "system" : "http://loinc.org",
      "code" : "72166-2",
      "display" : "Tobacco smoking status"
    }]
  },
  "subject" : {
    "reference" : "Patient/ex-Patient-AmandaAlvarez"
  },
  "effectiveDateTime" : "2022-08-15",
  "performer" : [{
    "reference" : "Practitioner/ex-Practitioner"
  }],
  "valueCodeableConcept" : {
    "coding" : [{
      "system" : "http://loinc.org",
      "code" : "LA18976-3"
    }]
  }
}