URL,Version,Status,OIDs,Name,Title,Descriptino,Uses,Used,Sources
http://ihe.net/fhir/ihe.formatcode.fhir/ValueSet/formatcode,1.2.0,active,"1.3.6.1.4.1.19376.1.2.7.1",IHE_FormatCode_vs,IHE ValueSet of Format Codes for use with Document Sharing,"The IHE FormatCode Value set is defined to be the set of FormatCode(s) defined by IHE, DICOM and HL7. These codes are intended to be preferred.","StructureDefinition/IHE.MHD.Minimal.DocumentReference","ihe.formatcode.fhir,THO (V3),DICOM"
https://profiles.ihe.net/ITI/MHD/ValueSet/DocumentReferenceStats,4.2.2,active,,DocumentReferenceStats,MHD DocumentReference status codes,"ValueSet that does not include entered-in-error as that does not map","StructureDefinition/IHE.MHD.Minimal.DocumentReference","hl7.fhir.r4.core"
https://profiles.ihe.net/ITI/MHD/ValueSet/MHDlistTypesVS,4.2.2,active,,MHDlistTypesVS,MHD List Types ValueSet,"ValueSet of the MHD List Types allowed","StructureDefinition/IHE.MHD.List","Internal"
https://profiles.ihe.net/ITI/MHD/ValueSet/MHDprovideFolderActions,4.2.2,active,,MHDprovideFolderActions,MHD Folder List Types ValueSet,"A ValueSet of the allowed actions in a ITI-65 Provide Document Bundle for the Folder List type Resources. Where Folders are allowed to be Updated in addition to Created.","StructureDefinition/IHE.MHD.Minimal.ProvideBundle","hl7.fhir.r4.core"
https://profiles.ihe.net/ITI/MHD/ValueSet/MHDprovidePatientActions,4.2.2,active,,MHDprovidePatientActions,MHD Patient Types ValueSet,"A ValueSet of the allowed actions in a ITI-65 Provide Document Bundle for the Patient type Resource. Where Patient would typically be indicated as a GET (read), but might be created or updated depending on policy.","StructureDefinition/IHE.MHD.Minimal.ProvideBundle","hl7.fhir.r4.core"
