{"resourceType":"CapabilityStatement","id":"IHE.MHD.DocumentResponder","text":{"status":"extensions","div":"<div xmlns=\"http://www.w3.org/1999/xhtml\"><h2>IHE_MHD_DocumentResponder</h2><div><p>IHE ITI Mobile access to Health Documents (MHD) - Document Responder (server).</p>\n</div><table><tr><td>Mode</td><td>SERVER</td></tr><tr><td>Description</td><td/></tr><tr><td>Transaction</td><td></td></tr><tr><td>System History</td><td></td></tr><tr><td>System Search</td><td>y</td></tr></table><table><tr><th><b>Resource Type</b></th><th><b>Profile</b></th><th><b title=\"GET a resource (read interaction)\">Read</b></th><th><b title=\"GET all set of resources of the type (search interaction)\">Search</b></th><th><b title=\"PUT a new resource version (update interaction)\">Update</b></th><th><b title=\"POST a new resource (create interaction)\">Create</b></th></tr><tr><td>DocumentReference</td><td><a href=\"https://profiles.ihe.net/ITI/MHD/StructureDefinition/IHE.MHD.Query.Minimal.DocumentReference\">https://profiles.ihe.net/ITI/MHD/StructureDefinition/IHE.MHD.Query.Minimal.DocumentReference</a></td><td>y</td><td>y</td><td></td><td></td></tr><tr><td>List</td><td><a href=\"https://profiles.ihe.net/ITI/MHD/StructureDefinition/IHE.MHD.List\">https://profiles.ihe.net/ITI/MHD/StructureDefinition/IHE.MHD.List</a><br/>Additional supported profiles:<br/>\u00a0\u00a0<a href=\"StructureDefinition-IHE.MHD.UnContained.Comprehensive.SubmissionSet.html\">MHD SubmissionSet Comprehensive UnContained</a><br/>\u00a0\u00a0<a href=\"StructureDefinition-IHE.MHD.Comprehensive.SubmissionSet.html\">MHD SubmissionSet Comprehensive</a><br/>\u00a0\u00a0<a href=\"StructureDefinition-IHE.MHD.Minimal.SubmissionSet.html\">MHD SubmissionSet Minimal</a><br/>\u00a0\u00a0<a href=\"StructureDefinition-IHE.MHD.Comprehensive.Folder.html\">MHD Folder Comprehensive</a><br/>\u00a0\u00a0<a href=\"StructureDefinition-IHE.MHD.Minimal.Folder.html\">MHD Folder Minimal</a></td><td>y</td><td>y</td><td></td><td></td></tr><tr><td>Binary</td><td>\u00a0</td><td>y</td><td></td><td></td><td></td></tr></table></div>"},"url":"https://profiles.ihe.net/ITI/MHD/CapabilityStatement/IHE.MHD.DocumentResponder","version":"4.2.1","name":"IHE_MHD_DocumentResponder","title":"Document Responder (server)","status":"active","experimental":false,"date":"2023-08-02T11:14:45-05:00","publisher":"IHE IT Infrastructure Technical Committee","contact":[{"telecom":[{"system":"url","value":"https://www.ihe.net/ihe_domains/it_infrastructure/"}]},{"telecom":[{"system":"email","value":"iti@ihe.net"}]},{"name":"IHE IT Infrastructure Technical Committee","telecom":[{"system":"email","value":"iti@ihe.net"}]}],"description":"IHE ITI Mobile access to Health Documents (MHD) - Document Responder (server).","jurisdiction":[{"coding":[{"system":"http://unstats.un.org/unsd/methods/m49/m49.htm","code":"001"}]}],"kind":"requirements","fhirVersion":"4.0.1","format":["application/fhir+xml","application/fhir+json"],"rest":[{"mode":"server","security":{"description":"Recommend [ATNA](https://profiles.ihe.net/ITI/TF/Volume1/ch-9.html), encouraged [IHE-IUA](https://profiles.ihe.net/ITI/IUA/index.html) or SMART-on-FHIR"},"resource":[{"type":"DocumentReference","profile":"https://profiles.ihe.net/ITI/MHD/StructureDefinition/IHE.MHD.Query.Minimal.DocumentReference","interaction":[{"code":"read"},{"code":"search-type"}],"searchParam":[{"name":"_id","definition":"http://hl7.org/fhir/SearchParameter/Resource-id","type":"token","documentation":"Logical id of this artifact"},{"name":"_lastupdated","definition":"http://hl7.org/fhir/SearchParameter/Resource-lastUpdated","type":"date","documentation":"When the resource version last changed"},{"name":"author.given","type":"string","documentation":"These parameters, of type string, specify the name parts of the author person, which is associated with the DocumentReference Resource, or in Document Sharing nomenclature, the author of the Document Entry. See ITI TF-2x: Appendix Z.2 for use of the string data type."},{"name":"author.family","type":"string","documentation":"These parameters, of type string, specify the name parts of the author person, which is associated with the DocumentReference Resource, or in Document Sharing nomenclature, the author of the Document Entry. See ITI TF-2x: Appendix Z.2 for use of the string data type."},{"name":"category","definition":"http://hl7.org/fhir/SearchParameter/DocumentReference-category","type":"token","documentation":"Categorization of document"},{"name":"creation","definition":"https://profiles.ihe.net/ITI/MHD/SearchParameter/DocumentReference-Creation","type":"date","documentation":"When this document was created"},{"name":"date","definition":"http://hl7.org/fhir/SearchParameter/DocumentReference-date","type":"date","documentation":"When this document reference was created"},{"name":"event","definition":"http://hl7.org/fhir/SearchParameter/DocumentReference-event","type":"token","documentation":"Main clinical acts documented"},{"name":"facility","definition":"http://hl7.org/fhir/SearchParameter/DocumentReference-facility","type":"token","documentation":"Kind of facility where patient was seen"},{"name":"format","definition":"http://hl7.org/fhir/SearchParameter/DocumentReference-format","type":"token","documentation":"Format/content rules for the document"},{"name":"identifier","definition":"http://hl7.org/fhir/SearchParameter/clinical-identifier","type":"token","documentation":"The identifier for this DocumentReference"},{"name":"patient","definition":"http://hl7.org/fhir/SearchParameter/clinical-patient","type":"reference","documentation":"Who/what is the subject of the document"},{"name":"patient.identifier","type":"token","documentation":"An Identifier for Who/what is the subject of the document"},{"name":"period","definition":"http://hl7.org/fhir/SearchParameter/DocumentReference-period","type":"date","documentation":"Time of service that is being documented"},{"name":"related","definition":"http://hl7.org/fhir/SearchParameter/DocumentReference-related","type":"reference","documentation":"Related Resource"},{"name":"security-label","definition":"http://hl7.org/fhir/SearchParameter/DocumentReference-security-label","type":"token","documentation":"Document security-tags"},{"name":"setting","definition":"http://hl7.org/fhir/SearchParameter/DocumentReference-setting","type":"token","documentation":"Additional details about where the content was created (e.g. clinical specialty)"},{"name":"status","definition":"http://hl7.org/fhir/SearchParameter/DocumentReference-status","type":"token","documentation":"current | superseded | entered-in-error"},{"name":"type","definition":"http://hl7.org/fhir/SearchParameter/clinical-patient","type":"reference","documentation":"Kind of document (LOINC if possible)"}]},{"type":"List","profile":"https://profiles.ihe.net/ITI/MHD/StructureDefinition/IHE.MHD.List","supportedProfile":["https://profiles.ihe.net/ITI/MHD/StructureDefinition/IHE.MHD.UnContained.Comprehensive.SubmissionSet","https://profiles.ihe.net/ITI/MHD/StructureDefinition/IHE.MHD.Comprehensive.SubmissionSet","https://profiles.ihe.net/ITI/MHD/StructureDefinition/IHE.MHD.Minimal.SubmissionSet","https://profiles.ihe.net/ITI/MHD/StructureDefinition/IHE.MHD.Comprehensive.Folder","https://profiles.ihe.net/ITI/MHD/StructureDefinition/IHE.MHD.Minimal.Folder"],"interaction":[{"code":"read"},{"code":"search-type"}],"searchParam":[{"name":"_id","definition":"http://hl7.org/fhir/SearchParameter/Resource-id","type":"token","documentation":"Logical id of this artifact"},{"name":"_lastupdated","definition":"http://hl7.org/fhir/SearchParameter/Resource-lastUpdated","type":"date","documentation":"When the resource version last changed"},{"name":"code","definition":"http://hl7.org/fhir/SearchParameter/clinical-code","type":"token","documentation":"This parameter, of type token, specifies the code.coding value supplied in the List Resource. The value of the code element indicates the List of type SubmissionSet or Folder as indicated."},{"name":"date","definition":"http://hl7.org/fhir/SearchParameter/clinical-date","type":"date","documentation":"This parameter, of type date, specifies the time when the List was created."},{"name":"identifier","definition":"http://hl7.org/fhir/SearchParameter/clinical-identifier","type":"token","documentation":"This parameter, of type token, specifies an identifier for this List. The search results represent the results of a search on List.masterIdentifier and List.identifier. See ITI TF-2x: Appendix Z.2 for additional constraints on the use of the token search parameter type."},{"name":"patient","definition":"http://hl7.org/fhir/SearchParameter/clinical-patient","type":"reference","documentation":"This parameter is of type Reference(Patient). The Document Consumer may get this reference through the use of the PDQm or PIXm Profiles, or by some other method. When the patient parameter is used, the Patient reference would need to be accessible to both the Document Consumer and the Document Responder."},{"name":"patient.identifier","type":"token","documentation":"An Identifier for Who/what is the subject of the document"},{"name":"source.given","type":"string","documentation":"These parameters, of type string, specify the name parts of the author person which is associated with the List. See ITI TF-2x: Appendix Z.2 for use of the string data type."},{"name":"source.family","type":"string","documentation":"These parameters, of type string, specify the name parts of the author person which is associated with the List. See ITI TF-2x: Appendix Z.2 for use of the string data type."},{"name":"status","definition":"http://hl7.org/fhir/SearchParameter/List-status","type":"token","documentation":"This parameter, of type token, specifies the status of the List. If included in the query, the Document Consumer shall populate the code portion of the token with one of the codes in the following Table 3.66.4.1.2.1-1: Values for code for status of List. The system portion of the token shall not be populated."},{"name":"designationType","definition":"https://profiles.ihe.net/ITI/MHD/SearchParameter/List-DesignationType","type":"token","documentation":"This IHE extension on parameters defined as SearchParameter/List-DesignationType, of type token, specifies the designation type of the List. The value of the designation type element indicates the clinical purpose of the SubmissionSet or Folder. Note that servers that do not support this extended search parameter will ignore it, and thus return more results than expected."},{"name":"sourceId","definition":"https://profiles.ihe.net/ITI/MHD/SearchParameter/List-SourceId","type":"token","documentation":"This IHE extension on parameters defined as SearchParameter/List-SourceId, of type token, specifies the source (author) value supplied in the List Resource."}]},{"type":"Binary","interaction":[{"code":"read"}]}],"interaction":[{"code":"search-system"}]}]}