{"resourceType":"CodeSystem","id":"MHDlistTypes","text":{"status":"generated","div":"<div xmlns=\"http://www.w3.org/1999/xhtml\"><h2>MHD List Types</h2><div><p>To use the List resource for two different use-cases we define a code-system with the types of List needed in MHD</p>\n</div><p>This code system http://ihe.net/fhir/ITI.MHD/CodeSystem/MHDlistTypes defines the following codes:</p><table class=\"codes\"><tr><td style=\"white-space:nowrap\"><b>Code</b></td><td><b>Display</b></td><td><b>Definition</b></td></tr><tr><td style=\"white-space:nowrap\">folder<a name=\"MHDlistTypes-folder\"> </a></td><td>Folder as a FHIR List</td><td/></tr><tr><td style=\"white-space:nowrap\">submissionset<a name=\"MHDlistTypes-submissionset\"> </a></td><td>SubmissionSet as a FHIR List</td><td/></tr></table></div>"},"url":"http://ihe.net/fhir/ITI.MHD/CodeSystem/MHDlistTypes","version":"0.1.0","name":"MHDlistTypes","title":"MHD List Types","status":"active","date":"2020-05-03T13:51:04+00:00","publisher":"IHE","contact":[{"name":"John Moehrke","telecom":[{"system":"email","value":"john.moehrke@gmail.com"}]}],"description":"To use the List resource for two different use-cases we define a code-system with the types of List needed in MHD","content":"complete","concept":[{"code":"folder","display":"Folder as a FHIR List"},{"code":"submissionset","display":"SubmissionSet as a FHIR List"}]}