{"resourceType":"ImplementationGuide","id":"ihe.mhd.fhir","text":{"status":"extensions","div":"<div xmlns=\"http://www.w3.org/1999/xhtml\"><h2>IHE_MHD</h2><p>The official URL for this implementation guide is: </p><pre>http://profiles.ihe.net/ITI/MHD/ImplementationGuide/ihe.mhd.fhir</pre><div><p>ImplementationGuide for IHE IT Infrastructure Technical Framework Supplement Mobile access to Health Documents (MHD) Rev. 4.0.1 normative</p>\n</div></div>"},"url":"http://profiles.ihe.net/ITI/MHD/ImplementationGuide/ihe.mhd.fhir","version":"4.0.2","name":"IHE_MHD","title":"Mobile access to Health Documents (MHD)","status":"active","date":"2021-11-08T08:32:25-06:00","publisher":"Integrating the Healthcare Enterprise (IHE)","contact":[{"name":"Integrating the Healthcare Enterprise (IHE)","telecom":[{"system":"url","value":"http://ihe.net"},{"system":"email","value":"secretary@ihe.net"}]},{"name":"John Moehrke","telecom":[{"system":"email","value":"JohnMoehrke@gmail.com","use":"work"}]}],"description":"ImplementationGuide for IHE IT Infrastructure Technical Framework Supplement Mobile access to Health Documents (MHD) Rev. 4.0.1 normative","jurisdiction":[{"coding":[{"system":"http://unstats.un.org/unsd/methods/m49/m49.htm","code":"001"}]}],"copyright":"IHE http://www.ihe.net/Governance/#Intellectual_Property","packageId":"ihe.mhd.fhir","license":"CC-BY-SA-4.0","fhirVersion":["4.0.1"],"definition":{"extension":[{"extension":[{"url":"code","valueString":"copyrightyear"},{"url":"value","valueString":"2020+"}],"url":"http://hl7.org/fhir/tools/StructureDefinition/ig-parameter"},{"extension":[{"url":"code","valueString":"releaselabel"},{"url":"value","valueString":"Trial-Implementation"}],"url":"http://hl7.org/fhir/tools/StructureDefinition/ig-parameter"},{"extension":[{"url":"code","valueString":"active-tables"},{"url":"value","valueString":"false"}],"url":"http://hl7.org/fhir/tools/StructureDefinition/ig-parameter"},{"extension":[{"url":"code","valueString":"apply-contact"},{"url":"value","valueString":"true"}],"url":"http://hl7.org/fhir/tools/StructureDefinition/ig-parameter"},{"extension":[{"url":"code","valueString":"apply-jurisdiction"},{"url":"value","valueString":"true"}],"url":"http://hl7.org/fhir/tools/StructureDefinition/ig-parameter"},{"extension":[{"url":"code","valueString":"apply-publisher"},{"url":"value","valueString":"true"}],"url":"http://hl7.org/fhir/tools/StructureDefinition/ig-parameter"},{"extension":[{"url":"code","valueString":"apply-version"},{"url":"value","valueString":"true"}],"url":"http://hl7.org/fhir/tools/StructureDefinition/ig-parameter"},{"extension":[{"url":"code","valueString":"show-inherited-invariants"},{"url":"value","valueString":"false"}],"url":"http://hl7.org/fhir/tools/StructureDefinition/ig-parameter"},{"extension":[{"url":"code","valueString":"usage-stats-opt-out"},{"url":"value","valueString":"true"}],"url":"http://hl7.org/fhir/tools/StructureDefinition/ig-parameter"},{"extension":[{"url":"code","valueString":"autoload-resources"},{"url":"value","valueString":"true"}],"url":"http://hl7.org/fhir/tools/StructureDefinition/ig-parameter"},{"extension":[{"url":"code","valueString":"shownav"},{"url":"value","valueString":"true"}],"url":"http://hl7.org/fhir/tools/StructureDefinition/ig-parameter"},{"extension":[{"url":"code","valueString":"path-liquid"},{"url":"value","valueString":"template/liquid"}],"url":"http://hl7.org/fhir/tools/StructureDefinition/ig-parameter"},{"extension":[{"url":"code","valueString":"path-liquid"},{"url":"value","valueString":"input/liquid"}],"url":"http://hl7.org/fhir/tools/StructureDefinition/ig-parameter"},{"extension":[{"url":"code","valueString":"path-qa"},{"url":"value","valueString":"temp/qa"}],"url":"http://hl7.org/fhir/tools/StructureDefinition/ig-parameter"},{"extension":[{"url":"code","valueString":"path-temp"},{"url":"value","valueString":"temp/pages"}],"url":"http://hl7.org/fhir/tools/StructureDefinition/ig-parameter"},{"extension":[{"url":"code","valueString":"path-output"},{"url":"value","valueString":"output"}],"url":"http://hl7.org/fhir/tools/StructureDefinition/ig-parameter"},{"extension":[{"url":"code","valueString":"path-suppressed-warnings"},{"url":"value","valueString":"input/ignoreWarnings.txt"}],"url":"http://hl7.org/fhir/tools/StructureDefinition/ig-parameter"},{"extension":[{"url":"code","valueString":"path-history"},{"url":"value","valueString":"http://profiles.ihe.net/ITI/MHD/history.html"}],"url":"http://hl7.org/fhir/tools/StructureDefinition/ig-parameter"},{"extension":[{"url":"code","valueString":"template-html"},{"url":"value","valueString":"template-page.html"}],"url":"http://hl7.org/fhir/tools/StructureDefinition/ig-parameter"},{"extension":[{"url":"code","valueString":"template-md"},{"url":"value","valueString":"template-page-md.html"}],"url":"http://hl7.org/fhir/tools/StructureDefinition/ig-parameter"},{"extension":[{"url":"code","valueString":"apply-context"},{"url":"value","valueString":"true"}],"url":"http://hl7.org/fhir/tools/StructureDefinition/ig-parameter"},{"extension":[{"url":"code","valueString":"apply-copyright"},{"url":"value","valueString":"true"}],"url":"http://hl7.org/fhir/tools/StructureDefinition/ig-parameter"},{"extension":[{"url":"code","valueString":"apply-license"},{"url":"value","valueString":"true"}],"url":"http://hl7.org/fhir/tools/StructureDefinition/ig-parameter"}],"grouping":[{"id":"-dyn-capabilitystatement","name":"Behavior: Capability Statements","description":"The following artifacts define the specific capabilities that different types of systems are expected to have in order to comply with this implementation guide.  Systems conforming to this implementation guide are expected to declare conformance to one or more of the following capability statements."},{"id":"-dyn-searchparameter","name":"Behavior: Search Parameters","description":"These define the properties by which a RESTful server can be searched.  They can also be used for sorting and including related resources."},{"id":"-str-profile","name":"Structures: Resource Profiles","description":"These define constraints on FHIR resources for systems conforming to this implementation guide"},{"id":"-str-extension","name":"Structures: Extension Definitions","description":"These define constraints on FHIR data types for systems conforming to this implementation guide"},{"id":"-term-valueset","name":"Terminology: Value Sets","description":"These define sets of codes used by systems conforming to this implementation guide"},{"id":"-term-codesystem","name":"Terminology: Code Systems","description":"These define new code systems used by systems conforming to this implementation guide"},{"id":"-map-conceptmap","name":"Terminology: Concept Maps","description":"These define transformations to convert between codes by systems conforming with this implementation guide"},{"id":"-ex-example","name":"Example: Example Instances","description":"These are example instances that show what data produced and consumed by systems conforming with this implementation guide might look like"}],"resource":[{"extension":[{"url":"http://hl7.org/fhir/StructureDefinition/implementationguide-page","valueUri":"StructureDefinition-IHE.MHD.FindDocumentLists.Audit.Consumer.html"}],"reference":{"reference":"StructureDefinition/IHE.MHD.FindDocumentLists.Audit.Consumer"},"name":"Audit Event for Find Document Lists Transaction by the Document Consumer","description":"Defines constraints on the AuditEvent Resource to record when a Find Document Lists Transaction happens, as recorded by the Document Consumer.\r\n- Query event\r\n- shall have the source as itself\r\n- shall have a document consumer agent\r\n- shall have a document responder agent\r\n- may have user, app, organization agent(s)\r\n- shall have a patient entity\r\n- shall have a the query parameters","exampleBoolean":false,"groupingId":"-str-profile"},{"extension":[{"url":"http://hl7.org/fhir/StructureDefinition/implementationguide-page","valueUri":"StructureDefinition-IHE.MHD.FindDocumentLists.Audit.Responder.html"}],"reference":{"reference":"StructureDefinition/IHE.MHD.FindDocumentLists.Audit.Responder"},"name":"Audit Event for Find Document Lists Transaction at Document Responder","description":"Defines constraints on the AuditEvent Resource to record when a Find Document Lists Transaction happens, as recorded by the Document Responder.\r\n- Query event\r\n- shall have the source as itself\r\n- shall have a document consumer agent\r\n- shall have a document responder agent\r\n- may have user, app, organization agent(s)\r\n- shall have a patient entity\r\n- shall have a the query parameters","exampleBoolean":false,"groupingId":"-str-profile"},{"extension":[{"url":"http://hl7.org/fhir/StructureDefinition/implementationguide-page","valueUri":"StructureDefinition-IHE.MHD.FindDocumentReferences.Audit.Consumer.html"}],"reference":{"reference":"StructureDefinition/IHE.MHD.FindDocumentReferences.Audit.Consumer"},"name":"Audit Event for Find Document References Transaction at Document Consumer","description":"Defines constraints on the AuditEvent Resource to record when a Find Document References Transaction happens, as recorded by the Document Consumer.\r\n- Query event\r\n- shall have the source as itself\r\n- shall have a document consumer agent\r\n- shall have a document responder agent\r\n- may have user, app, organization agent(s)\r\n- shall have a patient entity\r\n- shall have a the query parameters","exampleBoolean":false,"groupingId":"-str-profile"},{"extension":[{"url":"http://hl7.org/fhir/StructureDefinition/implementationguide-page","valueUri":"StructureDefinition-IHE.MHD.FindDocumentReferences.Audit.Responder.html"}],"reference":{"reference":"StructureDefinition/IHE.MHD.FindDocumentReferences.Audit.Responder"},"name":"Audit Event for Find Document References Transaction at Document Responder","description":"Defines constraints on the AuditEvent Resource to record when a Find Document References Transaction happens, as recorded by the Document Responder.\r\n- Query event\r\n- shall have the source as itself\r\n- shall have a document consumer agent\r\n- shall have a document responder agent\r\n- may have user, app, organization agent(s)\r\n- shall have a patient entity\r\n- shall have a the query parameters","exampleBoolean":false,"groupingId":"-str-profile"},{"extension":[{"url":"http://hl7.org/fhir/StructureDefinition/implementationguide-page","valueUri":"StructureDefinition-IHE.MHD.ProvideBundle.Audit.Recipient.html"}],"reference":{"reference":"StructureDefinition/IHE.MHD.ProvideBundle.Audit.Recipient"},"name":"Audit Event for Provide Bundle Transaction at Recipient","description":"Defines constraints on the AuditEvent Resource to record when a Provide Bundle Transaction happens at the Recipient.\r\n- Import event\r\n- shall have source of itself\r\n- shall have a document source agent\r\n- shall have a document recipient agent\r\n- may have user, app, organization agent(s)\r\n- shall have a patient entity\r\n- shall have a submission set identity entity","exampleBoolean":false,"groupingId":"-str-profile"},{"extension":[{"url":"http://hl7.org/fhir/StructureDefinition/implementationguide-page","valueUri":"StructureDefinition-IHE.MHD.ProvideBundle.Audit.Source.html"}],"reference":{"reference":"StructureDefinition/IHE.MHD.ProvideBundle.Audit.Source"},"name":"Audit Event for Provide Bundle Transaction at Source","description":"Defines constraints on the AuditEvent Resource to record when a Provide Bundle Transaction happens at the Source.\r\n- Import event\r\n- shall have source of itself\r\n- shall have a document source agent\r\n- shall have a document recipient agent\r\n- may have user, app, organization agent(s)\r\n- shall have a patient entity\r\n- shall have a submission set identity entity","exampleBoolean":false,"groupingId":"-str-profile"},{"extension":[{"url":"http://hl7.org/fhir/StructureDefinition/implementationguide-page","valueUri":"StructureDefinition-IHE.MHD.RetrieveDocument.Audit.Consumer.html"}],"reference":{"reference":"StructureDefinition/IHE.MHD.RetrieveDocument.Audit.Consumer"},"name":"Audit Event for Retrieve Document Transaction at Document Consumer","description":"Defines constraints on the Document Consumer AuditEvent Resource to record when a Retrieve Document Transaction happens, as recorded by the Document Consumer.\r\n- Import event\r\n- shall have the source as itself\r\n- shall have a document consumer agent\r\n- shall have a document responder agent\r\n- may have user, app, organization agent(s)\r\n- shall have a patient entity\r\n- shall have a document uniqueId (usually a Binary)","exampleBoolean":false,"groupingId":"-str-profile"},{"extension":[{"url":"http://hl7.org/fhir/StructureDefinition/implementationguide-page","valueUri":"StructureDefinition-IHE.MHD.RetrieveDocument.Audit.Responder.html"}],"reference":{"reference":"StructureDefinition/IHE.MHD.RetrieveDocument.Audit.Responder"},"name":"Audit Event for Retrieve Document Transaction at the Document Responder","description":"Defines constraints on the Document Responder AuditEvent Resource to record when a Retrieve Document Transaction happens, as recorded by the Document Responder.\r\n- Export event\r\n- shall have the source as itself\r\n- shall have a document consumer agent\r\n- shall have a document responder agent\r\n- may have user, app, organization agent(s)\r\n- shall have a patient entity\r\n- shall have a document uniqueId (usually a Binary)","exampleBoolean":false,"groupingId":"-str-profile"},{"extension":[{"url":"http://hl7.org/fhir/StructureDefinition/implementationguide-page","valueUri":"StructureDefinition-IHE.MHD.Comprehensive.DocumentReference.html"}],"reference":{"reference":"StructureDefinition/IHE.MHD.Comprehensive.DocumentReference"},"name":"MHD DocumentReference Comprehensive","description":"A profile on the DocumentReference resource for MHD Comprehensive Option with Contained (not UnContained), compatible with XDS-on-FHIR and XCA use.\r\n- MHD is based on the [IHE Document Sharing](https://profiles.ihe.net/ITI/HIE-Whitepaper/index.html) model, \r\n- the [3:4.1 Abstract Metadata Model](https://profiles.ihe.net/ITI/TF/Volume3/ch-4.1.html#4.1), and \r\n- the use defined here is FHIR DocumentReference implementation of the \r\n- ebRIM implementation at [3:4.2.3.2 Document Entry](https://profiles.ihe.net/ITI/TF/Volume3/ch-4.2.html#4.2.3.2).\r\n- with use-cases and constraints found in [3:4.3 Additional Document Sharing Requirements](https://profiles.ihe.net/ITI/TF/Volume3/ch-4.3.html#4.3)","exampleBoolean":false,"groupingId":"-str-profile"},{"extension":[{"url":"http://hl7.org/fhir/StructureDefinition/implementationguide-page","valueUri":"StructureDefinition-IHE.MHD.Comprehensive.ProvideBundle.html"}],"reference":{"reference":"StructureDefinition/IHE.MHD.Comprehensive.ProvideBundle"},"name":"MHD Comprehensive Provide Document Bundle","description":"A profile on the Bundle transaction for ITI-65 Provide Document resources with Comprehensive Metadata for MHD.\r\n\r\n- [Comprehensive Metadata](StructureDefinition-IHE.MHD.Comprehensive.ProvideBundle.html): `http://profiles.ihe.net/ITI/MHD/StructureDefinition/IHE.MHD.Comprehensive.ProvideBundle`\r\n  - this is otherwise known as XDS-on-FHIR\r\n  - shall be a Transaction Bundle\r\n  - all resources shall be compliant with comprehensive constraints, they may be marked comprehensive\r\n  - shall create a [SubmissionSet type List](StructureDefinition-IHE.MHD.Minimal.SubmissionSet.html) that is either minimal, comprehensive, or unContained\r\n  - may create one or more [DocumentReference](StructureDefinition-IHE.MHD.Minimal.DocumentReference.html) that is either minimal, comprehensive, or unContained\r\n  - may create one or more [Binary](http://hl7.org/fhir/R4/binary.html)\r\n  - may create/update one or more [Folder type List](StructureDefinition-IHE.MHD.Minimal.Folder.html) that is either minimal, comprehensive, or unContained\r\n  - may create/update/read one [Patient](http://hl7.org/fhir/R4/patient.html)","exampleBoolean":false,"groupingId":"-str-profile"},{"extension":[{"url":"http://hl7.org/fhir/StructureDefinition/implementationguide-page","valueUri":"StructureDefinition-IHE.MHD.FindDocumentReferencesComprehensiveResponseMessage.html"}],"reference":{"reference":"StructureDefinition/IHE.MHD.FindDocumentReferencesComprehensiveResponseMessage"},"name":"MHD Find Document References Comprehensive Response message","description":"A profile on the Find Document References Comprehensive Response message for ITI-67","exampleBoolean":false,"groupingId":"-str-profile"},{"extension":[{"url":"http://hl7.org/fhir/StructureDefinition/implementationguide-page","valueUri":"StructureDefinition-IHE.MHD.FindDocumentReferencesResponseMessage.html"}],"reference":{"reference":"StructureDefinition/IHE.MHD.FindDocumentReferencesResponseMessage"},"name":"MHD Find Document References Response message","description":"A profile on the Find Document References Response message for ITI-67","exampleBoolean":false,"groupingId":"-str-profile"},{"extension":[{"url":"http://hl7.org/fhir/StructureDefinition/implementationguide-page","valueUri":"StructureDefinition-IHE.MHD.FindDocumentListsResponseMessage.html"}],"reference":{"reference":"StructureDefinition/IHE.MHD.FindDocumentListsResponseMessage"},"name":"MHD Find Document Lists Response Message","description":"A profile on the Find Document Lists Response message for ITI-66","exampleBoolean":false,"groupingId":"-str-profile"},{"extension":[{"url":"http://hl7.org/fhir/StructureDefinition/implementationguide-page","valueUri":"StructureDefinition-IHE.MHD.Minimal.Folder.html"}],"reference":{"reference":"StructureDefinition/IHE.MHD.Minimal.Folder"},"name":"MHD Folder Minimal","description":"A profile on the List resource for MHD use as a Folder with minimal metadata constraints. \r\n- MHD is based on the [IHE Document Sharing](https://profiles.ihe.net/ITI/HIE-Whitepaper/index.html) model, \r\n- the [3:4.1 Abstract Metadata Model](https://profiles.ihe.net/ITI/TF/Volume3/ch-4.1.html#4.1), and \r\n- the use defined here is FHIR List for use as a Folder implementation of the \r\n- ebRIM implementation at [3:4.2.3.4 Folder Attributes](https://profiles.ihe.net/ITI/TF/Volume3/ch-4.2.html#4.2.3.4).\r\n- with use-cases and constraints found in [3:4.3 Additional Document Sharing Requirements](https://profiles.ihe.net/ITI/TF/Volume3/ch-4.3.html#4.3)","exampleBoolean":false,"groupingId":"-str-profile"},{"extension":[{"url":"http://hl7.org/fhir/StructureDefinition/implementationguide-page","valueUri":"StructureDefinition-IHE.MHD.Comprehensive.Folder.html"}],"reference":{"reference":"StructureDefinition/IHE.MHD.Comprehensive.Folder"},"name":"MHD Folder Comprehensive","description":"A profile on the List resource for MHD Comprehensive Metadata Folder. Note UnContained has no impact on Folder.\r\n- MHD is based on the [IHE Document Sharing](https://profiles.ihe.net/ITI/HIE-Whitepaper/index.html) model, \r\n- the [3:4.1 Abstract Metadata Model](https://profiles.ihe.net/ITI/TF/Volume3/ch-4.1.html#4.1), and \r\n- the use defined here is FHIR List for use as a Folder implementation of the \r\n- ebRIM implementation at [3:4.2.3.4 Folder Attributes](https://profiles.ihe.net/ITI/TF/Volume3/ch-4.2.html#4.2.3.4).\r\n- with use-cases and constraints found in [3:4.3 Additional Document Sharing Requirements](https://profiles.ihe.net/ITI/TF/Volume3/ch-4.3.html#4.3)","exampleBoolean":false,"groupingId":"-str-profile"},{"extension":[{"url":"http://hl7.org/fhir/StructureDefinition/implementationguide-page","valueUri":"StructureDefinition-IHE.MHD.List.html"}],"reference":{"reference":"StructureDefinition/IHE.MHD.List"},"name":"MHD common List with designationType","description":"A profile on the List resource for MHD. Used with both Folder and SubmissionSet.\r\n- MHD adds a codeable Concept to List for use with Folder and SubmissionSet","exampleBoolean":false,"groupingId":"-str-profile"},{"extension":[{"url":"http://hl7.org/fhir/StructureDefinition/implementationguide-page","valueUri":"StructureDefinition-IHE.MHD.Minimal.DocumentReference.html"}],"reference":{"reference":"StructureDefinition/IHE.MHD.Minimal.DocumentReference"},"name":"MHD DocumentReference Minimal","description":"A profile on the DocumentReference resource for MHD with minimal metadata constraints. \r\n- MHD is based on the [IHE Document Sharing](https://profiles.ihe.net/ITI/HIE-Whitepaper/index.html) model, \r\n- the [3:4.1 Abstract Metadata Model](https://profiles.ihe.net/ITI/TF/Volume3/ch-4.1.html#4.1), and \r\n- the use defined here is FHIR DocumentReference implementation of the \r\n- ebRIM implementation at [3:4.2.3.2 Document Entry](https://profiles.ihe.net/ITI/TF/Volume3/ch-4.2.html#4.2.3.2).\r\n- with use-cases and constraints found in [3:4.3 Additional Document Sharing Requirements](https://profiles.ihe.net/ITI/TF/Volume3/ch-4.3.html#4.3)","exampleBoolean":false,"groupingId":"-str-profile"},{"extension":[{"url":"http://hl7.org/fhir/StructureDefinition/implementationguide-page","valueUri":"StructureDefinition-IHE.MHD.Minimal.ProvideBundle.html"}],"reference":{"reference":"StructureDefinition/IHE.MHD.Minimal.ProvideBundle"},"name":"MHD Minimal Provide Document Bundle","description":"A profile on the Bundle transaction for ITI-65 Provide Document resources with Minimal metadata for MHD.\r\n\r\n- [Minimal Metadata](StructureDefinition-IHE.MHD.Minimal.ProvideBundle.html): `http://profiles.ihe.net/ITI/MHD/StructureDefinition/IHE.MHD.Minimal.ProvideBundle`\r\n  - shall be a Transaction Bundle\r\n  - all resources shall be compliant with minimal constraints, they may be marked minimal, comprehensive, or unContained\r\n  - shall create a [SubmissionSet type List](StructureDefinition-IHE.MHD.Minimal.SubmissionSet.html) that is either minimal, comprehensive, or unContained\r\n  - may create one or more [DocumentReference](StructureDefinition-IHE.MHD.Minimal.DocumentReference.html) that is either minimal, comprehensive, or unContained\r\n  - may create one or more [Binary](http://hl7.org/fhir/R4/binary.html)\r\n  - may create/update one or more [Folder type List](StructureDefinition-IHE.MHD.Minimal.Folder.html) that is either minimal, comprehensive, or unContained\r\n  - may create/update/read one [Patient](http://hl7.org/fhir/R4/patient.html)","exampleBoolean":false,"groupingId":"-str-profile"},{"extension":[{"url":"http://hl7.org/fhir/StructureDefinition/implementationguide-page","valueUri":"StructureDefinition-IHE.MHD.ProvideDocumentBundleResponse.html"}],"reference":{"reference":"StructureDefinition/IHE.MHD.ProvideDocumentBundleResponse"},"name":"MHD Provide Document Bundle Response","description":"A profile on the Bundle transaction-response for ITI-65 Provide Document Bundle response.\n\n- shall be a transaction response\n- shall have at least 1 entry for each entry in the request, in the same order as received in the request\n  - entry response location must be indicated","exampleBoolean":false,"groupingId":"-str-profile"},{"extension":[{"url":"http://hl7.org/fhir/StructureDefinition/implementationguide-page","valueUri":"StructureDefinition-IHE.MHD.Minimal.SubmissionSet.html"}],"reference":{"reference":"StructureDefinition/IHE.MHD.Minimal.SubmissionSet"},"name":"MHD SubmissionSet Minimal","description":"A profile on the List resource for MHD SubmissionSet.\r\n- MHD is based on the [IHE Document Sharing](https://profiles.ihe.net/ITI/HIE-Whitepaper/index.html) model, \r\n- the [3:4.1 Abstract Metadata Model](https://profiles.ihe.net/ITI/TF/Volume3/ch-4.1.html#4.1), and \r\n- the use defined here is FHIR List for use as a SubmissionSet implementation of the \r\n- ebRIM implementation at [3:4.2.3.3 SubmissionSet Attributes](https://profiles.ihe.net/ITI/TF/Volume3/ch-4.2.html#4.2.3.3).\r\n- with use-cases and constraints found in [3:4.3.1 Submission Metadata Attribute Optionality](https://profiles.ihe.net/ITI/TF/Volume3/ch-4.3.html#4.3.1) for \r\n  - Document Source implementing not implementing Comprehensive Metadata Option\r\n  - Document Source implementing UnContained Option but not Comprehensive Option\r\n  - equivalent to XDR Document Source implementing Metadata-Limited Option requirements\r\n  - aka the default MHD Document Source","exampleBoolean":false,"groupingId":"-str-profile"},{"extension":[{"url":"http://hl7.org/fhir/StructureDefinition/implementationguide-page","valueUri":"StructureDefinition-IHE.MHD.Comprehensive.SubmissionSet.html"}],"reference":{"reference":"StructureDefinition/IHE.MHD.Comprehensive.SubmissionSet"},"name":"MHD SubmissionSet Comprehensive","description":"A profile on the List resource for MHD Comprehensive SubmissionSet.\r\n- MHD is based on the [IHE Document Sharing](https://profiles.ihe.net/ITI/HIE-Whitepaper/index.html) model, \r\n- the [3:4.1 Abstract Metadata Model](https://profiles.ihe.net/ITI/TF/Volume3/ch-4.1.html#4.1), and \r\n- the use defined here is FHIR List for use as a SubmissionSet implementation of the \r\n- ebRIM implementation at [3:4.2.3.3 SubmissionSet Attributes](https://profiles.ihe.net/ITI/TF/Volume3/ch-4.2.html#4.2.3.3).\r\n- with use-cases and constraints found in [3:4.3.1 Submission Metadata Attribute Optionality](https://profiles.ihe.net/ITI/TF/Volume3/ch-4.3.html#4.3.1) for \r\n  - MHD Comprehensive Option Document Source\r\n  - aka the XDS Document Source requirements\r\n  - aka the XDR Document Source requirements","exampleBoolean":false,"groupingId":"-str-profile"},{"extension":[{"url":"http://hl7.org/fhir/StructureDefinition/implementationguide-page","valueUri":"StructureDefinition-IHE.MHD.UnContained.Comprehensive.SubmissionSet.html"}],"reference":{"reference":"StructureDefinition/IHE.MHD.UnContained.Comprehensive.SubmissionSet"},"name":"MHD SubmissionSet Comprehensive UnContained","description":"A profile on the List resource for MHD UnContained Comprehensive SubmissionSet.\r\n- MHD is based on the [IHE Document Sharing](https://profiles.ihe.net/ITI/HIE-Whitepaper/index.html) model, \r\n- the [3:4.1 Abstract Metadata Model](https://profiles.ihe.net/ITI/TF/Volume3/ch-4.1.html#4.1), and \r\n- the use defined here is FHIR List for use as a SubmissionSet implementation of the \r\n- ebRIM implementation at [3:4.2.3.3 SubmissionSet Attributes](https://profiles.ihe.net/ITI/TF/Volume3/ch-4.2.html#4.2.3.3).\r\n- with use-cases and constraints found in [3:4.3.1 Submission Metadata Attribute Optionality](https://profiles.ihe.net/ITI/TF/Volume3/ch-4.3.html#4.3.1) for \r\n  - MHD Document Source that has implemented both Comprehensive Metadata Option and UnContained References Option","exampleBoolean":false,"groupingId":"-str-profile"},{"extension":[{"url":"http://hl7.org/fhir/StructureDefinition/implementationguide-page","valueUri":"StructureDefinition-IHE.MHD.UnContained.Comprehensive.DocumentReference.html"}],"reference":{"reference":"StructureDefinition/IHE.MHD.UnContained.Comprehensive.DocumentReference"},"name":"MHD DocumentReference Comprehensive UnContained References Option","description":"A profile on the DocumentReference resource for MHD with Comprehensive Metadata Option but without a requirement for contained author, authenticator, or sourcePatientInfo. \r\n- MHD is based on the [IHE Document Sharing](https://profiles.ihe.net/ITI/HIE-Whitepaper/index.html) model, \r\n- the [3:4.1 Abstract Metadata Model](https://profiles.ihe.net/ITI/TF/Volume3/ch-4.1.html#4.1), and \r\n- the use defined here is FHIR DocumentReference implementation of the \r\n- ebRIM implementation at [3:4.2.3.2 Document Entry](https://profiles.ihe.net/ITI/TF/Volume3/ch-4.2.html#4.2.3.2).\r\n- with use-cases and constraints found in [3:4.3 Additional Document Sharing Requirements](https://profiles.ihe.net/ITI/TF/Volume3/ch-4.3.html#4.3)","exampleBoolean":false,"groupingId":"-str-profile"},{"extension":[{"url":"http://hl7.org/fhir/StructureDefinition/implementationguide-page","valueUri":"StructureDefinition-IHE.MHD.UnContained.Comprehensive.ProvideBundle.html"}],"reference":{"reference":"StructureDefinition/IHE.MHD.UnContained.Comprehensive.ProvideBundle"},"name":"MHD UnContained Comprehensive Provide Document Bundle","description":"A profile on the Bundle transaction for ITI-65 Provide Document resources with UnContained allowed but requiring Comprehensive Metadata for MHD.\r\n\r\n- [UnContained Comprehensive Metadata](StructureDefinition-IHE.MHD.UnContained.Comprehensive.ProvideBundle.html): `http://profiles.ihe.net/ITI/MHD/StructureDefinition/IHE.MHD.UnContained.Comprehensive.ProvideBundle` \r\n  - note that Minimal Metadata does not require containment, so UnContained Minimal is the same as Minimal Metadata\r\n  - note that UnContained only applies to DocumentReference and SubmissionSet type Lists; so the following apply\r\n  - shall be a Transaction Bundle\r\n  - all resources shall be compliant with comprehensive unContained constraints, they may be marked comprehensive unContained\r\n  - shall create a [SubmissionSet type List](StructureDefinition-IHE.MHD.Minimal.SubmissionSet.html) that is either minimal, comprehensive, or unContained\r\n  - may create one or more [DocumentReference](StructureDefinition-IHE.MHD.Minimal.DocumentReference.html) that is either minimal, comprehensive, or unContained\r\n  - may create one or more [Binary](http://hl7.org/fhir/R4/binary.html)\r\n  - may create/update one or more [Folder type List](StructureDefinition-IHE.MHD.Minimal.Folder.html) that is either minimal, comprehensive, or unContained\r\n  - may create/update/read one [Patient](http://hl7.org/fhir/R4/patient.html)","exampleBoolean":false,"groupingId":"-str-profile"},{"extension":[{"url":"http://hl7.org/fhir/StructureDefinition/implementationguide-page","valueUri":"StructureDefinition-ihe-authorOrg.html"}],"reference":{"reference":"StructureDefinition/ihe-authorOrg"},"name":"Author organization of the SubmissionSet","description":"When the author of the SubmissionSet is an Organization, this extension shall be used.","exampleBoolean":false,"groupingId":"-str-extension"},{"extension":[{"url":"http://hl7.org/fhir/StructureDefinition/implementationguide-page","valueUri":"StructureDefinition-ihe-designationType.html"}],"reference":{"reference":"StructureDefinition/ihe-designationType"},"name":"Clinical code of the List","description":"Expresses contentType of submissionSet or the codeList of a Folder. Usually expressed in LOINC or SNOMED.","exampleBoolean":false,"groupingId":"-str-extension"},{"extension":[{"url":"http://hl7.org/fhir/StructureDefinition/implementationguide-page","valueUri":"StructureDefinition-ihe-intendedRecipient.html"}],"reference":{"reference":"StructureDefinition/ihe-intendedRecipient"},"name":"Intended recipient of the SubmissionSet","description":"holds the identity of the organization or person the SubmissionSet is intended. For XDR and eMail (e.g. Direct) this tends to be a Practitioner or Patient with a telecom holding an email, but this is not strictly required.","exampleBoolean":false,"groupingId":"-str-extension"},{"extension":[{"url":"http://hl7.org/fhir/StructureDefinition/implementationguide-page","valueUri":"StructureDefinition-ihe-sourceId.html"}],"reference":{"reference":"StructureDefinition/ihe-sourceId"},"name":"Publisher organization identity of the SubmissionSet","description":"The globally unique, immutable, identifier of the entity that contributed the SubmissionSet. When a broker is involved in sending SubmissionSets from a collection of client systems, it shall use a different sourceId for submissions from each separate system to allow for tracking. The format of the identifier is an OID.","exampleBoolean":false,"groupingId":"-str-extension"},{"extension":[{"url":"http://hl7.org/fhir/StructureDefinition/implementationguide-page","valueUri":"ValueSet-MHDlistTypesVS.html"}],"reference":{"reference":"ValueSet/MHDlistTypesVS"},"name":"MHD List Types ValueSet","description":"ValueSet of the MHD List Types allowed","exampleBoolean":false,"groupingId":"-term-valueset"},{"extension":[{"url":"http://hl7.org/fhir/StructureDefinition/implementationguide-page","valueUri":"ValueSet-MHDprovideFolderActions.html"}],"reference":{"reference":"ValueSet/MHDprovideFolderActions"},"name":"MHD Folder List Types ValueSet","description":"A ValueSet of the allowed actions in a ITI-65 Provide Document Bundle for the Folder List type Resources. Where Folders are allowed to be Updated in addition to Created.","exampleBoolean":false,"groupingId":"-term-valueset"},{"extension":[{"url":"http://hl7.org/fhir/StructureDefinition/implementationguide-page","valueUri":"ValueSet-MHDprovidePatientActions.html"}],"reference":{"reference":"ValueSet/MHDprovidePatientActions"},"name":"MHD Patient Types ValueSet","description":"A ValueSet of the allowed actions in a ITI-65 Provide Document Bundle for the Patient type Resource. Where Patient would typically be indicated as a GET (read), but might be created or updated depending on policy.","exampleBoolean":false,"groupingId":"-term-valueset"},{"extension":[{"url":"http://hl7.org/fhir/StructureDefinition/implementationguide-page","valueUri":"CodeSystem-MHDlistTypes.html"}],"reference":{"reference":"CodeSystem/MHDlistTypes"},"name":"MHD List Types","description":"To use the List resource for two different use-cases we define a code-system with the types of List needed in MHD","exampleBoolean":false,"groupingId":"-term-codesystem"},{"extension":[{"url":"http://hl7.org/fhir/StructureDefinition/implementationguide-page","valueUri":"ConceptMap-AssociationTypeVsRelatesTo.html"}],"reference":{"reference":"ConceptMap/AssociationTypeVsRelatesTo"},"name":"AssociationType vs RelatesTo","description":"map between XDS Association Types and MHD FHIR DocumentReference relatesTo code.","exampleBoolean":false,"groupingId":"-map-conceptmap"},{"extension":[{"url":"http://hl7.org/fhir/StructureDefinition/implementationguide-page","valueUri":"SearchParameter-DocumentReference-Creation.html"}],"reference":{"reference":"SearchParameter/DocumentReference-Creation"},"name":"search on the DocumentReference.content.attachment.creation element","description":"Search Parameter extension enabling clients to search on the DocumentReference.content.attachment.creation element","exampleBoolean":false,"groupingId":"-dyn-searchparameter"},{"extension":[{"url":"http://hl7.org/fhir/StructureDefinition/implementationguide-page","valueUri":"SearchParameter-List-DesignationType.html"}],"reference":{"reference":"SearchParameter/List-DesignationType"},"name":"search on the IHE defined extension for designationType","description":"This SearchParameter enables finding Lists by the designationType code in a submissionSet or folder.","exampleBoolean":false,"groupingId":"-dyn-searchparameter"},{"extension":[{"url":"http://hl7.org/fhir/StructureDefinition/implementationguide-page","valueUri":"SearchParameter-List-SourceId.html"}],"reference":{"reference":"SearchParameter/List-SourceId"},"name":"search on the IHE defined extension for SourceId","description":"This SearchParameter enables finding Lists by the SourceId of a submissionSet.","exampleBoolean":false,"groupingId":"-dyn-searchparameter"},{"extension":[{"url":"http://hl7.org/fhir/StructureDefinition/implementationguide-page","valueUri":"DocumentReference-ex-DocumentReferenceComprehensive.html"}],"reference":{"reference":"DocumentReference/ex-DocumentReferenceComprehensive"},"name":"DocumentReference for Comprehensive fully filled metadata","description":"Example of a Comprehensive DocumentReference resource. This is fully filled for all mandatory elements and all optional elements.","exampleCanonical":"http://profiles.ihe.net/ITI/MHD/StructureDefinition/IHE.MHD.Comprehensive.DocumentReference","groupingId":"-ex-example"},{"extension":[{"url":"http://hl7.org/fhir/StructureDefinition/implementationguide-page","valueUri":"DocumentReference-ex-DocumentReferenceComprehensiveDelayedAssembly.html"}],"reference":{"reference":"DocumentReference/ex-DocumentReferenceComprehensiveDelayedAssembly"},"name":"DocumentReference for Comprehensive fully filled metadata for a Deferred Creation","description":"Example of a Comprehensive DocumentReference resource. \r\n- This is fully filled for all mandatory elements and all optional elements.\r\n- This specifies a Delayed Document Assembly Document.\r\n  - Thus the hash is the fixed value da39a3ee5e6b4b0d3255bfef95601890afd80709\r\n  - and the size is explicitly zero\r\n  - and when a Document Consumer retrieves the URL, then the document will be assembled and returned to it\r\n  - and the DocumentReference would be updated with the resulting hash and size thus becoming a static entry","exampleCanonical":"http://profiles.ihe.net/ITI/MHD/StructureDefinition/IHE.MHD.Comprehensive.DocumentReference","groupingId":"-ex-example"},{"extension":[{"url":"http://hl7.org/fhir/StructureDefinition/implementationguide-page","valueUri":"DocumentReference-ex-DocumentReferenceComprehensiveOnDemand.html"}],"reference":{"reference":"DocumentReference/ex-DocumentReferenceComprehensiveOnDemand"},"name":"DocumentReference for Comprehensive fully filled metadata for a On-Demand document","description":"Example of a Comprehensive DocumentReference resource. \r\n- This is fully filled for all mandatory elements.\r\n- This specifies a On-Demand Document.\r\n  - Thus the hash is not provided\r\n  - and the size is not provided\r\n  - and when a Document Consumer retrieves the URL, then a new document will be created and returned to it\r\n  - and a linked snapshot DocumentReference would be created with the resulting hash and size thus becoming a static entry","exampleCanonical":"http://profiles.ihe.net/ITI/MHD/StructureDefinition/IHE.MHD.Comprehensive.DocumentReference","groupingId":"-ex-example"},{"extension":[{"url":"http://hl7.org/fhir/StructureDefinition/implementationguide-page","valueUri":"DocumentReference-ex-DocumentReferenceComprehensiveWithBinary.html"}],"reference":{"reference":"DocumentReference/ex-DocumentReferenceComprehensiveWithBinary"},"name":"DocumentReference for Comprehensive fully filled metadata for a document in a Binary","description":"Example of a Comprehensive DocumentReference resource. \r\n- This is fully filled for all mandatory elements.\r\n- This specifies a Document in a Binary.","exampleCanonical":"http://profiles.ihe.net/ITI/MHD/StructureDefinition/IHE.MHD.Comprehensive.DocumentReference","groupingId":"-ex-example"},{"extension":[{"url":"http://hl7.org/fhir/StructureDefinition/implementationguide-page","valueUri":"DocumentReference-ex-DocumentReferenceMinimal.html"}],"reference":{"reference":"DocumentReference/ex-DocumentReferenceMinimal"},"name":"DocumentReference for Minimal metadata","description":"Example of a minimal DocumentReference resource. This is very unlikely to be acceptable anywhere, but it is the minimum required.","exampleCanonical":"http://profiles.ihe.net/ITI/MHD/StructureDefinition/IHE.MHD.Minimal.DocumentReference","groupingId":"-ex-example"},{"extension":[{"url":"http://hl7.org/fhir/StructureDefinition/implementationguide-page","valueUri":"DocumentReference-ex-DocumentReferenceUnContained.html"}],"reference":{"reference":"DocumentReference/ex-DocumentReferenceUnContained"},"name":"DocumentReference for Comprehensive minimally metadata","description":"Example of a Comprehensive DocumentReference resource. This is minimally filled for all mandatory elements.","exampleCanonical":"http://profiles.ihe.net/ITI/MHD/StructureDefinition/IHE.MHD.UnContained.Comprehensive.DocumentReference","groupingId":"-ex-example"},{"extension":[{"url":"http://hl7.org/fhir/StructureDefinition/implementationguide-page","valueUri":"DocumentReference-ex-DocumentReferenceUnContainedFully.html"}],"reference":{"reference":"DocumentReference/ex-DocumentReferenceUnContainedFully"},"name":"DocumentReference for Comprehensive minimally filled metadata","description":"Example of a UnContained References Option with Comprehensive DocumentReference resource. This is fully filled for all mandatory elements and optional elements.","exampleCanonical":"http://profiles.ihe.net/ITI/MHD/StructureDefinition/IHE.MHD.UnContained.Comprehensive.DocumentReference","groupingId":"-ex-example"},{"extension":[{"url":"http://hl7.org/fhir/StructureDefinition/implementationguide-page","valueUri":"Bundle-ex-ProvideDocumentBundle-addToFolder.html"}],"reference":{"reference":"Bundle/ex-ProvideDocumentBundle-addToFolder"},"name":"Provide Document Bundle with one document to be added to an existing folder","description":"Example of a comprehensive Provide Document Bundle for a publication and added to an existing folder.\r\n- The bundle contains\r\n  - SubmissionSet - identifies one documentReference\r\n  - Folder - existing Folder to be updated\r\n  - DocumentReference - One DocumentReference\r\n  - Binary - the document\r\n  - the Patient is contained in the DocumentReference\r\n  - the Patient is also a reference to a PIXm/PDQm retrieved Resource.","exampleCanonical":"http://profiles.ihe.net/ITI/MHD/StructureDefinition/IHE.MHD.Comprehensive.ProvideBundle","groupingId":"-ex-example"},{"extension":[{"url":"http://hl7.org/fhir/StructureDefinition/implementationguide-page","valueUri":"AuditEvent-ex-auditFindDocumentLists-consumer.html"}],"reference":{"reference":"AuditEvent/ex-auditFindDocumentLists-consumer"},"name":"Audit Example of ITI-66 at Consumer","description":"Audit Example for a Find Document Lists Transaction as recorded at the consumer","exampleCanonical":"http://profiles.ihe.net/ITI/MHD/StructureDefinition/IHE.MHD.FindDocumentLists.Audit.Consumer","groupingId":"-ex-example"},{"extension":[{"url":"http://hl7.org/fhir/StructureDefinition/implementationguide-page","valueUri":"AuditEvent-ex-auditFindDocumentLists-responder.html"}],"reference":{"reference":"AuditEvent/ex-auditFindDocumentLists-responder"},"name":"Audit Example of ITI-66 at responder","description":"Audit Example for a Find Document Lists Transaction from responder perspective","exampleCanonical":"http://profiles.ihe.net/ITI/MHD/StructureDefinition/IHE.MHD.FindDocumentLists.Audit.Responder","groupingId":"-ex-example"},{"extension":[{"url":"http://hl7.org/fhir/StructureDefinition/implementationguide-page","valueUri":"AuditEvent-ex-auditFindDocumentReferences-consumer.html"}],"reference":{"reference":"AuditEvent/ex-auditFindDocumentReferences-consumer"},"name":"Audit Example of ITI-67 at Consumer","description":"Audit Example for a Find Document References Transaction as recorded at the consumer","exampleCanonical":"http://profiles.ihe.net/ITI/MHD/StructureDefinition/IHE.MHD.FindDocumentReferences.Audit.Consumer","groupingId":"-ex-example"},{"extension":[{"url":"http://hl7.org/fhir/StructureDefinition/implementationguide-page","valueUri":"AuditEvent-ex-auditFindDocumentReferences-post-responder.html"}],"reference":{"reference":"AuditEvent/ex-auditFindDocumentReferences-post-responder"},"name":"Audit Example of ITI-67 using POST recorded at responder","description":"Audit Example for a Find Document References Transaction using POST search as recorded at the responder perspective","exampleCanonical":"http://profiles.ihe.net/ITI/MHD/StructureDefinition/IHE.MHD.FindDocumentReferences.Audit.Responder","groupingId":"-ex-example"},{"extension":[{"url":"http://hl7.org/fhir/StructureDefinition/implementationguide-page","valueUri":"AuditEvent-ex-auditFindDocumentReferences-responder.html"}],"reference":{"reference":"AuditEvent/ex-auditFindDocumentReferences-responder"},"name":"Audit Example of ITI-67 at responder","description":"Audit Example for a Find Document References Transaction from responder perspective","exampleCanonical":"http://profiles.ihe.net/ITI/MHD/StructureDefinition/IHE.MHD.FindDocumentReferences.Audit.Responder","groupingId":"-ex-example"},{"extension":[{"url":"http://hl7.org/fhir/StructureDefinition/implementationguide-page","valueUri":"AuditEvent-ex-auditProvideBundle-recipient.html"}],"reference":{"reference":"AuditEvent/ex-auditProvideBundle-recipient"},"name":"Audit Example of ITI-65 at recipient","description":"Audit Example for a Provide Bundle Transaction as recorded at the recipient","exampleCanonical":"http://profiles.ihe.net/ITI/MHD/StructureDefinition/IHE.MHD.ProvideBundle.Audit.Recipient","groupingId":"-ex-example"},{"extension":[{"url":"http://hl7.org/fhir/StructureDefinition/implementationguide-page","valueUri":"AuditEvent-ex-auditProvideBundle-source.html"}],"reference":{"reference":"AuditEvent/ex-auditProvideBundle-source"},"name":"Audit Example of ITI-65 at source","description":"Audit Example for a Provide Bundle Transaction from source perspective","exampleCanonical":"http://profiles.ihe.net/ITI/MHD/StructureDefinition/IHE.MHD.ProvideBundle.Audit.Source","groupingId":"-ex-example"},{"extension":[{"url":"http://hl7.org/fhir/StructureDefinition/implementationguide-page","valueUri":"AuditEvent-ex-auditRetrieveDocument-consumer.html"}],"reference":{"reference":"AuditEvent/ex-auditRetrieveDocument-consumer"},"name":"Audit Example of ITI-68 at consumer","description":"Audit Example for a Retrieve Document Transaction as recorded at the consumer","exampleCanonical":"http://profiles.ihe.net/ITI/MHD/StructureDefinition/IHE.MHD.RetrieveDocument.Audit.Consumer","groupingId":"-ex-example"},{"extension":[{"url":"http://hl7.org/fhir/StructureDefinition/implementationguide-page","valueUri":"AuditEvent-ex-auditRetrieveDocument-responder.html"}],"reference":{"reference":"AuditEvent/ex-auditRetrieveDocument-responder"},"name":"Audit Example of ITI-68 at responder","description":"Audit Example for a Retrieve Document Transaction from responder perspective","exampleCanonical":"http://profiles.ihe.net/ITI/MHD/StructureDefinition/IHE.MHD.RetrieveDocument.Audit.Responder","groupingId":"-ex-example"},{"extension":[{"url":"http://hl7.org/fhir/StructureDefinition/implementationguide-page","valueUri":"Binary-ex-b-binary.html"}],"reference":{"reference":"Binary/ex-b-binary"},"name":"Example document that says: Hello World","description":"Example binary that holds just Hello World\r\n- size 11\r\n- hash 0a4d55a8d778e5022fab701977c5d840bbc486d0\r\n- base64 of the hash MGE0ZDU1YThkNzc4ZTUwMjJmYWI3MDE5NzdjNWQ4NDBiYmM0ODZkMA==","exampleBoolean":true,"groupingId":"-ex-example"},{"extension":[{"url":"http://hl7.org/fhir/StructureDefinition/implementationguide-page","valueUri":"List-ex-compEmailPackage.html"}],"reference":{"reference":"List/ex-compEmailPackage"},"name":"Example Comprehensive Email SubmissionSet","description":"SubmissionSet in List resource conforming Comprehensive metadata with an intendedRecipient","exampleCanonical":"http://profiles.ihe.net/ITI/MHD/StructureDefinition/IHE.MHD.Comprehensive.SubmissionSet","groupingId":"-ex-example"},{"extension":[{"url":"http://hl7.org/fhir/StructureDefinition/implementationguide-page","valueUri":"List-ex-compFolder.html"}],"reference":{"reference":"List/ex-compFolder"},"name":"Example Comprehensive Folder","description":"Folder in List resource conforming only to Comprehensive metadata","exampleCanonical":"http://profiles.ihe.net/ITI/MHD/StructureDefinition/IHE.MHD.Comprehensive.Folder","groupingId":"-ex-example"},{"extension":[{"url":"http://hl7.org/fhir/StructureDefinition/implementationguide-page","valueUri":"List-ex-compSubmissionSetFull.html"}],"reference":{"reference":"List/ex-compSubmissionSetFull"},"name":"Example Comprehensive Full SubmissionSet","description":"SubmissionSet in List resource conforming fully to Comprehensive metadata. This has all elements fully populated.","exampleCanonical":"http://profiles.ihe.net/ITI/MHD/StructureDefinition/IHE.MHD.Minimal.SubmissionSet","groupingId":"-ex-example"},{"extension":[{"url":"http://hl7.org/fhir/StructureDefinition/implementationguide-page","valueUri":"List-ex-compSubmissionSetFullUnContained.html"}],"reference":{"reference":"List/ex-compSubmissionSetFullUnContained"},"name":"Example UnContained Comprehensive Full SubmissionSet","description":"SubmissionSet in List resource conforming fully to UnContained References Option and Comprehensive Metadata Option. This has all elements fully populated.","exampleCanonical":"http://profiles.ihe.net/ITI/MHD/StructureDefinition/IHE.MHD.UnContained.Comprehensive.SubmissionSet","groupingId":"-ex-example"},{"extension":[{"url":"http://hl7.org/fhir/StructureDefinition/implementationguide-page","valueUri":"List-ex-compSubmissionSetList.html"}],"reference":{"reference":"List/ex-compSubmissionSetList"},"name":"Example Comprehensive SubmissionSet","description":"SubmissionSet in List resource conforming minimally to Comprehensive metadata","exampleCanonical":"http://profiles.ihe.net/ITI/MHD/StructureDefinition/IHE.MHD.Comprehensive.SubmissionSet","groupingId":"-ex-example"},{"extension":[{"url":"http://hl7.org/fhir/StructureDefinition/implementationguide-page","valueUri":"Bundle-ex-comprehensiveProvideDocumentBundleComplete.html"}],"reference":{"reference":"Bundle/ex-comprehensiveProvideDocumentBundleComplete"},"name":"Provide Document Bundle with complete Comprehensive metadata of one document","description":"Example of a complete comprehensive Provide Document Bundle for a publication.\r\n- The bundle contains\r\n  - SubmissionSet - identifies one documentReference\r\n  - Folder - identifies one documentReference\r\n  - DocumentReference - One DocumentReference\r\n  - Binary - the document\r\n  - the Patient is contained in the DocumentReference\r\n  - the Patient is also a reference to a PIXm/PDQm retrieved Resource.","exampleCanonical":"http://profiles.ihe.net/ITI/MHD/StructureDefinition/IHE.MHD.Comprehensive.ProvideBundle","groupingId":"-ex-example"},{"extension":[{"url":"http://hl7.org/fhir/StructureDefinition/implementationguide-page","valueUri":"Bundle-ex-comprehensiveProvideDocumentBundleMultiple.html"}],"reference":{"reference":"Bundle/ex-comprehensiveProvideDocumentBundleMultiple"},"name":"Provide Document Bundle with Comprehensive metadata of multiple static document(s)","description":"Example of a comprehensive Provide Document Bundle for a publication.\r\n- The bundle contains\r\n  - SubmissionSet - identifies the documentReference(s)\r\n  - DocumentReference - First DocumentReference\r\n  - Binary - the first document\r\n  - DocumentReference - Second DocumentReference\r\n  - Binary - the second document\r\n  - the Patient is contained in the DocumentReference\r\n  - the Patient is also a reference to a PIXm/PDQm retrieved Resource.","exampleCanonical":"http://profiles.ihe.net/ITI/MHD/StructureDefinition/IHE.MHD.Comprehensive.ProvideBundle","groupingId":"-ex-example"},{"extension":[{"url":"http://hl7.org/fhir/StructureDefinition/implementationguide-page","valueUri":"Bundle-ex-comprehensiveProvideDocumentBundleSimple.html"}],"reference":{"reference":"Bundle/ex-comprehensiveProvideDocumentBundleSimple"},"name":"Provide Document Bundle with Comprehensive metadata of one document","description":"Example of a comprehensive Provide Document Bundle for a publication.\r\n- The bundle contains\r\n  - SubmissionSet - identifies one documentReference\r\n  - DocumentReference - One DocumentReference\r\n  - Binary - the document\r\n  - the Patient is contained in the DocumentReference\r\n  - the Patient is also a reference to a PIXm/PDQm retrieved Resource.","exampleCanonical":"http://profiles.ihe.net/ITI/MHD/StructureDefinition/IHE.MHD.Comprehensive.ProvideBundle","groupingId":"-ex-example"},{"extension":[{"url":"http://hl7.org/fhir/StructureDefinition/implementationguide-page","valueUri":"Device-ex-device.html"}],"reference":{"reference":"Device/ex-device"},"name":"Dummy Device example","description":"Dummy Device example for completeness sake. No actual use of this resource other than an example target","exampleBoolean":true,"groupingId":"-ex-example"},{"extension":[{"url":"http://hl7.org/fhir/StructureDefinition/implementationguide-page","valueUri":"DocumentReference-ex-documentreference.html"}],"reference":{"reference":"DocumentReference/ex-documentreference"},"name":"Dummy DocumentReference example","description":"Dummy DocumentReference example for completeness sake. No actual use of this resource other than an example target","exampleBoolean":true,"groupingId":"-ex-example"},{"extension":[{"url":"http://hl7.org/fhir/StructureDefinition/implementationguide-page","valueUri":"DocumentReference-ex-documentreference2.html"}],"reference":{"reference":"DocumentReference/ex-documentreference2"},"name":"Dummy DocumentReference 2 example","description":"Dummy DocumentReference 2 example for completeness sake. No actual use of this resource other than an example target","exampleBoolean":true,"groupingId":"-ex-example"},{"extension":[{"url":"http://hl7.org/fhir/StructureDefinition/implementationguide-page","valueUri":"Bundle-ex-dummyBundleDocAndBinary.html"}],"reference":{"reference":"Bundle/ex-dummyBundleDocAndBinary"},"name":"Dummy Bundle with DocumentReference + Binary","description":"Dummy Bundle with a DocumentReferenece and Binary\r\n- with 1 documentReference\r\n- with 1 document Binary","exampleBoolean":true,"groupingId":"-ex-example"},{"extension":[{"url":"http://hl7.org/fhir/StructureDefinition/implementationguide-page","valueUri":"Bundle-ex-findDocumentListsResponse.html"}],"reference":{"reference":"Bundle/ex-findDocumentListsResponse"},"name":"Example of a Find Document Lists Response Message with a folder","description":"Example of a Find Documents List Response Bundle witha folder","exampleCanonical":"http://profiles.ihe.net/ITI/MHD/StructureDefinition/IHE.MHD.FindDocumentListsResponseMessage","groupingId":"-ex-example"},{"extension":[{"url":"http://hl7.org/fhir/StructureDefinition/implementationguide-page","valueUri":"Bundle-ex-findDocumentReferencesResponse.html"}],"reference":{"reference":"Bundle/ex-findDocumentReferencesResponse"},"name":"Example of a Find Document References Response Message","description":"Example of a Find Document References Bundle Search Set with a single DocumentReference","exampleCanonical":"http://profiles.ihe.net/ITI/MHD/StructureDefinition/IHE.MHD.FindDocumentReferencesResponseMessage","groupingId":"-ex-example"},{"extension":[{"url":"http://hl7.org/fhir/StructureDefinition/implementationguide-page","valueUri":"List-ex-list.html"}],"reference":{"reference":"List/ex-list"},"name":"Dummy List example","description":"Dummy List example for completeness sake. No actual use of this resource other than an example target","exampleBoolean":true,"groupingId":"-ex-example"},{"extension":[{"url":"http://hl7.org/fhir/StructureDefinition/implementationguide-page","valueUri":"List-ex-minimalFolder.html"}],"reference":{"reference":"List/ex-minimalFolder"},"name":"Example Minimal Folder","description":"Folder in List resource conforming only to Minimal metadata","exampleCanonical":"http://profiles.ihe.net/ITI/MHD/StructureDefinition/IHE.MHD.Minimal.Folder","groupingId":"-ex-example"},{"extension":[{"url":"http://hl7.org/fhir/StructureDefinition/implementationguide-page","valueUri":"Bundle-ex-minimalProvideDocumentBundleSimple.html"}],"reference":{"reference":"Bundle/ex-minimalProvideDocumentBundleSimple"},"name":"Provide Document Bundle with Minimal metadata of one document","description":"Example of a minimal Provide Document Bundle for a push to an email intended recipient.\r\n- The bundle contains\r\n  - SubmissionSet - identifies to whom this is going and one documentReference\r\n  - DocumentReference - One DocumentReference\r\n  - Binary - the document\r\n  - the Patient, as this is a push to a recipient that does not share a patient directory","exampleCanonical":"http://profiles.ihe.net/ITI/MHD/StructureDefinition/IHE.MHD.Minimal.ProvideBundle","groupingId":"-ex-example"},{"extension":[{"url":"http://hl7.org/fhir/StructureDefinition/implementationguide-page","valueUri":"Bundle-ex-minimalProvideDocumentBundleSimpleContained.html"}],"reference":{"reference":"Bundle/ex-minimalProvideDocumentBundleSimpleContained"},"name":"Provide Document Bundle with Minimal metadata of one document with sourcePatientInfo","description":"Example of a minimal Provide Document Bundle for a push to an email intended recipient.\r\n- The bundle contains\r\n  - SubmissionSet - identifies to whom this is going and one documentReference\r\n  - DocumentReference - One DocumentReference\r\n  - Binary - the document\r\n  - the Patient is contained in the DocumentReference. This would be more classic XDR/XDM model. Note there is no mention of the patient in the SubmissionSet in this case (hence minimal metadata), and if multiple documents were sent they would implicitly be the same patient, presumably with the same contained Patient; but given it is a contained Patinet there is no way to computably prove this beyond exact comparison of the contained object.","exampleCanonical":"http://profiles.ihe.net/ITI/MHD/StructureDefinition/IHE.MHD.Minimal.ProvideBundle","groupingId":"-ex-example"},{"extension":[{"url":"http://hl7.org/fhir/StructureDefinition/implementationguide-page","valueUri":"List-ex-minimalSubmissionSet.html"}],"reference":{"reference":"List/ex-minimalSubmissionSet"},"name":"SubmissionSet for Minimal metadata","description":"Example of a minimal submissionSet in List resource.","exampleCanonical":"http://profiles.ihe.net/ITI/MHD/StructureDefinition/IHE.MHD.Minimal.SubmissionSet","groupingId":"-ex-example"},{"extension":[{"url":"http://hl7.org/fhir/StructureDefinition/implementationguide-page","valueUri":"Organization-ex-organization.html"}],"reference":{"reference":"Organization/ex-organization"},"name":"Dummy Organization example","description":"Dummy Organization example for completeness sake. No actual use of this resource other than an example target","exampleBoolean":true,"groupingId":"-ex-example"},{"extension":[{"url":"http://hl7.org/fhir/StructureDefinition/implementationguide-page","valueUri":"Patient-ex-patient.html"}],"reference":{"reference":"Patient/ex-patient"},"name":"Dummy Patient example","description":"Dummy patient example for completeness sake. No actual use of this resource other than an example target","exampleBoolean":true,"groupingId":"-ex-example"},{"extension":[{"url":"http://hl7.org/fhir/StructureDefinition/implementationguide-page","valueUri":"Practitioner-ex-practitioner.html"}],"reference":{"reference":"Practitioner/ex-practitioner"},"name":"Dummy Practitioner example","description":"Dummy Practitioner example for completeness sake. No actual use of this resource other than an example target","exampleBoolean":true,"groupingId":"-ex-example"},{"extension":[{"url":"http://hl7.org/fhir/StructureDefinition/implementationguide-page","valueUri":"Bundle-ex-response-comprehensiveProvideDocumentBundleComplete.html"}],"reference":{"reference":"Bundle/ex-response-comprehensiveProvideDocumentBundleComplete"},"name":"Response to fully populated Provide Document Bundle with one document with sourcePatientInfo","description":"Response bundle example given ex-comprehensiveProvideDocumentBundleComplete\n- for every entry in order given\n  - successful create of SubmissionSet\n  - successful create of Folder\n  - successful create of DocumentReference - classic XDS static document\n  - successful create of Binary","exampleCanonical":"http://profiles.ihe.net/ITI/MHD/StructureDefinition/IHE.MHD.ProvideDocumentBundleResponse","groupingId":"-ex-example"},{"extension":[{"url":"http://hl7.org/fhir/StructureDefinition/implementationguide-page","valueUri":"Bundle-ex-response-comprehensiveProvideDocumentBundleMultiple.html"}],"reference":{"reference":"Bundle/ex-response-comprehensiveProvideDocumentBundleMultiple"},"name":"Response to Provide Document Bundle with multiple documents with sourcePatientInfo","description":"Response bundle example given ex-comprehensiveProvideDocumentBundleMultiple\n- for every entry in order given\n  - successful create of SubmissionSet\n  - successful create of DocumentReference - classic XDS static document\n  - successful create of Binary","exampleCanonical":"http://profiles.ihe.net/ITI/MHD/StructureDefinition/IHE.MHD.ProvideDocumentBundleResponse","groupingId":"-ex-example"},{"extension":[{"url":"http://hl7.org/fhir/StructureDefinition/implementationguide-page","valueUri":"Bundle-ex-response-comprehensiveProvideDocumentBundleSimple.html"}],"reference":{"reference":"Bundle/ex-response-comprehensiveProvideDocumentBundleSimple"},"name":"Response to Provide Document Bundle with one document with sourcePatientInfo","description":"Response bundle example given ex-comprehensiveProvideDocumentBundleSimple\n- for every entry in order given\n  - successful create of SubmissionSet\n  - successful create of DocumentReference - classic XDS static document\n  - successful create of Binary","exampleCanonical":"http://profiles.ihe.net/ITI/MHD/StructureDefinition/IHE.MHD.ProvideDocumentBundleResponse","groupingId":"-ex-example"},{"extension":[{"url":"http://hl7.org/fhir/StructureDefinition/implementationguide-page","valueUri":"Bundle-ex-response-minimalProvideDocumentBundleSimple.html"}],"reference":{"reference":"Bundle/ex-response-minimalProvideDocumentBundleSimple"},"name":"Response to Provide Document Bundle with Minimal metadata of one document","description":"Response bundle example given ex-minimalProvideDocumentBundleSimple\r\n- for every entry in order given\r\n  - successful create of SubmissionSet\r\n  - successful create of DocumentReference\r\n  - successful create of Binary\r\n  - successful create of Patient\r\n\r\nNote that in the case of the Patient, it is likely this successful create is just a fake success, as it was more likely to have been matched to a patient that already existed and THAT id was returned. (Alternative could have been a 303)","exampleCanonical":"http://profiles.ihe.net/ITI/MHD/StructureDefinition/IHE.MHD.ProvideDocumentBundleResponse","groupingId":"-ex-example"},{"extension":[{"url":"http://hl7.org/fhir/StructureDefinition/implementationguide-page","valueUri":"Bundle-ex-response-minimalProvideDocumentBundleSimpleContained.html"}],"reference":{"reference":"Bundle/ex-response-minimalProvideDocumentBundleSimpleContained"},"name":"Response to Provide Document Bundle with Minimal metadata of one document with sourcePatientInfo","description":"Response bundle example given ex-minimalProvideDocumentBundleSimpleContained\n- for every entry in order given\n  - successful create of SubmissionSet\n  - successful create of DocumentReference\n  - successful create of Binary","exampleCanonical":"http://profiles.ihe.net/ITI/MHD/StructureDefinition/IHE.MHD.ProvideDocumentBundleResponse","groupingId":"-ex-example"},{"extension":[{"url":"http://hl7.org/fhir/StructureDefinition/implementationguide-page","valueUri":"Bundle-ex-response-unContainedComprehensiveProvideDocumentBundleCompt.html"}],"reference":{"reference":"Bundle/ex-response-unContainedComprehensiveProvideDocumentBundleCompt"},"name":"Response to fully populated Provide Document Bundle with one document with sourcePatientInfo","description":"Response bundle example given ex-unContainedComprehensiveProvideDocumentBundleComplete\n- for every entry in order given\n  - successful create of SubmissionSet\n  - successful create of DocumentReference - classic XDS static document\n  - successful create of Binary","exampleCanonical":"http://profiles.ihe.net/ITI/MHD/StructureDefinition/IHE.MHD.ProvideDocumentBundleResponse","groupingId":"-ex-example"},{"extension":[{"url":"http://hl7.org/fhir/StructureDefinition/implementationguide-page","valueUri":"Bundle-ex-unContainedComprehensiveProvideDocumentBundleComplete.html"}],"reference":{"reference":"Bundle/ex-unContainedComprehensiveProvideDocumentBundleComplete"},"name":"Provide Document Bundle with complete UnContained Comprehensive metadata of one document","description":"Example of a complete uncontained comprehensive Provide Document Bundle for a publication.\r\n- The bundle contains\r\n  - SubmissionSet - identifies one documentReference\r\n  - Folder - identifies one documentReference\r\n  - DocumentReference - One DocumentReference\r\n  - Binary - the document\r\n  - the Practitioner and Organization are references\r\n  - the Patient is also a reference to a PIXm/PDQm retrieved Resource.","exampleCanonical":"http://profiles.ihe.net/ITI/MHD/StructureDefinition/IHE.MHD.UnContained.Comprehensive.ProvideBundle","groupingId":"-ex-example"},{"extension":[{"url":"http://hl7.org/fhir/StructureDefinition/implementationguide-page","valueUri":"CapabilityStatement-IHE.MHD.DocumentConsumer.html"}],"reference":{"reference":"CapabilityStatement/IHE.MHD.DocumentConsumer"},"name":"Document Consumer (client)","description":"IHE ITI Mobile access to Health Documents (MHD) - Document Consumer (client).","exampleBoolean":false,"groupingId":"-dyn-capabilitystatement"},{"extension":[{"url":"http://hl7.org/fhir/StructureDefinition/implementationguide-page","valueUri":"CapabilityStatement-IHE.MHD.DocumentRecipient.Comprehensive.html"}],"reference":{"reference":"CapabilityStatement/IHE.MHD.DocumentRecipient.Comprehensive"},"name":"Document Recipient implementing Comprehensive Metadata Option","description":"IHE ITI Mobile access to Health Documents (MHD) - Document Recipient - with Comprehensive declared Option.","exampleBoolean":false,"groupingId":"-dyn-capabilitystatement"},{"extension":[{"url":"http://hl7.org/fhir/StructureDefinition/implementationguide-page","valueUri":"CapabilityStatement-IHE.MHD.DocumentRecipient.html"}],"reference":{"reference":"CapabilityStatement/IHE.MHD.DocumentRecipient"},"name":"Document Recipient","description":"IHE ITI Mobile access to Health Documents (MHD) - Document Recipient - with no declared Options or all declared Options.","exampleBoolean":false,"groupingId":"-dyn-capabilitystatement"},{"extension":[{"url":"http://hl7.org/fhir/StructureDefinition/implementationguide-page","valueUri":"CapabilityStatement-IHE.MHD.DocumentRecipient.UnContained.html"}],"reference":{"reference":"CapabilityStatement/IHE.MHD.DocumentRecipient.UnContained"},"name":"Document Recipient implementing UnContained References Option","description":"IHE ITI Mobile access to Health Documents (MHD) - Document Recipient - with UnContained declared Option.","exampleBoolean":false,"groupingId":"-dyn-capabilitystatement"},{"extension":[{"url":"http://hl7.org/fhir/StructureDefinition/implementationguide-page","valueUri":"CapabilityStatement-IHE.MHD.DocumentResponder.html"}],"reference":{"reference":"CapabilityStatement/IHE.MHD.DocumentResponder"},"name":"Document Responder (server)","description":"IHE ITI Mobile access to Health Documents (MHD) - Document Responder (server).","exampleBoolean":false,"groupingId":"-dyn-capabilitystatement"},{"extension":[{"url":"http://hl7.org/fhir/StructureDefinition/implementationguide-page","valueUri":"CapabilityStatement-IHE.MHD.DocumentSource.Comprehensive.html"}],"reference":{"reference":"CapabilityStatement/IHE.MHD.DocumentSource.Comprehensive"},"name":"Document Source (publisher) implementing Comprehensive Metadata Option","description":"IHE ITI Mobile access to Health Documents (MHD) - Document Source (publisher) - with Comprehensive Metadata Option.","exampleBoolean":false,"groupingId":"-dyn-capabilitystatement"},{"extension":[{"url":"http://hl7.org/fhir/StructureDefinition/implementationguide-page","valueUri":"CapabilityStatement-IHE.MHD.DocumentSource.html"}],"reference":{"reference":"CapabilityStatement/IHE.MHD.DocumentSource"},"name":"Document Source (publisher)","description":"IHE ITI Mobile access to Health Documents (MHD) - Document Source (publisher) - with no declared Options or all declared Options.","exampleBoolean":false,"groupingId":"-dyn-capabilitystatement"},{"extension":[{"url":"http://hl7.org/fhir/StructureDefinition/implementationguide-page","valueUri":"CapabilityStatement-IHE.MHD.DocumentSource.UnContained.html"}],"reference":{"reference":"CapabilityStatement/IHE.MHD.DocumentSource.UnContained"},"name":"Document Source (publisher) implementing UnContained References Option","description":"IHE ITI Mobile access to Health Documents (MHD) - Document Source (publisher) - with UnContained Option.","exampleBoolean":false,"groupingId":"-dyn-capabilitystatement"},{"extension":[{"url":"http://hl7.org/fhir/StructureDefinition/implementationguide-page","valueUri":"Bundle-Bundle-FindDocumentReferences.html"}],"reference":{"reference":"Bundle/Bundle-FindDocumentReferences"},"name":"Example FindDocumentReferences response","description":"An example of a searchset Bundle with one DocumentReference","exampleBoolean":true,"groupingId":"-ex-example"}],"page":{"nameUrl":"toc.html","title":"Table of Contents","generation":"html","page":[{"nameUrl":"index.html","title":"MHD Home","generation":"markdown"},{"nameUrl":"1331_actors_and_transactions.html","title":"1:33.1 Actors and Transactions","generation":"markdown"},{"nameUrl":"1332_actor_options.html","title":"1:33.2 Actor Options","generation":"markdown"},{"nameUrl":"1333_required_grouping.html","title":"1:33.3 Required Grouping","generation":"markdown"},{"nameUrl":"1334_overview.html","title":"1:33.4 Overview","generation":"markdown"},{"nameUrl":"1335_security_considerations.html","title":"1:33.5 Security Considerations","generation":"markdown"},{"nameUrl":"1336_cross_profile_considerations.html","title":"1:33.6 Cross Profile Considerations","generation":"markdown"},{"nameUrl":"ITI-65.html","title":"2:3.65 Provide Document Bundle [ITI-65]","generation":"markdown"},{"nameUrl":"ITI-66.html","title":"2:3.66 Find Document Lists [ITI-66]","generation":"markdown"},{"nameUrl":"ITI-67.html","title":"2:3.67 Find Document References [ITI-67]","generation":"markdown"},{"nameUrl":"ITI-68.html","title":"2:3.68 Retrieve Document [ITI-68]","generation":"markdown"},{"nameUrl":"31_xds.html","title":"3:4.2.4.1 Error Codes","generation":"markdown"},{"nameUrl":"32_fhir_maps.html","title":"3:4.5 FHIR Maps","generation":"markdown"},{"nameUrl":"testplan.html","title":"Test Plan","generation":"markdown"},{"nameUrl":"a_issues.html","title":"Issues","generation":"markdown"},{"nameUrl":"artifacts.html","title":"Artifacts Summary","generation":"html","page":[{"nameUrl":"CapabilityStatement-IHE.MHD.DocumentConsumer.html","title":"Document Consumer (client)","generation":"generated"},{"nameUrl":"CapabilityStatement-IHE.MHD.DocumentRecipient.Comprehensive.html","title":"Document Recipient implementing Comprehensive Metadata Option","generation":"generated"},{"nameUrl":"CapabilityStatement-IHE.MHD.DocumentRecipient.html","title":"Document Recipient","generation":"generated"},{"nameUrl":"CapabilityStatement-IHE.MHD.DocumentRecipient.UnContained.html","title":"Document Recipient implementing UnContained References Option","generation":"generated"},{"nameUrl":"CapabilityStatement-IHE.MHD.DocumentResponder.html","title":"Document Responder (server)","generation":"generated"},{"nameUrl":"CapabilityStatement-IHE.MHD.DocumentSource.Comprehensive.html","title":"Document Source (publisher) implementing Comprehensive Metadata Option","generation":"generated"},{"nameUrl":"CapabilityStatement-IHE.MHD.DocumentSource.html","title":"Document Source (publisher)","generation":"generated"},{"nameUrl":"CapabilityStatement-IHE.MHD.DocumentSource.UnContained.html","title":"Document Source (publisher) implementing UnContained References Option","generation":"generated"},{"nameUrl":"SearchParameter-DocumentReference-Creation.html","title":"search on the DocumentReference.content.attachment.creation element","generation":"generated"},{"nameUrl":"SearchParameter-List-DesignationType.html","title":"search on the IHE defined extension for designationType","generation":"generated"},{"nameUrl":"SearchParameter-List-SourceId.html","title":"search on the IHE defined extension for SourceId","generation":"generated"},{"nameUrl":"StructureDefinition-IHE.MHD.FindDocumentLists.Audit.Consumer.html","title":"Audit Event for Find Document Lists Transaction by the Document Consumer","generation":"generated"},{"nameUrl":"StructureDefinition-IHE.MHD.FindDocumentLists.Audit.Responder.html","title":"Audit Event for Find Document Lists Transaction at Document Responder","generation":"generated"},{"nameUrl":"StructureDefinition-IHE.MHD.FindDocumentReferences.Audit.Consumer.html","title":"Audit Event for Find Document References Transaction at Document Consumer","generation":"generated"},{"nameUrl":"StructureDefinition-IHE.MHD.FindDocumentReferences.Audit.Responder.html","title":"Audit Event for Find Document References Transaction at Document Responder","generation":"generated"},{"nameUrl":"StructureDefinition-IHE.MHD.ProvideBundle.Audit.Recipient.html","title":"Audit Event for Provide Bundle Transaction at Recipient","generation":"generated"},{"nameUrl":"StructureDefinition-IHE.MHD.ProvideBundle.Audit.Source.html","title":"Audit Event for Provide Bundle Transaction at Source","generation":"generated"},{"nameUrl":"StructureDefinition-IHE.MHD.RetrieveDocument.Audit.Consumer.html","title":"Audit Event for Retrieve Document Transaction at Document Consumer","generation":"generated"},{"nameUrl":"StructureDefinition-IHE.MHD.RetrieveDocument.Audit.Responder.html","title":"Audit Event for Retrieve Document Transaction at the Document Responder","generation":"generated"},{"nameUrl":"StructureDefinition-IHE.MHD.Comprehensive.DocumentReference.html","title":"MHD DocumentReference Comprehensive","generation":"generated"},{"nameUrl":"StructureDefinition-IHE.MHD.Comprehensive.ProvideBundle.html","title":"MHD Comprehensive Provide Document Bundle","generation":"generated"},{"nameUrl":"StructureDefinition-IHE.MHD.FindDocumentReferencesComprehensiveResponseMessage.html","title":"MHD Find Document References Comprehensive Response message","generation":"generated"},{"nameUrl":"StructureDefinition-IHE.MHD.FindDocumentReferencesResponseMessage.html","title":"MHD Find Document References Response message","generation":"generated"},{"nameUrl":"StructureDefinition-IHE.MHD.FindDocumentListsResponseMessage.html","title":"MHD Find Document Lists Response Message","generation":"generated"},{"nameUrl":"StructureDefinition-IHE.MHD.Minimal.Folder.html","title":"MHD Folder Minimal","generation":"generated"},{"nameUrl":"StructureDefinition-IHE.MHD.Comprehensive.Folder.html","title":"MHD Folder Comprehensive","generation":"generated"},{"nameUrl":"StructureDefinition-IHE.MHD.List.html","title":"MHD common List with designationType","generation":"generated"},{"nameUrl":"StructureDefinition-IHE.MHD.Minimal.DocumentReference.html","title":"MHD DocumentReference Minimal","generation":"generated"},{"nameUrl":"StructureDefinition-IHE.MHD.Minimal.ProvideBundle.html","title":"MHD Minimal Provide Document Bundle","generation":"generated"},{"nameUrl":"StructureDefinition-IHE.MHD.ProvideDocumentBundleResponse.html","title":"MHD Provide Document Bundle Response","generation":"generated"},{"nameUrl":"StructureDefinition-IHE.MHD.Minimal.SubmissionSet.html","title":"MHD SubmissionSet Minimal","generation":"generated"},{"nameUrl":"StructureDefinition-IHE.MHD.Comprehensive.SubmissionSet.html","title":"MHD SubmissionSet Comprehensive","generation":"generated"},{"nameUrl":"StructureDefinition-IHE.MHD.UnContained.Comprehensive.SubmissionSet.html","title":"MHD SubmissionSet Comprehensive UnContained","generation":"generated"},{"nameUrl":"StructureDefinition-IHE.MHD.UnContained.Comprehensive.DocumentReference.html","title":"MHD DocumentReference Comprehensive UnContained References Option","generation":"generated"},{"nameUrl":"StructureDefinition-IHE.MHD.UnContained.Comprehensive.ProvideBundle.html","title":"MHD UnContained Comprehensive Provide Document Bundle","generation":"generated"},{"nameUrl":"StructureDefinition-ihe-authorOrg.html","title":"Author organization of the SubmissionSet","generation":"generated"},{"nameUrl":"StructureDefinition-ihe-designationType.html","title":"Clinical code of the List","generation":"generated"},{"nameUrl":"StructureDefinition-ihe-intendedRecipient.html","title":"Intended recipient of the SubmissionSet","generation":"generated"},{"nameUrl":"StructureDefinition-ihe-sourceId.html","title":"Publisher organization identity of the SubmissionSet","generation":"generated"},{"nameUrl":"ValueSet-MHDlistTypesVS.html","title":"MHD List Types ValueSet","generation":"generated"},{"nameUrl":"ValueSet-MHDprovideFolderActions.html","title":"MHD Folder List Types ValueSet","generation":"generated"},{"nameUrl":"ValueSet-MHDprovidePatientActions.html","title":"MHD Patient Types ValueSet","generation":"generated"},{"nameUrl":"CodeSystem-MHDlistTypes.html","title":"MHD List Types","generation":"generated"},{"nameUrl":"ConceptMap-AssociationTypeVsRelatesTo.html","title":"AssociationType vs RelatesTo","generation":"generated"},{"nameUrl":"DocumentReference-ex-DocumentReferenceComprehensive.html","title":"DocumentReference for Comprehensive fully filled metadata","generation":"generated"},{"nameUrl":"DocumentReference-ex-DocumentReferenceComprehensiveDelayedAssembly.html","title":"DocumentReference for Comprehensive fully filled metadata for a Deferred Creation","generation":"generated"},{"nameUrl":"DocumentReference-ex-DocumentReferenceComprehensiveOnDemand.html","title":"DocumentReference for Comprehensive fully filled metadata for a On-Demand document","generation":"generated"},{"nameUrl":"DocumentReference-ex-DocumentReferenceComprehensiveWithBinary.html","title":"DocumentReference for Comprehensive fully filled metadata for a document in a Binary","generation":"generated"},{"nameUrl":"DocumentReference-ex-DocumentReferenceMinimal.html","title":"DocumentReference for Minimal metadata","generation":"generated"},{"nameUrl":"DocumentReference-ex-DocumentReferenceUnContained.html","title":"DocumentReference for Comprehensive minimally metadata","generation":"generated"},{"nameUrl":"DocumentReference-ex-DocumentReferenceUnContainedFully.html","title":"DocumentReference for Comprehensive minimally filled metadata","generation":"generated"},{"nameUrl":"Bundle-ex-ProvideDocumentBundle-addToFolder.html","title":"Provide Document Bundle with one document to be added to an existing folder","generation":"generated"},{"nameUrl":"AuditEvent-ex-auditFindDocumentLists-consumer.html","title":"Audit Example of ITI-66 at Consumer","generation":"generated"},{"nameUrl":"AuditEvent-ex-auditFindDocumentLists-responder.html","title":"Audit Example of ITI-66 at responder","generation":"generated"},{"nameUrl":"AuditEvent-ex-auditFindDocumentReferences-consumer.html","title":"Audit Example of ITI-67 at Consumer","generation":"generated"},{"nameUrl":"AuditEvent-ex-auditFindDocumentReferences-post-responder.html","title":"Audit Example of ITI-67 using POST recorded at responder","generation":"generated"},{"nameUrl":"AuditEvent-ex-auditFindDocumentReferences-responder.html","title":"Audit Example of ITI-67 at responder","generation":"generated"},{"nameUrl":"AuditEvent-ex-auditProvideBundle-recipient.html","title":"Audit Example of ITI-65 at recipient","generation":"generated"},{"nameUrl":"AuditEvent-ex-auditProvideBundle-source.html","title":"Audit Example of ITI-65 at source","generation":"generated"},{"nameUrl":"AuditEvent-ex-auditRetrieveDocument-consumer.html","title":"Audit Example of ITI-68 at consumer","generation":"generated"},{"nameUrl":"AuditEvent-ex-auditRetrieveDocument-responder.html","title":"Audit Example of ITI-68 at responder","generation":"generated"},{"nameUrl":"Binary-ex-b-binary.html","title":"Example document that says: Hello World","generation":"generated"},{"nameUrl":"List-ex-compEmailPackage.html","title":"Example Comprehensive Email SubmissionSet","generation":"generated"},{"nameUrl":"List-ex-compFolder.html","title":"Example Comprehensive Folder","generation":"generated"},{"nameUrl":"List-ex-compSubmissionSetFull.html","title":"Example Comprehensive Full SubmissionSet","generation":"generated"},{"nameUrl":"List-ex-compSubmissionSetFullUnContained.html","title":"Example UnContained Comprehensive Full SubmissionSet","generation":"generated"},{"nameUrl":"List-ex-compSubmissionSetList.html","title":"Example Comprehensive SubmissionSet","generation":"generated"},{"nameUrl":"Bundle-ex-comprehensiveProvideDocumentBundleComplete.html","title":"Provide Document Bundle with complete Comprehensive metadata of one document","generation":"generated"},{"nameUrl":"Bundle-ex-comprehensiveProvideDocumentBundleMultiple.html","title":"Provide Document Bundle with Comprehensive metadata of multiple static document(s)","generation":"generated"},{"nameUrl":"Bundle-ex-comprehensiveProvideDocumentBundleSimple.html","title":"Provide Document Bundle with Comprehensive metadata of one document","generation":"generated"},{"nameUrl":"Device-ex-device.html","title":"Dummy Device example","generation":"generated"},{"nameUrl":"DocumentReference-ex-documentreference.html","title":"Dummy DocumentReference example","generation":"generated"},{"nameUrl":"DocumentReference-ex-documentreference2.html","title":"Dummy DocumentReference 2 example","generation":"generated"},{"nameUrl":"Bundle-ex-dummyBundleDocAndBinary.html","title":"Dummy Bundle with DocumentReference + Binary","generation":"generated"},{"nameUrl":"Bundle-ex-findDocumentListsResponse.html","title":"Example of a Find Document Lists Response Message with a folder","generation":"generated"},{"nameUrl":"Bundle-ex-findDocumentReferencesResponse.html","title":"Example of a Find Document References Response Message","generation":"generated"},{"nameUrl":"List-ex-list.html","title":"Dummy List example","generation":"generated"},{"nameUrl":"List-ex-minimalFolder.html","title":"Example Minimal Folder","generation":"generated"},{"nameUrl":"Bundle-ex-minimalProvideDocumentBundleSimple.html","title":"Provide Document Bundle with Minimal metadata of one document","generation":"generated"},{"nameUrl":"Bundle-ex-minimalProvideDocumentBundleSimpleContained.html","title":"Provide Document Bundle with Minimal metadata of one document with sourcePatientInfo","generation":"generated"},{"nameUrl":"List-ex-minimalSubmissionSet.html","title":"SubmissionSet for Minimal metadata","generation":"generated"},{"nameUrl":"Organization-ex-organization.html","title":"Dummy Organization example","generation":"generated"},{"nameUrl":"Patient-ex-patient.html","title":"Dummy Patient example","generation":"generated"},{"nameUrl":"Practitioner-ex-practitioner.html","title":"Dummy Practitioner example","generation":"generated"},{"nameUrl":"Bundle-ex-response-comprehensiveProvideDocumentBundleComplete.html","title":"Response to fully populated Provide Document Bundle with one document with sourcePatientInfo","generation":"generated"},{"nameUrl":"Bundle-ex-response-comprehensiveProvideDocumentBundleMultiple.html","title":"Response to Provide Document Bundle with multiple documents with sourcePatientInfo","generation":"generated"},{"nameUrl":"Bundle-ex-response-comprehensiveProvideDocumentBundleSimple.html","title":"Response to Provide Document Bundle with one document with sourcePatientInfo","generation":"generated"},{"nameUrl":"Bundle-ex-response-minimalProvideDocumentBundleSimple.html","title":"Response to Provide Document Bundle with Minimal metadata of one document","generation":"generated"},{"nameUrl":"Bundle-ex-response-minimalProvideDocumentBundleSimpleContained.html","title":"Response to Provide Document Bundle with Minimal metadata of one document with sourcePatientInfo","generation":"generated"},{"nameUrl":"Bundle-ex-response-unContainedComprehensiveProvideDocumentBundleCompt.html","title":"Response to fully populated Provide Document Bundle with one document with sourcePatientInfo","generation":"generated"},{"nameUrl":"Bundle-ex-unContainedComprehensiveProvideDocumentBundleComplete.html","title":"Provide Document Bundle with complete UnContained Comprehensive metadata of one document","generation":"generated"},{"nameUrl":"Bundle-Bundle-FindDocumentReferences.html","title":"Example FindDocumentReferences response","generation":"generated"}]}]},"parameter":[{"code":"path-resource","value":"input/resources"},{"code":"path-resource","value":"fsh-generated/resources"},{"code":"path-resource","value":"input/examples"},{"code":"path-resource","value":"input/capabilities"},{"code":"path-resource","value":"input/extensions"},{"code":"path-resource","value":"input/models"},{"code":"path-resource","value":"input/operations"},{"code":"path-resource","value":"input/profiles"},{"code":"path-resource","value":"input/vocabulary"},{"code":"path-resource","value":"input/testing"},{"code":"path-resource","value":"input/history"},{"code":"path-pages","value":"template/config"},{"code":"path-pages","value":"input/images"},{"code":"path-tx-cache","value":"input-cache/txcache"}]}}