{"resourceType":"SearchParameter","id":"DocumentReference-Creation","url":"https://profiles.ihe.net/ITI/MHD/SearchParameter/DocumentReference-Creation","version":"4.1.0","name":"Creation","status":"active","date":"2022-02-27T12:38:24-06:00","publisher":"IHE IT Infrastructure Technical Committee","contact":[{"telecom":[{"system":"url","value":"https://www.ihe.net/ihe_domains/it_infrastructure/"}]},{"telecom":[{"system":"email","value":"iti@ihe.net"}]},{"name":"IHE IT Infrastructure Technical Committee","telecom":[{"system":"email","value":"iti@ihe.net"}]}],"description":"This SearchParameter enables finding DocumentReference by the creation dateTime.","jurisdiction":[{"coding":[{"system":"http://unstats.un.org/unsd/methods/m49/m49.htm","code":"001"}]}],"code":"creation","base":["DocumentReference"],"type":"date","expression":"DocumentReference.content.attachment.creation"}