<?xml version="1.0" encoding="UTF-8"?>

<Bundle xmlns="http://hl7.org/fhir">
  <id value="ex-minimalProvideDocumentBundleSimpleContained"/>
  <meta>
    <profile value="https://profiles.ihe.net/ITI/MHD/StructureDefinition/IHE.MHD.Minimal.ProvideBundle"/>
    <security>
      <system value="http://terminology.hl7.org/CodeSystem/v3-ActReason"/>
      <code value="HTEST"/>
    </security>
  </meta>
  <type value="transaction"/>
  <timestamp value="2004-10-25T23:50:50-05:00"/>
  <entry>
    <fullUrl value="urn:uuid:aaaaaaaa-bbbb-cccc-dddd-e00222200001"/>
    <resource>
      <List>
        <id value="aaaaaaaa-bbbb-cccc-dddd-e00222200001"/>
        <meta>
          <profile value="https://profiles.ihe.net/ITI/MHD/StructureDefinition/IHE.MHD.Minimal.SubmissionSet"/>
          <security>
            <system value="http://terminology.hl7.org/CodeSystem/v3-ActReason"/>
            <code value="HTEST"/>
          </security>
        </meta>
        <text>
          <status value="extensions"/><div xmlns="http://www.w3.org/1999/xhtml">SubmissionSet with Patient</div>
        </text>
        <contained>
          <Practitioner>
            <id value="in-practitioner"/>
            <telecom>
              <system value="email"/>
              <value value="JohnMoehrke@gmail.com"/>
            </telecom>
          </Practitioner>
        </contained>
        <extension url="https://profiles.ihe.net/ITI/MHD/StructureDefinition/ihe-sourceId">
          <valueIdentifier>
            <value value="urn:oid:1.2.3.4"/>
          </valueIdentifier>
        </extension>
        <extension url="https://profiles.ihe.net/ITI/MHD/StructureDefinition/ihe-intendedRecipient">
          <valueReference>
            <reference value="#in-practitioner"/>
          </valueReference>
        </extension>
        <identifier>
          <use value="usual"/>
          <system value="urn:ietf:rfc:3986"/>
          <value value="urn:oid:1.2.840.113556.1.8000.2554.58783.21864.3474.19410.44358.58254.41281.46344"/>
        </identifier>
        <status value="current"/>
        <mode value="working"/>
        <code>
          <coding>
            <system value="https://profiles.ihe.net/ITI/MHD/CodeSystem/MHDlistTypes"/>
            <code value="submissionset"/>
          </coding>
        </code>
        <date value="2004-10-25T23:50:50-05:00"/>
        <entry>
          <item>
            <reference value="urn:uuid:aaaaaaaa-bbbb-cccc-dddd-e00222200002"/>
          </item>
        </entry>
      </List>
    </resource>
    <request>
      <method value="POST"/>
      <url value="List"/>
    </request>
  </entry>
  <entry>
    <fullUrl value="urn:uuid:aaaaaaaa-bbbb-cccc-dddd-e00222200002"/>
    <resource>
      <DocumentReference>
        <id value="aaaaaaaa-bbbb-cccc-dddd-e00222200002"/>
        <meta>
          <profile value="https://profiles.ihe.net/ITI/MHD/StructureDefinition/IHE.MHD.Minimal.DocumentReference"/>
          <security>
            <system value="http://terminology.hl7.org/CodeSystem/v3-ActReason"/>
            <code value="HTEST"/>
          </security>
        </meta>
        <text>
          <status value="generated"/><div xmlns="http://www.w3.org/1999/xhtml"><p><b>Generated Narrative: DocumentReference</b><a name="aaaaaaaa-bbbb-cccc-dddd-e00222200002"> </a></p><div style="display: inline-block; background-color: #d9e0e7; padding: 6px; margin: 4px; border: 1px solid #8da1b4; border-radius: 5px; line-height: 60%"><p style="margin-bottom: 0px">Resource DocumentReference &quot;aaaaaaaa-bbbb-cccc-dddd-e00222200002&quot; </p><p style="margin-bottom: 0px">Profile: <a href="StructureDefinition-IHE.MHD.Minimal.DocumentReference.html">MHD DocumentReference Minimal</a></p><p style="margin-bottom: 0px">Security Labels: <span title="{http://terminology.hl7.org/CodeSystem/v3-ActReason http://terminology.hl7.org/CodeSystem/v3-ActReason}">http://terminology.hl7.org/CodeSystem/v3-ActReason</span></p></div><p><b>masterIdentifier</b>: id: urn:oid:1.2.840.113556.1.8000.2554.53432.348.12973.17740.34205.4355.50220.62012</p><p><b>status</b>: current</p><blockquote><p><b>content</b></p><h3>Attachments</h3><table class="grid"><tr><td>-</td><td><b>ContentType</b></td><td><b>Url</b></td><td><b>Size</b></td><td><b>Hash</b></td></tr><tr><td>*</td><td>text/plain</td><td><code>urn:uuid:aaaaaaaa-bbbb-cccc-dddd-e00222200003</code></td><td>11</td><td>MGE0ZDU1YThkNzc4ZTUwMjJmYWI3MDE5NzdjNWQ4NDBiYmM0ODZkMA==</td></tr></table><p><b>format</b>: ITI XDS-SD TEXT (Details: http://ihe.net/fhir/ihe.formatcode.fhir/CodeSystem/formatcode code urn:ihe:iti:xds-sd:text:2008 = 'ITI XDS-SD TEXT', stated as 'null')</p></blockquote><h3>Contexts</h3><table class="grid"><tr><td>-</td><td><b>SourcePatientInfo</b></td></tr><tr><td>*</td><td><a name="aaaaaaaa-bbbb-cccc-dddd-e00222200004"> </a><blockquote><p/><p><a name="aaaaaaaa-bbbb-cccc-dddd-e00222200004"> </a></p><p><b>name</b>: Dee Schmidt </p></blockquote></td></tr></table><hr/><blockquote><p style="border: 1px #661aff solid; background-color: #e6e6ff; padding: 10px;"><b>Dee Schmidt </b> (no stated gender), DoB Unknown</p><hr/></blockquote></div>
        </text>
        <contained>
          <Patient>
            <id value="aaaaaaaa-bbbb-cccc-dddd-e00222200004"/>
            <name>
              <family value="Schmidt"/>
              <given value="Dee"/>
            </name>
          </Patient>
        </contained>
        <masterIdentifier>
          <system value="urn:ietf:rfc:3986"/>
          <value value="urn:oid:1.2.840.113556.1.8000.2554.53432.348.12973.17740.34205.4355.50220.62012"/>
        </masterIdentifier>
        <status value="current"/>
        <content>
          <attachment>
            <contentType value="text/plain"/>
            <url value="urn:uuid:aaaaaaaa-bbbb-cccc-dddd-e00222200003"/>
            <size value="11"/>
            <hash value="MGE0ZDU1YThkNzc4ZTUwMjJmYWI3MDE5NzdjNWQ4NDBiYmM0ODZkMA=="/>
          </attachment>
          <format>
            <system value="http://ihe.net/fhir/ihe.formatcode.fhir/CodeSystem/formatcode"/>
            <code value="urn:ihe:iti:xds-sd:text:2008"/>
          </format>
        </content>
        <context>
          <sourcePatientInfo>
            <reference value="#aaaaaaaa-bbbb-cccc-dddd-e00222200004"/>
          </sourcePatientInfo>
        </context>
      </DocumentReference>
    </resource>
    <request>
      <method value="POST"/>
      <url value="DocumentReference"/>
    </request>
  </entry>
  <entry>
    <fullUrl value="urn:uuid:aaaaaaaa-bbbb-cccc-dddd-e00222200003"/>
    <resource>
      <Binary>
        <id value="aaaaaaaa-bbbb-cccc-dddd-e00222200003"/>
        <meta>
          <security>
            <system value="http://terminology.hl7.org/CodeSystem/v3-ActReason"/>
            <code value="HTEST"/>
          </security>
        </meta>
        <contentType value="text/plain"/>
        <data value="SGVsbG8gV29ybGQ="/>
      </Binary>
    </resource>
    <request>
      <method value="POST"/>
      <url value="Binary"/>
    </request>
  </entry>
</Bundle>