<?xml version="1.0" encoding="UTF-8"?>

<Bundle xmlns="http://hl7.org/fhir">
  <id value="ex-findDocumentListsResponse"/>
  <meta>
    <profile value="https://profiles.ihe.net/ITI/MHD/StructureDefinition/IHE.MHD.FindDocumentListsResponseMessage"/>
    <security>
      <system value="http://terminology.hl7.org/CodeSystem/v3-ActReason"/>
      <code value="HTEST"/>
    </security>
  </meta>
  <type value="searchset"/>
  <timestamp value="2021-04-16T11:32:24Z"/>
  <total value="1"/>
  <link>
    <relation value="self"/>
    <url value="test.fhir.net/R4/fhir/List?patient=9876&amp;code=folder&amp;status=current&amp;designationType=http://snomed.info/sct#225728007"/>
  </link>
  <entry>
    <fullUrl value="http://example.org/List/in-minimalFolder"/>
    <resource>
      <List>
        <id value="in-minimalFolder"/>
        <meta>
          <profile value="https://profiles.ihe.net/ITI/MHD/StructureDefinition/IHE.MHD.Minimal.Folder"/>
          <security>
            <system value="http://terminology.hl7.org/CodeSystem/v3-ActReason"/>
            <code value="HTEST"/>
          </security>
        </meta>
        <text>
          <status value="generated"/><div xmlns="http://www.w3.org/1999/xhtml"><p><b>Generated Narrative</b></p><div style="display: inline-block; background-color: #d9e0e7; padding: 6px; margin: 4px; border: 1px solid #8da1b4; border-radius: 5px; line-height: 60%"><p style="margin-bottom: 0px">Resource "in-minimalFolder" </p><p style="margin-bottom: 0px">Profile: <a href="StructureDefinition-IHE.MHD.Minimal.Folder.html">MHD Folder Minimal</a></p><p style="margin-bottom: 0px">Security Labels: <span title="{http://terminology.hl7.org/CodeSystem/v3-ActReason http://terminology.hl7.org/CodeSystem/v3-ActReason}">http://terminology.hl7.org/CodeSystem/v3-ActReason</span></p></div><p><b>identifier</b>: id: urn:oid:1.2.129.6.58.92.88337.6 (OFFICIAL), id: 23425234-23476 (USUAL)</p><p><b>status</b>: current</p><p><b>mode</b>: working</p><p><b>code</b>: Folder as a FHIR List <span style="background: LightGoldenRodYellow; margin: 4px; border: 1px solid khaki"> (<a href="CodeSystem-MHDlistTypes.html">MHD List Types</a>#folder)</span></p><h3>Entries</h3><table class="grid"><tr><td>-</td><td><b>Item</b></td></tr><tr><td>*</td><td><a href="DocumentReference-ex-documentreference.html">DocumentReference/ex-documentreference</a></td></tr></table></div>
        </text>
        <identifier>
          <use value="official"/>
          <system value="urn:ietf:rfc:3986"/>
          <value value="urn:oid:1.2.129.6.58.92.88337.6"/>
        </identifier>
        <identifier>
          <use value="usual"/>
          <system value="http://example.org/documents"/>
          <value value="23425234-23476"/>
        </identifier>
        <status value="current"/>
        <mode value="working"/>
        <code>
          <coding>
            <system value="https://profiles.ihe.net/ITI/MHD/CodeSystem/MHDlistTypes"/>
            <code value="folder"/>
          </coding>
        </code>
        <entry>
          <item>
            <reference value="DocumentReference/ex-documentreference"/>
          </item>
        </entry>
      </List>
    </resource>
  </entry>
</Bundle>