<?xml version="1.0" encoding="UTF-8"?>

<SearchParameter xmlns="http://hl7.org/fhir">
  <id value="DocumentReference-Creation"/>
  <text>
    <status value="generated"/><div xmlns="http://www.w3.org/1999/xhtml"><p><b>Generated Narrative</b></p><p><b>url</b>: <code>http://profiles.ihe.net/ITI/MHD/SearchParameter/DocumentReference-Creation</code></p><p><b>version</b>: 4.0.1</p><p><b>name</b>: Creation</p><p><b>status</b>: active</p><p><b>date</b>: Jun 4, 2021 4:04:45 PM</p><p><b>publisher</b>: Integrating the Healthcare Enterprise (IHE)</p><p><b>contact</b>: Integrating the Healthcare Enterprise (IHE): <a href="http://ihe.net">http://ihe.net</a>,<a href="mailto:secretary@ihe.net">secretary@ihe.net</a>, John Moehrke: <a href="mailto:JohnMoehrke@gmail.com">JohnMoehrke@gmail.com</a></p><p><b>description</b>: This SearchParameter enables finding DocumentReference by the creation dateTime.</p><p><b>jurisdiction</b>: <span title="Codes: {http://unstats.un.org/unsd/methods/m49/m49.htm 001}">World</span></p><p><b>code</b>: creation</p><p><b>base</b>: DocumentReference</p><p><b>type</b>: date</p><p><b>expression</b>: DocumentReference.content.attachment.creation</p></div>
  </text>
  <url value="http://profiles.ihe.net/ITI/MHD/SearchParameter/DocumentReference-Creation"/>
  <version value="4.0.1"/>
  <name value="Creation"/>
  <status value="active"/>
  <date value="2021-06-04T16:04:45-05:00"/>
  <publisher value="Integrating the Healthcare Enterprise (IHE)"/>
  <contact>
    <name value="Integrating the Healthcare Enterprise (IHE)"/>
    <telecom>
      <system value="url"/>
      <value value="http://ihe.net"/>
    </telecom>
    <telecom>
      <system value="email"/>
      <value value="secretary@ihe.net"/>
    </telecom>
  </contact>
  <contact>
    <name value="John Moehrke"/>
    <telecom>
      <system value="email"/>
      <value value="JohnMoehrke@gmail.com"/>
      <use value="work"/>
    </telecom>
  </contact>
  <description value="This SearchParameter enables finding DocumentReference by the creation dateTime."/>
  <jurisdiction>
    <coding>
      <system value="http://unstats.un.org/unsd/methods/m49/m49.htm"/>
      <code value="001"/>
    </coding>
  </jurisdiction>
  <code value="creation"/>
  <base value="DocumentReference"/>
  <type value="date"/>
  <expression value="DocumentReference.content.attachment.creation"/>
</SearchParameter>