<?xml version="1.0" encoding="UTF-8"?><ImplementationGuide xmlns="http://hl7.org/fhir"><id value="ihe.iti.svcm"/><text><status value="extensions"/><div xmlns="http://www.w3.org/1999/xhtml"><h2>IHE_ITI_SVCM</h2><p>The official URL for this implementation guide is: </p><pre>https://profiles.ihe.net/ITI/SVCM/ImplementationGuide/ihe.iti.svcm</pre><div><p>The Sharing Valuesets, Codes, and Maps (SVCM) Profile defines a lightweight interface through which healthcare systems may retrieve centrally managed uniform nomenclature and mappings between code systems based on the HL7 Fast Healthcare Interoperability Resources (FHIR) specification.</p>
</div></div></text><url value="https://profiles.ihe.net/ITI/SVCM/ImplementationGuide/ihe.iti.svcm"/><version value="1.4.0"/><name value="IHE_ITI_SVCM"/><title value="Sharing Valuesets, Codes, and Maps (SVCM)"/><status value="active"/><date value="2022-08-12"/><publisher value="IHE IT Infrastructure Technical Committee"/><contact><telecom><system value="url"/><value value="https://www.ihe.net/ihe_domains/it_infrastructure/"/></telecom></contact><contact><telecom><system value="email"/><value value="iti@ihe.net"/></telecom></contact><contact><name value="IHE IT Infrastructure Technical Committee"/><telecom><system value="email"/><value value="iti@ihe.net"/></telecom></contact><description value="The Sharing Valuesets, Codes, and Maps (SVCM) Profile defines a lightweight interface through which healthcare systems may retrieve centrally managed uniform nomenclature and mappings between code systems based on the HL7 Fast Healthcare Interoperability Resources (FHIR) specification."/><jurisdiction><coding><system value="http://unstats.un.org/unsd/methods/m49/m49.htm"/><code value="001"/></coding></jurisdiction><packageId value="ihe.iti.svcm"/><license value="CC-BY-4.0"/><fhirVersion value="4.0.1"/><dependsOn id="hl7tx"><uri value="http://terminology.hl7.org/ImplementationGuide/hl7.terminology"/><packageId value="hl7.terminology.r4"/><version value="3.1.0"/></dependsOn><dependsOn id="ihe_iti_balp"><uri value="https://profiles.ihe.net/ITI/BALP/ImplementationGuide/ihe.iti.balp"/><packageId value="ihe.iti.balp"/><version value="1.1.0"/></dependsOn><definition><extension url="http://hl7.org/fhir/tools/StructureDefinition/ig-parameter"><extension url="code"><valueString value="copyrightyear"/></extension><extension url="value"><valueString value="2021+"/></extension></extension><extension url="http://hl7.org/fhir/tools/StructureDefinition/ig-parameter"><extension url="code"><valueString value="releaselabel"/></extension><extension url="value"><valueString value="ballot"/></extension></extension><extension url="http://hl7.org/fhir/tools/StructureDefinition/ig-parameter"><extension url="code"><valueString value="show-inherited-invariants"/></extension><extension url="value"><valueString value="false"/></extension></extension><extension url="http://hl7.org/fhir/tools/StructureDefinition/ig-parameter"><extension url="code"><valueString value="usage-stats-opt-out"/></extension><extension url="value"><valueString value="false"/></extension></extension><extension url="http://hl7.org/fhir/tools/StructureDefinition/ig-parameter"><extension url="code"><valueString value="logging"/></extension><extension url="value"><valueString value="progress"/></extension></extension><extension url="http://hl7.org/fhir/tools/StructureDefinition/ig-parameter"><extension url="code"><valueString value="shownav"/></extension><extension url="value"><valueString value="true"/></extension></extension><extension url="http://hl7.org/fhir/tools/StructureDefinition/ig-parameter"><extension url="code"><valueString value="active-tables"/></extension><extension url="value"><valueString value="false"/></extension></extension><extension url="http://hl7.org/fhir/tools/StructureDefinition/ig-parameter"><extension url="code"><valueString value="apply-contact"/></extension><extension url="value"><valueString value="true"/></extension></extension><extension url="http://hl7.org/fhir/tools/StructureDefinition/ig-parameter"><extension url="code"><valueString value="apply-jurisdiction"/></extension><extension url="value"><valueString value="true"/></extension></extension><extension url="http://hl7.org/fhir/tools/StructureDefinition/ig-parameter"><extension url="code"><valueString value="apply-publisher"/></extension><extension url="value"><valueString value="true"/></extension></extension><extension url="http://hl7.org/fhir/tools/StructureDefinition/ig-parameter"><extension url="code"><valueString value="apply-version"/></extension><extension url="value"><valueString value="true"/></extension></extension><extension url="http://hl7.org/fhir/tools/StructureDefinition/ig-parameter"><extension url="code"><valueString value="autoload-resources"/></extension><extension url="value"><valueString value="true"/></extension></extension><extension url="http://hl7.org/fhir/tools/StructureDefinition/ig-parameter"><extension url="code"><valueString value="path-liquid"/></extension><extension url="value"><valueString value="template/liquid"/></extension></extension><extension url="http://hl7.org/fhir/tools/StructureDefinition/ig-parameter"><extension url="code"><valueString value="path-liquid"/></extension><extension url="value"><valueString value="input/liquid"/></extension></extension><extension url="http://hl7.org/fhir/tools/StructureDefinition/ig-parameter"><extension url="code"><valueString value="path-qa"/></extension><extension url="value"><valueString value="temp/qa"/></extension></extension><extension url="http://hl7.org/fhir/tools/StructureDefinition/ig-parameter"><extension url="code"><valueString value="path-temp"/></extension><extension url="value"><valueString value="temp/pages"/></extension></extension><extension url="http://hl7.org/fhir/tools/StructureDefinition/ig-parameter"><extension url="code"><valueString value="path-output"/></extension><extension url="value"><valueString value="output"/></extension></extension><extension url="http://hl7.org/fhir/tools/StructureDefinition/ig-parameter"><extension url="code"><valueString value="path-suppressed-warnings"/></extension><extension url="value"><valueString value="input/ignoreWarnings.txt"/></extension></extension><extension url="http://hl7.org/fhir/tools/StructureDefinition/ig-parameter"><extension url="code"><valueString value="path-history"/></extension><extension url="value"><valueString value="https://profiles.ihe.net/ITI/SVCM/history.html"/></extension></extension><extension url="http://hl7.org/fhir/tools/StructureDefinition/ig-parameter"><extension url="code"><valueString value="template-html"/></extension><extension url="value"><valueString value="template-page.html"/></extension></extension><extension url="http://hl7.org/fhir/tools/StructureDefinition/ig-parameter"><extension url="code"><valueString value="template-md"/></extension><extension url="value"><valueString value="template-page-md.html"/></extension></extension><extension url="http://hl7.org/fhir/tools/StructureDefinition/ig-parameter"><extension url="code"><valueString value="apply-context"/></extension><extension url="value"><valueString value="true"/></extension></extension><extension url="http://hl7.org/fhir/tools/StructureDefinition/ig-parameter"><extension url="code"><valueString value="apply-copyright"/></extension><extension url="value"><valueString value="true"/></extension></extension><extension url="http://hl7.org/fhir/tools/StructureDefinition/ig-parameter"><extension url="code"><valueString value="apply-license"/></extension><extension url="value"><valueString value="true"/></extension></extension><extension url="http://hl7.org/fhir/tools/StructureDefinition/ig-parameter"><extension url="code"><valueString value="fmm-definition"/></extension><extension url="value"><valueString value="http://hl7.org/fhir/versions.html#maturity"/></extension></extension><extension url="http://hl7.org/fhir/tools/StructureDefinition/ig-parameter"><extension url="code"><valueString value="propagate-status"/></extension><extension url="value"><valueString value="true"/></extension></extension><extension url="http://hl7.org/fhir/tools/StructureDefinition/ig-parameter"><extension url="code"><valueString value="excludelogbinaryformat"/></extension><extension url="value"><valueString value="true"/></extension></extension><grouping id="-dyn-capabilitystatement"><name value="Behavior: Capability Statements"/><description value="The following artifacts define the specific capabilities that different types of systems are expected to have in order to comply with this implementation guide.  Systems conforming to this implementation guide are expected to declare conformance to one or more of the following capability statements."/></grouping><grouping id="-str-profile"><name value="Structures: Resource Profiles"/><description value="These define constraints on FHIR resources for systems conforming to this implementation guide"/></grouping><grouping id="-ex-example"><name value="Example: Example Instances"/><description value="These are example instances that show what data produced and consumed by systems conforming with this implementation guide might look like"/></grouping><resource><extension url="http://hl7.org/fhir/StructureDefinition/implementationguide-page"><valueUri value="StructureDefinition-IHE.SVCM.Audit.CodeSystem.Lookup.html"/></extension><reference><reference value="StructureDefinition/IHE.SVCM.Audit.CodeSystem.Lookup"/></reference><name value="Audit Event for Lookup Code Transaction by the Terminology Consumer and Repository"/><description value="Defines constraints on the AuditEvent Resource to record when a Lookup Code Transaction happens&#xA;to expand a CodeSystem, as recorded by the Terminology Consumer and Registry."/><exampleBoolean value="false"/><groupingId value="-str-profile"/></resource><resource><extension url="http://hl7.org/fhir/StructureDefinition/implementationguide-page"><valueUri value="StructureDefinition-IHE.SVCM.Audit.CodeSystem.Query.html"/></extension><reference><reference value="StructureDefinition/IHE.SVCM.Audit.CodeSystem.Query"/></reference><name value="Audit Event for Query Code System Transaction by the Terminology Consumer and Repository for Query"/><description value="Defines constraints on the AuditEvent Resource to record when a Query Code System Transaction happens&#xA;to query a CodeSystem, as recorded by the Terminology Consumer and Registry."/><exampleBoolean value="false"/><groupingId value="-str-profile"/></resource><resource><extension url="http://hl7.org/fhir/StructureDefinition/implementationguide-page"><valueUri value="StructureDefinition-IHE.SVCM.Audit.CodeSystem.Read.html"/></extension><reference><reference value="StructureDefinition/IHE.SVCM.Audit.CodeSystem.Read"/></reference><name value="Audit Event for Query Code System Transaction by the Terminology Consumer and Repository for Read"/><description value="Defines constraints on the AuditEvent Resource to record when a Query Code System Transaction happens&#xA;to read a CodeSystem, as recorded by the Terminology Consumer and Registry."/><exampleBoolean value="false"/><groupingId value="-str-profile"/></resource><resource><extension url="http://hl7.org/fhir/StructureDefinition/implementationguide-page"><valueUri value="StructureDefinition-IHE.SVCM.Audit.ConceptMap.Query.html"/></extension><reference><reference value="StructureDefinition/IHE.SVCM.Audit.ConceptMap.Query"/></reference><name value="Audit Event for Query Concept Map Transaction by the Terminology Consumer and Repository for Query"/><description value="Defines constraints on the AuditEvent Resource to record when a Query Concept Map Transaction happens&#xA;to query a ConceptMap, as recorded by the Terminology Consumer and Registry."/><exampleBoolean value="false"/><groupingId value="-str-profile"/></resource><resource><extension url="http://hl7.org/fhir/StructureDefinition/implementationguide-page"><valueUri value="StructureDefinition-IHE.SVCM.Audit.ConceptMap.Read.html"/></extension><reference><reference value="StructureDefinition/IHE.SVCM.Audit.ConceptMap.Read"/></reference><name value="Audit Event for Query Concept Map Transaction by the Terminology Consumer and Repository for Read"/><description value="Defines constraints on the AuditEvent Resource to record when a Query Concept Map Transaction happens&#xA;to read a ConceptMap, as recorded by the Terminology Consumer and Registry."/><exampleBoolean value="false"/><groupingId value="-str-profile"/></resource><resource><extension url="http://hl7.org/fhir/StructureDefinition/implementationguide-page"><valueUri value="StructureDefinition-IHE.SVCM.Audit.ConceptMap.Translate.html"/></extension><reference><reference value="StructureDefinition/IHE.SVCM.Audit.ConceptMap.Translate"/></reference><name value="Audit Event for Translate Code Transaction by the Terminology Consumer and Repository"/><description value="Defines constraints on the AuditEvent Resource to record when a Translate Code Transaction happens&#xA;to translate a code using a ConceptMap, as recorded by the Terminology Consumer and Registry."/><exampleBoolean value="false"/><groupingId value="-str-profile"/></resource><resource><extension url="http://hl7.org/fhir/StructureDefinition/implementationguide-page"><valueUri value="StructureDefinition-IHE.SVCM.Audit.Code.Validate.html"/></extension><reference><reference value="StructureDefinition/IHE.SVCM.Audit.Code.Validate"/></reference><name value="Audit Event for Validate Code Transaction by the Terminology Consumer and Repository"/><description value="Defines constraints on the AuditEvent Resource to record when a Validate Code Transaction happens&#xA;to validate a code, as recorded by the Terminology Consumer and Registry."/><exampleBoolean value="false"/><groupingId value="-str-profile"/></resource><resource><extension url="http://hl7.org/fhir/StructureDefinition/implementationguide-page"><valueUri value="StructureDefinition-IHE.SVCM.Audit.ValueSet.Expand.html"/></extension><reference><reference value="StructureDefinition/IHE.SVCM.Audit.ValueSet.Expand"/></reference><name value="Audit Event for Expand Value Set Transaction by the Terminology Consumer and Repository"/><description value="Defines constraints on the AuditEvent Resource to record when an Expand Value Set Transaction happens&#xA;to expand a ValueSet, as recorded by the Terminology Consumer and Registry."/><exampleBoolean value="false"/><groupingId value="-str-profile"/></resource><resource><extension url="http://hl7.org/fhir/StructureDefinition/implementationguide-page"><valueUri value="StructureDefinition-IHE.SVCM.Audit.ValueSet.Query.html"/></extension><reference><reference value="StructureDefinition/IHE.SVCM.Audit.ValueSet.Query"/></reference><name value="Audit Event for Query Value Set Transaction by the Terminology Consumer and Repository for Query"/><description value="Defines constraints on the AuditEvent Resource to record when a Query Value Set Transaction happens&#xA;to query a ValueSet, as recorded by the Terminology Consumer and Registry."/><exampleBoolean value="false"/><groupingId value="-str-profile"/></resource><resource><extension url="http://hl7.org/fhir/StructureDefinition/implementationguide-page"><valueUri value="StructureDefinition-IHE.SVCM.Audit.ValueSet.Read.html"/></extension><reference><reference value="StructureDefinition/IHE.SVCM.Audit.ValueSet.Read"/></reference><name value="Audit Event for Query Value Set Transaction by the Terminology Consumer and Repository for Read"/><description value="Defines constraints on the AuditEvent Resource to record when a Query Value Set Transaction happens&#xA;to read a ValueSet, as recorded by the Terminology Consumer and Registry."/><exampleBoolean value="false"/><groupingId value="-str-profile"/></resource><resource><extension url="http://hl7.org/fhir/StructureDefinition/implementationguide-page"><valueUri value="StructureDefinition-IHE.SVCM.Audit.Operation.html"/></extension><reference><reference value="StructureDefinition/IHE.SVCM.Audit.Operation"/></reference><name value="Basic AuditEvent for a successful Operation"/><description value="A basic AuditEvent profile for when a RESTful Operation action happens successfully.&#xA;&#xA;- Given a RESTful Operation is requested&#xA;- And the request is authorized&#xA;  - Authorization failures should follow [FHIR core Access Denied](http://hl7.org/fhir/security.html#AccessDenied)&#xA;- When successful&#xA;  - Note a failure AuditEvent may follow this pattern, but would not be a successful outcome and should have an OperationOutcome&#xA;  - Note success may result in zero or more results. The number of results and the content of the results are not recorded.&#xA;- Then the AuditEvent recorded will conform&#xA;  - The raw operation parameters is placed in the .contained element. The contained parameters enables preserving exactly what was requested, including possibly malicious patterns. This enables detection of malicious or malformed requests.&#xA;&#xA;Note: the pattern defined in DICOM and IHE have the client is identified as the Source Role ID, and the server is identified as the Destination Role ID. This represents the query parameters are flowing from the client to the server. This may not be so obvious, as the data actually flows the opposite direction. This pattern is established and thus followed here."/><exampleBoolean value="false"/><groupingId value="-str-profile"/></resource><resource><extension url="http://hl7.org/fhir/StructureDefinition/implementationguide-page"><valueUri value="StructureDefinition-IHE.SVCM.CodeSystem.html"/></extension><reference><reference value="StructureDefinition/IHE.SVCM.CodeSystem"/></reference><name value="SVCM CodeSystem"/><description value="A profile on the CodeSystem resource for SVCM."/><exampleBoolean value="false"/><groupingId value="-str-profile"/></resource><resource><extension url="http://hl7.org/fhir/StructureDefinition/implementationguide-page"><valueUri value="StructureDefinition-IHE.SVCM.ConceptMap.html"/></extension><reference><reference value="StructureDefinition/IHE.SVCM.ConceptMap"/></reference><name value="SVCM ConceptMap"/><description value="A profile on the ConceptMap resource for SVCM."/><exampleBoolean value="false"/><groupingId value="-str-profile"/></resource><resource><extension url="http://hl7.org/fhir/StructureDefinition/implementationguide-page"><valueUri value="StructureDefinition-IHE.SVCM.ValueSet.html"/></extension><reference><reference value="StructureDefinition/IHE.SVCM.ValueSet"/></reference><name value="SVCM ValueSet"/><description value="A profile on the ValueSet resource for SVCM."/><exampleBoolean value="false"/><groupingId value="-str-profile"/></resource><resource><extension url="http://hl7.org/fhir/StructureDefinition/implementationguide-page"><valueUri value="CapabilityStatement-IHE.SVCM.TerminologyConsumer.html"/></extension><reference><reference value="CapabilityStatement/IHE.SVCM.TerminologyConsumer"/></reference><name value="IHE.SVCM.TerminologyConsumer"/><description value="CapabilityStatement for Terminology Consumer Actor in the IHE IT Infrastructure Technical Framework Supplement [SVCM](index.html)."/><exampleBoolean value="false"/><groupingId value="-dyn-capabilitystatement"/></resource><resource><extension url="http://hl7.org/fhir/StructureDefinition/implementationguide-page"><valueUri value="CapabilityStatement-IHE.SVCM.TerminologyRepository.html"/></extension><reference><reference value="CapabilityStatement/IHE.SVCM.TerminologyRepository"/></reference><name value="IHE.SVCM.TerminologyRepository"/><description value="CapabilityStatement for Terminology Repository Actor in the IHE IT Infrastructure Technical Framework Supplement [SVCM](index.html)."/><exampleBoolean value="false"/><groupingId value="-dyn-capabilitystatement"/></resource><resource><extension url="http://hl7.org/fhir/StructureDefinition/implementationguide-page"><valueUri value="AuditEvent-ex-AuditSvcmCodeSystemLookup.html"/></extension><extension url="http://hl7.org/fhir/tools/StructureDefinition/contained-resource-information"><extension url="type"><valueCode value="Parameters"/></extension><extension url="id"><valueId value="ex-SvcmCodeLookupParameters"/></extension><extension url="title"><valueString value="Parameters"/></extension><extension url="description"/></extension><reference><reference value="AuditEvent/ex-AuditSvcmCodeSystemLookup"/></reference><name value="Audit example for ITI-98 for Terminology Consumer for lookup code."/><description value="Audit example for a Terminology Consumer requesting lookup code for ITI-98."/><exampleCanonical value="https://profiles.ihe.net/ITI/SVCM/StructureDefinition/IHE.SVCM.Audit.CodeSystem.Lookup"/><groupingId value="-ex-example"/></resource><resource><extension url="http://hl7.org/fhir/StructureDefinition/implementationguide-page"><valueUri value="AuditEvent-ex-AuditSvcmCodeSystemQuery.html"/></extension><reference><reference value="AuditEvent/ex-AuditSvcmCodeSystemQuery"/></reference><name value="Audit example for ITI-96 for Terminology Consumer for query."/><description value="Audit example for a Terminology Consumer requesting a query on a CodeSystem for ITI-96."/><exampleCanonical value="https://profiles.ihe.net/ITI/SVCM/StructureDefinition/IHE.SVCM.Audit.CodeSystem.Query"/><groupingId value="-ex-example"/></resource><resource><extension url="http://hl7.org/fhir/StructureDefinition/implementationguide-page"><valueUri value="AuditEvent-ex-AuditSvcmCodeSystemRead.html"/></extension><reference><reference value="AuditEvent/ex-AuditSvcmCodeSystemRead"/></reference><name value="Audit example for ITI-96 for Terminology Consumer for read."/><description value="Audit example for a Terminology Consumer requesting a read on a CodeSystem for ITI-96."/><exampleCanonical value="https://profiles.ihe.net/ITI/SVCM/StructureDefinition/IHE.SVCM.Audit.CodeSystem.Read"/><groupingId value="-ex-example"/></resource><resource><extension url="http://hl7.org/fhir/StructureDefinition/implementationguide-page"><valueUri value="AuditEvent-ex-AuditSvcmConceptMapQuery.html"/></extension><reference><reference value="AuditEvent/ex-AuditSvcmConceptMapQuery"/></reference><name value="Audit example for ITI-100 for Terminology Consumer for query."/><description value="Audit example for a Terminology Consumer requesting a query on a ConceptMap for ITI-100."/><exampleCanonical value="https://profiles.ihe.net/ITI/SVCM/StructureDefinition/IHE.SVCM.Audit.ConceptMap.Query"/><groupingId value="-ex-example"/></resource><resource><extension url="http://hl7.org/fhir/StructureDefinition/implementationguide-page"><valueUri value="AuditEvent-ex-AuditSvcmConceptMapRead.html"/></extension><reference><reference value="AuditEvent/ex-AuditSvcmConceptMapRead"/></reference><name value="Audit example for ITI-100 for Terminology Consumer for read."/><description value="Audit example for a Terminology Consumer requesting a read on a ConceptMap for ITI-100."/><exampleCanonical value="https://profiles.ihe.net/ITI/SVCM/StructureDefinition/IHE.SVCM.Audit.ConceptMap.Read"/><groupingId value="-ex-example"/></resource><resource><extension url="http://hl7.org/fhir/StructureDefinition/implementationguide-page"><valueUri value="AuditEvent-ex-AuditSvcmConceptMapTranslate.html"/></extension><extension url="http://hl7.org/fhir/tools/StructureDefinition/contained-resource-information"><extension url="type"><valueCode value="Parameters"/></extension><extension url="id"><valueId value="ex-SvcmTranslateCodeParameters"/></extension><extension url="title"><valueString value="Parameters"/></extension><extension url="description"/></extension><reference><reference value="AuditEvent/ex-AuditSvcmConceptMapTranslate"/></reference><name value="Audit example for ITI-101 for Terminology Consumer for translate code."/><description value="Audit example for a Terminology Consumer requesting translate code for ITI-101."/><exampleCanonical value="https://profiles.ihe.net/ITI/SVCM/StructureDefinition/IHE.SVCM.Audit.ConceptMap.Translate"/><groupingId value="-ex-example"/></resource><resource><extension url="http://hl7.org/fhir/StructureDefinition/implementationguide-page"><valueUri value="AuditEvent-ex-AuditSvcmValidateCSCode.html"/></extension><extension url="http://hl7.org/fhir/tools/StructureDefinition/contained-resource-information"><extension url="type"><valueCode value="Parameters"/></extension><extension url="id"><valueId value="ex-SvcmValidateCSCodeParameters"/></extension><extension url="title"><valueString value="Parameters"/></extension><extension url="description"/></extension><reference><reference value="AuditEvent/ex-AuditSvcmValidateCSCode"/></reference><name value="Audit example for ITI-99 for Terminology Consumer for validate code on a CodeSystem."/><description value="Audit example for a Terminology Consumer requesting validate code on a CodeSystem for ITI-99."/><exampleCanonical value="https://profiles.ihe.net/ITI/SVCM/StructureDefinition/IHE.SVCM.Audit.Code.Validate"/><groupingId value="-ex-example"/></resource><resource><extension url="http://hl7.org/fhir/StructureDefinition/implementationguide-page"><valueUri value="AuditEvent-ex-AuditSvcmValidateVSCode.html"/></extension><extension url="http://hl7.org/fhir/tools/StructureDefinition/contained-resource-information"><extension url="type"><valueCode value="Parameters"/></extension><extension url="id"><valueId value="ex-SvcmValidateVSCodeParameters"/></extension><extension url="title"><valueString value="Parameters"/></extension><extension url="description"/></extension><reference><reference value="AuditEvent/ex-AuditSvcmValidateVSCode"/></reference><name value="Audit example for ITI-99 for Terminology Consumer for validate code on a ValueSet."/><description value="Audit example for a Terminology Consumer requesting validate code on a ValueSet for ITI-99."/><exampleCanonical value="https://profiles.ihe.net/ITI/SVCM/StructureDefinition/IHE.SVCM.Audit.Code.Validate"/><groupingId value="-ex-example"/></resource><resource><extension url="http://hl7.org/fhir/StructureDefinition/implementationguide-page"><valueUri value="AuditEvent-ex-AuditSvcmValueSetExpand.html"/></extension><reference><reference value="AuditEvent/ex-AuditSvcmValueSetExpand"/></reference><name value="Audit example for ITI-97 for Terminology Consumer for expand."/><description value="Audit example for a Terminology Consumer requesting Expand ValueSet for ITI-97."/><exampleCanonical value="https://profiles.ihe.net/ITI/SVCM/StructureDefinition/IHE.SVCM.Audit.ValueSet.Expand"/><groupingId value="-ex-example"/></resource><resource><extension url="http://hl7.org/fhir/StructureDefinition/implementationguide-page"><valueUri value="AuditEvent-ex-AuditSvcmValueSetQuery.html"/></extension><reference><reference value="AuditEvent/ex-AuditSvcmValueSetQuery"/></reference><name value="Audit example for ITI-95 for Terminology Consumer for query."/><description value="Audit example for a Terminology Consumer requesting a query on a ValueSet for ITI-95."/><exampleCanonical value="https://profiles.ihe.net/ITI/SVCM/StructureDefinition/IHE.SVCM.Audit.ValueSet.Query"/><groupingId value="-ex-example"/></resource><resource><extension url="http://hl7.org/fhir/StructureDefinition/implementationguide-page"><valueUri value="AuditEvent-ex-AuditSvcmValueSetRead.html"/></extension><reference><reference value="AuditEvent/ex-AuditSvcmValueSetRead"/></reference><name value="Audit example for ITI-95 for Terminology Consumer for read."/><description value="Audit example for a Terminology Consumer requesting a read on a ValueSet for ITI-95."/><exampleCanonical value="https://profiles.ihe.net/ITI/SVCM/StructureDefinition/IHE.SVCM.Audit.ValueSet.Read"/><groupingId value="-ex-example"/></resource><resource><extension url="http://hl7.org/fhir/StructureDefinition/implementationguide-page"><valueUri value="Device-ex-device.html"/></extension><reference><reference value="Device/ex-device"/></reference><name value="Device Example for SVCM"/><description value="Device Example for SVCM."/><exampleBoolean value="true"/><groupingId value="-ex-example"/></resource><resource><extension url="http://hl7.org/fhir/StructureDefinition/implementationguide-page"><valueUri value="CodeSystem-svcm-example-codesystem.html"/></extension><reference><reference value="CodeSystem/svcm-example-codesystem"/></reference><name value="SVCMExampleCodeSystem"/><description value="An example CodeSystem for SVCM"/><exampleCanonical value="https://profiles.ihe.net/ITI/SVCM/StructureDefinition/IHE.SVCM.CodeSystem"/><groupingId value="-ex-example"/></resource><resource><extension url="http://hl7.org/fhir/StructureDefinition/implementationguide-page"><valueUri value="CodeSystem-svcm-example-codesystem2.html"/></extension><reference><reference value="CodeSystem/svcm-example-codesystem2"/></reference><name value="SVCMExampleCodeSystem2"/><description value="An example CodeSystem for SVCM for mapping"/><exampleCanonical value="https://profiles.ihe.net/ITI/SVCM/StructureDefinition/IHE.SVCM.CodeSystem"/><groupingId value="-ex-example"/></resource><resource><extension url="http://hl7.org/fhir/StructureDefinition/implementationguide-page"><valueUri value="ConceptMap-svcm-example-conceptmap.html"/></extension><reference><reference value="ConceptMap/svcm-example-conceptmap"/></reference><name value="SVCMExampleConceptMap"/><description value="An example ConceptMap for SVCM"/><exampleCanonical value="https://profiles.ihe.net/ITI/SVCM/StructureDefinition/IHE.SVCM.ConceptMap"/><groupingId value="-ex-example"/></resource><resource><extension url="http://hl7.org/fhir/StructureDefinition/implementationguide-page"><valueUri value="ValueSet-svcm-example-valueset.html"/></extension><reference><reference value="ValueSet/svcm-example-valueset"/></reference><name value="SVCMExampleValueSet"/><description value="An example ValueSet for SVCM"/><exampleCanonical value="https://profiles.ihe.net/ITI/SVCM/StructureDefinition/IHE.SVCM.ValueSet"/><groupingId value="-ex-example"/></resource><resource><extension url="http://hl7.org/fhir/StructureDefinition/implementationguide-page"><valueUri value="ValueSet-svcm-example2-valueset.html"/></extension><reference><reference value="ValueSet/svcm-example2-valueset"/></reference><name value="SVCMExample2ValueSet"/><description value="An example 2 ValueSet for SVCM"/><exampleCanonical value="https://profiles.ihe.net/ITI/SVCM/StructureDefinition/IHE.SVCM.ValueSet"/><groupingId value="-ex-example"/></resource><page><nameUrl value="toc.html"/><title value="Table of Contents"/><generation value="html"/><page><nameUrl value="index.html"/><title value="1:51. Sharing Valuesets, Codes, and Maps (SVCM)"/><generation value="markdown"/></page><page><nameUrl value="volume-1.html"/><title value="1:51. Sharing Valuesets, Codes, and Maps Volume 1"/><generation value="markdown"/></page><page><nameUrl value="ITI-95.html"/><title value="2:3.95 Query Value Set [ITI-95]"/><generation value="markdown"/></page><page><nameUrl value="ITI-96.html"/><title value="2:3.96 Query Code System [ITI-96]"/><generation value="markdown"/></page><page><nameUrl value="ITI-97.html"/><title value="2:3.97 Expand Value Set [ITI-97]"/><generation value="markdown"/></page><page><nameUrl value="ITI-98.html"/><title value="2:3.98 Lookup Code [ITI-98]"/><generation value="markdown"/></page><page><nameUrl value="ITI-99.html"/><title value="2:3.99 Validate Code [ITI-99]"/><generation value="markdown"/></page><page><nameUrl value="ITI-100.html"/><title value="2:3.100 Query Concept Map [ITI-100]"/><generation value="markdown"/></page><page><nameUrl value="ITI-101.html"/><title value="2:3.101 Translate Code [ITI-101]"/><generation value="markdown"/></page><page><nameUrl value="testplan.html"/><title value="Test Plan"/><generation value="markdown"/></page><page><nameUrl value="issues.html"/><title value="Open and Closed issues"/><generation value="markdown"/></page><page><nameUrl value="other.html"/><title value="Changes to Other Profiles"/><generation value="markdown"/></page><page><nameUrl value="artifacts.html"/><title value="Artifacts Summary"/><generation value="html"/><page><nameUrl value="CapabilityStatement-IHE.SVCM.TerminologyConsumer.html"/><title value="IHE.SVCM.TerminologyConsumer"/><generation value="generated"/></page><page><nameUrl value="CapabilityStatement-IHE.SVCM.TerminologyRepository.html"/><title value="IHE.SVCM.TerminologyRepository"/><generation value="generated"/></page><page><nameUrl value="StructureDefinition-IHE.SVCM.Audit.CodeSystem.Lookup.html"/><title value="Audit Event for Lookup Code Transaction by the Terminology Consumer and Repository"/><generation value="generated"/></page><page><nameUrl value="StructureDefinition-IHE.SVCM.Audit.CodeSystem.Query.html"/><title value="Audit Event for Query Code System Transaction by the Terminology Consumer and Repository for Query"/><generation value="generated"/></page><page><nameUrl value="StructureDefinition-IHE.SVCM.Audit.CodeSystem.Read.html"/><title value="Audit Event for Query Code System Transaction by the Terminology Consumer and Repository for Read"/><generation value="generated"/></page><page><nameUrl value="StructureDefinition-IHE.SVCM.Audit.ConceptMap.Query.html"/><title value="Audit Event for Query Concept Map Transaction by the Terminology Consumer and Repository for Query"/><generation value="generated"/></page><page><nameUrl value="StructureDefinition-IHE.SVCM.Audit.ConceptMap.Read.html"/><title value="Audit Event for Query Concept Map Transaction by the Terminology Consumer and Repository for Read"/><generation value="generated"/></page><page><nameUrl value="StructureDefinition-IHE.SVCM.Audit.ConceptMap.Translate.html"/><title value="Audit Event for Translate Code Transaction by the Terminology Consumer and Repository"/><generation value="generated"/></page><page><nameUrl value="StructureDefinition-IHE.SVCM.Audit.Code.Validate.html"/><title value="Audit Event for Validate Code Transaction by the Terminology Consumer and Repository"/><generation value="generated"/></page><page><nameUrl value="StructureDefinition-IHE.SVCM.Audit.ValueSet.Expand.html"/><title value="Audit Event for Expand Value Set Transaction by the Terminology Consumer and Repository"/><generation value="generated"/></page><page><nameUrl value="StructureDefinition-IHE.SVCM.Audit.ValueSet.Query.html"/><title value="Audit Event for Query Value Set Transaction by the Terminology Consumer and Repository for Query"/><generation value="generated"/></page><page><nameUrl value="StructureDefinition-IHE.SVCM.Audit.ValueSet.Read.html"/><title value="Audit Event for Query Value Set Transaction by the Terminology Consumer and Repository for Read"/><generation value="generated"/></page><page><nameUrl value="StructureDefinition-IHE.SVCM.Audit.Operation.html"/><title value="Basic AuditEvent for a successful Operation"/><generation value="generated"/></page><page><nameUrl value="StructureDefinition-IHE.SVCM.CodeSystem.html"/><title value="SVCM CodeSystem"/><generation value="generated"/></page><page><nameUrl value="StructureDefinition-IHE.SVCM.ConceptMap.html"/><title value="SVCM ConceptMap"/><generation value="generated"/></page><page><nameUrl value="StructureDefinition-IHE.SVCM.ValueSet.html"/><title value="SVCM ValueSet"/><generation value="generated"/></page><page><nameUrl value="AuditEvent-ex-AuditSvcmCodeSystemLookup.html"/><title value="Audit example for ITI-98 for Terminology Consumer for lookup code."/><generation value="generated"/><page><nameUrl value="Parameters-ex-AuditSvcmCodeSystemLookup_ex-SvcmCodeLookupParameters.html"/><title value="Parameters"/><generation value="generated"/></page></page><page><nameUrl value="AuditEvent-ex-AuditSvcmCodeSystemQuery.html"/><title value="Audit example for ITI-96 for Terminology Consumer for query."/><generation value="generated"/></page><page><nameUrl value="AuditEvent-ex-AuditSvcmCodeSystemRead.html"/><title value="Audit example for ITI-96 for Terminology Consumer for read."/><generation value="generated"/></page><page><nameUrl value="AuditEvent-ex-AuditSvcmConceptMapQuery.html"/><title value="Audit example for ITI-100 for Terminology Consumer for query."/><generation value="generated"/></page><page><nameUrl value="AuditEvent-ex-AuditSvcmConceptMapRead.html"/><title value="Audit example for ITI-100 for Terminology Consumer for read."/><generation value="generated"/></page><page><nameUrl value="AuditEvent-ex-AuditSvcmConceptMapTranslate.html"/><title value="Audit example for ITI-101 for Terminology Consumer for translate code."/><generation value="generated"/><page><nameUrl value="Parameters-ex-AuditSvcmConceptMapTranslate_ex-SvcmTranslateCodeParameters.html"/><title value="Parameters"/><generation value="generated"/></page></page><page><nameUrl value="AuditEvent-ex-AuditSvcmValidateCSCode.html"/><title value="Audit example for ITI-99 for Terminology Consumer for validate code on a CodeSystem."/><generation value="generated"/><page><nameUrl value="Parameters-ex-AuditSvcmValidateCSCode_ex-SvcmValidateCSCodeParameters.html"/><title value="Parameters"/><generation value="generated"/></page></page><page><nameUrl value="AuditEvent-ex-AuditSvcmValidateVSCode.html"/><title value="Audit example for ITI-99 for Terminology Consumer for validate code on a ValueSet."/><generation value="generated"/><page><nameUrl value="Parameters-ex-AuditSvcmValidateVSCode_ex-SvcmValidateVSCodeParameters.html"/><title value="Parameters"/><generation value="generated"/></page></page><page><nameUrl value="AuditEvent-ex-AuditSvcmValueSetExpand.html"/><title value="Audit example for ITI-97 for Terminology Consumer for expand."/><generation value="generated"/></page><page><nameUrl value="AuditEvent-ex-AuditSvcmValueSetQuery.html"/><title value="Audit example for ITI-95 for Terminology Consumer for query."/><generation value="generated"/></page><page><nameUrl value="AuditEvent-ex-AuditSvcmValueSetRead.html"/><title value="Audit example for ITI-95 for Terminology Consumer for read."/><generation value="generated"/></page><page><nameUrl value="Device-ex-device.html"/><title value="Device Example for SVCM"/><generation value="generated"/></page><page><nameUrl value="CodeSystem-svcm-example-codesystem.html"/><title value="SVCMExampleCodeSystem"/><generation value="generated"/></page><page><nameUrl value="CodeSystem-svcm-example-codesystem2.html"/><title value="SVCMExampleCodeSystem2"/><generation value="generated"/></page><page><nameUrl value="ConceptMap-svcm-example-conceptmap.html"/><title value="SVCMExampleConceptMap"/><generation value="generated"/></page><page><nameUrl value="ValueSet-svcm-example-valueset.html"/><title value="SVCMExampleValueSet"/><generation value="generated"/></page><page><nameUrl value="ValueSet-svcm-example2-valueset.html"/><title value="SVCMExample2ValueSet"/><generation value="generated"/></page></page></page><parameter><code value="path-resource"/><value value="input/resources"/></parameter><parameter><code value="path-resource"/><value value="fsh-generated/resources"/></parameter><parameter><code value="path-resource"/><value value="input/examples"/></parameter><parameter><code value="path-resource"/><value value="input/capabilities"/></parameter><parameter><code value="path-resource"/><value value="input/extensions"/></parameter><parameter><code value="path-resource"/><value value="input/models"/></parameter><parameter><code value="path-resource"/><value value="input/operations"/></parameter><parameter><code value="path-resource"/><value value="input/profiles"/></parameter><parameter><code value="path-resource"/><value value="input/vocabulary"/></parameter><parameter><code value="path-resource"/><value value="input/testing"/></parameter><parameter><code value="path-resource"/><value value="input/history"/></parameter><parameter><code value="path-pages"/><value value="template/config"/></parameter><parameter><code value="path-pages"/><value value="input/images"/></parameter><parameter><code value="path-tx-cache"/><value value="input-cache/txcache"/></parameter></definition></ImplementationGuide>