{"resourceType":"ValueSet","id":"MCSDEndpointIdentifierTypeValueSet","text":{"status":"generated","div":"<div xmlns=\"http://www.w3.org/1999/xhtml\"><p class=\"res-header-id\"><b>Generated Narrative: ValueSet MCSDEndpointIdentifierTypeValueSet</b></p><a name=\"MCSDEndpointIdentifierTypeValueSet\"> </a><a name=\"hcMCSDEndpointIdentifierTypeValueSet\"> </a><a name=\"MCSDEndpointIdentifierTypeValueSet-en-US\"> </a><ul><li>Include all codes defined in <a href=\"CodeSystem-MCSDEndpointIdentifierTypes.html\"><code>https://profiles.ihe.net/ITI/mCSD/CodeSystem/MCSDEndpointIdentifierTypes</code></a></li></ul></div>"},"url":"https://profiles.ihe.net/ITI/mCSD/ValueSet/MCSDEndpointIdentifierTypeValueSet","version":"4.0.0-comment","name":"MCSDEndpointIdentifierTypeValueSet","title":"mCSD Type codes for Endpoint.identifier","status":"active","experimental":false,"date":"2025-03-12T10:57:46-05:00","publisher":"IHE IT Infrastructure Technical Committee","contact":[{"telecom":[{"system":"url","value":"https://www.ihe.net/ihe_domains/it_infrastructure/"}]},{"telecom":[{"system":"email","value":"iti@ihe.net"}]},{"name":"IHE IT Infrastructure Technical Committee","telecom":[{"system":"email","value":"iti@ihe.net"}]}],"description":"mCSD Type codes for specific business identifiers for Endpoint resources.","jurisdiction":[{"coding":[{"system":"http://unstats.un.org/unsd/methods/m49/m49.htm","code":"001"}]}],"compose":{"include":[{"system":"https://profiles.ihe.net/ITI/mCSD/CodeSystem/MCSDEndpointIdentifierTypes"}]}}