Source File	Size	loadResources	load	generateSnapshots	load-configure	scan	loadDepInfo	loadInfo	checkR4R4B	generateNarratives	validate	loadLists	checkConformanceResources	checkConformanceResources2	checkConformanceResources3	generateLogicalMaps	validateExpressions	scanForUsageStats	checkURLsUnique	processProvenanceDetails	generate1	generate2	generateLogicals	makeDependencies	generateExampleZip	generateValidationPack	scanProfilesForR5	scanExamplesForR5
\input\implementationguide-IHE.FormatCode.xml	4191	-	0	0	0	0	0	0	6	0	0	0	1	0	0	0	0	0	0	0	51	52	0	0	0	2	0	1
input/resources/Bundle-history-IHE-formatcode.codesystem.xml	21363	40	14	0	1	0	0	0	2	92	0	0	0	0	0	0	0	1	0	7	62	44	0	0	0	0	0	1
input/resources/Bundle-history-IHE-formatcode.valueset.xml	9347	11	2	0	0	0	0	0	0	8	0	0	0	0	0	0	0	0	0	2	29	14	0	0	0	0	0	0
input/resources/codesystem-formatcode.xml	51531	27	0	0	1	0	0	0	3	45	0	0	0	0	0	0	0	0	0	0	113	144	0	0	0	8	0	1
input/resources/valueset-formatcode.xml	2551	9	0	0	0	0	0	0	0	419	0	0	0	0	0	0	0	0	0	0	13	61	0	0	0	0	0	0
C:\Git\temp\ig-builds\ihe.formatcode.fhir#1.6.0\input\includes\menu.xml	407	-	-	-	0	0	0	0	0	0	0	0	0	0	0	0	0	0	0	0	0	1	0	0	0	0	0	0
C:\Git\temp\ig-builds\ihe.formatcode.fhir#1.6.0\input\data\features.yml	273	-	-	-	0	0	0	0	0	0	0	0	0	0	0	0	0	0	0	0	0	0	0	0	0	0	0	0
C:\Git\temp\ig-builds\ihe.formatcode.fhir#1.6.0\input\pagecontent\background.md	2390	-	-	-	0	0	0	0	0	0	0	0	0	0	0	0	0	0	0	0	0	0	0	0	0	0	0	0
C:\Git\temp\ig-builds\ihe.formatcode.fhir#1.6.0\input\pagecontent\index.md	1545	-	-	-	0	0	0	0	0	0	0	0	0	0	0	0	0	0	0	0	0	1	0	0	0	0	0	0
\template\config	0	-	-	-	0	0	0	0	0	0	0	0	0	0	0	0	0	0	0	0	0	0	0	0	0	0	0	0
C:\Git\temp\ig-builds\ihe.formatcode.fhir#1.6.0\template\config\_config.yml	140	-	-	-	0	0	0	0	0	0	0	0	0	0	0	0	0	0	0	0	0	0	0	0	0	0	0	0
\temp\pages\_includes\artifacts.xml	2041	-	-	-	-	-	-	-	-	-	-	-	-	-	-	-	-	-	-	-	-	1	0	0	0	0	0	0
