<?xml version="1.0" encoding="UTF-8"?>

<Observation xmlns="http://hl7.org/fhir">
  <id value="ex-bloodPressure"/>
  <meta>
    <security>
      <system value="http://terminology.hl7.org/CodeSystem/v3-ActReason"/>
      <code value="HTEST"/>
    </security>
    <security>
      <system value="http://terminology.hl7.org/CodeSystem/v3-Confidentiality"/>
      <code value="N"/>
    </security>
  </meta>
  <text>
    <status value="generated"/><div xmlns="http://www.w3.org/1999/xhtml"><p><b>Generated Narrative: Observation</b><a name="ex-bloodPressure"> </a></p><div style="display: inline-block; background-color: #d9e0e7; padding: 6px; margin: 4px; border: 1px solid #8da1b4; border-radius: 5px; line-height: 60%"><p style="margin-bottom: 0px">Resource Observation &quot;ex-bloodPressure&quot; </p><p style="margin-bottom: 0px">Security Labels: <span title="{http://terminology.hl7.org/CodeSystem/v3-ActReason http://terminology.hl7.org/CodeSystem/v3-ActReason}">http://terminology.hl7.org/CodeSystem/v3-ActReason</span>, <span title="{http://terminology.hl7.org/CodeSystem/v3-Confidentiality http://terminology.hl7.org/CodeSystem/v3-Confidentiality}">http://terminology.hl7.org/CodeSystem/v3-Confidentiality</span></p></div><p><b>status</b>: final</p><p><b>category</b>: Vital Signs <span style="background: LightGoldenRodYellow; margin: 4px; border: 1px solid khaki"> (<a href="http://terminology.hl7.org/5.0.0/CodeSystem-observation-category.html">Observation Category Codes</a>#vital-signs)</span></p><p><b>code</b>: Blood pressure systolic and diastolic <span style="background: LightGoldenRodYellow; margin: 4px; border: 1px solid khaki"> (<a href="https://loinc.org/">LOINC</a>#55284-4; <a href="https://loinc.org/">LOINC</a>#8716-3 &quot;Vital Signs&quot;)</span></p><p><b>subject</b>: <a href="Patient-ex-patient.html">Patient/ex-patient</a> &quot; SMITH&quot;</p><p><b>encounter</b>: <a href="Encounter-ex-encounter.html">Encounter/ex-encounter</a></p><p><b>effective</b>: 2004-12-25 23:50:50-0500</p><p><b>note</b>: a minimal blood pressure</p><blockquote><p><b>component</b></p><p><b>code</b>: Systolic blood pressure <span style="background: LightGoldenRodYellow; margin: 4px; border: 1px solid khaki"> (<a href="https://loinc.org/">LOINC</a>#8480-6)</span></p><p><b>value</b>: 140 mm[Hg]<span style="background: LightGoldenRodYellow"> (Details: UCUM code mm[Hg] = 'mm[Hg]')</span></p></blockquote><blockquote><p><b>component</b></p><p><b>code</b>: Diastolic blood pressure <span style="background: LightGoldenRodYellow; margin: 4px; border: 1px solid khaki"> (<a href="https://loinc.org/">LOINC</a>#8462-4)</span></p><p><b>value</b>: 90 mm[Hg]<span style="background: LightGoldenRodYellow"> (Details: UCUM code mm[Hg] = 'mm[Hg]')</span></p></blockquote></div>
  </text>
  <status value="final"/>
  <category>
    <coding>
      <system value="http://terminology.hl7.org/CodeSystem/observation-category"/>
      <code value="vital-signs"/>
      <display value="Vital Signs"/>
    </coding>
  </category>
  <code>
    <coding>
      <system value="http://loinc.org"/>
      <code value="55284-4"/>
      <display value="Blood pressure systolic and diastolic"/>
    </coding>
    <coding>
      <system value="http://loinc.org"/>
      <code value="8716-3"/>
      <display value="Vital Signs"/>
    </coding>
  </code>
  <subject>
    <reference value="Patient/ex-patient"/>
  </subject>
  <encounter>
    <reference value="Encounter/ex-encounter"/>
  </encounter>
  <effectiveDateTime value="2004-12-25T23:50:50-05:00"/>
  <note>
    <text value="a minimal blood pressure"/>
  </note>
  <component>
    <code>
      <coding>
        <system value="http://loinc.org"/>
        <code value="8480-6"/>
        <display value="Systolic blood pressure"/>
      </coding>
    </code>
    <valueQuantity>
      <value value="140"/>
      <system value="http://unitsofmeasure.org"/>
      <code value="mm[Hg]"/>
    </valueQuantity>
  </component>
  <component>
    <code>
      <coding>
        <system value="http://loinc.org"/>
        <code value="8462-4"/>
        <display value="Diastolic blood pressure"/>
      </coding>
    </code>
    <valueQuantity>
      <value value="90"/>
      <system value="http://unitsofmeasure.org"/>
      <code value="mm[Hg]"/>
    </valueQuantity>
  </component>
</Observation>