<?xml version="1.0" encoding="UTF-8"?><ActorDefinition xmlns="http://hl7.org/fhir"><id value="IHE.MPD.DispenseReporter"/><text><status value="generated"/><div xmlns="http://www.w3.org/1999/xhtml"><p class="res-header-id"><b>Generated Narrative: ActorDefinition IHE.MPD.DispenseReporter</b></p><a name="IHE.MPD.DispenseReporter"> </a><a name="hcIHE.MPD.DispenseReporter"> </a><a name="IHE.MPD.DispenseReporter-en-US"> </a><table class="grid"><tr><td><b>Actor: IHEMPDDispenseReporter </b></td><td>IHE MPD Dispense Reporter</td><td>Type: system </td></tr><tr><td colspan="3"/></tr><tr><td>Capabilities:</td><td colspan="2"><a href="CapabilityStatement-IHE.MPD.DispenseReporterCS.html">IHE MPD Dispense Reporter Actor (server)</a></td></tr></table></div></text><url value="http://profiles.ihe.net/PHARM/MPD/ActorDefinition/IHE.MPD.DispenseReporter"/><version value="1.0.0-preview"/><name value="IHEMPDDispenseReporter"/><title value="IHE MPD Dispense Reporter"/><status value="active"/><experimental value="false"/><date value="2024-07-08T16:49:44+00:00"/><publisher value="Integrating the Healthcare Enterprise (IHE)"/><contact><name value="Integrating the Healthcare Enterprise (IHE)"/><telecom><system value="url"/><value value="http://ihe.net"/></telecom><telecom><system value="email"/><value value="secretary@ihe.net"/></telecom></contact><contact><name value="José Costa Teixeira"/><telecom><system value="email"/><value value="jose.a.teixeira@gmail.com"/><use value="work"/></telecom></contact><description value="The Dispense Reporter submits dispense reports to the Dispense Receiver."/><jurisdiction><coding><system value="http://unstats.un.org/unsd/methods/m49/m49.htm"/><code value="001"/></coding></jurisdiction><copyright value="IHE http://www.ihe.net/Governance/#Intellectual_Property"/><type value="system"/><capabilities value="http://profiles.ihe.net/PHARM/MPD/CapabilityStatement/IHE.MPD.DispenseReporterCS"/></ActorDefinition>