{
  "resourceType" : "Bundle",
  "id" : "c56d95f8-0ba6-4c5e-80e7-4c421f44eb3a",
  "meta" : {
    "lastUpdated" : "2023-08-02T11:14:45.171-05:00"
  },
  "type" : "collection",
  "entry" : [{
    "fullUrl" : "https://profiles.ihe.net/ITI/MHD/ValueSet/DocumentReferenceStats",
    "resource" : {
      "resourceType" : "ValueSet",
      "text" : {
        "status" : "generated",
        "div" : "<div xmlns=\"http://www.w3.org/1999/xhtml\"><p>This value set contains 2 concepts</p><p style=\"border: black 1px dotted; background-color: #EEEEEE; padding: 8px; margin-bottom: 8px\">Expansion based on <a href=\"http://hl7.org/fhir/R4/codesystem-document-reference-status.html\">DocumentReferenceStatus v4.0.1 (CodeSystem)</a></p><table class=\"codes\"><tr><td style=\"white-space:nowrap\"><b>Code</b></td><td><b>System</b></td><td><b>Display</b></td><td><b>Definition</b></td></tr><tr><td style=\"white-space:nowrap\"><a name=\"http---hl7.org-fhir-document-reference-status-current\"> </a>\u00a0\u00a0<a href=\"http://hl7.org/fhir/R4/codesystem-document-reference-status.html#document-reference-status-current\">current</a></td><td>http://hl7.org/fhir/document-reference-status</td><td>Current</td><td><div><p>This is the current reference for this document.</p>\n</div></td></tr><tr><td style=\"white-space:nowrap\"><a name=\"http---hl7.org-fhir-document-reference-status-superseded\"> </a>\u00a0\u00a0<a href=\"http://hl7.org/fhir/R4/codesystem-document-reference-status.html#document-reference-status-superseded\">superseded</a></td><td>http://hl7.org/fhir/document-reference-status</td><td>Superseded</td><td><div><p>This reference has been superseded by another reference.</p>\n</div></td></tr></table></div>"
      },
      "url" : "https://profiles.ihe.net/ITI/MHD/ValueSet/DocumentReferenceStats",
      "version" : "4.2.1",
      "name" : "DocumentReferenceStats",
      "title" : "MHD DocumentReference status codes",
      "status" : "active",
      "experimental" : false,
      "date" : "2023-08-02T11:14:45-05:00",
      "jurisdiction" : [{
        "coding" : [{
          "system" : "http://unstats.un.org/unsd/methods/m49/m49.htm",
          "code" : "001"
        }]
      }],
      "expansion" : {
        "identifier" : "urn:uuid:e14090a2-cfb5-452a-94ec-cb73567e4b28",
        "timestamp" : "2023-08-02T11:24:34-05:00",
        "total" : 2,
        "parameter" : [{
          "name" : "excludeNested",
          "valueBoolean" : false
        },
        {
          "name" : "version",
          "valueUri" : "http://hl7.org/fhir/document-reference-status|4.0.1"
        }],
        "contains" : [{
          "system" : "http://hl7.org/fhir/document-reference-status",
          "code" : "current",
          "display" : "Current"
        },
        {
          "system" : "http://hl7.org/fhir/document-reference-status",
          "code" : "superseded",
          "display" : "Superseded"
        }]
      }
    }
  },
  {
    "fullUrl" : "https://profiles.ihe.net/ITI/MHD/ValueSet/MHDlistTypesVS",
    "resource" : {
      "resourceType" : "ValueSet",
      "text" : {
        "status" : "generated",
        "div" : "<div xmlns=\"http://www.w3.org/1999/xhtml\"><p>This value set contains 2 concepts</p><p style=\"border: black 1px dotted; background-color: #EEEEEE; padding: 8px; margin-bottom: 8px\">Expansion based on <a href=\"CodeSystem-MHDlistTypes.html\">MHD List Types v4.2.1 (CodeSystem)</a></p><table class=\"codes\"><tr><td style=\"white-space:nowrap\"><b>Code</b></td><td><b>System</b></td><td><b>Display</b></td></tr><tr><td style=\"white-space:nowrap\"><a name=\"https---profiles.ihe.net-ITI-MHD-CodeSystem-MHDlistTypes-folder\"> </a>\u00a0\u00a0<a href=\"CodeSystem-MHDlistTypes.html#MHDlistTypes-folder\">folder</a></td><td>https://profiles.ihe.net/ITI/MHD/CodeSystem/MHDlistTypes</td><td>Folder as a FHIR List</td></tr><tr><td style=\"white-space:nowrap\"><a name=\"https---profiles.ihe.net-ITI-MHD-CodeSystem-MHDlistTypes-submissionset\"> </a>\u00a0\u00a0<a href=\"CodeSystem-MHDlistTypes.html#MHDlistTypes-submissionset\">submissionset</a></td><td>https://profiles.ihe.net/ITI/MHD/CodeSystem/MHDlistTypes</td><td>SubmissionSet as a FHIR List</td></tr></table></div>"
      },
      "url" : "https://profiles.ihe.net/ITI/MHD/ValueSet/MHDlistTypesVS",
      "version" : "4.2.1",
      "name" : "MHDlistTypesVS",
      "title" : "MHD List Types ValueSet",
      "status" : "active",
      "experimental" : false,
      "date" : "2023-08-02T11:14:45-05:00",
      "jurisdiction" : [{
        "coding" : [{
          "system" : "http://unstats.un.org/unsd/methods/m49/m49.htm",
          "code" : "001"
        }]
      }],
      "expansion" : {
        "identifier" : "urn:uuid:6aca6249-5644-421f-857a-e052dd404dc8",
        "timestamp" : "2023-08-02T11:24:34-05:00",
        "total" : 2,
        "parameter" : [{
          "name" : "excludeNested",
          "valueBoolean" : false
        },
        {
          "name" : "version",
          "valueUri" : "https://profiles.ihe.net/ITI/MHD/CodeSystem/MHDlistTypes|4.2.1"
        }],
        "contains" : [{
          "system" : "https://profiles.ihe.net/ITI/MHD/CodeSystem/MHDlistTypes",
          "code" : "folder",
          "display" : "Folder as a FHIR List"
        },
        {
          "system" : "https://profiles.ihe.net/ITI/MHD/CodeSystem/MHDlistTypes",
          "code" : "submissionset",
          "display" : "SubmissionSet as a FHIR List"
        }]
      }
    }
  },
  {
    "fullUrl" : "https://profiles.ihe.net/ITI/MHD/ValueSet/MHDprovideFolderActions",
    "resource" : {
      "resourceType" : "ValueSet",
      "text" : {
        "status" : "generated",
        "div" : "<div xmlns=\"http://www.w3.org/1999/xhtml\"><p>This value set contains 2 concepts</p><p style=\"border: black 1px dotted; background-color: #EEEEEE; padding: 8px; margin-bottom: 8px\">Expansion based on <a href=\"http://hl7.org/fhir/R4/codesystem-http-verb.html\">HTTPVerb v4.0.1 (CodeSystem)</a></p><table class=\"codes\"><tr><td style=\"white-space:nowrap\"><b>Code</b></td><td><b>System</b></td><td><b>Display</b></td><td><b>Definition</b></td></tr><tr><td style=\"white-space:nowrap\"><a name=\"http---hl7.org-fhir-http-verb-POST\"> </a>\u00a0\u00a0<a href=\"http://hl7.org/fhir/R4/codesystem-http-verb.html#http-verb-POST\">POST</a></td><td>http://hl7.org/fhir/http-verb</td><td>POST</td><td><div><p>HTTP POST Command.</p>\n</div></td></tr><tr><td style=\"white-space:nowrap\"><a name=\"http---hl7.org-fhir-http-verb-PUT\"> </a>\u00a0\u00a0<a href=\"http://hl7.org/fhir/R4/codesystem-http-verb.html#http-verb-PUT\">PUT</a></td><td>http://hl7.org/fhir/http-verb</td><td>PUT</td><td><div><p>HTTP PUT Command.</p>\n</div></td></tr></table></div>"
      },
      "url" : "https://profiles.ihe.net/ITI/MHD/ValueSet/MHDprovideFolderActions",
      "version" : "4.2.1",
      "name" : "MHDprovideFolderActions",
      "title" : "MHD Folder List Types ValueSet",
      "status" : "active",
      "experimental" : false,
      "date" : "2023-08-02T11:14:45-05:00",
      "jurisdiction" : [{
        "coding" : [{
          "system" : "http://unstats.un.org/unsd/methods/m49/m49.htm",
          "code" : "001"
        }]
      }],
      "expansion" : {
        "identifier" : "urn:uuid:9bb23078-e4a0-4b92-997b-072695e34515",
        "timestamp" : "2023-08-02T11:24:34-05:00",
        "total" : 2,
        "parameter" : [{
          "name" : "excludeNested",
          "valueBoolean" : false
        },
        {
          "name" : "version",
          "valueUri" : "http://hl7.org/fhir/http-verb|4.0.1"
        }],
        "contains" : [{
          "system" : "http://hl7.org/fhir/http-verb",
          "code" : "POST",
          "display" : "POST"
        },
        {
          "system" : "http://hl7.org/fhir/http-verb",
          "code" : "PUT",
          "display" : "PUT"
        }]
      }
    }
  },
  {
    "fullUrl" : "https://profiles.ihe.net/ITI/MHD/ValueSet/MHDprovidePatientActions",
    "resource" : {
      "resourceType" : "ValueSet",
      "text" : {
        "status" : "generated",
        "div" : "<div xmlns=\"http://www.w3.org/1999/xhtml\"><p>This value set contains 3 concepts</p><p style=\"border: black 1px dotted; background-color: #EEEEEE; padding: 8px; margin-bottom: 8px\">Expansion based on <a href=\"http://hl7.org/fhir/R4/codesystem-http-verb.html\">HTTPVerb v4.0.1 (CodeSystem)</a></p><table class=\"codes\"><tr><td style=\"white-space:nowrap\"><b>Code</b></td><td><b>System</b></td><td><b>Display</b></td><td><b>Definition</b></td></tr><tr><td style=\"white-space:nowrap\"><a name=\"http---hl7.org-fhir-http-verb-GET\"> </a>\u00a0\u00a0<a href=\"http://hl7.org/fhir/R4/codesystem-http-verb.html#http-verb-GET\">GET</a></td><td>http://hl7.org/fhir/http-verb</td><td>GET</td><td><div><p>HTTP GET Command.</p>\n</div></td></tr><tr><td style=\"white-space:nowrap\"><a name=\"http---hl7.org-fhir-http-verb-POST\"> </a>\u00a0\u00a0<a href=\"http://hl7.org/fhir/R4/codesystem-http-verb.html#http-verb-POST\">POST</a></td><td>http://hl7.org/fhir/http-verb</td><td>POST</td><td><div><p>HTTP POST Command.</p>\n</div></td></tr><tr><td style=\"white-space:nowrap\"><a name=\"http---hl7.org-fhir-http-verb-PUT\"> </a>\u00a0\u00a0<a href=\"http://hl7.org/fhir/R4/codesystem-http-verb.html#http-verb-PUT\">PUT</a></td><td>http://hl7.org/fhir/http-verb</td><td>PUT</td><td><div><p>HTTP PUT Command.</p>\n</div></td></tr></table></div>"
      },
      "url" : "https://profiles.ihe.net/ITI/MHD/ValueSet/MHDprovidePatientActions",
      "version" : "4.2.1",
      "name" : "MHDprovidePatientActions",
      "title" : "MHD Patient Types ValueSet",
      "status" : "active",
      "experimental" : false,
      "date" : "2023-08-02T11:14:45-05:00",
      "jurisdiction" : [{
        "coding" : [{
          "system" : "http://unstats.un.org/unsd/methods/m49/m49.htm",
          "code" : "001"
        }]
      }],
      "expansion" : {
        "identifier" : "urn:uuid:82a8d149-1215-40cb-9fb2-5266547cb751",
        "timestamp" : "2023-08-02T11:24:34-05:00",
        "total" : 3,
        "parameter" : [{
          "name" : "excludeNested",
          "valueBoolean" : false
        },
        {
          "name" : "version",
          "valueUri" : "http://hl7.org/fhir/http-verb|4.0.1"
        }],
        "contains" : [{
          "system" : "http://hl7.org/fhir/http-verb",
          "code" : "GET",
          "display" : "GET"
        },
        {
          "system" : "http://hl7.org/fhir/http-verb",
          "code" : "POST",
          "display" : "POST"
        },
        {
          "system" : "http://hl7.org/fhir/http-verb",
          "code" : "PUT",
          "display" : "PUT"
        }]
      }
    }
  }]
}