{
  "codeSystems" : [
    {
      "url" : "http://hl7.org/fhir/ValueSet/condition-code",
      "version" : "4.0.1",
      "status" : "draft",
      "name" : "Condition/Problem/DiagnosisCodes",
      "title" : "Condition/Problem/Diagnosis Codes",
      "description" : "Example value set for Condition/Problem/Diagnosis codes.",
      "systems" : ["http://snomed.info/sct"],
      "oids" : ["2.16.840.1.113883.4.642.3.161"],
      "sources" : ["2.16.840.1.113883.4.642.3.161"],
      "uses" : {
      },
      "OperationDefinition-appointment-find.html" : "Find_Appointments_Operation"
    },
    {
      "url" : "https://profiles.ihe.net/ITI/Scheduling/ValueSet/iti-sched-status-reason",
      "version" : "1.0.0",
      "status" : "active",
      "name" : "IHE_ITI_Sched_Status_Reason_Codes",
      "title" : "IHE ITI Sched Status Reason Codes",
      "description" : "This value set is the full expansion of the ITI Scheduking Status Reason code system.",
      "systems" : [
        "https://profiles.ihe.net/ITI/Scheduling/CodeSystem/status-reason"
      ],
      "uses" : {
      },
      "StructureDefinition-extension-status-reason.html" : "Reason For Current Status"
    },
    {
      "url" : "https://profiles.ihe.net/ITI/Scheduling/ValueSet/sct-services",
      "version" : "1.0.0",
      "status" : "active",
      "name" : "IHE_ITI_Scheduling_Snomed_CT_Services",
      "title" : "IHE ITI Scheduling Snomed CT Services",
      "description" : "The Snomed CT services and procedures concepts that represent visit types for scheduling appointments. These concepts are mapped to the [IHE ITI Scheduling Visit Types](http://fhir.org/guides/argonaut-scheduling/ConceptMap/visit-snomed-map).",
      "systems" : ["http://snomed.info/sct"],
      "uses" : {
      },
      "StructureDefinition-ihe-sched-appt.html" : "IHE ITI Appointment Profile"
    },
    {
      "url" : "https://profiles.ihe.net/ITI/Scheduling/ValueSet/specialty",
      "version" : "1.0.0",
      "status" : "active",
      "name" : "IHE_ITI_Scheduling_Specialties",
      "title" : "IHE ITI Scheduling Specialties",
      "description" : "The specialties offered by providers and  that would be required to perform the service requested in this appointment.",
      "systems" : ["http://snomed.info/sct"],
      "uses" : {
      },
      "StructureDefinition-ihe-sched-appt.html" : "IHE ITI Appointment Profile"
    }
  ]
}
