{
  "codeSystems" : [
    {
      "url" : "http://hl7.org/fhir/ValueSet/appointment-cancellation-reason",
      "version" : "4.0.1",
      "status" : "draft",
      "name" : "AppointmentCancellationReason",
      "title" : "Appointment cancellation reason",
      "description" : "This example value set defines a set of reasons for the cancellation of an appointment.",
      "systems" : [
        "http://terminology.hl7.org/CodeSystem/appointment-cancellation-reason"
      ],
      "oids" : ["2.16.840.1.113883.4.642.3.1381"],
      "sources" : ["2.16.840.1.113883.4.642.3.1381"],
      "uses" : {
      },
      "StructureDefinition-ihe-sched-appt.html" : "IHE ITI Appointment Profile"
    },
    {
      "url" : "http://hl7.org/fhir/ValueSet/appointmentstatus",
      "version" : "4.0.1",
      "status" : "draft",
      "name" : "AppointmentStatus",
      "title" : "AppointmentStatus",
      "description" : "The free/busy status of an appointment.",
      "systems" : ["http://hl7.org/fhir/appointmentstatus"],
      "oids" : ["2.16.840.1.113883.4.642.3.484"],
      "sources" : ["2.16.840.1.113883.4.642.3.484"],
      "uses" : {
      },
      "StructureDefinition-ihe-sched-appt.html" : "IHE ITI Appointment Profile"
    },
    {
      "url" : "http://hl7.org/fhir/ValueSet/audit-entity-type",
      "version" : "4.0.1",
      "status" : "draft",
      "name" : "AuditEventEntityType",
      "title" : "Audit event entity type",
      "description" : "Code for the entity type involved in the audit event.",
      "systems" : [
        "http://terminology.hl7.org/CodeSystem/audit-entity-type",
        "http://hl7.org/fhir/resource-types"
      ],
      "oids" : ["2.16.840.1.113883.4.642.3.458"],
      "sources" : ["2.16.840.1.113883.4.642.3.458"],
      "uses" : {
      },
      "StructureDefinition-IHE.Scheduling.Hold.Audit.Source.html" : "Audit Event for the Hold Appointment Transaction at Source",
      "StructureDefinition-IHE.Scheduling.Hold.Audit.Recipient.html" : "Audit Event for the Hold Appointment Transaction at Recipient",
      "StructureDefinition-IHE.Scheduling.FindPotential.Audit.Recipient.html" : "Audit Event for the Find Potential Appointments Transaction at Recipient",
      "StructureDefinition-IHE.Scheduling.Book.Audit.Source.html" : "Audit Event for the Book Appointment Transaction at Source",
      "StructureDefinition-IHE.Scheduling.Book.Audit.Recipient.html" : "Audit Event for the Book Appointment Transaction at Recipient",
      "StructureDefinition-IHE.Scheduling.FindPotential.Audit.Source.html" : "Audit Event for the Find Potential Appointments Transaction at Source"
    },
    {
      "url" : "http://hl7.org/fhir/ValueSet/audit-event-action",
      "version" : "4.0.1",
      "status" : "draft",
      "name" : "AuditEventAction",
      "title" : "AuditEventAction",
      "description" : "Indicator for type of action performed during the event that generated the event.",
      "systems" : ["http://hl7.org/fhir/audit-event-action"],
      "oids" : ["2.16.840.1.113883.4.642.3.452"],
      "sources" : ["2.16.840.1.113883.4.642.3.452"],
      "uses" : {
      },
      "StructureDefinition-IHE.Scheduling.Hold.Audit.Source.html" : "Audit Event for the Hold Appointment Transaction at Source",
      "StructureDefinition-IHE.Scheduling.Hold.Audit.Recipient.html" : "Audit Event for the Hold Appointment Transaction at Recipient",
      "StructureDefinition-IHE.Scheduling.FindPotential.Audit.Recipient.html" : "Audit Event for the Find Potential Appointments Transaction at Recipient",
      "StructureDefinition-IHE.Scheduling.Book.Audit.Source.html" : "Audit Event for the Book Appointment Transaction at Source",
      "StructureDefinition-IHE.Scheduling.Book.Audit.Recipient.html" : "Audit Event for the Book Appointment Transaction at Recipient",
      "StructureDefinition-IHE.Scheduling.FindPotential.Audit.Source.html" : "Audit Event for the Find Potential Appointments Transaction at Source"
    },
    {
      "url" : "http://hl7.org/fhir/ValueSet/audit-event-outcome",
      "version" : "4.0.1",
      "status" : "draft",
      "name" : "AuditEventOutcome",
      "title" : "AuditEventOutcome",
      "description" : "Indicates whether the event succeeded or failed.",
      "systems" : ["http://hl7.org/fhir/audit-event-outcome"],
      "oids" : ["2.16.840.1.113883.4.642.3.454"],
      "sources" : ["2.16.840.1.113883.4.642.3.454"],
      "uses" : {
      },
      "StructureDefinition-IHE.Scheduling.Hold.Audit.Source.html" : "Audit Event for the Hold Appointment Transaction at Source",
      "StructureDefinition-IHE.Scheduling.Hold.Audit.Recipient.html" : "Audit Event for the Hold Appointment Transaction at Recipient",
      "StructureDefinition-IHE.Scheduling.FindPotential.Audit.Recipient.html" : "Audit Event for the Find Potential Appointments Transaction at Recipient",
      "StructureDefinition-IHE.Scheduling.Book.Audit.Source.html" : "Audit Event for the Book Appointment Transaction at Source",
      "StructureDefinition-IHE.Scheduling.Book.Audit.Recipient.html" : "Audit Event for the Book Appointment Transaction at Recipient",
      "StructureDefinition-IHE.Scheduling.FindPotential.Audit.Source.html" : "Audit Event for the Find Potential Appointments Transaction at Source"
    },
    {
      "url" : "http://hl7.org/fhir/ValueSet/audit-event-sub-type",
      "version" : "4.0.1",
      "status" : "active",
      "name" : "AuditEventSub-Type",
      "title" : "Audit Event Sub-Type",
      "description" : "More detailed code concerning the type of the audit event - defined by DICOM with some FHIR specific additions.",
      "systems" : [
        "http://dicom.nema.org/resources/ontology/DCM",
        "http://hl7.org/fhir/restful-interaction"
      ],
      "oids" : ["2.16.840.1.113883.4.642.3.464"],
      "sources" : ["2.16.840.1.113883.4.642.3.464"],
      "uses" : {
      },
      "StructureDefinition-IHE.Scheduling.Hold.Audit.Source.html" : "Audit Event for the Hold Appointment Transaction at Source",
      "StructureDefinition-IHE.Scheduling.Hold.Audit.Recipient.html" : "Audit Event for the Hold Appointment Transaction at Recipient",
      "StructureDefinition-IHE.Scheduling.FindPotential.Audit.Recipient.html" : "Audit Event for the Find Potential Appointments Transaction at Recipient",
      "StructureDefinition-IHE.Scheduling.Book.Audit.Source.html" : "Audit Event for the Book Appointment Transaction at Source",
      "StructureDefinition-IHE.Scheduling.Book.Audit.Recipient.html" : "Audit Event for the Book Appointment Transaction at Recipient",
      "StructureDefinition-IHE.Scheduling.FindPotential.Audit.Source.html" : "Audit Event for the Find Potential Appointments Transaction at Source"
    },
    {
      "url" : "http://hl7.org/fhir/ValueSet/audit-event-type",
      "version" : "4.0.1",
      "status" : "active",
      "name" : "AuditEventID",
      "title" : "Audit Event ID",
      "description" : "Event Types for Audit Events - defined by DICOM with some FHIR specific additions.",
      "systems" : [
        "http://terminology.hl7.org/CodeSystem/audit-event-type",
        "http://terminology.hl7.org/CodeSystem/iso-21089-lifecycle",
        "http://dicom.nema.org/resources/ontology/DCM"
      ],
      "oids" : ["2.16.840.1.113883.4.642.3.462"],
      "sources" : ["2.16.840.1.113883.4.642.3.462"],
      "uses" : {
      },
      "StructureDefinition-IHE.Scheduling.Hold.Audit.Source.html" : "Audit Event for the Hold Appointment Transaction at Source",
      "StructureDefinition-IHE.Scheduling.Hold.Audit.Recipient.html" : "Audit Event for the Hold Appointment Transaction at Recipient",
      "StructureDefinition-IHE.Scheduling.FindPotential.Audit.Recipient.html" : "Audit Event for the Find Potential Appointments Transaction at Recipient",
      "StructureDefinition-IHE.Scheduling.Book.Audit.Source.html" : "Audit Event for the Book Appointment Transaction at Source",
      "StructureDefinition-IHE.Scheduling.Book.Audit.Recipient.html" : "Audit Event for the Book Appointment Transaction at Recipient",
      "StructureDefinition-IHE.Scheduling.FindPotential.Audit.Source.html" : "Audit Event for the Find Potential Appointments Transaction at Source"
    },
    {
      "url" : "http://hl7.org/fhir/ValueSet/audit-source-type",
      "version" : "4.0.1",
      "status" : "active",
      "name" : "AuditEventSourceType",
      "title" : "Audit Event Source Type",
      "description" : "The type of process where the audit event originated from.",
      "systems" : ["http://terminology.hl7.org/CodeSystem/security-source-type"],
      "oids" : ["2.16.840.1.113883.4.642.3.466"],
      "sources" : ["2.16.840.1.113883.4.642.3.466"],
      "uses" : {
      },
      "StructureDefinition-IHE.Scheduling.Hold.Audit.Source.html" : "Audit Event for the Hold Appointment Transaction at Source",
      "StructureDefinition-IHE.Scheduling.Hold.Audit.Recipient.html" : "Audit Event for the Hold Appointment Transaction at Recipient",
      "StructureDefinition-IHE.Scheduling.FindPotential.Audit.Recipient.html" : "Audit Event for the Find Potential Appointments Transaction at Recipient",
      "StructureDefinition-IHE.Scheduling.Book.Audit.Source.html" : "Audit Event for the Book Appointment Transaction at Source",
      "StructureDefinition-IHE.Scheduling.Book.Audit.Recipient.html" : "Audit Event for the Book Appointment Transaction at Recipient",
      "StructureDefinition-IHE.Scheduling.FindPotential.Audit.Source.html" : "Audit Event for the Find Potential Appointments Transaction at Source"
    },
    {
      "url" : "http://hl7.org/fhir/ValueSet/bundle-type",
      "version" : "4.0.1",
      "status" : "active",
      "name" : "BundleType",
      "title" : "BundleType",
      "description" : "Indicates the purpose of a bundle - how it is intended to be used.",
      "systems" : ["http://hl7.org/fhir/bundle-type"],
      "oids" : ["2.16.840.1.113883.4.642.3.620"],
      "sources" : ["2.16.840.1.113883.4.642.3.620"],
      "uses" : {
      },
      "StructureDefinition-ihe-sched-avail-bundle.html" : "IHE ITI Scheduling Bundle Profile"
    },
    {
      "url" : "http://hl7.org/fhir/ValueSet/condition-code",
      "version" : "4.0.1",
      "status" : "draft",
      "name" : "Condition/Problem/DiagnosisCodes",
      "title" : "Condition/Problem/Diagnosis Codes",
      "description" : "Example value set for Condition/Problem/Diagnosis codes.",
      "systems" : ["http://snomed.info/sct"],
      "oids" : ["2.16.840.1.113883.4.642.3.161"],
      "sources" : ["2.16.840.1.113883.4.642.3.161"],
      "uses" : {
      },
      "OperationDefinition-appointment-find.html" : "Find_Appointments_Operation"
    },
    {
      "url" : "http://hl7.org/fhir/ValueSet/dicm-405-mediatype",
      "version" : "4.0.1",
      "status" : "active",
      "name" : "MediaTypeCode",
      "title" : "Media Type Code",
      "description" : "Media Type Code",
      "systems" : ["http://dicom.nema.org/resources/ontology/DCM"],
      "oids" : ["1.2.840.10008.6.​1.​908"],
      "sources" : ["1.2.840.10008.6.​1.​908"],
      "uses" : {
      },
      "StructureDefinition-IHE.Scheduling.Hold.Audit.Source.html" : "Audit Event for the Hold Appointment Transaction at Source",
      "StructureDefinition-IHE.Scheduling.Hold.Audit.Recipient.html" : "Audit Event for the Hold Appointment Transaction at Recipient",
      "StructureDefinition-IHE.Scheduling.FindPotential.Audit.Recipient.html" : "Audit Event for the Find Potential Appointments Transaction at Recipient",
      "StructureDefinition-IHE.Scheduling.Book.Audit.Source.html" : "Audit Event for the Book Appointment Transaction at Source",
      "StructureDefinition-IHE.Scheduling.Book.Audit.Recipient.html" : "Audit Event for the Book Appointment Transaction at Recipient",
      "StructureDefinition-IHE.Scheduling.FindPotential.Audit.Source.html" : "Audit Event for the Find Potential Appointments Transaction at Source"
    },
    {
      "url" : "http://hl7.org/fhir/ValueSet/encounter-participant-type",
      "version" : "4.0.1",
      "status" : "draft",
      "name" : "ParticipantType",
      "title" : "Participant type",
      "description" : "This value set defines a set of codes that can be used to indicate how an individual participates in an encounter.",
      "systems" : [
        "http://terminology.hl7.org/CodeSystem/participant-type",
        "http://terminology.hl7.org/CodeSystem/v3-ParticipationType"
      ],
      "oids" : ["2.16.840.1.113883.4.642.3.250"],
      "sources" : ["2.16.840.1.113883.4.642.3.250"],
      "uses" : {
      },
      "StructureDefinition-ihe-sched-appt.html" : "IHE ITI Appointment Profile"
    },
    {
      "url" : "http://hl7.org/fhir/ValueSet/encounter-reason",
      "version" : "4.0.1",
      "status" : "draft",
      "name" : "EncounterReasonCodes",
      "title" : "Encounter Reason Codes",
      "description" : "This examples value set defines the set of codes that can be used to indicate reasons for an encounter.",
      "systems" : ["http://snomed.info/sct"],
      "oids" : ["2.16.840.1.113883.4.642.3.261"],
      "sources" : ["2.16.840.1.113883.4.642.3.261"],
      "uses" : {
      },
      "StructureDefinition-ihe-sched-appt.html" : "IHE ITI Appointment Profile"
    },
    {
      "url" : "http://hl7.org/fhir/ValueSet/http-verb",
      "version" : "4.0.1",
      "status" : "active",
      "name" : "HTTPVerb",
      "title" : "HTTPVerb",
      "description" : "HTTP verbs (in the HTTP command line). See [HTTP rfc](https://tools.ietf.org/html/rfc7231) for details.",
      "systems" : ["http://hl7.org/fhir/http-verb"],
      "oids" : ["2.16.840.1.113883.4.642.3.624"],
      "sources" : ["2.16.840.1.113883.4.642.3.624"],
      "uses" : {
      },
      "StructureDefinition-ihe-sched-avail-bundle.html" : "IHE ITI Scheduling Bundle Profile"
    },
    {
      "url" : "http://hl7.org/fhir/ValueSet/identifier-type",
      "version" : "4.0.1",
      "status" : "active",
      "name" : "Identifier Type Codes",
      "title" : "IdentifierType",
      "description" : "A coded type for an identifier that can be used to determine which identifier to use for a specific purpose.",
      "systems" : ["http://terminology.hl7.org/CodeSystem/v2-0203"],
      "oids" : ["2.16.840.1.113883.4.642.3.45"],
      "sources" : ["2.16.840.1.113883.4.642.3.45"],
      "uses" : {
      },
      "StructureDefinition-IHE.Scheduling.Hold.Audit.Source.html" : "Audit Event for the Hold Appointment Transaction at Source",
      "StructureDefinition-IHE.Scheduling.Hold.Audit.Recipient.html" : "Audit Event for the Hold Appointment Transaction at Recipient",
      "StructureDefinition-IHE.Scheduling.FindPotential.Audit.Recipient.html" : "Audit Event for the Find Potential Appointments Transaction at Recipient",
      "StructureDefinition-IHE.Scheduling.Book.Audit.Source.html" : "Audit Event for the Book Appointment Transaction at Source",
      "StructureDefinition-IHE.Scheduling.Book.Audit.Recipient.html" : "Audit Event for the Book Appointment Transaction at Recipient",
      "StructureDefinition-IHE.Scheduling.FindPotential.Audit.Source.html" : "Audit Event for the Find Potential Appointments Transaction at Source"
    },
    {
      "url" : "http://hl7.org/fhir/ValueSet/identifier-use",
      "version" : "4.0.1",
      "status" : "active",
      "name" : "IdentifierUse",
      "title" : "IdentifierUse",
      "description" : "Identifies the purpose for this identifier, if known .",
      "systems" : ["http://hl7.org/fhir/identifier-use"],
      "oids" : ["2.16.840.1.113883.4.642.3.57"],
      "sources" : ["2.16.840.1.113883.4.642.3.57"],
      "uses" : {
      },
      "StructureDefinition-IHE.Scheduling.Hold.Audit.Source.html" : "Audit Event for the Hold Appointment Transaction at Source",
      "StructureDefinition-IHE.Scheduling.Hold.Audit.Recipient.html" : "Audit Event for the Hold Appointment Transaction at Recipient",
      "StructureDefinition-IHE.Scheduling.FindPotential.Audit.Recipient.html" : "Audit Event for the Find Potential Appointments Transaction at Recipient",
      "StructureDefinition-IHE.Scheduling.Book.Audit.Source.html" : "Audit Event for the Book Appointment Transaction at Source",
      "StructureDefinition-IHE.Scheduling.Book.Audit.Recipient.html" : "Audit Event for the Book Appointment Transaction at Recipient",
      "StructureDefinition-IHE.Scheduling.FindPotential.Audit.Source.html" : "Audit Event for the Find Potential Appointments Transaction at Source"
    },
    {
      "url" : "http://hl7.org/fhir/ValueSet/languages",
      "version" : "4.0.1",
      "status" : "draft",
      "name" : "CommonLanguages",
      "title" : "Common Languages",
      "description" : "This value set includes common codes from BCP-47 (http://tools.ietf.org/html/bcp47)",
      "systems" : ["urn:ietf:bcp:47"],
      "oids" : ["2.16.840.1.113883.4.642.3.20"],
      "sources" : ["2.16.840.1.113883.4.642.3.20"],
      "uses" : {
      },
      "StructureDefinition-IHE.Scheduling.Hold.Audit.Source.html" : "Audit Event for the Hold Appointment Transaction at Source",
      "StructureDefinition-ihe-sched-appt.html" : "IHE ITI Appointment Profile",
      "StructureDefinition-IHE.Scheduling.Hold.Audit.Recipient.html" : "Audit Event for the Hold Appointment Transaction at Recipient",
      "StructureDefinition-IHE.Scheduling.FindPotential.Audit.Recipient.html" : "Audit Event for the Find Potential Appointments Transaction at Recipient",
      "StructureDefinition-IHE.Scheduling.Book.Audit.Source.html" : "Audit Event for the Book Appointment Transaction at Source",
      "StructureDefinition-ihe-sched-avail-bundle.html" : "IHE ITI Scheduling Bundle Profile",
      "StructureDefinition-IHE.Scheduling.Book.Audit.Recipient.html" : "Audit Event for the Book Appointment Transaction at Recipient",
      "StructureDefinition-IHE.Scheduling.FindPotential.Audit.Source.html" : "Audit Event for the Find Potential Appointments Transaction at Source"
    },
    {
      "url" : "http://hl7.org/fhir/ValueSet/network-type",
      "version" : "4.0.1",
      "status" : "draft",
      "name" : "AuditEventAgentNetworkType",
      "title" : "AuditEventAgentNetworkType",
      "description" : "The type of network access point of this agent in the audit event.",
      "systems" : ["http://hl7.org/fhir/network-type"],
      "oids" : ["2.16.840.1.113883.4.642.3.456"],
      "sources" : ["2.16.840.1.113883.4.642.3.456"],
      "uses" : {
      },
      "StructureDefinition-IHE.Scheduling.Hold.Audit.Source.html" : "Audit Event for the Hold Appointment Transaction at Source",
      "StructureDefinition-IHE.Scheduling.Hold.Audit.Recipient.html" : "Audit Event for the Hold Appointment Transaction at Recipient",
      "StructureDefinition-IHE.Scheduling.FindPotential.Audit.Recipient.html" : "Audit Event for the Find Potential Appointments Transaction at Recipient",
      "StructureDefinition-IHE.Scheduling.Book.Audit.Source.html" : "Audit Event for the Book Appointment Transaction at Source",
      "StructureDefinition-IHE.Scheduling.Book.Audit.Recipient.html" : "Audit Event for the Book Appointment Transaction at Recipient",
      "StructureDefinition-IHE.Scheduling.FindPotential.Audit.Source.html" : "Audit Event for the Find Potential Appointments Transaction at Source"
    },
    {
      "url" : "http://hl7.org/fhir/ValueSet/object-lifecycle-events",
      "version" : "5.1.0",
      "status" : "active",
      "name" : "ObjectLifecycleEvents",
      "title" : "ObjectLifecycleEvents",
      "description" : "This FHIR value set is comprised of lifecycle event codes. The FHIR Actor value set is based on    DICOM Audit Message, ParticipantObjectDataLifeCycle;   ISO Standard, TS 21089-2017;  ",
      "systems" : [
        "http://terminology.hl7.org/CodeSystem/dicom-audit-lifecycle",
        "http://terminology.hl7.org/CodeSystem/iso-21089-lifecycle"
      ],
      "oids" : ["2.16.840.1.113883.4.642.3.3009"],
      "sources" : ["2.16.840.1.113883.4.642.3.3009"],
      "uses" : {
      },
      "StructureDefinition-IHE.Scheduling.Hold.Audit.Source.html" : "Audit Event for the Hold Appointment Transaction at Source",
      "StructureDefinition-IHE.Scheduling.Hold.Audit.Recipient.html" : "Audit Event for the Hold Appointment Transaction at Recipient",
      "StructureDefinition-IHE.Scheduling.FindPotential.Audit.Recipient.html" : "Audit Event for the Find Potential Appointments Transaction at Recipient",
      "StructureDefinition-IHE.Scheduling.Book.Audit.Source.html" : "Audit Event for the Book Appointment Transaction at Source",
      "StructureDefinition-IHE.Scheduling.Book.Audit.Recipient.html" : "Audit Event for the Book Appointment Transaction at Recipient",
      "StructureDefinition-IHE.Scheduling.FindPotential.Audit.Source.html" : "Audit Event for the Find Potential Appointments Transaction at Source"
    },
    {
      "url" : "http://hl7.org/fhir/ValueSet/object-role",
      "version" : "4.0.1",
      "status" : "draft",
      "name" : "AuditEventEntityRole",
      "title" : "AuditEventEntityRole",
      "description" : "Code representing the role the entity played in the audit event.",
      "systems" : ["http://terminology.hl7.org/CodeSystem/object-role"],
      "oids" : ["2.16.840.1.113883.4.642.3.460"],
      "sources" : ["2.16.840.1.113883.4.642.3.460"],
      "uses" : {
      },
      "StructureDefinition-IHE.Scheduling.Hold.Audit.Source.html" : "Audit Event for the Hold Appointment Transaction at Source",
      "StructureDefinition-IHE.Scheduling.Hold.Audit.Recipient.html" : "Audit Event for the Hold Appointment Transaction at Recipient",
      "StructureDefinition-IHE.Scheduling.FindPotential.Audit.Recipient.html" : "Audit Event for the Find Potential Appointments Transaction at Recipient",
      "StructureDefinition-IHE.Scheduling.Book.Audit.Source.html" : "Audit Event for the Book Appointment Transaction at Source",
      "StructureDefinition-IHE.Scheduling.Book.Audit.Recipient.html" : "Audit Event for the Book Appointment Transaction at Recipient",
      "StructureDefinition-IHE.Scheduling.FindPotential.Audit.Source.html" : "Audit Event for the Find Potential Appointments Transaction at Source"
    },
    {
      "url" : "http://hl7.org/fhir/ValueSet/participantrequired",
      "version" : "4.0.1",
      "status" : "draft",
      "name" : "ParticipantRequired",
      "title" : "ParticipantRequired",
      "description" : "Is the Participant required to attend the appointment.",
      "systems" : ["http://hl7.org/fhir/participantrequired"],
      "oids" : ["2.16.840.1.113883.4.642.3.488"],
      "sources" : ["2.16.840.1.113883.4.642.3.488"],
      "uses" : {
      },
      "StructureDefinition-ihe-sched-appt.html" : "IHE ITI Appointment Profile"
    },
    {
      "url" : "http://hl7.org/fhir/ValueSet/participation-role-type",
      "version" : "4.0.1",
      "status" : "draft",
      "name" : "ParticipationRoleType",
      "title" : "ParticipationRoleType",
      "description" : "This FHIR value set is comprised of Actor participation Type codes, which can be used to value FHIR agents, actors, and other role         elements. The FHIR Actor participation type value set is based on    DICOM Audit Message, C402;   ASTM Standard, E1762-95 [2013]; selected codes and          derived actor roles from HL7 RoleClass OID 2.16.840.1.113883.5.110;    HL7 Role Code 2.16.840.1.113883.5.111, including AgentRoleType;          HL7 ParticipationType OID: 2.16.840.1.113883.5.90; and    HL7 ParticipationFunction codes OID: 2.16.840.1.113883.5.88.           This value set includes, by reference, role codes from external code systems: NUCC Health Care Provider Taxonomy OID: 2.16.840.1.113883.6.101;          North American Industry Classification System [NAICS]OID: 2.16.840.1.113883.6.85; IndustryClassificationSystem 2.16.840.1.113883.1.11.16039;          and US Census Occupation Code OID: 2.16.840.1.113883.6.243 for relevant recipient or custodian codes not included in this value set.            If no source is indicated in the definition comments, then these are example FHIR codes.",
      "systems" : [
        "http://terminology.hl7.org/CodeSystem/extra-security-role-type",
        "http://terminology.hl7.org/CodeSystem/v3-RoleCode",
        "http://terminology.hl7.org/CodeSystem/v3-RoleClass",
        "http://terminology.hl7.org/CodeSystem/v3-ParticipationFunction",
        "http://terminology.hl7.org/CodeSystem/contractsignertypecodes",
        "http://terminology.hl7.org/CodeSystem/v3-ParticipationType",
        "http://dicom.nema.org/resources/ontology/DCM"
      ],
      "oids" : ["2.16.840.1.113883.4.642.3.54"],
      "sources" : ["2.16.840.1.113883.4.642.3.54"],
      "uses" : {
      },
      "StructureDefinition-IHE.Scheduling.Hold.Audit.Source.html" : "Audit Event for the Hold Appointment Transaction at Source",
      "StructureDefinition-IHE.Scheduling.Hold.Audit.Recipient.html" : "Audit Event for the Hold Appointment Transaction at Recipient",
      "StructureDefinition-IHE.Scheduling.FindPotential.Audit.Recipient.html" : "Audit Event for the Find Potential Appointments Transaction at Recipient",
      "StructureDefinition-IHE.Scheduling.Book.Audit.Source.html" : "Audit Event for the Book Appointment Transaction at Source",
      "StructureDefinition-IHE.Scheduling.Book.Audit.Recipient.html" : "Audit Event for the Book Appointment Transaction at Recipient",
      "StructureDefinition-IHE.Scheduling.FindPotential.Audit.Source.html" : "Audit Event for the Find Potential Appointments Transaction at Source"
    },
    {
      "url" : "http://hl7.org/fhir/ValueSet/participationstatus",
      "version" : "4.0.1",
      "status" : "draft",
      "name" : "ParticipationStatus",
      "title" : "ParticipationStatus",
      "description" : "The Participation status of an appointment.",
      "systems" : ["http://hl7.org/fhir/participationstatus"],
      "oids" : ["2.16.840.1.113883.4.642.3.486"],
      "sources" : ["2.16.840.1.113883.4.642.3.486"],
      "uses" : {
      },
      "StructureDefinition-ihe-sched-appt.html" : "IHE ITI Appointment Profile"
    },
    {
      "url" : "http://hl7.org/fhir/ValueSet/resource-types",
      "version" : "4.0.1",
      "status" : "active",
      "name" : "ResourceType",
      "title" : "ResourceType",
      "description" : "One of the resource types defined as part of this version of FHIR.",
      "systems" : ["http://hl7.org/fhir/resource-types"],
      "oids" : ["2.16.840.1.113883.4.642.3.27"],
      "sources" : ["2.16.840.1.113883.4.642.3.27"],
      "uses" : {
      },
      "StructureDefinition-IHE.Scheduling.Hold.Audit.Source.html" : "Audit Event for the Hold Appointment Transaction at Source",
      "StructureDefinition-IHE.Scheduling.Hold.Audit.Recipient.html" : "Audit Event for the Hold Appointment Transaction at Recipient",
      "StructureDefinition-IHE.Scheduling.FindPotential.Audit.Recipient.html" : "Audit Event for the Find Potential Appointments Transaction at Recipient",
      "StructureDefinition-IHE.Scheduling.Book.Audit.Source.html" : "Audit Event for the Book Appointment Transaction at Source",
      "StructureDefinition-IHE.Scheduling.Book.Audit.Recipient.html" : "Audit Event for the Book Appointment Transaction at Recipient",
      "StructureDefinition-IHE.Scheduling.FindPotential.Audit.Source.html" : "Audit Event for the Find Potential Appointments Transaction at Source"
    },
    {
      "url" : "http://hl7.org/fhir/ValueSet/search-entry-mode",
      "version" : "4.0.1",
      "status" : "active",
      "name" : "SearchEntryMode",
      "title" : "SearchEntryMode",
      "description" : "Why an entry is in the result set - whether it's included as a match or because of an _include requirement, or to convey information or warning information about the search process.",
      "systems" : ["http://hl7.org/fhir/search-entry-mode"],
      "oids" : ["2.16.840.1.113883.4.642.3.622"],
      "sources" : ["2.16.840.1.113883.4.642.3.622"],
      "uses" : {
      },
      "StructureDefinition-ihe-sched-avail-bundle.html" : "IHE ITI Scheduling Bundle Profile"
    },
    {
      "url" : "http://hl7.org/fhir/ValueSet/security-labels",
      "version" : "4.0.1",
      "status" : "active",
      "name" : "All Security Labels",
      "title" : "SecurityLabels",
      "description" : "A single value set for all security labels defined by FHIR.",
      "systems" : [
        "http://terminology.hl7.org/CodeSystem/v3-ActReason",
        "http://terminology.hl7.org/CodeSystem/v3-ActUSPrivacyLaw",
        "http://terminology.hl7.org/CodeSystem/v3-ObservationValue",
        "http://terminology.hl7.org/CodeSystem/v3-ActCode",
        "http://terminology.hl7.org/CodeSystem/v3-Confidentiality"
      ],
      "oids" : ["2.16.840.1.113883.4.642.3.47"],
      "sources" : ["2.16.840.1.113883.4.642.3.47"],
      "uses" : {
      },
      "StructureDefinition-IHE.Scheduling.Hold.Audit.Source.html" : "Audit Event for the Hold Appointment Transaction at Source",
      "StructureDefinition-IHE.Scheduling.Hold.Audit.Recipient.html" : "Audit Event for the Hold Appointment Transaction at Recipient",
      "StructureDefinition-IHE.Scheduling.FindPotential.Audit.Recipient.html" : "Audit Event for the Find Potential Appointments Transaction at Recipient",
      "StructureDefinition-IHE.Scheduling.Book.Audit.Source.html" : "Audit Event for the Book Appointment Transaction at Source",
      "StructureDefinition-IHE.Scheduling.Book.Audit.Recipient.html" : "Audit Event for the Book Appointment Transaction at Recipient",
      "StructureDefinition-IHE.Scheduling.FindPotential.Audit.Source.html" : "Audit Event for the Find Potential Appointments Transaction at Source"
    },
    {
      "url" : "http://hl7.org/fhir/ValueSet/security-role-type",
      "version" : "4.0.1",
      "status" : "draft",
      "name" : "SecurityRoleType",
      "title" : "SecurityRoleType",
      "description" : "This example FHIR value set is comprised of example Actor Type codes, which can be used to value FHIR agents, actors, and other role         elements such as those specified in financial transactions. The FHIR Actor value set is based on    DICOM Audit Message, C402;   ASTM Standard, E1762-95 [2013]; selected codes and          derived actor roles from HL7 RoleClass OID 2.16.840.1.113883.5.110;    HL7 Role Code 2.16.840.1.113883.5.111, including AgentRoleType;          HL7 ParticipationType OID: 2.16.840.1.113883.5.90; and    HL7 ParticipationFunction codes OID: 2.16.840.1.113883.5.88.           This value set includes, by reference, role codes from external code systems: NUCC Health Care Provider Taxonomy OID: 2.16.840.1.113883.6.101;          North American Industry Classification System [NAICS]OID: 2.16.840.1.113883.6.85; IndustryClassificationSystem 2.16.840.1.113883.1.11.16039;          and US Census Occupation Code OID: 2.16.840.1.113883.6.243 for relevant recipient or custodian codes not included in this value set.            If no source is indicated in the definition comments, then these are example FHIR codes.          It can be extended with appropriate roles described by SNOMED as well as those described in the HL7 Role Based Access Control Catalog and the          HL7 Healthcare (Security and Privacy) Access Control Catalog.            In Role-Based Access Control (RBAC), permissions are operations on an object that a user wishes to access. Permissions are grouped into roles.          A role characterizes the functions a user is allowed to perform. Roles are assigned to users. If the user's role has the appropriate permissions          to access an object, then that user is granted access to the object. FHIR readily enables RBAC, as FHIR Resources are object types and the CRUDE          events (the FHIR equivalent to permissions in the RBAC scheme) are operations on those objects.          In Attribute-Based Access Control (ABAC), a user requests to perform operations on objects. That user's access request is granted or denied          based on a set of access control policies that are specified in terms of attributes and conditions. FHIR readily enables ABAC, as instances of          a Resource in FHIR (again, Resources are object types) can have attributes associated with them. These attributes include security tags,          environment conditions, and a host of user and object characteristics, which are the same attributes as those used in ABAC. Attributes help          define the access control policies that determine the operations a user may perform on a Resource (in FHIR) or object (in ABAC). For example,          a tag (or attribute) may specify that the identified Resource (object) is not to be further disclosed without explicit consent from the patient.",
      "systems" : [
        "http://terminology.hl7.org/CodeSystem/extra-security-role-type",
        "http://terminology.hl7.org/CodeSystem/v3-RoleCode",
        "http://terminology.hl7.org/CodeSystem/v3-RoleClass",
        "http://terminology.hl7.org/CodeSystem/v3-ParticipationFunction",
        "http://terminology.hl7.org/CodeSystem/contractsignertypecodes",
        "http://terminology.hl7.org/CodeSystem/v3-ParticipationType",
        "http://dicom.nema.org/resources/ontology/DCM"
      ],
      "oids" : ["2.16.840.1.113883.4.642.3.978"],
      "sources" : ["2.16.840.1.113883.4.642.3.978"],
      "uses" : {
      },
      "StructureDefinition-IHE.Scheduling.Hold.Audit.Source.html" : "Audit Event for the Hold Appointment Transaction at Source",
      "StructureDefinition-IHE.Scheduling.Hold.Audit.Recipient.html" : "Audit Event for the Hold Appointment Transaction at Recipient",
      "StructureDefinition-IHE.Scheduling.FindPotential.Audit.Recipient.html" : "Audit Event for the Find Potential Appointments Transaction at Recipient",
      "StructureDefinition-IHE.Scheduling.Book.Audit.Source.html" : "Audit Event for the Book Appointment Transaction at Source",
      "StructureDefinition-IHE.Scheduling.Book.Audit.Recipient.html" : "Audit Event for the Book Appointment Transaction at Recipient",
      "StructureDefinition-IHE.Scheduling.FindPotential.Audit.Source.html" : "Audit Event for the Find Potential Appointments Transaction at Source"
    },
    {
      "url" : "http://hl7.org/fhir/ValueSet/service-category",
      "version" : "4.0.1",
      "status" : "draft",
      "name" : "ServiceCategory",
      "title" : "Service category",
      "description" : "This value set defines an example set of codes that can be used to classify groupings of service-types/specialties.",
      "systems" : ["http://terminology.hl7.org/CodeSystem/service-category"],
      "oids" : ["2.16.840.1.113883.4.642.3.516"],
      "sources" : ["2.16.840.1.113883.4.642.3.516"],
      "uses" : {
      },
      "StructureDefinition-ihe-sched-appt.html" : "IHE ITI Appointment Profile"
    },
    {
      "url" : "http://terminology.hl7.org/ValueSet/v2-0276",
      "version" : "2.0.0",
      "status" : "active",
      "name" : "Hl7VSAppointmentReasonCodes",
      "title" : "hl7VS-appointmentReasonCodes",
      "description" : "Value Set of codes that describe the kind of appointment or the reason why an appointment has been scheduled.",
      "systems" : ["http://terminology.hl7.org/CodeSystem/v2-0276"],
      "oids" : ["2.16.840.1.113883.21.181"],
      "sources" : ["2.16.840.1.113883.21.181"],
      "uses" : {
      },
      "StructureDefinition-ihe-sched-appt.html" : "IHE ITI Appointment Profile"
    },
    {
      "url" : "http://terminology.hl7.org/ValueSet/v3-PurposeOfUse",
      "version" : "3.1.0",
      "status" : "active",
      "name" : "PurposeOfUse",
      "title" : "PurposeOfUse",
      "description" : "Supports communication of purpose of use at a general level.",
      "systems" : ["http://terminology.hl7.org/CodeSystem/v3-ActReason"],
      "oids" : ["2.16.840.1.113883.1.11.20448"],
      "sources" : ["2.16.840.1.113883.1.11.20448"],
      "uses" : {
      },
      "StructureDefinition-IHE.Scheduling.Hold.Audit.Source.html" : "Audit Event for the Hold Appointment Transaction at Source",
      "StructureDefinition-IHE.Scheduling.Hold.Audit.Recipient.html" : "Audit Event for the Hold Appointment Transaction at Recipient",
      "StructureDefinition-IHE.Scheduling.FindPotential.Audit.Recipient.html" : "Audit Event for the Find Potential Appointments Transaction at Recipient",
      "StructureDefinition-IHE.Scheduling.Book.Audit.Source.html" : "Audit Event for the Book Appointment Transaction at Source",
      "StructureDefinition-IHE.Scheduling.Book.Audit.Recipient.html" : "Audit Event for the Book Appointment Transaction at Recipient",
      "StructureDefinition-IHE.Scheduling.FindPotential.Audit.Source.html" : "Audit Event for the Find Potential Appointments Transaction at Source"
    },
    {
      "url" : "https://profiles.ihe.net/ITI/BALP/ValueSet/DataSources",
      "version" : "1.1.3",
      "status" : "active",
      "name" : "DataSources",
      "title" : "participant source types for RESTful create",
      "description" : "create agent participant types for user operators that are in REST",
      "systems" : ["http://terminology.hl7.org/CodeSystem/v3-ParticipationType"],
      "uses" : {
      },
      "StructureDefinition-IHE.Scheduling.Hold.Audit.Source.html" : "Audit Event for the Hold Appointment Transaction at Source",
      "StructureDefinition-IHE.Scheduling.Hold.Audit.Recipient.html" : "Audit Event for the Hold Appointment Transaction at Recipient",
      "StructureDefinition-IHE.Scheduling.FindPotential.Audit.Recipient.html" : "Audit Event for the Find Potential Appointments Transaction at Recipient",
      "StructureDefinition-IHE.Scheduling.Book.Audit.Source.html" : "Audit Event for the Book Appointment Transaction at Source",
      "StructureDefinition-IHE.Scheduling.Book.Audit.Recipient.html" : "Audit Event for the Book Appointment Transaction at Recipient",
      "StructureDefinition-IHE.Scheduling.FindPotential.Audit.Source.html" : "Audit Event for the Find Potential Appointments Transaction at Source"
    },
    {
      "url" : "https://profiles.ihe.net/ITI/BALP/ValueSet/RestObjectRoles",
      "version" : "1.1.3",
      "status" : "active",
      "name" : "RestObjectRoles",
      "title" : "RESTful objects role in the event",
      "description" : "The role that the given Object played in the Audit Event recorded",
      "systems" : ["http://terminology.hl7.org/CodeSystem/object-role"],
      "uses" : {
      },
      "StructureDefinition-IHE.Scheduling.Hold.Audit.Source.html" : "Audit Event for the Hold Appointment Transaction at Source",
      "StructureDefinition-IHE.Scheduling.Hold.Audit.Recipient.html" : "Audit Event for the Hold Appointment Transaction at Recipient",
      "StructureDefinition-IHE.Scheduling.FindPotential.Audit.Recipient.html" : "Audit Event for the Find Potential Appointments Transaction at Recipient",
      "StructureDefinition-IHE.Scheduling.Book.Audit.Source.html" : "Audit Event for the Book Appointment Transaction at Source",
      "StructureDefinition-IHE.Scheduling.Book.Audit.Recipient.html" : "Audit Event for the Book Appointment Transaction at Recipient",
      "StructureDefinition-IHE.Scheduling.FindPotential.Audit.Source.html" : "Audit Event for the Find Potential Appointments Transaction at Source"
    },
    {
      "url" : "https://profiles.ihe.net/ITI/Scheduling/ValueSet/iti-sched-status-reason",
      "version" : "1.0.0",
      "status" : "active",
      "name" : "IHE_ITI_Sched_Status_Reason_Codes",
      "title" : "IHE ITI Sched Status Reason Codes",
      "description" : "This value set is the full expansion of the ITI Scheduking Status Reason code system.",
      "systems" : [
        "https://profiles.ihe.net/ITI/Scheduling/CodeSystem/status-reason"
      ],
      "uses" : {
      },
      "StructureDefinition-extension-status-reason.html" : "Reason For Current Status"
    },
    {
      "url" : "https://profiles.ihe.net/ITI/Scheduling/ValueSet/sct-services",
      "version" : "1.0.0",
      "status" : "active",
      "name" : "IHE_ITI_Scheduling_Snomed_CT_Services",
      "title" : "IHE ITI Scheduling Snomed CT Services",
      "description" : "The Snomed CT services and procedures concepts that represent visit types for scheduling appointments. These concepts are mapped to the [IHE ITI Scheduling Visit Types](http://fhir.org/guides/argonaut-scheduling/ConceptMap/visit-snomed-map).",
      "systems" : ["http://snomed.info/sct"],
      "uses" : {
      },
      "StructureDefinition-ihe-sched-appt.html" : "IHE ITI Appointment Profile"
    },
    {
      "url" : "https://profiles.ihe.net/ITI/Scheduling/ValueSet/specialty",
      "version" : "1.0.0",
      "status" : "active",
      "name" : "IHE_ITI_Scheduling_Specialties",
      "title" : "IHE ITI Scheduling Specialties",
      "description" : "The specialties offered by providers and  that would be required to perform the service requested in this appointment.",
      "systems" : ["http://snomed.info/sct"],
      "uses" : {
      },
      "StructureDefinition-ihe-sched-appt.html" : "IHE ITI Appointment Profile"
    }
  ]
}
