{
  "package": "ihe.iti.pixm",
  "version": "3.0.2",
  "fhirVersion": "4.0.1",
  "jurisdiction": "001",
  "extensions": [],
  "profiles": {
    "AuditEvent": [
      {
        "url": "https://profiles.ihe.net/ITI/PIXm/StructureDefinition/IHE.PIXm.Query.Audit.Consumer",
        "title": "Audit Event for PIXm Query by the Consumer"
      },
      {
        "url": "https://profiles.ihe.net/ITI/PIXm/StructureDefinition/IHE.PIXm.Query.Audit.Manager",
        "title": "Audit Event for PIXm Query by the Manager"
      }
    ],
    "Patient": [
      {
        "url": "https://profiles.ihe.net/ITI/PIXm/StructureDefinition/IHE.PIXm.Patient",
        "title": "PIXm Patient constraints for Feed"
      },
      {
        "url": "https://profiles.ihe.net/ITI/PIXm/StructureDefinition/IHE.PIXm.Patient.BirthDateRequired",
        "title": "PIXm Patient Profile example for additional Manager constraints"
      }
    ],
    "Parameters": [
      {
        "url": "https://profiles.ihe.net/ITI/PIXm/StructureDefinition/IHE.PIXm.Query.Parameters.In",
        "title": "IHE PIXm Query Parameters In"
      },
      {
        "url": "https://profiles.ihe.net/ITI/PIXm/StructureDefinition/IHE.PIXm.Query.Parameters.Out",
        "title": "IHE PIXm Query Parameters Out"
      }
    ]
  },
  "usage": {
    "http://hl7.org/fhir/StructureDefinition/elementdefinition-bestpractice": [
      "StructureDefinition.snapshot.element.constraint"
    ],
    "http://hl7.org/fhir/StructureDefinition/elementdefinition-bestpractice-explanation": [
      "StructureDefinition.snapshot.element.constraint"
    ],
    "http://hl7.org/fhir/StructureDefinition/elementdefinition-bindingName": [
      "StructureDefinition.snapshot.element.binding"
    ],
    "http://hl7.org/fhir/StructureDefinition/elementdefinition-isCommonBinding": [
      "StructureDefinition.snapshot.element.binding"
    ],
    "http://hl7.org/fhir/StructureDefinition/elementdefinition-maxValueSet": [
      "StructureDefinition.snapshot.element.binding"
    ],
    "http://hl7.org/fhir/StructureDefinition/elementdefinition-translatable": [
      "StructureDefinition.snapshot.element"
    ],
    "http://hl7.org/fhir/StructureDefinition/structuredefinition-category": [
      "StructureDefinition"
    ],
    "http://hl7.org/fhir/StructureDefinition/structuredefinition-explicit-type-name": [
      "StructureDefinition.snapshot.element"
    ],
    "http://hl7.org/fhir/StructureDefinition/structuredefinition-fhir-type": [
      "StructureDefinition.snapshot.element.type"
    ],
    "http://hl7.org/fhir/StructureDefinition/structuredefinition-fmm": [
      "OperationDefinition"
    ],
    "http://hl7.org/fhir/StructureDefinition/structuredefinition-hierarchy": [
      "StructureDefinition.snapshot.element.type"
    ],
    "http://hl7.org/fhir/StructureDefinition/structuredefinition-security-category": [
      "StructureDefinition"
    ],
    "http://hl7.org/fhir/StructureDefinition/structuredefinition-standards-status": [
      "OperationDefinition"
    ],
    "http://hl7.org/fhir/tools/StructureDefinition/ig-parameter": [
      "ImplementationGuide.definition"
    ],
    "http://hl7.org/fhir/tools/StructureDefinition/resource-information": [
      "ImplementationGuide.definition.resource"
    ]
  }
}