<?xml version="1.0" encoding="UTF-8"?><CapabilityStatement xmlns="http://hl7.org/fhir"><id value="IHE.mXDE.DataElementExtractor"/><text><status value="extensions"/><div xmlns="http://www.w3.org/1999/xhtml"><h2>IHE_mXDE_DataElementExtractor</h2><div><p>CapabilityStatement for mXDE Data Element Extracor</p>
</div><table><tr><td>Mode</td><td>CLIENT</td></tr><tr><td>Description</td><td><div><p>mXDE Data Element Extractor Actor</p>
</div></td></tr><tr><td>Transaction</td><td></td></tr><tr><td>System History</td><td></td></tr><tr><td>System Search</td><td></td></tr></table><table><tr><th><b>Resource Type</b></th><th><b>Profile</b></th><th><b title="GET a resource (read interaction)">Read</b></th><th><b title="GET all set of resources of the type (search interaction)">Search</b></th><th><b title="PUT a new resource version (update interaction)">Update</b></th><th><b title="POST a new resource (create interaction)">Create</b></th></tr><tr><td>Provenance</td><td>Supported profiles:<br/>  <a href="https://profiles.ihe.net/ITI/mXDE/IHE.ITI.mXDE.Provenance">https://profiles.ihe.net/ITI/mXDE/IHE.ITI.mXDE.Provenance</a></td><td>y</td><td>y</td><td>y</td><td>y</td></tr></table></div></text><url value="https://profiles.ihe.net/ITI/mXDE/CapabilityStatement/IHE.mXDE.DataElementExtractor"/><version value="1.3.0-comment"/><name value="IHE_mXDE_DataElementExtractor"/><title value="mXDE Data Element Extractor Actor"/><status value="active"/><experimental value="false"/><date value="2023-02-10"/><publisher value="IHE IT Infrastructure Technical Committee"/><contact><telecom><system value="url"/><value value="https://www.ihe.net/ihe_domains/it_infrastructure/"/></telecom></contact><contact><telecom><system value="email"/><value value="iti@ihe.net"/></telecom></contact><contact><name value="IHE IT Infrastructure Technical Committee"/><telecom><system value="email"/><value value="iti@ihe.net"/></telecom></contact><description value="CapabilityStatement for mXDE Data Element Extracor"/><jurisdiction><coding><system value="http://unstats.un.org/unsd/methods/m49/m49.htm"/><code value="001"/></coding></jurisdiction><kind value="requirements"/><imports value="https://profiles.ihe.net/ITI/MHD/CapabilityStatement/IHE.MHD.DocumentConsumer"/><imports value="http://profiles.ihe.net/ITI/PDQm/CapabilityStatement/IHE.PDQm.client"/><imports value="https://profiles.ihe.net/ITI/PIXm/CapabilityStatement/IHE.PIXm.Consumer"/><imports value="https://profiles.ihe.net/ITI/BALP/CapabilityStatement/IHE.BALP.AuditCreator"/><fhirVersion value="4.0.1"/><format value="application/fhir+xml"/><format value="application/fhir+json"/><rest><mode value="client"/><documentation value="mXDE Data Element Extractor Actor"/><security><description value="Recommend [ATNA](https://profiles.ihe.net/ITI/TF/Volume1/ch-9.html), encouraged [IHE-IUA](https://profiles.ihe.net/ITI/IUA/index.html) or [SMART-app-launch](http://www.hl7.org/fhir/smart-app-launch/)"/></security><resource><type value="Provenance"/><supportedProfile value="https://profiles.ihe.net/ITI/mXDE/IHE.ITI.mXDE.Provenance"/><documentation value="record"/><interaction><code value="search-type"/></interaction><interaction><code value="read"/></interaction><interaction><code value="create"/></interaction><interaction><code value="update"/></interaction></resource></rest></CapabilityStatement>