<?xml version="1.0" encoding="UTF-8"?><ImplementationGuide xmlns="http://hl7.org/fhir"><id value="ihe.iti.npfs"/><text><status value="extensions"/><div xmlns="http://www.w3.org/1999/xhtml"><h2>IHE_ITI_NPFS</h2><p>The official URL for this implementation guide is: </p><pre>https://profiles.ihe.net/ITI/NPFS/ImplementationGuide/ihe.iti.npfs</pre><div><p>The Non-Patient File Sharing (NPFS) Profile defines how to share non-patient files such as clinical workflow definitions, domain policies, and stylesheets. Those files can be created and consumed by many different systems involved in a wide variety of data sharing workflows.</p>
</div></div></text><url value="https://profiles.ihe.net/ITI/NPFS/ImplementationGuide/ihe.iti.npfs"/><version value="2.2.0"/><name value="IHE_ITI_NPFS"/><title value="Non-patient File Sharing (NPFS)"/><status value="active"/><date value="2023-11-17"/><publisher value="IHE IT Infrastructure Technical Committee"/><contact><telecom><system value="url"/><value value="https://www.ihe.net/ihe_domains/it_infrastructure/"/></telecom></contact><contact><telecom><system value="email"/><value value="iti@ihe.net"/></telecom></contact><contact><name value="IHE IT Infrastructure Technical Committee"/><telecom><system value="email"/><value value="iti@ihe.net"/></telecom></contact><description value="The Non-Patient File Sharing (NPFS) Profile defines how to share non-patient files such as clinical workflow definitions, domain policies, and stylesheets. Those files can be created and consumed by many different systems involved in a wide variety of data sharing workflows."/><jurisdiction><coding><system value="http://unstats.un.org/unsd/methods/m49/m49.htm"/><code value="001"/></coding></jurisdiction><packageId value="ihe.iti.npfs"/><license value="CC-BY-4.0"/><fhirVersion value="4.0.1"/><dependsOn id="hl7tx"><extension url="http://hl7.org/fhir/tools/StructureDefinition/implementationguide-dependency-comment"><valueMarkdown value="Automatically added as a dependency - all IGs depend on HL7 Terminology"/></extension><uri value="http://terminology.hl7.org/ImplementationGuide/hl7.terminology"/><packageId value="hl7.terminology.r4"/><version value="5.3.0"/></dependsOn><dependsOn id="hl7ext"><extension url="http://hl7.org/fhir/tools/StructureDefinition/implementationguide-dependency-comment"><valueMarkdown value="Automatically added as a dependency - all IGs depend on the HL7 Extension Pack"/></extension><uri value="http://hl7.org/fhir/extensions/ImplementationGuide/hl7.fhir.uv.extensions"/><packageId value="hl7.fhir.uv.extensions.r4"/><version value="1.0.0"/></dependsOn><dependsOn id="iheformatcodefhir"><uri value="https://profiles.ihe.net/fhir/ihe.formatcode.fhir/ImplementationGuide/ihe.formatcode.fhir"/><packageId value="ihe.formatcode.fhir"/><version value="1.1.x"/></dependsOn><dependsOn id="iheitibasicaudit"><uri value="https://profiles.ihe.net/ITI/BALP/ImplementationGuide/ihe.iti.balp"/><packageId value="ihe.iti.balp"/><version value="1.1.x"/></dependsOn><definition><extension url="http://hl7.org/fhir/tools/StructureDefinition/ig-parameter"><extension url="code"><valueString value="copyrightyear"/></extension><extension url="value"><valueString value="2021+"/></extension></extension><extension url="http://hl7.org/fhir/tools/StructureDefinition/ig-parameter"><extension url="code"><valueString value="releaselabel"/></extension><extension url="value"><valueString value="Trial-Implementation"/></extension></extension><extension url="http://hl7.org/fhir/tools/StructureDefinition/ig-parameter"><extension url="code"><valueString value="show-inherited-invariants"/></extension><extension url="value"><valueString value="false"/></extension></extension><extension url="http://hl7.org/fhir/tools/StructureDefinition/ig-parameter"><extension url="code"><valueString value="usage-stats-opt-out"/></extension><extension url="value"><valueString value="false"/></extension></extension><extension url="http://hl7.org/fhir/tools/StructureDefinition/ig-parameter"><extension url="code"><valueString value="logging"/></extension><extension url="value"><valueString value="progress"/></extension></extension><extension url="http://hl7.org/fhir/tools/StructureDefinition/ig-parameter"><extension url="code"><valueString value="shownav"/></extension><extension url="value"><valueString value="true"/></extension></extension><extension url="http://hl7.org/fhir/tools/StructureDefinition/ig-parameter"><extension url="code"><valueString value="active-tables"/></extension><extension url="value"><valueString value="false"/></extension></extension><extension url="http://hl7.org/fhir/tools/StructureDefinition/ig-parameter"><extension url="code"><valueString value="apply-contact"/></extension><extension url="value"><valueString value="true"/></extension></extension><extension url="http://hl7.org/fhir/tools/StructureDefinition/ig-parameter"><extension url="code"><valueString value="apply-jurisdiction"/></extension><extension url="value"><valueString value="true"/></extension></extension><extension url="http://hl7.org/fhir/tools/StructureDefinition/ig-parameter"><extension url="code"><valueString value="apply-publisher"/></extension><extension url="value"><valueString value="true"/></extension></extension><extension url="http://hl7.org/fhir/tools/StructureDefinition/ig-parameter"><extension url="code"><valueString value="apply-version"/></extension><extension url="value"><valueString value="true"/></extension></extension><extension url="http://hl7.org/fhir/tools/StructureDefinition/ig-parameter"><extension url="code"><valueString value="autoload-resources"/></extension><extension url="value"><valueString value="true"/></extension></extension><extension url="http://hl7.org/fhir/tools/StructureDefinition/ig-parameter"><extension url="code"><valueString value="path-liquid"/></extension><extension url="value"><valueString value="template/liquid"/></extension></extension><extension url="http://hl7.org/fhir/tools/StructureDefinition/ig-parameter"><extension url="code"><valueString value="path-liquid"/></extension><extension url="value"><valueString value="input/liquid"/></extension></extension><extension url="http://hl7.org/fhir/tools/StructureDefinition/ig-parameter"><extension url="code"><valueString value="path-qa"/></extension><extension url="value"><valueString value="temp/qa"/></extension></extension><extension url="http://hl7.org/fhir/tools/StructureDefinition/ig-parameter"><extension url="code"><valueString value="path-temp"/></extension><extension url="value"><valueString value="temp/pages"/></extension></extension><extension url="http://hl7.org/fhir/tools/StructureDefinition/ig-parameter"><extension url="code"><valueString value="path-output"/></extension><extension url="value"><valueString value="output"/></extension></extension><extension url="http://hl7.org/fhir/tools/StructureDefinition/ig-parameter"><extension url="code"><valueString value="path-suppressed-warnings"/></extension><extension url="value"><valueString value="input/ignoreWarnings.txt"/></extension></extension><extension url="http://hl7.org/fhir/tools/StructureDefinition/ig-parameter"><extension url="code"><valueString value="path-history"/></extension><extension url="value"><valueString value="https://profiles.ihe.net/ITI/NPFS/history.html"/></extension></extension><extension url="http://hl7.org/fhir/tools/StructureDefinition/ig-parameter"><extension url="code"><valueString value="template-html"/></extension><extension url="value"><valueString value="template-page.html"/></extension></extension><extension url="http://hl7.org/fhir/tools/StructureDefinition/ig-parameter"><extension url="code"><valueString value="template-md"/></extension><extension url="value"><valueString value="template-page-md.html"/></extension></extension><extension url="http://hl7.org/fhir/tools/StructureDefinition/ig-parameter"><extension url="code"><valueString value="apply-context"/></extension><extension url="value"><valueString value="true"/></extension></extension><extension url="http://hl7.org/fhir/tools/StructureDefinition/ig-parameter"><extension url="code"><valueString value="apply-copyright"/></extension><extension url="value"><valueString value="true"/></extension></extension><extension url="http://hl7.org/fhir/tools/StructureDefinition/ig-parameter"><extension url="code"><valueString value="apply-license"/></extension><extension url="value"><valueString value="true"/></extension></extension><extension url="http://hl7.org/fhir/tools/StructureDefinition/ig-parameter"><extension url="code"><valueString value="apply-wg"/></extension><extension url="value"><valueString value="true"/></extension></extension><extension url="http://hl7.org/fhir/tools/StructureDefinition/ig-parameter"><extension url="code"><valueString value="fmm-definition"/></extension><extension url="value"><valueString value="http://hl7.org/fhir/versions.html#maturity"/></extension></extension><extension url="http://hl7.org/fhir/tools/StructureDefinition/ig-parameter"><extension url="code"><valueString value="propagate-status"/></extension><extension url="value"><valueString value="true"/></extension></extension><extension url="http://hl7.org/fhir/tools/StructureDefinition/ig-parameter"><extension url="code"><valueString value="excludelogbinaryformat"/></extension><extension url="value"><valueString value="true"/></extension></extension><extension url="http://hl7.org/fhir/tools/StructureDefinition/ig-parameter"><extension url="code"><valueString value="tabbed-snapshots"/></extension><extension url="value"><valueString value="true"/></extension></extension><extension url="http://hl7.org/fhir/tools/StructureDefinition/ig-internal-dependency"><valueCode value="hl7.fhir.uv.tools#current"/></extension><extension url="http://hl7.org/fhir/tools/StructureDefinition/ig-parameter"><extension url="code"><valueCode value="copyrightyear"/></extension><extension url="value"><valueString value="2021+"/></extension></extension><extension url="http://hl7.org/fhir/tools/StructureDefinition/ig-parameter"><extension url="code"><valueCode value="releaselabel"/></extension><extension url="value"><valueString value="Trial-Implementation"/></extension></extension><extension url="http://hl7.org/fhir/tools/StructureDefinition/ig-parameter"><extension url="code"><valueCode value="show-inherited-invariants"/></extension><extension url="value"><valueString value="false"/></extension></extension><extension url="http://hl7.org/fhir/tools/StructureDefinition/ig-parameter"><extension url="code"><valueCode value="usage-stats-opt-out"/></extension><extension url="value"><valueString value="false"/></extension></extension><extension url="http://hl7.org/fhir/tools/StructureDefinition/ig-parameter"><extension url="code"><valueCode value="logging"/></extension><extension url="value"><valueString value="progress"/></extension></extension><extension url="http://hl7.org/fhir/tools/StructureDefinition/ig-parameter"><extension url="code"><valueCode value="shownav"/></extension><extension url="value"><valueString value="true"/></extension></extension><extension url="http://hl7.org/fhir/tools/StructureDefinition/ig-parameter"><extension url="code"><valueCode value="active-tables"/></extension><extension url="value"><valueString value="false"/></extension></extension><extension url="http://hl7.org/fhir/tools/StructureDefinition/ig-parameter"><extension url="code"><valueCode value="apply-contact"/></extension><extension url="value"><valueString value="true"/></extension></extension><extension url="http://hl7.org/fhir/tools/StructureDefinition/ig-parameter"><extension url="code"><valueCode value="apply-jurisdiction"/></extension><extension url="value"><valueString value="true"/></extension></extension><extension url="http://hl7.org/fhir/tools/StructureDefinition/ig-parameter"><extension url="code"><valueCode value="apply-publisher"/></extension><extension url="value"><valueString value="true"/></extension></extension><extension url="http://hl7.org/fhir/tools/StructureDefinition/ig-parameter"><extension url="code"><valueCode value="apply-version"/></extension><extension url="value"><valueString value="true"/></extension></extension><extension url="http://hl7.org/fhir/tools/StructureDefinition/ig-parameter"><extension url="code"><valueCode value="autoload-resources"/></extension><extension url="value"><valueString value="true"/></extension></extension><extension url="http://hl7.org/fhir/tools/StructureDefinition/ig-parameter"><extension url="code"><valueCode value="path-liquid"/></extension><extension url="value"><valueString value="template/liquid"/></extension></extension><extension url="http://hl7.org/fhir/tools/StructureDefinition/ig-parameter"><extension url="code"><valueCode value="path-liquid"/></extension><extension url="value"><valueString value="input/liquid"/></extension></extension><extension url="http://hl7.org/fhir/tools/StructureDefinition/ig-parameter"><extension url="code"><valueCode value="path-qa"/></extension><extension url="value"><valueString value="temp/qa"/></extension></extension><extension url="http://hl7.org/fhir/tools/StructureDefinition/ig-parameter"><extension url="code"><valueCode value="path-temp"/></extension><extension url="value"><valueString value="temp/pages"/></extension></extension><extension url="http://hl7.org/fhir/tools/StructureDefinition/ig-parameter"><extension url="code"><valueCode value="path-output"/></extension><extension url="value"><valueString value="output"/></extension></extension><extension url="http://hl7.org/fhir/tools/StructureDefinition/ig-parameter"><extension url="code"><valueCode value="path-suppressed-warnings"/></extension><extension url="value"><valueString value="input/ignoreWarnings.txt"/></extension></extension><extension url="http://hl7.org/fhir/tools/StructureDefinition/ig-parameter"><extension url="code"><valueCode value="path-history"/></extension><extension url="value"><valueString value="https://profiles.ihe.net/ITI/NPFS/history.html"/></extension></extension><extension url="http://hl7.org/fhir/tools/StructureDefinition/ig-parameter"><extension url="code"><valueCode value="template-html"/></extension><extension url="value"><valueString value="template-page.html"/></extension></extension><extension url="http://hl7.org/fhir/tools/StructureDefinition/ig-parameter"><extension url="code"><valueCode value="template-md"/></extension><extension url="value"><valueString value="template-page-md.html"/></extension></extension><extension url="http://hl7.org/fhir/tools/StructureDefinition/ig-parameter"><extension url="code"><valueCode value="apply-context"/></extension><extension url="value"><valueString value="true"/></extension></extension><extension url="http://hl7.org/fhir/tools/StructureDefinition/ig-parameter"><extension url="code"><valueCode value="apply-copyright"/></extension><extension url="value"><valueString value="true"/></extension></extension><extension url="http://hl7.org/fhir/tools/StructureDefinition/ig-parameter"><extension url="code"><valueCode value="apply-license"/></extension><extension url="value"><valueString value="true"/></extension></extension><extension url="http://hl7.org/fhir/tools/StructureDefinition/ig-parameter"><extension url="code"><valueCode value="apply-wg"/></extension><extension url="value"><valueString value="true"/></extension></extension><extension url="http://hl7.org/fhir/tools/StructureDefinition/ig-parameter"><extension url="code"><valueCode value="fmm-definition"/></extension><extension url="value"><valueString value="http://hl7.org/fhir/versions.html#maturity"/></extension></extension><extension url="http://hl7.org/fhir/tools/StructureDefinition/ig-parameter"><extension url="code"><valueCode value="propagate-status"/></extension><extension url="value"><valueString value="true"/></extension></extension><extension url="http://hl7.org/fhir/tools/StructureDefinition/ig-parameter"><extension url="code"><valueCode value="excludelogbinaryformat"/></extension><extension url="value"><valueString value="true"/></extension></extension><extension url="http://hl7.org/fhir/tools/StructureDefinition/ig-parameter"><extension url="code"><valueCode value="tabbed-snapshots"/></extension><extension url="value"><valueString value="true"/></extension></extension><extension url="http://hl7.org/fhir/tools/StructureDefinition/ig-parameter"><extension url="code"><valueCode value="copyrightyear"/></extension><extension url="value"><valueString value="2021+"/></extension></extension><extension url="http://hl7.org/fhir/tools/StructureDefinition/ig-parameter"><extension url="code"><valueCode value="releaselabel"/></extension><extension url="value"><valueString value="Trial-Implementation"/></extension></extension><extension url="http://hl7.org/fhir/tools/StructureDefinition/ig-parameter"><extension url="code"><valueCode value="show-inherited-invariants"/></extension><extension url="value"><valueString value="false"/></extension></extension><extension url="http://hl7.org/fhir/tools/StructureDefinition/ig-parameter"><extension url="code"><valueCode value="usage-stats-opt-out"/></extension><extension url="value"><valueString value="false"/></extension></extension><extension url="http://hl7.org/fhir/tools/StructureDefinition/ig-parameter"><extension url="code"><valueCode value="logging"/></extension><extension url="value"><valueString value="progress"/></extension></extension><extension url="http://hl7.org/fhir/tools/StructureDefinition/ig-parameter"><extension url="code"><valueCode value="shownav"/></extension><extension url="value"><valueString value="true"/></extension></extension><extension url="http://hl7.org/fhir/tools/StructureDefinition/ig-parameter"><extension url="code"><valueCode value="active-tables"/></extension><extension url="value"><valueString value="false"/></extension></extension><extension url="http://hl7.org/fhir/tools/StructureDefinition/ig-parameter"><extension url="code"><valueCode value="apply-contact"/></extension><extension url="value"><valueString value="true"/></extension></extension><extension url="http://hl7.org/fhir/tools/StructureDefinition/ig-parameter"><extension url="code"><valueCode value="apply-jurisdiction"/></extension><extension url="value"><valueString value="true"/></extension></extension><extension url="http://hl7.org/fhir/tools/StructureDefinition/ig-parameter"><extension url="code"><valueCode value="apply-publisher"/></extension><extension url="value"><valueString value="true"/></extension></extension><extension url="http://hl7.org/fhir/tools/StructureDefinition/ig-parameter"><extension url="code"><valueCode value="apply-version"/></extension><extension url="value"><valueString value="true"/></extension></extension><extension url="http://hl7.org/fhir/tools/StructureDefinition/ig-parameter"><extension url="code"><valueCode value="autoload-resources"/></extension><extension url="value"><valueString value="true"/></extension></extension><extension url="http://hl7.org/fhir/tools/StructureDefinition/ig-parameter"><extension url="code"><valueCode value="path-liquid"/></extension><extension url="value"><valueString value="template/liquid"/></extension></extension><extension url="http://hl7.org/fhir/tools/StructureDefinition/ig-parameter"><extension url="code"><valueCode value="path-liquid"/></extension><extension url="value"><valueString value="input/liquid"/></extension></extension><extension url="http://hl7.org/fhir/tools/StructureDefinition/ig-parameter"><extension url="code"><valueCode value="path-qa"/></extension><extension url="value"><valueString value="temp/qa"/></extension></extension><extension url="http://hl7.org/fhir/tools/StructureDefinition/ig-parameter"><extension url="code"><valueCode value="path-temp"/></extension><extension url="value"><valueString value="temp/pages"/></extension></extension><extension url="http://hl7.org/fhir/tools/StructureDefinition/ig-parameter"><extension url="code"><valueCode value="path-output"/></extension><extension url="value"><valueString value="output"/></extension></extension><extension url="http://hl7.org/fhir/tools/StructureDefinition/ig-parameter"><extension url="code"><valueCode value="path-suppressed-warnings"/></extension><extension url="value"><valueString value="input/ignoreWarnings.txt"/></extension></extension><extension url="http://hl7.org/fhir/tools/StructureDefinition/ig-parameter"><extension url="code"><valueCode value="path-history"/></extension><extension url="value"><valueString value="https://profiles.ihe.net/ITI/NPFS/history.html"/></extension></extension><extension url="http://hl7.org/fhir/tools/StructureDefinition/ig-parameter"><extension url="code"><valueCode value="template-html"/></extension><extension url="value"><valueString value="template-page.html"/></extension></extension><extension url="http://hl7.org/fhir/tools/StructureDefinition/ig-parameter"><extension url="code"><valueCode value="template-md"/></extension><extension url="value"><valueString value="template-page-md.html"/></extension></extension><extension url="http://hl7.org/fhir/tools/StructureDefinition/ig-parameter"><extension url="code"><valueCode value="apply-context"/></extension><extension url="value"><valueString value="true"/></extension></extension><extension url="http://hl7.org/fhir/tools/StructureDefinition/ig-parameter"><extension url="code"><valueCode value="apply-copyright"/></extension><extension url="value"><valueString value="true"/></extension></extension><extension url="http://hl7.org/fhir/tools/StructureDefinition/ig-parameter"><extension url="code"><valueCode value="apply-license"/></extension><extension url="value"><valueString value="true"/></extension></extension><extension url="http://hl7.org/fhir/tools/StructureDefinition/ig-parameter"><extension url="code"><valueCode value="apply-wg"/></extension><extension url="value"><valueString value="true"/></extension></extension><extension url="http://hl7.org/fhir/tools/StructureDefinition/ig-parameter"><extension url="code"><valueCode value="fmm-definition"/></extension><extension url="value"><valueString value="http://hl7.org/fhir/versions.html#maturity"/></extension></extension><extension url="http://hl7.org/fhir/tools/StructureDefinition/ig-parameter"><extension url="code"><valueCode value="propagate-status"/></extension><extension url="value"><valueString value="true"/></extension></extension><extension url="http://hl7.org/fhir/tools/StructureDefinition/ig-parameter"><extension url="code"><valueCode value="excludelogbinaryformat"/></extension><extension url="value"><valueString value="true"/></extension></extension><extension url="http://hl7.org/fhir/tools/StructureDefinition/ig-parameter"><extension url="code"><valueCode value="tabbed-snapshots"/></extension><extension url="value"><valueString value="true"/></extension></extension><grouping id="-dyn-capabilitystatement"><name value="Behavior: Capability Statements"/><description value="The following artifacts define the specific capabilities that different types of systems are expected to have in order to comply with this implementation guide.  Systems conforming to this implementation guide are expected to declare conformance to one or more of the following capability statements."/></grouping><grouping id="-str-profile"><name value="Structures: Resource Profiles"/><description value="These define constraints on FHIR resources for systems conforming to this implementation guide."/></grouping><grouping id="-term-valueset"><name value="Terminology: Value Sets"/><description value="These define sets of codes used by systems conforming to this implementation guide."/></grouping><grouping id="-term-codesystem"><name value="Terminology: Code Systems"/><description value="These define new code systems used by systems conforming to this implementation guide."/></grouping><grouping id="-ex-example"><name value="Example: Example Instances"/><description value="These are example instances that show what data produced and consumed by systems conforming with this implementation guide might look like."/></grouping><resource><extension url="http://hl7.org/fhir/tools/StructureDefinition/resource-sort"><valueInteger value="999999999"/></extension><extension url="http://hl7.org/fhir/StructureDefinition/implementationguide-page"><valueUri value="CapabilityStatement-IHE.NPFS.FileConsumer.html"/></extension><reference><reference value="CapabilityStatement/IHE.NPFS.FileConsumer"/></reference><name value="File Consumer (client)"/><description value="IHE ITI Non-patient File Sharing (NPFS) - File Consumer (client)"/><exampleBoolean value="false"/><groupingId value="-dyn-capabilitystatement"/></resource><resource><extension url="http://hl7.org/fhir/tools/StructureDefinition/resource-sort"><valueInteger value="999999999"/></extension><extension url="http://hl7.org/fhir/StructureDefinition/implementationguide-page"><valueUri value="CapabilityStatement-IHE.NPFS.FileConsumerOption.html"/></extension><reference><reference value="CapabilityStatement/IHE.NPFS.FileConsumerOption"/></reference><name value="File Consumer (client) implementing Retrieve File"/><description value="IHE ITI Non-patient File Sharing (NPFS) - File Consumer (client) - with ITI-109 Retrieve File"/><exampleBoolean value="false"/><groupingId value="-dyn-capabilitystatement"/></resource><resource><extension url="http://hl7.org/fhir/tools/StructureDefinition/resource-sort"><valueInteger value="999999999"/></extension><extension url="http://hl7.org/fhir/StructureDefinition/implementationguide-page"><valueUri value="CapabilityStatement-IHE.NPFS.FileManager.html"/></extension><reference><reference value="CapabilityStatement/IHE.NPFS.FileManager"/></reference><name value="File Manager (server)"/><description value="IHE ITI Non-patient File Sharing (NPFS) - File Manager (server)"/><exampleBoolean value="false"/><groupingId value="-dyn-capabilitystatement"/></resource><resource><extension url="http://hl7.org/fhir/tools/StructureDefinition/resource-sort"><valueInteger value="999999999"/></extension><extension url="http://hl7.org/fhir/StructureDefinition/implementationguide-page"><valueUri value="CapabilityStatement-IHE.NPFS.FileSource.html"/></extension><reference><reference value="CapabilityStatement/IHE.NPFS.FileSource"/></reference><name value="File Source (client)"/><description value="IHE ITI Non-patient File Sharing (NPFS) - File Source (client)"/><exampleBoolean value="false"/><groupingId value="-dyn-capabilitystatement"/></resource><resource><extension url="http://hl7.org/fhir/tools/StructureDefinition/resource-sort"><valueInteger value="999999999"/></extension><extension url="http://hl7.org/fhir/StructureDefinition/implementationguide-page"><valueUri value="CapabilityStatement-IHE.NPFS.FileSourceOption.html"/></extension><reference><reference value="CapabilityStatement/IHE.NPFS.FileSourceOption"/></reference><name value="File Source (client) implementing Update DocumentReference"/><description value="IHE ITI Non-patient File Sharing (NPFS) - File Source (client) - with ITI-89 Update DocumentReference"/><exampleBoolean value="false"/><groupingId value="-dyn-capabilitystatement"/></resource><resource><extension url="http://hl7.org/fhir/tools/StructureDefinition/resource-sort"><valueInteger value="999999999"/></extension><extension url="http://hl7.org/fhir/StructureDefinition/implementationguide-page"><valueUri value="StructureDefinition-IHE.NPFS.RetrieveFile.Audit.Consumer.html"/></extension><reference><reference value="StructureDefinition/IHE.NPFS.RetrieveFile.Audit.Consumer"/></reference><name value="Audit Event for Retrieve File Transaction at File Consumer"/><description value="Defines constraints on the File Consumer AuditEvent Resource to record when a Retrieve File Transaction happens, as recorded by the File Consumer.&#xA;- Build off of the IHE BasicAudit Read event&#xA;- add the ITI-109 as a subtype&#xA;- client is File Consumer&#xA;- server is File Manager&#xA;- entity slices for data&#xA;- entity slice for transaction is available"/><exampleBoolean value="false"/><groupingId value="-str-profile"/></resource><resource><extension url="http://hl7.org/fhir/tools/StructureDefinition/resource-sort"><valueInteger value="999999999"/></extension><extension url="http://hl7.org/fhir/StructureDefinition/implementationguide-page"><valueUri value="StructureDefinition-IHE.NPFS.RetrieveFile.Audit.Manager.html"/></extension><reference><reference value="StructureDefinition/IHE.NPFS.RetrieveFile.Audit.Manager"/></reference><name value="Audit Event for Retrieve File Transaction at the File Manager"/><description value="Defines constraints on the File Manager AuditEvent Resource to record when a Retrieve File Transaction happens, as recorded by the File Manager.&#xA;- Build off of the IHE BasicAudit Read event&#xA;- add the ITI-109 as a subtype&#xA;- client is File Consumer&#xA;- server is File Manager&#xA;- entity slices for data&#xA;- entity slice for transaction is available"/><exampleBoolean value="false"/><groupingId value="-str-profile"/></resource><resource><extension url="http://hl7.org/fhir/tools/StructureDefinition/resource-sort"><valueInteger value="999999999"/></extension><extension url="http://hl7.org/fhir/StructureDefinition/implementationguide-page"><valueUri value="StructureDefinition-IHE.NPFS.SearchFile.Audit.Manager.html"/></extension><reference><reference value="StructureDefinition/IHE.NPFS.SearchFile.Audit.Manager"/></reference><name value="Audit Event for Search File Transaction at File Manager"/><description value="Defines constraints on the AuditEvent Resource to record when a Search File Transaction happens, as recorded by the File Manager.&#xA;- Build off of the IHE BasicAudit Query event&#xA;- add the ITI-88 as a subtype&#xA;- client is File Consumer&#xA;- server is File Manager&#xA;- entity slices for query&#xA;- entity slice for transaction is available"/><exampleBoolean value="false"/><groupingId value="-str-profile"/></resource><resource><extension url="http://hl7.org/fhir/tools/StructureDefinition/resource-sort"><valueInteger value="999999999"/></extension><extension url="http://hl7.org/fhir/StructureDefinition/implementationguide-page"><valueUri value="StructureDefinition-IHE.NPFS.SearchFile.Audit.Consumer.html"/></extension><reference><reference value="StructureDefinition/IHE.NPFS.SearchFile.Audit.Consumer"/></reference><name value="Audit Event for Search File Transaction by the File Consumer"/><description value="Defines constraints on the AuditEvent Resource to record when a Search File Transaction happens, as recorded by the File Consumer.&#xA;- Build off of the IHE BasicAudit Query event&#xA;- add the ITI-88 as a subtype&#xA;- client is File Consumer&#xA;- server is File Manager&#xA;- entity slices for query&#xA;- entity slice for transaction is available"/><exampleBoolean value="false"/><groupingId value="-str-profile"/></resource><resource><extension url="http://hl7.org/fhir/tools/StructureDefinition/resource-sort"><valueInteger value="999999999"/></extension><extension url="http://hl7.org/fhir/StructureDefinition/implementationguide-page"><valueUri value="StructureDefinition-IHE.NPFS.SubmitFile.Audit.Manager.html"/></extension><reference><reference value="StructureDefinition/IHE.NPFS.SubmitFile.Audit.Manager"/></reference><name value="Audit Event for Submit File Transaction at Manager"/><description value="Defines constraints on the AuditEvent Resource to record when a Submit File Transaction happens at the Manager.&#xD;&#xA;- Import event&#xD;&#xA;- shall have source of itself&#xD;&#xA;- shall have a File Source agent&#xD;&#xA;- shall have a File Manager agent&#xD;&#xA;- may have user, app, organization agent(s)&#xD;&#xA;- shall have a DocumentReference identity entity"/><exampleBoolean value="false"/><groupingId value="-str-profile"/></resource><resource><extension url="http://hl7.org/fhir/tools/StructureDefinition/resource-sort"><valueInteger value="999999999"/></extension><extension url="http://hl7.org/fhir/StructureDefinition/implementationguide-page"><valueUri value="StructureDefinition-IHE.NPFS.SubmitFile.Audit.Source.html"/></extension><reference><reference value="StructureDefinition/IHE.NPFS.SubmitFile.Audit.Source"/></reference><name value="Audit Event for Submit File Transaction at Source"/><description value="Defines constraints on the AuditEvent Resource to record when a Submit File Transaction happens at the Source.&#xD;&#xA;- Export event&#xD;&#xA;- shall have source of itself&#xD;&#xA;- shall have a File Source agent&#xD;&#xA;- shall have a File Manager agent&#xD;&#xA;- may have user, app, organization agent(s)&#xD;&#xA;- shall have a patient entity&#xD;&#xA;- shall have a submission set identity entity"/><exampleBoolean value="false"/><groupingId value="-str-profile"/></resource><resource><extension url="http://hl7.org/fhir/tools/StructureDefinition/resource-sort"><valueInteger value="999999999"/></extension><extension url="http://hl7.org/fhir/StructureDefinition/implementationguide-page"><valueUri value="StructureDefinition-IHE.NPFS.UpdateDocumentReference.Audit.Source.html"/></extension><reference><reference value="StructureDefinition/IHE.NPFS.UpdateDocumentReference.Audit.Source"/></reference><name value="Audit Event for Update DocumentReference Transaction at File Source"/><description value="Defines constraints on the File Source AuditEvent Resource to record when an Update DocumentReference Transaction happens, as recorded by the File Source.&#xA;- Build off of the IHE BasicAudit Update event&#xA;- add the ITI-89 as a subtype&#xA;- client is File Source&#xA;- server is File Manager&#xA;- entity slices for the DocumentReference reference&#xA;- entity slice for transaction is available"/><exampleBoolean value="false"/><groupingId value="-str-profile"/></resource><resource><extension url="http://hl7.org/fhir/tools/StructureDefinition/resource-sort"><valueInteger value="999999999"/></extension><extension url="http://hl7.org/fhir/StructureDefinition/implementationguide-page"><valueUri value="StructureDefinition-IHE.NPFS.UpdateDocumentReference.Audit.Manager.html"/></extension><reference><reference value="StructureDefinition/IHE.NPFS.UpdateDocumentReference.Audit.Manager"/></reference><name value="Audit Event for Update DocumentReference Transaction at the File Manager"/><description value="Defines constraints on the File Manager AuditEvent Resource to record when a Update DocumentReference Transaction happens, as recorded by the File Manager.&#xA;- Build off of the IHE BasicAudit PatientRead event&#xA;- add the ITI-89 as a subtype&#xA;- client is File Source&#xA;- server is File Manager&#xA;- entity slices for DocumentReference reference&#xA;- entity slice for transaction is available"/><exampleBoolean value="false"/><groupingId value="-str-profile"/></resource><resource><extension url="http://hl7.org/fhir/tools/StructureDefinition/resource-sort"><valueInteger value="999999999"/></extension><extension url="http://hl7.org/fhir/StructureDefinition/implementationguide-page"><valueUri value="StructureDefinition-IHE.NPFS.CreateDocumentBundle.html"/></extension><reference><reference value="StructureDefinition/IHE.NPFS.CreateDocumentBundle"/></reference><name value="NPFS Create Document Bundle"/><description value="A profile on the Bundle transaction for ITI-87 Submit File used to submit a new file and related metadata&#xD;&#xA;  - shall be a Transaction Bundle&#xD;&#xA;  - all resources shall be compliant with constraints&#xD;&#xA;  - may create one [DocumentReference](StructureDefinition-IHE.NPFS.DocumentReference.html)&#xD;&#xA;    - with a document as a [Binary](http://hl7.org/fhir/R4/binary.html)"/><exampleBoolean value="false"/><groupingId value="-str-profile"/></resource><resource><extension url="http://hl7.org/fhir/tools/StructureDefinition/resource-sort"><valueInteger value="999999999"/></extension><extension url="http://hl7.org/fhir/StructureDefinition/implementationguide-page"><valueUri value="StructureDefinition-IHE.NPFS.DocumentReference.html"/></extension><reference><reference value="StructureDefinition/IHE.NPFS.DocumentReference"/></reference><name value="NPFS DocumentReference"/><description value="A profile on the DocumentReference resource for NPFS."/><exampleBoolean value="false"/><groupingId value="-str-profile"/></resource><resource><extension url="http://hl7.org/fhir/tools/StructureDefinition/resource-sort"><valueInteger value="999999999"/></extension><extension url="http://hl7.org/fhir/StructureDefinition/implementationguide-page"><valueUri value="StructureDefinition-IHE.NPFS.ReplaceDocumentBundle.html"/></extension><reference><reference value="StructureDefinition/IHE.NPFS.ReplaceDocumentBundle"/></reference><name value="NPFS Replace Document Bundle"/><description value="A profile on the Bundle transaction for ITI-87 Submit File used to replace a file and related metadata&#xD;&#xA;  - shall be a Transaction Bundle&#xD;&#xA;  - all resources shall be compliant with constraints&#xD;&#xA;  - may replace one [DocumentReference](StructureDefinition-IHE.NPFS.DocumentReference.html)&#xD;&#xA;    - with a document as a [Binary](http://hl7.org/fhir/R4/binary.html)"/><exampleBoolean value="false"/><groupingId value="-str-profile"/></resource><resource><extension url="http://hl7.org/fhir/tools/StructureDefinition/resource-sort"><valueInteger value="999999999"/></extension><extension url="http://hl7.org/fhir/StructureDefinition/implementationguide-page"><valueUri value="StructureDefinition-IHE.NPFS.UpdateDocumentBundle.html"/></extension><reference><reference value="StructureDefinition/IHE.NPFS.UpdateDocumentBundle"/></reference><name value="NPFS Update Document Bundle"/><description value="A profile on the Bundle transaction for ITI-87 Submit File used to update a file and related metadata&#xD;&#xA;  - shall be a Transaction Bundle&#xD;&#xA;  - all resources shall be compliant with constraints&#xD;&#xA;  - may update one [DocumentReference](StructureDefinition-IHE.NPFS.DocumentReference.html)&#xD;&#xA;    - with a document as a [Binary](http://hl7.org/fhir/R4/binary.html)"/><exampleBoolean value="false"/><groupingId value="-str-profile"/></resource><resource><extension url="http://hl7.org/fhir/tools/StructureDefinition/resource-sort"><valueInteger value="999999999"/></extension><extension url="http://hl7.org/fhir/StructureDefinition/implementationguide-page"><valueUri value="ValueSet-DocumentReferenceCategory.html"/></extension><reference><reference value="ValueSet/DocumentReferenceCategory"/></reference><name value="NPFS DocumentReference category"/><description value="ValueSet for the different values of element category"/><exampleBoolean value="false"/><groupingId value="-term-valueset"/></resource><resource><extension url="http://hl7.org/fhir/tools/StructureDefinition/resource-sort"><valueInteger value="999999999"/></extension><extension url="http://hl7.org/fhir/StructureDefinition/implementationguide-page"><valueUri value="CodeSystem-NPFSclasscode.html"/></extension><reference><reference value="CodeSystem/NPFSclasscode"/></reference><name value="NPFS classcode"/><description value="IHE Category (Class) Code set for use with Non-Patient File Sharing"/><exampleBoolean value="false"/><groupingId value="-term-codesystem"/></resource><resource><extension url="http://hl7.org/fhir/tools/StructureDefinition/resource-sort"><valueInteger value="999999999"/></extension><extension url="http://hl7.org/fhir/StructureDefinition/implementationguide-page"><valueUri value="Bundle-ex-CreateDocumentBundle.html"/></extension><reference><reference value="Bundle/ex-CreateDocumentBundle"/></reference><name value="Create Document Bundle"/><description value="Example of Bundle transaction for ITI-87 Submit File used to submit a new file and related metadata"/><exampleCanonical value="https://profiles.ihe.net/ITI/NPFS/StructureDefinition/IHE.NPFS.CreateDocumentBundle"/><groupingId value="-ex-example"/></resource><resource><extension url="http://hl7.org/fhir/tools/StructureDefinition/resource-sort"><valueInteger value="999999999"/></extension><extension url="http://hl7.org/fhir/StructureDefinition/implementationguide-page"><valueUri value="DocumentReference-ex-DocumentReferenceMinimal.html"/></extension><reference><reference value="DocumentReference/ex-DocumentReferenceMinimal"/></reference><name value="DocumentReference for Minimal metadata"/><description value="Example of a minimal DocumentReference resource. This is very unlikely to be acceptable anywhere, but it is the minimum required."/><exampleCanonical value="https://profiles.ihe.net/ITI/NPFS/StructureDefinition/IHE.NPFS.DocumentReference"/><groupingId value="-ex-example"/></resource><resource><extension url="http://hl7.org/fhir/tools/StructureDefinition/resource-sort"><valueInteger value="999999999"/></extension><extension url="http://hl7.org/fhir/StructureDefinition/implementationguide-page"><valueUri value="DocumentReference-12345.html"/></extension><reference><reference value="DocumentReference/12345"/></reference><name value="DocumentReference for Update"/><description value="Example of a DocumentReference resource for Update. This is fully filled for all mandatory elements and all optional elements."/><exampleCanonical value="https://profiles.ihe.net/ITI/NPFS/StructureDefinition/IHE.NPFS.DocumentReference"/><groupingId value="-ex-example"/></resource><resource><extension url="http://hl7.org/fhir/tools/StructureDefinition/resource-sort"><valueInteger value="999999999"/></extension><extension url="http://hl7.org/fhir/StructureDefinition/implementationguide-page"><valueUri value="Patient-ex-patient.html"/></extension><reference><reference value="Patient/ex-patient"/></reference><name value="Dummy Patient example"/><description value="Dummy patient example for completeness sake. No actual use of this resource other than an example target"/><exampleBoolean value="true"/><groupingId value="-ex-example"/></resource><resource><extension url="http://hl7.org/fhir/tools/StructureDefinition/resource-sort"><valueInteger value="999999999"/></extension><extension url="http://hl7.org/fhir/StructureDefinition/implementationguide-page"><valueUri value="Practitioner-ex-practitioner.html"/></extension><reference><reference value="Practitioner/ex-practitioner"/></reference><name value="Dummy Practitioner example"/><description value="Dummy Practitioner example for completeness sake. No actual use of this resource other than an example target"/><exampleBoolean value="true"/><groupingId value="-ex-example"/></resource><resource><extension url="http://hl7.org/fhir/tools/StructureDefinition/resource-sort"><valueInteger value="999999999"/></extension><extension url="http://hl7.org/fhir/StructureDefinition/implementationguide-page"><valueUri value="Bundle-ex-ReplaceDocumentBundle.html"/></extension><reference><reference value="Bundle/ex-ReplaceDocumentBundle"/></reference><name value="Replace Document Bundle"/><description value="Example of Bundle transaction for ITI-87 Submit File used to Replace a file and related metadata"/><exampleCanonical value="https://profiles.ihe.net/ITI/NPFS/StructureDefinition/IHE.NPFS.ReplaceDocumentBundle"/><groupingId value="-ex-example"/></resource><resource><extension url="http://hl7.org/fhir/tools/StructureDefinition/resource-sort"><valueInteger value="999999999"/></extension><extension url="http://hl7.org/fhir/StructureDefinition/implementationguide-page"><valueUri value="Bundle-ex-UpdateDocumentBundle.html"/></extension><reference><reference value="Bundle/ex-UpdateDocumentBundle"/></reference><name value="Update Document Bundle"/><description value="Example of Bundle transaction for ITI-87 Submit File used to update a file and related metadata"/><exampleCanonical value="https://profiles.ihe.net/ITI/NPFS/StructureDefinition/IHE.NPFS.UpdateDocumentBundle"/><groupingId value="-ex-example"/></resource><page><extension url="http://hl7.org/fhir/tools/StructureDefinition/ig-page-name"><valueUrl value="toc.html"/></extension><nameUrl value="toc.html"/><title value="Table of Contents"/><generation value="html"/><page><extension url="http://hl7.org/fhir/tools/StructureDefinition/ig-page-name"><valueUrl value="index.html"/></extension><nameUrl value="index.html"/><title value="Non-patient File Sharing Home"/><generation value="markdown"/></page><page><extension url="http://hl7.org/fhir/tools/StructureDefinition/ig-page-name"><valueUrl value="volume-1.html"/></extension><nameUrl value="volume-1.html"/><title value="1:47 Non-Patient File Sharing (NPFS) Profile"/><generation value="markdown"/></page><page><extension url="http://hl7.org/fhir/tools/StructureDefinition/ig-page-name"><valueUrl value="ITI-87.html"/></extension><nameUrl value="ITI-87.html"/><title value="2:3.87 Submit File [ITI-87]"/><generation value="markdown"/></page><page><extension url="http://hl7.org/fhir/tools/StructureDefinition/ig-page-name"><valueUrl value="ITI-88.html"/></extension><nameUrl value="ITI-88.html"/><title value="2:3.88 Search File [ITI-88]"/><generation value="markdown"/></page><page><extension url="http://hl7.org/fhir/tools/StructureDefinition/ig-page-name"><valueUrl value="ITI-89.html"/></extension><nameUrl value="ITI-89.html"/><title value="2:3.89 Update DocumentReference [ITI-89]"/><generation value="markdown"/></page><page><extension url="http://hl7.org/fhir/tools/StructureDefinition/ig-page-name"><valueUrl value="ITI-109.html"/></extension><nameUrl value="ITI-109.html"/><title value="2:3.109 Retrieve File [ITI-109]"/><generation value="markdown"/></page><page><extension url="http://hl7.org/fhir/tools/StructureDefinition/ig-page-name"><valueUrl value="testplan.html"/></extension><nameUrl value="testplan.html"/><title value="Test Plan"/><generation value="markdown"/></page><page><extension url="http://hl7.org/fhir/tools/StructureDefinition/ig-page-name"><valueUrl value="other.html"/></extension><nameUrl value="other.html"/><title value="Changes to Other IHE Specifications"/><generation value="markdown"/></page><page><extension url="http://hl7.org/fhir/tools/StructureDefinition/ig-page-name"><valueUrl value="issues.html"/></extension><nameUrl value="issues.html"/><title value="Significant Changes &amp; Issues"/><generation value="markdown"/></page><page><extension url="http://hl7.org/fhir/tools/StructureDefinition/ig-page-name"><valueUrl value="download.html"/></extension><nameUrl value="download.html"/><title value="Download and Analysis"/><generation value="markdown"/></page><page><extension url="http://hl7.org/fhir/tools/StructureDefinition/ig-page-name"><valueUrl value="artifacts.html"/></extension><nameUrl value="artifacts.html"/><title value="Artifacts Summary"/><generation value="html"/><page><extension url="http://hl7.org/fhir/tools/StructureDefinition/ig-page-name"><valueUrl value="CapabilityStatement-IHE.NPFS.FileConsumer.html"/></extension><nameUrl value="CapabilityStatement-IHE.NPFS.FileConsumer.html"/><title value="File Consumer (client)"/><generation value="generated"/></page><page><extension url="http://hl7.org/fhir/tools/StructureDefinition/ig-page-name"><valueUrl value="CapabilityStatement-IHE.NPFS.FileConsumerOption.html"/></extension><nameUrl value="CapabilityStatement-IHE.NPFS.FileConsumerOption.html"/><title value="File Consumer (client) implementing Retrieve File"/><generation value="generated"/></page><page><extension url="http://hl7.org/fhir/tools/StructureDefinition/ig-page-name"><valueUrl value="CapabilityStatement-IHE.NPFS.FileManager.html"/></extension><nameUrl value="CapabilityStatement-IHE.NPFS.FileManager.html"/><title value="File Manager (server)"/><generation value="generated"/></page><page><extension url="http://hl7.org/fhir/tools/StructureDefinition/ig-page-name"><valueUrl value="CapabilityStatement-IHE.NPFS.FileSource.html"/></extension><nameUrl value="CapabilityStatement-IHE.NPFS.FileSource.html"/><title value="File Source (client)"/><generation value="generated"/></page><page><extension url="http://hl7.org/fhir/tools/StructureDefinition/ig-page-name"><valueUrl value="CapabilityStatement-IHE.NPFS.FileSourceOption.html"/></extension><nameUrl value="CapabilityStatement-IHE.NPFS.FileSourceOption.html"/><title value="File Source (client) implementing Update DocumentReference"/><generation value="generated"/></page><page><extension url="http://hl7.org/fhir/tools/StructureDefinition/ig-page-name"><valueUrl value="StructureDefinition-IHE.NPFS.RetrieveFile.Audit.Consumer.html"/></extension><nameUrl value="StructureDefinition-IHE.NPFS.RetrieveFile.Audit.Consumer.html"/><title value="Audit Event for Retrieve File Transaction at File Consumer"/><generation value="generated"/></page><page><extension url="http://hl7.org/fhir/tools/StructureDefinition/ig-page-name"><valueUrl value="StructureDefinition-IHE.NPFS.RetrieveFile.Audit.Manager.html"/></extension><nameUrl value="StructureDefinition-IHE.NPFS.RetrieveFile.Audit.Manager.html"/><title value="Audit Event for Retrieve File Transaction at the File Manager"/><generation value="generated"/></page><page><extension url="http://hl7.org/fhir/tools/StructureDefinition/ig-page-name"><valueUrl value="StructureDefinition-IHE.NPFS.SearchFile.Audit.Manager.html"/></extension><nameUrl value="StructureDefinition-IHE.NPFS.SearchFile.Audit.Manager.html"/><title value="Audit Event for Search File Transaction at File Manager"/><generation value="generated"/></page><page><extension url="http://hl7.org/fhir/tools/StructureDefinition/ig-page-name"><valueUrl value="StructureDefinition-IHE.NPFS.SearchFile.Audit.Consumer.html"/></extension><nameUrl value="StructureDefinition-IHE.NPFS.SearchFile.Audit.Consumer.html"/><title value="Audit Event for Search File Transaction by the File Consumer"/><generation value="generated"/></page><page><extension url="http://hl7.org/fhir/tools/StructureDefinition/ig-page-name"><valueUrl value="StructureDefinition-IHE.NPFS.SubmitFile.Audit.Manager.html"/></extension><nameUrl value="StructureDefinition-IHE.NPFS.SubmitFile.Audit.Manager.html"/><title value="Audit Event for Submit File Transaction at Manager"/><generation value="generated"/></page><page><extension url="http://hl7.org/fhir/tools/StructureDefinition/ig-page-name"><valueUrl value="StructureDefinition-IHE.NPFS.SubmitFile.Audit.Source.html"/></extension><nameUrl value="StructureDefinition-IHE.NPFS.SubmitFile.Audit.Source.html"/><title value="Audit Event for Submit File Transaction at Source"/><generation value="generated"/></page><page><extension url="http://hl7.org/fhir/tools/StructureDefinition/ig-page-name"><valueUrl value="StructureDefinition-IHE.NPFS.UpdateDocumentReference.Audit.Source.html"/></extension><nameUrl value="StructureDefinition-IHE.NPFS.UpdateDocumentReference.Audit.Source.html"/><title value="Audit Event for Update DocumentReference Transaction at File Source"/><generation value="generated"/></page><page><extension url="http://hl7.org/fhir/tools/StructureDefinition/ig-page-name"><valueUrl value="StructureDefinition-IHE.NPFS.UpdateDocumentReference.Audit.Manager.html"/></extension><nameUrl value="StructureDefinition-IHE.NPFS.UpdateDocumentReference.Audit.Manager.html"/><title value="Audit Event for Update DocumentReference Transaction at the File Manager"/><generation value="generated"/></page><page><extension url="http://hl7.org/fhir/tools/StructureDefinition/ig-page-name"><valueUrl value="StructureDefinition-IHE.NPFS.CreateDocumentBundle.html"/></extension><nameUrl value="StructureDefinition-IHE.NPFS.CreateDocumentBundle.html"/><title value="NPFS Create Document Bundle"/><generation value="generated"/></page><page><extension url="http://hl7.org/fhir/tools/StructureDefinition/ig-page-name"><valueUrl value="StructureDefinition-IHE.NPFS.DocumentReference.html"/></extension><nameUrl value="StructureDefinition-IHE.NPFS.DocumentReference.html"/><title value="NPFS DocumentReference"/><generation value="generated"/></page><page><extension url="http://hl7.org/fhir/tools/StructureDefinition/ig-page-name"><valueUrl value="StructureDefinition-IHE.NPFS.ReplaceDocumentBundle.html"/></extension><nameUrl value="StructureDefinition-IHE.NPFS.ReplaceDocumentBundle.html"/><title value="NPFS Replace Document Bundle"/><generation value="generated"/></page><page><extension url="http://hl7.org/fhir/tools/StructureDefinition/ig-page-name"><valueUrl value="StructureDefinition-IHE.NPFS.UpdateDocumentBundle.html"/></extension><nameUrl value="StructureDefinition-IHE.NPFS.UpdateDocumentBundle.html"/><title value="NPFS Update Document Bundle"/><generation value="generated"/></page><page><extension url="http://hl7.org/fhir/tools/StructureDefinition/ig-page-name"><valueUrl value="ValueSet-DocumentReferenceCategory.html"/></extension><nameUrl value="ValueSet-DocumentReferenceCategory.html"/><title value="NPFS DocumentReference category"/><generation value="generated"/></page><page><extension url="http://hl7.org/fhir/tools/StructureDefinition/ig-page-name"><valueUrl value="CodeSystem-NPFSclasscode.html"/></extension><nameUrl value="CodeSystem-NPFSclasscode.html"/><title value="NPFS classcode"/><generation value="generated"/></page><page><extension url="http://hl7.org/fhir/tools/StructureDefinition/ig-page-name"><valueUrl value="Bundle-ex-CreateDocumentBundle.html"/></extension><nameUrl value="Bundle-ex-CreateDocumentBundle.html"/><title value="Create Document Bundle"/><generation value="generated"/></page><page><extension url="http://hl7.org/fhir/tools/StructureDefinition/ig-page-name"><valueUrl value="DocumentReference-ex-DocumentReferenceMinimal.html"/></extension><nameUrl value="DocumentReference-ex-DocumentReferenceMinimal.html"/><title value="DocumentReference for Minimal metadata"/><generation value="generated"/></page><page><extension url="http://hl7.org/fhir/tools/StructureDefinition/ig-page-name"><valueUrl value="DocumentReference-12345.html"/></extension><nameUrl value="DocumentReference-12345.html"/><title value="DocumentReference for Update"/><generation value="generated"/></page><page><extension url="http://hl7.org/fhir/tools/StructureDefinition/ig-page-name"><valueUrl value="Patient-ex-patient.html"/></extension><nameUrl value="Patient-ex-patient.html"/><title value="Dummy Patient example"/><generation value="generated"/></page><page><extension url="http://hl7.org/fhir/tools/StructureDefinition/ig-page-name"><valueUrl value="Practitioner-ex-practitioner.html"/></extension><nameUrl value="Practitioner-ex-practitioner.html"/><title value="Dummy Practitioner example"/><generation value="generated"/></page><page><extension url="http://hl7.org/fhir/tools/StructureDefinition/ig-page-name"><valueUrl value="Bundle-ex-ReplaceDocumentBundle.html"/></extension><nameUrl value="Bundle-ex-ReplaceDocumentBundle.html"/><title value="Replace Document Bundle"/><generation value="generated"/></page><page><extension url="http://hl7.org/fhir/tools/StructureDefinition/ig-page-name"><valueUrl value="Bundle-ex-UpdateDocumentBundle.html"/></extension><nameUrl value="Bundle-ex-UpdateDocumentBundle.html"/><title value="Update Document Bundle"/><generation value="generated"/></page></page></page><parameter><code value="path-resource"/><value value="input/resources"/></parameter><parameter><code value="path-resource"/><value value="fsh-generated/resources"/></parameter><parameter><code value="path-resource"/><value value="input/examples"/></parameter><parameter><code value="path-resource"/><value value="input/capabilities"/></parameter><parameter><code value="path-resource"/><value value="input/extensions"/></parameter><parameter><code value="path-resource"/><value value="input/models"/></parameter><parameter><code value="path-resource"/><value value="input/operations"/></parameter><parameter><code value="path-resource"/><value value="input/profiles"/></parameter><parameter><code value="path-resource"/><value value="input/vocabulary"/></parameter><parameter><code value="path-resource"/><value value="input/testing"/></parameter><parameter><code value="path-resource"/><value value="input/history"/></parameter><parameter><code value="path-pages"/><value value="template/config"/></parameter><parameter><code value="path-pages"/><value value="input/images"/></parameter><parameter><code value="path-tx-cache"/><value value="input-cache/txcache"/></parameter></definition></ImplementationGuide>