{
  "resourceType" : "ValueSet",
  "id" : "odf-occupationVS",
  "text" : {
    "status" : "generated",
    "div" : "<div xmlns=\"http://www.w3.org/1999/xhtml\"><ul><li>Include all codes defined in <code>https://metadata.ilo.org/thesaurus.html</code></li></ul></div>"
  },
  "url" : "https://profiles.ihe.net/PCC/ODH/ValueSet/odf-occupationVS",
  "version" : "1.0.0-comment",
  "name" : "ODF_occupationVS",
  "title" : "Occupation types",
  "status" : "active",
  "experimental" : false,
  "date" : "2024-03-08T10:41:31-06:00",
  "publisher" : "IHE International",
  "contact" : [{
    "name" : "IHE Patient Care Coordination Committee",
    "telecom" : [{
      "system" : "url",
      "value" : "https://www.ihe.net/ihe_domains/patient_care_coordination/"
    }]
  }],
  "description" : "ILO.org [occupation](https://metadata.ilo.org/thesaurus.html) types",
  "jurisdiction" : [{
    "coding" : [{
      "system" : "http://unstats.un.org/unsd/methods/m49/m49.htm",
      "code" : "001"
    }]
  }],
  "compose" : {
    "include" : [{
      "system" : "https://metadata.ilo.org/thesaurus.html"
    }]
  }
}