URL,Version,Status,OIDs,Name,Title,Description,Uses,Used,Sources
http://dicom.nema.org/medical/dicom/current/output/chtml/part16/sect_CID_29.html,2025.3.20250714,active,"1.2.840.10008.6.1.19",AcquisitionModality,,"Transitive closure of CID 29 AcquisitionModality","StructureDefinition/MadoImagingStudy","DICOM"
http://dicom.nema.org/medical/dicom/current/output/chtml/part16/sect_CID_7010.html,2025.3.20250714,active,"1.2.840.10008.6.1.490",KeyObjectSelectionDocumentTitle,,"Transitive closure of CID 7010 KeyObjectSelectionDocumentTitle","StructureDefinition/MadoKeyObjectDocumentTitle","DICOM"
http://hl7.org/fhir/ValueSet/administrative-gender,4.0.1,active,"2.16.840.1.113883.4.642.3.1",AdministrativeGender,AdministrativeGender,"The gender of a person used for administrative purposes.","StructureDefinition/MadoPatient","hl7.fhir.r4.core"
http://hl7.org/fhir/ValueSet/body-site,4.0.1,draft,"2.16.840.1.113883.4.642.3.141",SNOMEDCTBodyStructures,SNOMED CT Body Structures,"This value set includes all codes from [SNOMED CT](http://snomed.info/sct) where concept is-a 442083009 (Anatomical or acquired body site (body structure)).","StructureDefinition/MadoImagingStudy,StructureDefinition/MadoRequestedProcedure","SCT"
http://hl7.org/fhir/ValueSet/bodysite-laterality,4.0.1,draft,"2.16.840.1.113883.4.642.3.287",Laterality,Laterality,"Laterality: SNOMED-CT concepts for 'left', 'right', and 'bilateral'","StructureDefinition/MadoImagingStudy","SCT"
http://hl7.org/fhir/ValueSet/bundle-type,4.0.1,active,"2.16.840.1.113883.4.642.3.620",BundleType,BundleType,"Indicates the purpose of a bundle - how it is intended to be used.","StructureDefinition/MadoFhirBundle","hl7.fhir.r4.core"
http://hl7.org/fhir/ValueSet/c80-doc-typecodes,4.0.1,active,"2.16.840.1.113883.3.88.12.80.47",DocumentTypeValueSet,Document Type Value Set,"This is the code specifying the precise type of document (e.g. Pulmonary History and  Physical, Discharge Summary, Ultrasound Report, etc.). The Document Type value set includes all LOINC  values listed in HITSP C80 Table 2-144 Document Class Value Set Definition above used for Document Class,  and all LOINC values whose SCALE is DOC in the LOINC database.","StructureDefinition/MadoDicomKosDocumentReference,StructureDefinition/MadoFhirDocumentReference","LOINC"
http://hl7.org/fhir/ValueSet/c80-facilitycodes,4.0.1,active,"2.16.840.1.113883.3.88.12.80.67",FacilityTypeCodeValueSet,Facility Type Code Value Set,"This is the code representing the type of organizational setting where the clinical encounter, service, interaction, or treatment occurred. The value set used for Healthcare Facility Type has been defined by HITSP to be the value set reproduced from HITSP C80 Table 2-147.","StructureDefinition/MadoDicomKosDocumentReference,StructureDefinition/MadoFhirDocumentReference","SCT"
http://hl7.org/fhir/ValueSet/c80-practice-codes,4.0.1,active,"2.16.840.1.113883.3.88.12.80.72",PracticeSettingCodeValueSet,Practice Setting Code Value Set,"This is the code representing the clinical specialty of the clinician or provider who interacted with, treated, or provided a service to/for the patient. The value set used for clinical specialty has been limited by HITSP to the value set reproduced from HITSP C80 Table 2-149 Clinical Specialty Value Set Definition.","StructureDefinition/MadoDicomKosDocumentReference,StructureDefinition/MadoFhirDocumentReference","SCT"
http://hl7.org/fhir/ValueSet/common-tags,4.0.1,draft,"2.16.840.1.113883.4.642.3.79",CommonTags,Common Tags,"Common Tag Codes defined by FHIR project","StructureDefinition/MadoDicomKosDocumentReference,StructureDefinition/MadoFhirDocumentReference","THO"
http://hl7.org/fhir/ValueSet/composition-attestation-mode,4.0.1,draft,"2.16.840.1.113883.4.642.3.238",CompositionAttestationMode,CompositionAttestationMode,"The way in which a person authenticated a composition.","StructureDefinition/MadoComposition","hl7.fhir.r4.core"
http://hl7.org/fhir/ValueSet/composition-status,4.0.1,draft,"2.16.840.1.113883.4.642.3.241",CompositionStatus,CompositionStatus,"The workflow/clinical status of the composition.","StructureDefinition/MadoComposition,StructureDefinition/MadoDicomKosDocumentReference,StructureDefinition/MadoFhirDocumentReference","hl7.fhir.r4.core"
http://hl7.org/fhir/ValueSet/contactentity-type,4.0.1,draft,"2.16.840.1.113883.4.642.3.416",ContactEntityType,Contact entity type,"This example value set defines a set of codes that can be used to indicate the purpose for which you would contact a contact party.","StructureDefinition/MadoCreatorOrganization","THO"
http://hl7.org/fhir/ValueSet/data-absent-reason,4.0.1,active,"2.16.840.1.113883.4.642.3.5",DataAbsentReason,DataAbsentReason,"Used to specify why the normally expected content of the data element is missing.","StructureDefinition/MadoWadoEndpoint","THO"
http://hl7.org/fhir/ValueSet/device-nametype,4.0.1,draft,"2.16.840.1.113883.4.642.3.1083",DeviceNameType,DeviceNameType,"The type of name the device is referred by.","StructureDefinition/MadoCreator","hl7.fhir.r4.core"
http://hl7.org/fhir/ValueSet/device-status,4.0.1,draft,"2.16.840.1.113883.4.642.3.209",FHIRDeviceStatus,FHIRDeviceStatus,"The availability status of the device.","StructureDefinition/MadoCreator","hl7.fhir.r4.core"
http://hl7.org/fhir/ValueSet/device-status-reason,4.0.1,draft,"2.16.840.1.113883.4.642.3.1081",FHIRDeviceStatusReason,FHIRDeviceStatusReason,"The availability status reason of the device.","StructureDefinition/MadoCreator","THO"
http://hl7.org/fhir/ValueSet/device-type,4.0.1,draft,"2.16.840.1.113883.4.642.3.1376",DeviceType,Device Type,"Codes used to identify medical devices. Includes concepts from SNOMED CT (http://www.snomed.org/) where concept is-a 49062001 (Device)  and is provided as a suggestive example.","StructureDefinition/MadoCreator","SCT"
http://hl7.org/fhir/ValueSet/doc-section-codes,4.0.1,draft,"2.16.840.1.113883.4.642.3.237",DocumentSectionCodes,Document Section Codes,"Document section codes (LOINC codes used in CCDA sections).","StructureDefinition/MadoComposition","LOINC"
http://hl7.org/fhir/ValueSet/doc-typecodes,4.0.1,draft,"2.16.840.1.113883.4.642.3.240",FHIRDocumentTypeCodes,FHIR Document Type Codes,"FHIR Document Codes - all LOINC codes where scale type = 'DOC'.","StructureDefinition/MadoComposition","LOINC"
http://hl7.org/fhir/ValueSet/document-classcodes,4.0.1,active,"2.16.840.1.113883.3.88.12.80.46",DocumentClassValueSet,Document Class Value Set,"This is the code specifying the high-level kind of document (e.g. Prescription, Discharge Summary, Report, etc.). Note: Class code for documents comes from LOINC, and is based upon one of the following:The type of service described by the document. It is described at a very high level in Section 7.3 of the LOINC Manual. The type study performed. It was determined by identifying modalities for study reports. The section of the chart where the document is placed. It was determined from the SETs created for Claims Attachment requests.","StructureDefinition/MadoComposition,StructureDefinition/MadoDicomKosDocumentReference,StructureDefinition/MadoFhirDocumentReference","LOINC"
http://hl7.org/fhir/ValueSet/document-relationship-type,4.0.1,draft,"2.16.840.1.113883.4.642.3.244",DocumentRelationshipType,DocumentRelationshipType,"The type of relationship between documents.","StructureDefinition/MadoComposition,StructureDefinition/MadoDicomKosDocumentReference,StructureDefinition/MadoFhirDocumentReference","hl7.fhir.r4.core"
http://hl7.org/fhir/ValueSet/endpoint-connection-type,4.0.1,draft,"2.16.840.1.113883.4.642.3.498",EndpointConnectionType,Endpoint Connection Type,"This is an example value set defined by the FHIR project, that could be used to represent possible connection type profile values.","StructureDefinition/MadoWadoEndpoint,StructureDefinition/MadoWebViewerEndpoint","THO"
http://hl7.org/fhir/ValueSet/endpoint-payload-type,4.0.1,draft,"2.16.840.1.113883.4.642.3.496",EndpointPayloadType,Endpoint Payload Type,"This is an example value set defined by the FHIR project, that could be used to represent possible payload document types.","StructureDefinition/MadoWadoEndpoint,StructureDefinition/MadoWebViewerEndpoint","THO,Other"
http://hl7.org/fhir/ValueSet/endpoint-status,4.0.1,draft,"2.16.840.1.113883.4.642.3.494",EndpointStatus,EndpointStatus,"The status of the endpoint.","StructureDefinition/MadoWadoEndpoint,StructureDefinition/MadoWebViewerEndpoint","hl7.fhir.r4.core"
http://hl7.org/fhir/ValueSet/http-verb,4.0.1,active,"2.16.840.1.113883.4.642.3.624",HTTPVerb,HTTPVerb,"HTTP verbs (in the HTTP command line). See [HTTP rfc](https://tools.ietf.org/html/rfc7231) for details.","StructureDefinition/MadoFhirBundle","hl7.fhir.r4.core"
http://hl7.org/fhir/ValueSet/identifier-type,4.0.1,active,"2.16.840.1.113883.4.642.3.45",Identifier Type Codes,IdentifierType,"A coded type for an identifier that can be used to determine which identifier to use for a specific purpose.","StructureDefinition/MadoAccessionNumberIdentifier,StructureDefinition/MadoRequestedProcedure,StructureDefinition/MadoStudyInstanceUidIdentifier","THO (V2)"
http://hl7.org/fhir/ValueSet/identifier-use,4.0.1,active,"2.16.840.1.113883.4.642.3.57",IdentifierUse,IdentifierUse,"Identifies the purpose for this identifier, if known .","StructureDefinition/MadoAccessionNumberIdentifier,StructureDefinition/MadoRequestedProcedure,StructureDefinition/MadoStudyInstanceUidIdentifier","hl7.fhir.r4.core"
http://hl7.org/fhir/ValueSet/imagingstudy-status,4.0.1,draft,"2.16.840.1.113883.4.642.3.990",ImagingStudyStatus,ImagingStudyStatus,"The status of the ImagingStudy.","StructureDefinition/MadoImagingStudy","hl7.fhir.r4.core"
http://hl7.org/fhir/ValueSet/languages,4.0.1,draft,"2.16.840.1.113883.4.642.3.20",CommonLanguages,Common Languages,"This value set includes common codes from BCP-47 (http://tools.ietf.org/html/bcp47)","StructureDefinition/MadoImagingStudy,StructureDefinition/MadoComposition,StructureDefinition/MadoCreator,StructureDefinition/MadoRequestedProcedure,StructureDefinition/MadoCreatorOrganization,StructureDefinition/MadoPatient,StructureDefinition/MadoWadoEndpoint,StructureDefinition/MadoDicomKosDocumentReference,StructureDefinition/MadoFhirBundle,StructureDefinition/MadoWebViewerEndpoint,StructureDefinition/MadoFhirDocumentReference","hl7.fhir.uv.xver-r5.r4"
http://hl7.org/fhir/ValueSet/link-type,4.0.1,active,"2.16.840.1.113883.4.642.3.423",LinkType,LinkType,"The type of link between this patient resource and another patient resource.","StructureDefinition/MadoPatient","hl7.fhir.r4.core"
http://hl7.org/fhir/ValueSet/list-empty-reason,4.0.1,draft,"2.16.840.1.113883.4.642.3.322",ListEmptyReasons,List Empty Reasons,"General reasons for a list to be empty. Reasons are either related to a summary list (i.e. problem or medication list) or to a workflow related list (i.e. consultation list).","StructureDefinition/MadoComposition","THO"
http://hl7.org/fhir/ValueSet/list-mode,4.0.1,draft,"2.16.840.1.113883.4.642.3.318",ListMode,ListMode,"The processing mode that applies to this list.","StructureDefinition/MadoComposition","hl7.fhir.r4.core"
http://hl7.org/fhir/ValueSet/list-order,4.0.1,draft,"2.16.840.1.113883.4.642.3.324",ListOrderCodes,List Order Codes,"Base values for the order of the items in a list resource.","StructureDefinition/MadoComposition","THO"
http://hl7.org/fhir/ValueSet/marital-status,4.0.1,active,"2.16.840.1.113883.4.642.3.29",Marital Status Codes,MaritalStatus,"This value set defines the set of codes that can be used to indicate the marital status of a person.","StructureDefinition/MadoPatient","THO (V3)"
http://hl7.org/fhir/ValueSet/medication-as-needed-reason,4.0.1,draft,"2.16.840.1.113883.4.642.3.96",SNOMEDCTMedicationAsNeededReasonCodes,SNOMED CT Medication As Needed Reason Codes,"This value set includes all clinical findings from SNOMED CT - provided as an exemplar value set.","StructureDefinition/MadoRequestedProcedure","SCT"
http://hl7.org/fhir/ValueSet/mimetypes,4.0.1,active,"2.16.840.1.113883.4.642.3.1024",Mime Types,MimeType,"This value set includes all possible codes from BCP-13 (http://tools.ietf.org/html/bcp13)","StructureDefinition/MadoWadoEndpoint,StructureDefinition/MadoDicomKosDocumentReference,StructureDefinition/MadoWebViewerEndpoint,StructureDefinition/MadoFhirDocumentReference","Other"
http://hl7.org/fhir/ValueSet/organization-type,4.0.1,draft,"2.16.840.1.113883.4.642.3.414",OrganizationType,Organization type,"This example value set defines a set of codes that can be used to indicate a type of organization.","StructureDefinition/MadoCreatorOrganization","THO"
http://hl7.org/fhir/ValueSet/participant-role,4.0.1,draft,"2.16.840.1.113883.4.642.3.152",ParticipantRoles,Participant Roles,"Roles of participants that may be included in a care team.  Defined as: Is a Person, Healthcare professional (occupation) or Healthcare related organization (qualifier value).","StructureDefinition/MadoRequestedProcedure","SCT"
http://hl7.org/fhir/ValueSet/patient-contactrelationship,4.0.1,active,"2.16.840.1.113883.4.642.3.1130",PatientContactRelationship,Patient Contact Relationship ,"The nature of the relationship between the patient and the contact person.","StructureDefinition/MadoPatient","THO (V2)"
http://hl7.org/fhir/ValueSet/procedure-reason,4.0.1,draft,"2.16.840.1.113883.4.642.3.432",ProcedureReasonCodes,Procedure Reason Codes,"This example value set defines the set of codes that can be used to indicate a reason for a procedure.","StructureDefinition/MadoImagingStudy,StructureDefinition/MadoRequestedProcedure","SCT"
http://hl7.org/fhir/ValueSet/request-intent,4.0.1,draft,"2.16.840.1.113883.4.642.3.113",RequestIntent,RequestIntent,"Codes indicating the degree of authority/intentionality associated with a request.","StructureDefinition/MadoRequestedProcedure","hl7.fhir.r4.core"
http://hl7.org/fhir/ValueSet/request-priority,4.0.1,draft,"2.16.840.1.113883.4.642.3.115",RequestPriority,Request priority,"The clinical priority of a diagnostic order.","StructureDefinition/MadoRequestedProcedure","hl7.fhir.r4.core"
http://hl7.org/fhir/ValueSet/request-status,4.0.1,draft,"2.16.840.1.113883.4.642.3.111",RequestStatus,RequestStatus,"Codes identifying the lifecycle stage of a request.","StructureDefinition/MadoRequestedProcedure","hl7.fhir.r4.core"
http://hl7.org/fhir/ValueSet/resource-types,4.0.1,active,"2.16.840.1.113883.4.642.3.27",ResourceType,ResourceType,"One of the resource types defined as part of this version of FHIR.","StructureDefinition/MadoReferencedAccessionNumberIdentifier,StructureDefinition/MadoReferencedStudyInstanceUidIdentifier,StructureDefinition/MadoDicomKosDocumentReference,StructureDefinition/MadoFhirDocumentReference","hl7.fhir.r4.core"
http://hl7.org/fhir/ValueSet/search-entry-mode,4.0.1,active,"2.16.840.1.113883.4.642.3.622",SearchEntryMode,SearchEntryMode,"Why an entry is in the result set - whether it's included as a match or because of an _include requirement, or to convey information or warning information about the search process.","StructureDefinition/MadoFhirBundle","hl7.fhir.r4.core"
http://hl7.org/fhir/ValueSet/security-labels,4.0.1,active,"2.16.840.1.113883.4.642.3.47",All Security Labels,SecurityLabels,"A single value set for all security labels defined by FHIR.","StructureDefinition/MadoDicomKosDocumentReference,StructureDefinition/MadoFhirDocumentReference",
http://hl7.org/fhir/ValueSet/series-performer-function,4.0.1,draft,"2.16.840.1.113883.4.642.3.989",ImagingStudySeriesPerformerFunction,ImagingStudy series performer function,"Performer function of an agent in an imaging study series","StructureDefinition/MadoImagingStudy","THO (V3)"
http://hl7.org/fhir/ValueSet/servicerequest-category,4.0.1,draft,"2.16.840.1.113883.4.642.3.434",ServiceRequestCategoryCodes,Service Request Category Codes,"An example value set of SNOMED CT concepts that can classify a requested service","StructureDefinition/MadoRequestedProcedure","SCT"
http://hl7.org/fhir/ValueSet/servicerequest-orderdetail,4.0.1,draft,"2.16.840.1.113883.4.642.3.435",ServiceRequestOrderDetailsCodes,Service Request Order Details Codes,"An example value set of Codified order entry details concepts.  These concepts only make sense in the context of what is being ordered.  This example is for a patient ventilation order","StructureDefinition/MadoRequestedProcedure","SCT"
http://hl7.org/fhir/ValueSet/udi-entry-type,4.0.1,draft,"2.16.840.1.113883.4.642.3.211",UDIEntryType,UDIEntryType,"Codes to identify how UDI data was entered.","StructureDefinition/MadoCreator","hl7.fhir.r4.core"
http://hl7.org/fhir/uv/xver/ValueSet/R5-v3-HL7FormatCodes-for-R4,0.1.0,active,,R5V3HL7FormatCodesForR4,Cross-version ValueSet R5.HL7FormatCodes for use in FHIR R4,"This cross-version ValueSet represents content from `http://terminology.hl7.org/ValueSet/v3-HL7FormatCodes|1.0.0` for use in FHIR R4.","StructureDefinition/MadoFhirDocumentReference","ihe.formatcode.fhir,THO (V3)"
http://ihe.net/fhir/ihe.formatcode.fhir/ValueSet/formatcode,1.5.0,active,"1.3.6.1.4.1.19376.1.2.7.1",IHE_FormatCode_vs,IHE ValueSet of Format Codes for use with Document Sharing,"The IHE FormatCode Value set is defined to be the set of FormatCode(s) defined by IHE, DICOM and HL7. These codes are intended to be preferred.","StructureDefinition/MadoDicomKosDocumentReference,StructureDefinition/MadoFhirDocumentReference","ihe.formatcode.fhir,THO (V3),Other"
http://terminology.hl7.org/ValueSet/v3-ActCode,3.0.0,active,,ActCode,v3 Code System ActCode,"A code specifying the particular kind of Act that the Act-instance represents within its class.  Constraints:  The kind of Act (e.g. physical examination, serum potassium, inpatient encounter, charge financial transaction, etc.) is specified with a code from one of several, typically external, coding systems.  The coding system will depend on the class of Act, such as LOINC for observations, etc. Conceptually, the Act.code must be a specialization of the Act.classCode. This is why the structure of ActClass domain should be reflected in the superstructure of the ActCode domain and then individual codes or externally referenced vocabularies subordinated under these domains that reflect the ActClass structure. Act.classCode and Act.code are not modifiers of each other but the Act.code concept should really imply the Act.classCode concept. For a negative example, it is not appropriate to use an Act.code ""potassium"" together with and Act.classCode for ""laboratory observation"" to somehow mean ""potassium laboratory observation"" and then use the same Act.code for ""potassium"" together with Act.classCode for ""medication"" to mean ""substitution of potassium"". This mutually modifying use of Act.code and Act.classCode is not permitted.","StructureDefinition/MadoComposition,StructureDefinition/MadoDicomKosDocumentReference,StructureDefinition/MadoFhirDocumentReference","THO (V3)"
http://terminology.hl7.org/ValueSet/v3-ConfidentialityClassification,2014-03-26,active,"2.16.840.1.113883.1.11.10228",v3.ConfidentialityClassification,V3 Value SetConfidentialityClassification," Set of codes used to value Act.Confidentiality and Role.Confidentiality attribute in accordance with the definition for concept domain ""Confidentiality"".","StructureDefinition/MadoComposition","THO (V3)"
http://terminology.hl7.org/ValueSet/v3-ServiceDeliveryLocationRoleType,3.0.0,active,"2.16.840.1.113883.1.11.17660",ServiceDeliveryLocationRoleType,ServiceDeliveryLocationRoleType,"A role of a place that further classifies the setting (e.g., accident site, road side, work site, community location) in which services are delivered.","StructureDefinition/MadoRequestedProcedure","THO (V3)"
https://profiles.ihe.net/ITI/MHD/ValueSet/DocumentReferenceStats,4.2.3,active,,DocumentReferenceStats,MHD DocumentReference status codes,"ValueSet that does not include entered-in-error as that does not map","StructureDefinition/MadoDicomKosDocumentReference,StructureDefinition/MadoFhirDocumentReference","hl7.fhir.r4.core"
https://profiles.ihe.net/RAD/MADO/ValueSet/MadoNarrativeNotEmpty,1.0.0,active,,MadoNarrativeNotEmpty,ValueSet: Non-empty Narrative status codes,"This value set includes all Narrative status codes that are not empty.","StructureDefinition/MadoComposition","hl7.fhir.r4.core"
https://profiles.ihe.net/RAD/MADO/ValueSet/ProcedureEuImagingType,1.0.0,active,,ProcedureEuImagingType,ValueSet: Imaging Procedure Type,"This value set includes all imaging procedure types defined in SNOMED CT. The codes represent combinations of the modality to be used and the procedure to be performed.","StructureDefinition/MadoRequestedProcedure","SCT"
https://profiles.ihe.net/RAD/MADO/ValueSet/ValueSetAnatomicalRegion,1.0.0,active,,ValueSetAnatomicalRegion,ValueSet: Anatomical Region,"A shortlist of anatomical regions that can be used for searching reports and manifests. This set is defined in Table 6.X.6.4-1. In this case discrepancies, the values in the table have prevalence. It is planned to move this ValueSet to IHE terminologies. When that is done, this definition will be removed.","StructureDefinition/MadoDicomKosDocumentReference,StructureDefinition/MadoAnatomicalRegionExtension,StructureDefinition/MadoFhirDocumentReference","SCT"
