{
  "resourceType" : "List",
  "id" : "ex-compFolder",
  "meta" : {
    "profile" : ["https://profiles.ihe.net/ITI/MHD/StructureDefinition/IHE.MHD.Comprehensive.Folder"],
    "security" : [{
      "system" : "http://terminology.hl7.org/CodeSystem/v3-ActReason",
      "code" : "HTEST"
    }]
  },
  "text" : {
    "status" : "generated",
    "div" : "<div xmlns=\"http://www.w3.org/1999/xhtml\"><p class=\"res-header-id\"><b>Generated Narrative: List ex-compFolder</b></p><a name=\"ex-compFolder\"> </a><a name=\"hcex-compFolder\"> </a><div style=\"display: inline-block; background-color: #d9e0e7; padding: 6px; margin: 4px; border: 1px solid #8da1b4; border-radius: 5px; line-height: 60%\"><p style=\"margin-bottom: 0px\"/><p style=\"margin-bottom: 0px\">Profile: <a href=\"StructureDefinition-IHE.MHD.Comprehensive.Folder.html\">MHD Folder Comprehensive</a></p><p style=\"margin-bottom: 0px\">Security Label: test health data (Details: ActReason code HTEST = 'test health data')</p></div><h2>Example Folder with comprehensive metadata</h2><table class=\"clstu\"><tr><td>Date: 2004-12-25 23:50:50-0500 </td><td>Mode: Working List </td><td>Status: Current </td><td>Code: Folder as a FHIR List </td></tr><tr><td>Subject: <a href=\"Patient-ex-patient.html\">John Schmidt  Other, DoB: 1923-07-25</a></td></tr></table><table class=\"grid\"><tr style=\"backgound-color: #eeeeee\"><td><b>Items</b></td></tr><tr><td><a href=\"DocumentReference-ex-documentreference.html\">DocumentReference: status = current</a></td></tr><tr><td><a href=\"DocumentReference-ex-documentreference2.html\">DocumentReference: status = current</a></td></tr></table></div>"
  },
  "extension" : [{
    "url" : "https://profiles.ihe.net/ITI/MHD/StructureDefinition/ihe-designationType",
    "valueCodeableConcept" : {
      "coding" : [{
        "system" : "http://snomed.info/sct",
        "code" : "225728007"
      }]
    }
  },
  {
    "url" : "https://profiles.ihe.net/ITI/MHD/StructureDefinition/ihe-designationType",
    "valueCodeableConcept" : {
      "coding" : [{
        "system" : "http://snomed.info/sct",
        "code" : "284548004"
      }]
    }
  }],
  "identifier" : [{
    "use" : "official",
    "system" : "urn:ietf:rfc:3986",
    "value" : "urn:uuid:0a468477-5dd1-4a81-bddf-8d5ee9b0cac3"
  },
  {
    "use" : "usual",
    "system" : "urn:ietf:rfc:3986",
    "value" : "urn:oid:1.2.840.113556.1.8000.2554.58783.21864.3474.19410.44358.58254.41281.46341"
  }],
  "status" : "current",
  "mode" : "working",
  "title" : "Example Folder with comprehensive metadata",
  "code" : {
    "coding" : [{
      "system" : "https://profiles.ihe.net/ITI/MHD/CodeSystem/MHDlistTypes",
      "code" : "folder"
    }]
  },
  "subject" : [{
    "reference" : "Patient/ex-patient"
  }],
  "date" : "2004-12-25T23:50:50-05:00",
  "entry" : [{
    "item" : {
      "reference" : "DocumentReference/ex-documentreference"
    }
  },
  {
    "item" : {
      "reference" : "DocumentReference/ex-documentreference2"
    }
  }]
}