[
  {
    "id" : "IHE.PDQm.PatientDemographicsConsumerMatch",
    "type" : "CapabilityStatement",
    "url" : "https://profiles.ihe.net/ITI/PDQm/CapabilityStatement/IHE.PDQm.PatientDemographicsConsumerMatch",
    "version" : "3.2.0",
    "name" : "IHE_PDQM_PATIENT_DEMOGRAPHICS_CONSUMER_MATCH"
  },
  {
    "id" : "IHE.PDQm.PatientDemographicsConsumerQuery",
    "type" : "CapabilityStatement",
    "url" : "https://profiles.ihe.net/ITI/PDQm/CapabilityStatement/IHE.PDQm.PatientDemographicsConsumerQuery",
    "version" : "3.2.0",
    "name" : "IHE_PDQM_PATIENT_DEMOGRAPHICS_CONSUMER_SEARCH"
  },
  {
    "id" : "IHE.PDQm.PatientDemographicsSupplier",
    "type" : "CapabilityStatement",
    "url" : "https://profiles.ihe.net/ITI/PDQm/CapabilityStatement/IHE.PDQm.PatientDemographicsSupplier",
    "version" : "3.2.0",
    "name" : "IHE_PDQM_PATIENT_DEMOGRAPHICS_SUPPLIER"
  },
  {
    "id" : "IHE.PDQm.PatientDemographicsSupplierMatch",
    "type" : "CapabilityStatement",
    "url" : "https://profiles.ihe.net/ITI/PDQm/CapabilityStatement/IHE.PDQm.PatientDemographicsSupplierMatch",
    "version" : "3.2.0",
    "name" : "IHE_PDQM_PATIENT_DEMOGRAPHICS_SUPPLIER_Match"
  },
  {
    "id" : "ihe.iti.pdqm",
    "type" : "ImplementationGuide",
    "url" : "https://profiles.ihe.net/ITI/PDQm/ImplementationGuide/ihe.iti.pdqm",
    "version" : "3.2.0",
    "name" : "IHE_PDQm"
  },
  {
    "id" : "PDQmMatch",
    "type" : "OperationDefinition",
    "url" : "https://profiles.ihe.net/ITI/PDQm/OperationDefinition/PDQmMatch",
    "version" : "3.2.0",
    "name" : "Find_Patient_Matches_PDQm"
  },
  {
    "id" : "IHE.PDQm.Match.Audit.Consumer",
    "type" : "StructureDefinition",
    "url" : "https://profiles.ihe.net/ITI/PDQm/StructureDefinition/IHE.PDQm.Match.Audit.Consumer",
    "version" : "3.2.0",
    "name" : "AuditPdqmMatchConsumer"
  },
  {
    "id" : "IHE.PDQm.Match.Audit.Supplier",
    "type" : "StructureDefinition",
    "url" : "https://profiles.ihe.net/ITI/PDQm/StructureDefinition/IHE.PDQm.Match.Audit.Supplier",
    "version" : "3.2.0",
    "name" : "AuditPdqmMatchSupplier"
  },
  {
    "id" : "IHE.PDQm.MatchInputPatient",
    "type" : "StructureDefinition",
    "url" : "https://profiles.ihe.net/ITI/PDQm/StructureDefinition/IHE.PDQm.MatchInputPatient",
    "version" : "3.2.0",
    "name" : "PDQmMatchInput"
  },
  {
    "id" : "IHE.PDQm.MatchParametersIn",
    "type" : "StructureDefinition",
    "url" : "https://profiles.ihe.net/ITI/PDQm/StructureDefinition/IHE.PDQm.MatchParametersIn",
    "version" : "3.2.0",
    "name" : "MatchParametersIn"
  },
  {
    "id" : "IHE.PDQm.MatchParametersOut",
    "type" : "StructureDefinition",
    "url" : "https://profiles.ihe.net/ITI/PDQm/StructureDefinition/IHE.PDQm.MatchParametersOut",
    "version" : "3.2.0",
    "name" : "MatchParametersOut"
  },
  {
    "id" : "IHE.PDQm.Patient",
    "type" : "StructureDefinition",
    "url" : "https://profiles.ihe.net/ITI/PDQm/StructureDefinition/IHE.PDQm.Patient",
    "version" : "3.2.0",
    "name" : "PDQmPatient"
  },
  {
    "id" : "IHE.PDQm.Query.Audit.Consumer",
    "type" : "StructureDefinition",
    "url" : "https://profiles.ihe.net/ITI/PDQm/StructureDefinition/IHE.PDQm.Query.Audit.Consumer",
    "version" : "3.2.0",
    "name" : "AuditPdqmQueryConsumer"
  },
  {
    "id" : "IHE.PDQm.Query.Audit.Supplier",
    "type" : "StructureDefinition",
    "url" : "https://profiles.ihe.net/ITI/PDQm/StructureDefinition/IHE.PDQm.Query.Audit.Supplier",
    "version" : "3.2.0",
    "name" : "AuditPdqmQuerySupplier"
  },
  {
    "id" : "IHE.PDQm.QueryPatientResourceResponseMessage",
    "type" : "StructureDefinition",
    "url" : "https://profiles.ihe.net/ITI/PDQm/StructureDefinition/IHE.PDQm.QueryPatientResourceResponseMessage",
    "version" : "3.2.0",
    "name" : "QueryPatientResourceResponseMessage"
  }
]
