<?xml version="1.0" encoding="UTF-8"?>

<ImplementationGuide xmlns="http://hl7.org/fhir">
  <id value="ihe.iti.pdqm"/>
  <text>
    <status value="generated"/><div xmlns="http://www.w3.org/1999/xhtml"><p class="res-header-id"><b>Generated Narrative: ImplementationGuide ihe.iti.pdqm</b></p><a name="ihe.iti.pdqm"> </a><a name="hcihe.iti.pdqm"> </a><h2>IHE_PDQm</h2><p>The official URL for this implementation guide is: </p><pre>https://profiles.ihe.net/ITI/PDQm/ImplementationGuide/ihe.iti.pdqm</pre><div><p>The Patient Demographics Query for Mobile (PDQm) Profile defines a lightweight RESTful interface to a patient demographics supplier leveraging technologies readily available to mobile applications and lightweight browser based applications.</p>
</div></div>
  </text>
  <url value="https://profiles.ihe.net/ITI/PDQm/ImplementationGuide/ihe.iti.pdqm"/>
  <version value="3.2.0"/>
  <name value="IHE_PDQm"/>
  <title value="Patient Demographics Query for Mobile (PDQm)"/>
  <status value="active"/>
  <date value="2025-11-04T12:07:10-06:00"/>
  <publisher value="IHE IT Infrastructure Technical Committee"/>
  <contact>
    <telecom>
      <system value="url"/>
      <value value="https://www.ihe.net/ihe_domains/it_infrastructure/"/>
    </telecom>
  </contact>
  <contact>
    <telecom>
      <system value="email"/>
      <value value="iti@ihe.net"/>
    </telecom>
  </contact>
  <contact>
    <name value="IHE IT Infrastructure Technical Committee"/>
    <telecom>
      <system value="email"/>
      <value value="iti@ihe.net"/>
    </telecom>
  </contact>
  <description value="The Patient Demographics Query for Mobile (PDQm) Profile defines a lightweight RESTful interface to a patient demographics supplier leveraging technologies readily available to mobile applications and lightweight browser based applications."/>
  <jurisdiction>
    <coding>
      <system value="http://unstats.un.org/unsd/methods/m49/m49.htm"/>
      <code value="001"/>
    </coding>
  </jurisdiction>
  <packageId value="ihe.iti.pdqm"/>
  <license value="CC-BY-4.0"/>
  <fhirVersion value="4.0.1"/>
  <dependsOn id="hl7tx">
    <extension url="http://hl7.org/fhir/tools/StructureDefinition/implementationguide-dependency-comment">
      <valueMarkdown value="Automatically added as a dependency - all IGs depend on HL7 Terminology"/>
    </extension>
    <uri value="http://terminology.hl7.org/ImplementationGuide/hl7.terminology"/>
    <packageId value="hl7.terminology.r4"/>
    <version value="6.5.0"/>
  </dependsOn>
  <dependsOn id="hl7ext">
    <extension url="http://hl7.org/fhir/tools/StructureDefinition/implementationguide-dependency-comment">
      <valueMarkdown value="Automatically added as a dependency - all IGs depend on the HL7 Extension Pack"/>
    </extension>
    <uri value="http://hl7.org/fhir/extensions/ImplementationGuide/hl7.fhir.uv.extensions"/>
    <packageId value="hl7.fhir.uv.extensions.r4"/>
    <version value="5.2.0"/>
  </dependsOn>
  <dependsOn id="iheitibasicaudit">
    <uri value="https://profiles.ihe.net/ITI/BALP/ImplementationGuide/ihe.iti.balp"/>
    <packageId value="ihe.iti.balp"/>
    <version value="1.1.x"/>
  </dependsOn>
  <definition>
    <extension url="http://hl7.org/fhir/tools/StructureDefinition/ig-parameter">
      <extension url="code">
        <valueString value="copyrightyear"/>
      </extension>
      <extension url="value">
        <valueString value="2020+"/>
      </extension>
    </extension>
    <extension url="http://hl7.org/fhir/tools/StructureDefinition/ig-parameter">
      <extension url="code">
        <valueString value="releaselabel"/>
      </extension>
      <extension url="value">
        <valueString value="Trial-Implementation"/>
      </extension>
    </extension>
    <extension url="http://hl7.org/fhir/tools/StructureDefinition/ig-parameter">
      <extension url="code">
        <valueString value="show-inherited-invariants"/>
      </extension>
      <extension url="value">
        <valueString value="false"/>
      </extension>
    </extension>
    <extension url="http://hl7.org/fhir/tools/StructureDefinition/ig-parameter">
      <extension url="code">
        <valueString value="usage-stats-opt-out"/>
      </extension>
      <extension url="value">
        <valueString value="false"/>
      </extension>
    </extension>
    <extension url="http://hl7.org/fhir/tools/StructureDefinition/ig-parameter">
      <extension url="code">
        <valueString value="logging"/>
      </extension>
      <extension url="value">
        <valueString value="progress"/>
      </extension>
    </extension>
    <extension url="http://hl7.org/fhir/tools/StructureDefinition/ig-parameter">
      <extension url="code">
        <valueString value="shownav"/>
      </extension>
      <extension url="value">
        <valueString value="true"/>
      </extension>
    </extension>
    <extension url="http://hl7.org/fhir/tools/StructureDefinition/ig-parameter">
      <extension url="code">
        <valueString value="active-tables"/>
      </extension>
      <extension url="value">
        <valueString value="false"/>
      </extension>
    </extension>
    <extension url="http://hl7.org/fhir/tools/StructureDefinition/ig-parameter">
      <extension url="code">
        <valueString value="apply-contact"/>
      </extension>
      <extension url="value">
        <valueString value="true"/>
      </extension>
    </extension>
    <extension url="http://hl7.org/fhir/tools/StructureDefinition/ig-parameter">
      <extension url="code">
        <valueString value="apply-jurisdiction"/>
      </extension>
      <extension url="value">
        <valueString value="true"/>
      </extension>
    </extension>
    <extension url="http://hl7.org/fhir/tools/StructureDefinition/ig-parameter">
      <extension url="code">
        <valueString value="apply-publisher"/>
      </extension>
      <extension url="value">
        <valueString value="true"/>
      </extension>
    </extension>
    <extension url="http://hl7.org/fhir/tools/StructureDefinition/ig-parameter">
      <extension url="code">
        <valueString value="apply-version"/>
      </extension>
      <extension url="value">
        <valueString value="true"/>
      </extension>
    </extension>
    <extension url="http://hl7.org/fhir/tools/StructureDefinition/ig-parameter">
      <extension url="code">
        <valueString value="special-url"/>
      </extension>
      <extension url="value">
        <valueString value="urn:ihe:event-type-code"/>
      </extension>
    </extension>
    <extension url="http://hl7.org/fhir/tools/StructureDefinition/ig-parameter">
      <extension url="code">
        <valueString value="pin-canonicals"/>
      </extension>
      <extension url="value">
        <valueString value="pin-multiples"/>
      </extension>
    </extension>
    <extension url="http://hl7.org/fhir/tools/StructureDefinition/ig-parameter">
      <extension url="code">
        <valueString value="autoload-resources"/>
      </extension>
      <extension url="value">
        <valueString value="true"/>
      </extension>
    </extension>
    <extension url="http://hl7.org/fhir/tools/StructureDefinition/ig-parameter">
      <extension url="code">
        <valueString value="path-liquid"/>
      </extension>
      <extension url="value">
        <valueString value="template/liquid"/>
      </extension>
    </extension>
    <extension url="http://hl7.org/fhir/tools/StructureDefinition/ig-parameter">
      <extension url="code">
        <valueString value="path-liquid"/>
      </extension>
      <extension url="value">
        <valueString value="input/liquid"/>
      </extension>
    </extension>
    <extension url="http://hl7.org/fhir/tools/StructureDefinition/ig-parameter">
      <extension url="code">
        <valueString value="path-qa"/>
      </extension>
      <extension url="value">
        <valueString value="temp/qa"/>
      </extension>
    </extension>
    <extension url="http://hl7.org/fhir/tools/StructureDefinition/ig-parameter">
      <extension url="code">
        <valueString value="path-temp"/>
      </extension>
      <extension url="value">
        <valueString value="temp/pages"/>
      </extension>
    </extension>
    <extension url="http://hl7.org/fhir/tools/StructureDefinition/ig-parameter">
      <extension url="code">
        <valueString value="path-output"/>
      </extension>
      <extension url="value">
        <valueString value="output"/>
      </extension>
    </extension>
    <extension url="http://hl7.org/fhir/tools/StructureDefinition/ig-parameter">
      <extension url="code">
        <valueString value="path-suppressed-warnings"/>
      </extension>
      <extension url="value">
        <valueString value="input/ignoreWarnings.txt"/>
      </extension>
    </extension>
    <extension url="http://hl7.org/fhir/tools/StructureDefinition/ig-parameter">
      <extension url="code">
        <valueString value="path-history"/>
      </extension>
      <extension url="value">
        <valueString value="https://profiles.ihe.net/ITI/PDQm/history.html"/>
      </extension>
    </extension>
    <extension url="http://hl7.org/fhir/tools/StructureDefinition/ig-parameter">
      <extension url="code">
        <valueString value="template-html"/>
      </extension>
      <extension url="value">
        <valueString value="template-page.html"/>
      </extension>
    </extension>
    <extension url="http://hl7.org/fhir/tools/StructureDefinition/ig-parameter">
      <extension url="code">
        <valueString value="template-md"/>
      </extension>
      <extension url="value">
        <valueString value="template-page-md.html"/>
      </extension>
    </extension>
    <extension url="http://hl7.org/fhir/tools/StructureDefinition/ig-parameter">
      <extension url="code">
        <valueString value="apply-context"/>
      </extension>
      <extension url="value">
        <valueString value="true"/>
      </extension>
    </extension>
    <extension url="http://hl7.org/fhir/tools/StructureDefinition/ig-parameter">
      <extension url="code">
        <valueString value="apply-copyright"/>
      </extension>
      <extension url="value">
        <valueString value="true"/>
      </extension>
    </extension>
    <extension url="http://hl7.org/fhir/tools/StructureDefinition/ig-parameter">
      <extension url="code">
        <valueString value="apply-license"/>
      </extension>
      <extension url="value">
        <valueString value="true"/>
      </extension>
    </extension>
    <extension url="http://hl7.org/fhir/tools/StructureDefinition/ig-parameter">
      <extension url="code">
        <valueString value="apply-wg"/>
      </extension>
      <extension url="value">
        <valueString value="true"/>
      </extension>
    </extension>
    <extension url="http://hl7.org/fhir/tools/StructureDefinition/ig-parameter">
      <extension url="code">
        <valueString value="fmm-definition"/>
      </extension>
      <extension url="value">
        <valueString value="http://hl7.org/fhir/versions.html#maturity"/>
      </extension>
    </extension>
    <extension url="http://hl7.org/fhir/tools/StructureDefinition/ig-parameter">
      <extension url="code">
        <valueString value="propagate-status"/>
      </extension>
      <extension url="value">
        <valueString value="true"/>
      </extension>
    </extension>
    <extension url="http://hl7.org/fhir/tools/StructureDefinition/ig-parameter">
      <extension url="code">
        <valueString value="excludelogbinaryformat"/>
      </extension>
      <extension url="value">
        <valueString value="true"/>
      </extension>
    </extension>
    <extension url="http://hl7.org/fhir/tools/StructureDefinition/ig-parameter">
      <extension url="code">
        <valueString value="tabbed-snapshots"/>
      </extension>
      <extension url="value">
        <valueString value="true"/>
      </extension>
    </extension>
    <extension url="http://hl7.org/fhir/tools/StructureDefinition/ig-internal-dependency">
      <valueCode value="hl7.fhir.uv.tools.r4#0.8.0"/>
    </extension>
    <extension url="http://hl7.org/fhir/tools/StructureDefinition/ig-parameter">
      <extension url="code">
        <valueCode value="copyrightyear"/>
      </extension>
      <extension url="value">
        <valueString value="2020+"/>
      </extension>
    </extension>
    <extension url="http://hl7.org/fhir/tools/StructureDefinition/ig-parameter">
      <extension url="code">
        <valueCode value="releaselabel"/>
      </extension>
      <extension url="value">
        <valueString value="Trial-Implementation"/>
      </extension>
    </extension>
    <extension url="http://hl7.org/fhir/tools/StructureDefinition/ig-parameter">
      <extension url="code">
        <valueCode value="show-inherited-invariants"/>
      </extension>
      <extension url="value">
        <valueString value="false"/>
      </extension>
    </extension>
    <extension url="http://hl7.org/fhir/tools/StructureDefinition/ig-parameter">
      <extension url="code">
        <valueCode value="usage-stats-opt-out"/>
      </extension>
      <extension url="value">
        <valueString value="false"/>
      </extension>
    </extension>
    <extension url="http://hl7.org/fhir/tools/StructureDefinition/ig-parameter">
      <extension url="code">
        <valueCode value="logging"/>
      </extension>
      <extension url="value">
        <valueString value="progress"/>
      </extension>
    </extension>
    <extension url="http://hl7.org/fhir/tools/StructureDefinition/ig-parameter">
      <extension url="code">
        <valueCode value="shownav"/>
      </extension>
      <extension url="value">
        <valueString value="true"/>
      </extension>
    </extension>
    <extension url="http://hl7.org/fhir/tools/StructureDefinition/ig-parameter">
      <extension url="code">
        <valueCode value="active-tables"/>
      </extension>
      <extension url="value">
        <valueString value="false"/>
      </extension>
    </extension>
    <extension url="http://hl7.org/fhir/tools/StructureDefinition/ig-parameter">
      <extension url="code">
        <valueCode value="apply-contact"/>
      </extension>
      <extension url="value">
        <valueString value="true"/>
      </extension>
    </extension>
    <extension url="http://hl7.org/fhir/tools/StructureDefinition/ig-parameter">
      <extension url="code">
        <valueCode value="apply-jurisdiction"/>
      </extension>
      <extension url="value">
        <valueString value="true"/>
      </extension>
    </extension>
    <extension url="http://hl7.org/fhir/tools/StructureDefinition/ig-parameter">
      <extension url="code">
        <valueCode value="apply-publisher"/>
      </extension>
      <extension url="value">
        <valueString value="true"/>
      </extension>
    </extension>
    <extension url="http://hl7.org/fhir/tools/StructureDefinition/ig-parameter">
      <extension url="code">
        <valueCode value="apply-version"/>
      </extension>
      <extension url="value">
        <valueString value="true"/>
      </extension>
    </extension>
    <extension url="http://hl7.org/fhir/tools/StructureDefinition/ig-parameter">
      <extension url="code">
        <valueCode value="special-url"/>
      </extension>
      <extension url="value">
        <valueString value="urn:ihe:event-type-code"/>
      </extension>
    </extension>
    <extension url="http://hl7.org/fhir/tools/StructureDefinition/ig-parameter">
      <extension url="code">
        <valueCode value="pin-canonicals"/>
      </extension>
      <extension url="value">
        <valueString value="pin-multiples"/>
      </extension>
    </extension>
    <extension url="http://hl7.org/fhir/tools/StructureDefinition/ig-parameter">
      <extension url="code">
        <valueCode value="autoload-resources"/>
      </extension>
      <extension url="value">
        <valueString value="true"/>
      </extension>
    </extension>
    <extension url="http://hl7.org/fhir/tools/StructureDefinition/ig-parameter">
      <extension url="code">
        <valueCode value="path-liquid"/>
      </extension>
      <extension url="value">
        <valueString value="template/liquid"/>
      </extension>
    </extension>
    <extension url="http://hl7.org/fhir/tools/StructureDefinition/ig-parameter">
      <extension url="code">
        <valueCode value="path-liquid"/>
      </extension>
      <extension url="value">
        <valueString value="input/liquid"/>
      </extension>
    </extension>
    <extension url="http://hl7.org/fhir/tools/StructureDefinition/ig-parameter">
      <extension url="code">
        <valueCode value="path-qa"/>
      </extension>
      <extension url="value">
        <valueString value="temp/qa"/>
      </extension>
    </extension>
    <extension url="http://hl7.org/fhir/tools/StructureDefinition/ig-parameter">
      <extension url="code">
        <valueCode value="path-temp"/>
      </extension>
      <extension url="value">
        <valueString value="temp/pages"/>
      </extension>
    </extension>
    <extension url="http://hl7.org/fhir/tools/StructureDefinition/ig-parameter">
      <extension url="code">
        <valueCode value="path-output"/>
      </extension>
      <extension url="value">
        <valueString value="output"/>
      </extension>
    </extension>
    <extension url="http://hl7.org/fhir/tools/StructureDefinition/ig-parameter">
      <extension url="code">
        <valueCode value="path-suppressed-warnings"/>
      </extension>
      <extension url="value">
        <valueString value="input/ignoreWarnings.txt"/>
      </extension>
    </extension>
    <extension url="http://hl7.org/fhir/tools/StructureDefinition/ig-parameter">
      <extension url="code">
        <valueCode value="path-history"/>
      </extension>
      <extension url="value">
        <valueString value="https://profiles.ihe.net/ITI/PDQm/history.html"/>
      </extension>
    </extension>
    <extension url="http://hl7.org/fhir/tools/StructureDefinition/ig-parameter">
      <extension url="code">
        <valueCode value="template-html"/>
      </extension>
      <extension url="value">
        <valueString value="template-page.html"/>
      </extension>
    </extension>
    <extension url="http://hl7.org/fhir/tools/StructureDefinition/ig-parameter">
      <extension url="code">
        <valueCode value="template-md"/>
      </extension>
      <extension url="value">
        <valueString value="template-page-md.html"/>
      </extension>
    </extension>
    <extension url="http://hl7.org/fhir/tools/StructureDefinition/ig-parameter">
      <extension url="code">
        <valueCode value="apply-context"/>
      </extension>
      <extension url="value">
        <valueString value="true"/>
      </extension>
    </extension>
    <extension url="http://hl7.org/fhir/tools/StructureDefinition/ig-parameter">
      <extension url="code">
        <valueCode value="apply-copyright"/>
      </extension>
      <extension url="value">
        <valueString value="true"/>
      </extension>
    </extension>
    <extension url="http://hl7.org/fhir/tools/StructureDefinition/ig-parameter">
      <extension url="code">
        <valueCode value="apply-license"/>
      </extension>
      <extension url="value">
        <valueString value="true"/>
      </extension>
    </extension>
    <extension url="http://hl7.org/fhir/tools/StructureDefinition/ig-parameter">
      <extension url="code">
        <valueCode value="apply-wg"/>
      </extension>
      <extension url="value">
        <valueString value="true"/>
      </extension>
    </extension>
    <extension url="http://hl7.org/fhir/tools/StructureDefinition/ig-parameter">
      <extension url="code">
        <valueCode value="fmm-definition"/>
      </extension>
      <extension url="value">
        <valueString value="http://hl7.org/fhir/versions.html#maturity"/>
      </extension>
    </extension>
    <extension url="http://hl7.org/fhir/tools/StructureDefinition/ig-parameter">
      <extension url="code">
        <valueCode value="propagate-status"/>
      </extension>
      <extension url="value">
        <valueString value="true"/>
      </extension>
    </extension>
    <extension url="http://hl7.org/fhir/tools/StructureDefinition/ig-parameter">
      <extension url="code">
        <valueCode value="excludelogbinaryformat"/>
      </extension>
      <extension url="value">
        <valueString value="true"/>
      </extension>
    </extension>
    <extension url="http://hl7.org/fhir/tools/StructureDefinition/ig-parameter">
      <extension url="code">
        <valueCode value="tabbed-snapshots"/>
      </extension>
      <extension url="value">
        <valueString value="true"/>
      </extension>
    </extension>
    <resource>
      <extension url="http://hl7.org/fhir/tools/StructureDefinition/resource-information">
        <valueString value="StructureDefinition:resource"/>
      </extension>
      <reference>
        <reference value="StructureDefinition/IHE.PDQm.Match.Audit.Consumer"/>
      </reference>
      <name value="Audit Event for PDQm Match at Consumer"/>
      <description value="Defines constraints on the AuditEvent (AuditMessage) Resource for a Patient Demographics Consumer to record when it performs a Patient Demographics Match [ITI-119](./ITI-119.html).&#xA;- Build off of the IHE BasicAudit Query event&#xA;- add the ITI-119 as a subtype&#xA;- client is Patient Demographics Consumer&#xA;- server is Patient Demographics Supplier&#xA;- entity slice for query are REQUIRED&#xA;- entity slice for transaction is available&#xA;- entity for patient SHOULD be used when one patient is explicitly identified in the query parameters&#xA;- source is the client"/>
      <exampleBoolean value="false"/>
    </resource>
    <resource>
      <extension url="http://hl7.org/fhir/tools/StructureDefinition/resource-information">
        <valueString value="StructureDefinition:resource"/>
      </extension>
      <reference>
        <reference value="StructureDefinition/IHE.PDQm.Match.Audit.Supplier"/>
      </reference>
      <name value="Audit Event for PDQm Match at Supplier"/>
      <description value="Defines constraints on the AuditEvent (AuditMessage) Resource when a Patient Demographics Supplier responds to a Patient Demographics Match [ITI-119](./ITI-119.html).&#xA;- Build off of the IHE BasicAudit Query event&#xA;- add the ITI-119 as a subtype&#xA;- client is Patient Demographics Consumer&#xA;- server is Patient Demographics Supplier&#xA;- entity slice for query are REQUIRED&#xA;- entity slice for transaction is available&#xA;- entity for patient SHOULD be used when one patient is explicitly identified in the query parameters&#xA;- source is the server"/>
      <exampleBoolean value="false"/>
    </resource>
    <resource>
      <extension url="http://hl7.org/fhir/tools/StructureDefinition/resource-information">
        <valueString value="StructureDefinition:resource"/>
      </extension>
      <reference>
        <reference value="StructureDefinition/IHE.PDQm.Query.Audit.Consumer"/>
      </reference>
      <name value="Audit Event for PDQm Query at Consumer"/>
      <description value="Defines constraints on the AuditEvent (AuditMessage) Resource for a Patient Demographics Consumer to record when it performs a Patient Demographics Query [ITI-78](./ITI-78.html).&#xA;- Build off of the IHE BasicAudit Query event&#xA;- add the ITI-78 as a subtype&#xA;- client is Patient Demographics Consumer&#xA;- server is Patient Demographics Supplier&#xA;- entity slice for query are REQUIRED&#xA;- entity slice for transaction is available&#xA;- entity for patient SHOULD be used when one patient is explicitly identified in the query parameters&#xA;- source is the client"/>
      <exampleBoolean value="false"/>
    </resource>
    <resource>
      <extension url="http://hl7.org/fhir/tools/StructureDefinition/resource-information">
        <valueString value="StructureDefinition:resource"/>
      </extension>
      <reference>
        <reference value="StructureDefinition/IHE.PDQm.Query.Audit.Supplier"/>
      </reference>
      <name value="Audit Event for PDQm Query at Supplier"/>
      <description value="Defines constraints on the AuditEvent (AuditMessage) Resource when a Patient Demographics Supplier responds to a Patient Demographics Query [ITI-78](./ITI-78.html).&#xA;- Build off of the IHE BasicAudit Query event&#xA;- add the ITI-78 as a subtype&#xA;- client is Patient Demographics Consumer&#xA;- server is Patient Demographics Supplier&#xA;- entity slice for query are REQUIRED&#xA;- entity slice for transaction is available&#xA;- entity for patient SHOULD be used when one patient is explicitly identified in the query parameters&#xA;- source is the server"/>
      <exampleBoolean value="false"/>
    </resource>
    <resource>
      <extension url="http://hl7.org/fhir/tools/StructureDefinition/resource-information">
        <valueString value="AuditEvent"/>
      </extension>
      <reference>
        <reference value="AuditEvent/ex-auditPdqmMatch-consumer"/>
      </reference>
      <name value="Audit Example of ITI-119 at Consumer"/>
      <description value="Audit Event for PDQm Query Transaction by the Patient Identifier Cross-reference Consumer&#xA;&#xA;Where the $match operation was executed with the [example request parameters Bundle](Parameters-ex-match-input-patient-only.html)."/>
      <exampleCanonical value="https://profiles.ihe.net/ITI/PDQm/StructureDefinition/IHE.PDQm.Match.Audit.Consumer"/>
    </resource>
    <resource>
      <extension url="http://hl7.org/fhir/tools/StructureDefinition/resource-information">
        <valueString value="AuditEvent"/>
      </extension>
      <reference>
        <reference value="AuditEvent/ex-auditPdqmMatch-supplier"/>
      </reference>
      <name value="Audit Example of ITI-119 at Supplier"/>
      <description value="Audit Event for PDQm Match Transaction by the Patient Identifier Cross-reference Supplier&#xA;&#xA;Where the $match operation was executed with the [example request parameters Bundle](Parameters-ex-match-input-patient-only.html).&#xA;&#xA;Note the Supplier may choose to record patient identities found, but is not required to.&#xA;&#xA;Given the Supplier chooses to record a patient in the AuditEvent &#xA;When the search finds multiple Patients, &#xA;Then the Supplier would create an AuditEvent for each of those Patients. &#xA;&#xA;This example shows where ex-patient is returned. This single result does not affect the response returned on the ITI-119 that would include all results."/>
      <exampleCanonical value="https://profiles.ihe.net/ITI/PDQm/StructureDefinition/IHE.PDQm.Match.Audit.Supplier"/>
    </resource>
    <resource>
      <extension url="http://hl7.org/fhir/tools/StructureDefinition/resource-information">
        <valueString value="AuditEvent"/>
      </extension>
      <reference>
        <reference value="AuditEvent/ex-auditPdqmQuery-consumer"/>
      </reference>
      <name value="Audit Example of ITI-78 at Consumer"/>
      <description value="Audit Event for PDQm Query Transaction by the Patient Identifier Cross-reference Consumer&#xA;&#xA;where the Query was executed with a GET as follows:&#xA;&#xA;```&#xA;GET https://server.example.com/fhir/Patient?family=MOHR&amp;given=ALICE&amp;active=true&amp;gender=female&#xA;Accept: application/fhir+json; fhirVersion=4.0&#xA;```"/>
      <exampleCanonical value="https://profiles.ihe.net/ITI/PDQm/StructureDefinition/IHE.PDQm.Query.Audit.Consumer"/>
    </resource>
    <resource>
      <extension url="http://hl7.org/fhir/tools/StructureDefinition/resource-information">
        <valueString value="AuditEvent"/>
      </extension>
      <reference>
        <reference value="AuditEvent/ex-auditPdqmQuery-supplier"/>
      </reference>
      <name value="Audit Example of ITI-78 at Supplier"/>
      <description value="Audit Event for PDQm Query Transaction by the Patient Identifier Cross-reference Supplier&#xA;&#xA;where the Query was executed with a GET as follows:&#xA;&#xA;```&#xA;GET https://server.example.com/fhir/Patient?family=MOHR&amp;given=ALICE&amp;active=true&amp;gender=female&#xA;Accept: application/fhir+json; fhirVersion=4.0&#xA;```&#xA;&#xA;Note the Supplier may choose to record patient identities found, but is not required to.&#xA;&#xA;Given the Supplier chooses to record a patient in the AuditEvent &#xA;When the search finds multiple Patients, &#xA;Then the Supplier would create an AuditEvent for each of those Patients. &#xA;&#xA;This example shows where ex-patient is returned. This single result does not affect the response returned on the ITI-78 that would include all results."/>
      <exampleCanonical value="https://profiles.ihe.net/ITI/PDQm/StructureDefinition/IHE.PDQm.Query.Audit.Supplier"/>
    </resource>
    <resource>
      <extension url="http://hl7.org/fhir/tools/StructureDefinition/resource-information">
        <valueString value="Device"/>
      </extension>
      <reference>
        <reference value="Device/ex-device"/>
      </reference>
      <name value="Dummy Device example"/>
      <description value="Dummy Device example for completeness sake. No actual use of this resource other than an example target"/>
      <exampleBoolean value="true"/>
    </resource>
    <resource>
      <extension url="http://hl7.org/fhir/tools/StructureDefinition/resource-information">
        <valueString value="Parameters"/>
      </extension>
      <reference>
        <reference value="Parameters/ex-match-input-count"/>
      </reference>
      <name value="Example $match Input Parameters Where count Is Specified"/>
      <description value="Example of Parameters resource to be supplied for ITI-119 input when count is specified."/>
      <exampleCanonical value="https://profiles.ihe.net/ITI/PDQm/StructureDefinition/IHE.PDQm.MatchParametersIn"/>
    </resource>
    <resource>
      <extension url="http://hl7.org/fhir/tools/StructureDefinition/resource-information">
        <valueString value="Parameters"/>
      </extension>
      <reference>
        <reference value="Parameters/ex-match-input-patient-only"/>
      </reference>
      <name value="Example $match Input Parameters Where Only Patient Is Specified"/>
      <description value="Example of Parameters resource to be supplied for ITI-119 input when only the Patient parameter is specified."/>
      <exampleCanonical value="https://profiles.ihe.net/ITI/PDQm/StructureDefinition/IHE.PDQm.MatchParametersIn"/>
    </resource>
    <resource>
      <extension url="http://hl7.org/fhir/tools/StructureDefinition/resource-information">
        <valueString value="Parameters"/>
      </extension>
      <reference>
        <reference value="Parameters/ex-match-input-onlyCertainMatches"/>
      </reference>
      <name value="Example $match Input Parameters Where onlyCertainmatches Is Specified"/>
      <description value="Example of Parameters resource to be supplied for ITI-119 input when onlyCertainMatches is specified."/>
      <exampleCanonical value="https://profiles.ihe.net/ITI/PDQm/StructureDefinition/IHE.PDQm.MatchParametersIn"/>
    </resource>
    <resource>
      <extension url="http://hl7.org/fhir/tools/StructureDefinition/resource-information">
        <valueString value="Bundle"/>
      </extension>
      <reference>
        <reference value="Bundle/ex-match-output"/>
      </reference>
      <name value="Example $match Output Bundle - 1 Patient"/>
      <description value="Example of Bundle resource to be returned for ITI-119 output. This is a simple case where only one patient is returned."/>
      <exampleCanonical value="https://profiles.ihe.net/ITI/PDQm/StructureDefinition/IHE.PDQm.MatchParametersOut"/>
    </resource>
    <resource>
      <extension url="http://hl7.org/fhir/tools/StructureDefinition/resource-information">
        <valueString value="Bundle"/>
      </extension>
      <reference>
        <reference value="Bundle/ex-match-output-warning"/>
      </reference>
      <name value="Example $match Output Bundle - 1 Patient and 1 Warning"/>
      <description value="Example of Bundle resource to be returned for ITI-119 output. 1 patient is returned alongside a warning."/>
      <exampleCanonical value="https://profiles.ihe.net/ITI/PDQm/StructureDefinition/IHE.PDQm.MatchParametersOut"/>
    </resource>
    <resource>
      <extension url="http://hl7.org/fhir/tools/StructureDefinition/resource-information">
        <valueString value="Bundle"/>
      </extension>
      <reference>
        <reference value="Bundle/ex-match-output-multiple"/>
      </reference>
      <name value="Example $match Output Bundle - 2 Patients"/>
      <description value="Example of Bundle resource to be returned for ITI-119 output. 2 Patients are found in the search result."/>
      <exampleCanonical value="https://profiles.ihe.net/ITI/PDQm/StructureDefinition/IHE.PDQm.MatchParametersOut"/>
    </resource>
    <resource>
      <extension url="http://hl7.org/fhir/tools/StructureDefinition/resource-information">
        <valueString value="Bundle"/>
      </extension>
      <reference>
        <reference value="Bundle/ex-match-output-error"/>
      </reference>
      <name value="Example $match Output Bundle - Error"/>
      <description value="Example of Bundle resource to be returned for ITI-119 output. No Patients are found in the search result."/>
      <exampleCanonical value="https://profiles.ihe.net/ITI/PDQm/StructureDefinition/IHE.PDQm.MatchParametersOut"/>
    </resource>
    <resource>
      <extension url="http://hl7.org/fhir/tools/StructureDefinition/resource-information">
        <valueString value="Bundle"/>
      </extension>
      <reference>
        <reference value="Bundle/ex-match-output-empty"/>
      </reference>
      <name value="Example $match Output Bundle - No Patients Found"/>
      <description value="Example of Bundle resource to be returned for ITI-119 output. No Patients are found in the search result."/>
      <exampleCanonical value="https://profiles.ihe.net/ITI/PDQm/StructureDefinition/IHE.PDQm.MatchParametersOut"/>
    </resource>
    <resource>
      <extension url="http://hl7.org/fhir/tools/StructureDefinition/resource-information">
        <valueString value="Bundle"/>
      </extension>
      <reference>
        <reference value="Bundle/ex-QueryPatientResourceResponseMessage"/>
      </reference>
      <name value="Example of a Query Patient Resource Response message"/>
      <description value="Example of a Query Patient Resource Response message with a single Patient"/>
      <exampleCanonical value="https://profiles.ihe.net/ITI/PDQm/StructureDefinition/IHE.PDQm.QueryPatientResourceResponseMessage"/>
    </resource>
    <resource>
      <extension url="http://hl7.org/fhir/tools/StructureDefinition/resource-information">
        <valueString value="OperationOutcome"/>
      </extension>
      <reference>
        <reference value="OperationOutcome/ex-match-failure"/>
      </reference>
      <name value="Example OperationOutcome - $match Failure"/>
      <description value="Example OperationOutcome resulting from a failure to invoke $match"/>
      <exampleBoolean value="true"/>
    </resource>
    <resource>
      <extension url="http://hl7.org/fhir/tools/StructureDefinition/resource-information">
        <valueString value="OperationOutcome"/>
      </extension>
      <reference>
        <reference value="OperationOutcome/ex-match-warning"/>
      </reference>
      <name value="Example OperationOutcome - $match Warning"/>
      <description value="Example OperationOutcome containing a warning to be returned for $match"/>
      <exampleBoolean value="true"/>
    </resource>
    <resource>
      <extension url="http://hl7.org/fhir/tools/StructureDefinition/resource-information">
        <valueString value="Patient"/>
      </extension>
      <reference>
        <reference value="Patient/ex-match-input-patient"/>
      </reference>
      <name value="Example Patient input for PDQm $match"/>
      <description value="Example of a Patient resource to be used as input for $match"/>
      <exampleCanonical value="https://profiles.ihe.net/ITI/PDQm/StructureDefinition/IHE.PDQm.MatchInputPatient"/>
    </resource>
    <resource>
      <extension url="http://hl7.org/fhir/tools/StructureDefinition/resource-information">
        <valueString value="Patient"/>
      </extension>
      <reference>
        <reference value="Patient/ex-patient"/>
      </reference>
      <name value="Example PDQm Patient"/>
      <description value="Example Patient instance of the PDQm Patient profile."/>
      <exampleCanonical value="https://profiles.ihe.net/ITI/PDQm/StructureDefinition/IHE.PDQm.Patient"/>
    </resource>
    <resource>
      <extension url="http://hl7.org/fhir/tools/StructureDefinition/resource-information">
        <valueString value="Patient"/>
      </extension>
      <reference>
        <reference value="Patient/ex-patient-mothers-maiden-name"/>
      </reference>
      <name value="Example PDQm Patient with Mothers Maiden Name Extension"/>
      <description value="Example Patient instance of the PDQm Patient profile where the Patient has the mother's maiden name specified."/>
      <exampleCanonical value="https://profiles.ihe.net/ITI/PDQm/StructureDefinition/IHE.PDQm.Patient"/>
    </resource>
    <resource>
      <extension url="http://hl7.org/fhir/tools/StructureDefinition/resource-information">
        <valueString value="OperationDefinition"/>
      </extension>
      <reference>
        <reference value="OperationDefinition/PDQmMatch"/>
      </reference>
      <name value="PDQm $Match"/>
      <description value="This operation implements the [Patient Demographics Match \[ITI-119\]](ITI-119.html) transaction.&#xA;It is fully compatible with the [$match Operation on Patient](http://hl7.org/fhir/R4/patient-operation-match.html). &#xA;The only changes are to constrain the input parameters to use the [PDQm Patient Profile for $match Input](StructureDefinition-IHE.PDQm.MatchInputPatient.html) profile&#xA;and to constring the output parameters to use the [PDQm Patient Profile](StructureDefinition-IHE.PDQm.Patient.html) profile."/>
      <exampleBoolean value="false"/>
    </resource>
    <resource>
      <extension url="http://hl7.org/fhir/tools/StructureDefinition/resource-information">
        <valueString value="StructureDefinition:resource"/>
      </extension>
      <reference>
        <reference value="StructureDefinition/IHE.PDQm.MatchParametersIn"/>
      </reference>
      <name value="PDQm Match Input Parameters Profile"/>
      <description value="The PDQm Match Input Parameters Profile describes the Parameters Resource that is to be posted to the $match endpoint when invoking ITI-119.&#xA;This profile is consistent with the expections of the [Patient-match operation in FHIR core](http://hl7.org/fhir/R4/patient-operation-match.html),&#xA;except the input resource SHALL be an instance of the [PDQm Patient Profile for $match Input](StructureDefinition-IHE.PDQm.MatchInputPatient.html).&#xA;&#xA;Note that the only REQUIRED parameter is the Patient Resource. When only the Patient is supplied, it can be POSTed directly to the $match endpoint&#xA;without being wrapped in a Parameters Resource, as long as it conforms to the [PDQm Patient Profile for $match Input](StructureDefinition-IHE.PDQm.MatchInputPatient.html)."/>
      <exampleBoolean value="false"/>
    </resource>
    <resource>
      <extension url="http://hl7.org/fhir/tools/StructureDefinition/resource-information">
        <valueString value="StructureDefinition:resource"/>
      </extension>
      <reference>
        <reference value="StructureDefinition/IHE.PDQm.MatchParametersOut"/>
      </reference>
      <name value="PDQm Match Output Bundle Profile"/>
      <description value="The PDQm Match Output Bundle Profile describes the Bundle that SHALL be returned in response to an ITI-119 transaction.&#xA;This profile is consistent with the expections of the [Patient-match operation in FHIR core](http://hl7.org/fhir/R4/patient-operation-match.html),&#xA;except the Patient Resources SHALL be instances of the [PDQm Patient Profile](StructureDefinition-IHE.PDQm.Patient.html).&#xA;&#xA;Since the response to the $match Operation contains only one parameter, the Bundle resource is returned directly rather&#xA;than inside of a Parameters resource."/>
      <exampleBoolean value="false"/>
    </resource>
    <resource>
      <extension url="http://hl7.org/fhir/tools/StructureDefinition/resource-information">
        <valueString value="CapabilityStatement"/>
      </extension>
      <reference>
        <reference value="CapabilityStatement/IHE.PDQm.PatientDemographicsConsumerMatch"/>
      </reference>
      <name value="PDQm Patient Demographics Consumer Actor Implementing Match Operation Option"/>
      <description value="The PDQm Patient Demographics Consumer Actor (client) requirements CapabililtyStatement expresses the requirements that can be utilized while being compliant. This capability statement implements the Match Operation Option.&#xA;&#xA;- Invoke the $match operation on a FHIR endpoint&#xA;- Using FHIR R4&#xA;- Input and output parameters conform to the PDQm Profiles&#xA;- MAY request json or xml encoding&#xA;- SHOULD use a security framework. Recommend [ATNA](https://profiles.ihe.net/ITI/TF/Volume1/ch-9.html), encouraged [IHE-IUA](https://profiles.ihe.net/ITI/IUA/index.html) or [SMART-app-launch](http://www.hl7.org/fhir/smart-app-launch/)"/>
      <exampleBoolean value="false"/>
    </resource>
    <resource>
      <extension url="http://hl7.org/fhir/tools/StructureDefinition/resource-information">
        <valueString value="CapabilityStatement"/>
      </extension>
      <reference>
        <reference value="CapabilityStatement/IHE.PDQm.PatientDemographicsConsumerQuery"/>
      </reference>
      <name value="PDQm Patient Demographics Consumer Actor Implementing Patient Search Option"/>
      <description value="The PDQm Patient Demographics Consumer Actor (client) requirements CapabililtyStatement expresses the requirements that can be utilized while being compliant. This capability statement implements the Patient Search Option.&#xA;&#xA;- Query against the FHIR endpoint to the Patient Resource endpoint&#xA;- Using FHIR R4&#xA;- MAY request json or xml encoding&#xA;- SHOULD use a security framework. Recommend [ATNA](https://profiles.ihe.net/ITI/TF/Volume1/ch-9.html), encouraged [IHE-IUA](https://profiles.ihe.net/ITI/IUA/index.html) or [SMART-app-launch](http://www.hl7.org/fhir/smart-app-launch/)&#xA;- [Search Parameters that MAY be used](ITI-78.html#23784121-search-parameters)&#xA;  - _id&#xA;  - active&#xA;  - family&#xA;  - given&#xA;  - identifier&#xA;  - telecom&#xA;  - birthdate&#xA;  - address&#xA;  - gender&#xA;  - mothersMaidenName"/>
      <exampleBoolean value="false"/>
    </resource>
    <resource>
      <extension url="http://hl7.org/fhir/tools/StructureDefinition/resource-information">
        <valueString value="CapabilityStatement"/>
      </extension>
      <reference>
        <reference value="CapabilityStatement/IHE.PDQm.PatientDemographicsSupplier"/>
      </reference>
      <name value="PDQm Patient Demographics Supplier Actor"/>
      <description value="The PDQm Patient Demographics Supplier Actor (server) requirements CapabililtyStatement expresses the requirements that SHALL be provided.&#xA;&#xA;- Query against the FHIR endpoint to the Patient Resource endpoint&#xA;- Using FHIR R4&#xA;- SHALL support both json or xml encoding&#xA;- SHOULD use a security framework. Recommend [ATNA](https://profiles.ihe.net/ITI/TF/Volume1/ch-9.html), encouraged [IHE-IUA](https://profiles.ihe.net/ITI/IUA/index.html) or [SMART-app-launch](http://www.hl7.org/fhir/smart-app-launch/)&#xA;- [Search Parameters that SHALL be supported](ITI-78.html#23784121-search-parameters)&#xA;  - _id&#xA;  - active&#xA;  - family&#xA;  - given&#xA;  - identifier&#xA;  - telecom&#xA;  - birthdate&#xA;  - address&#xA;  - gender&#xA;  - mothersMaidenName&#xA;- SHALL support the `:exact` modifier on search parameters of type string&#xA;- SHALL return Patient Resources conforming to the PDQm Patient Profile"/>
      <exampleBoolean value="false"/>
    </resource>
    <resource>
      <extension url="http://hl7.org/fhir/tools/StructureDefinition/resource-information">
        <valueString value="CapabilityStatement"/>
      </extension>
      <reference>
        <reference value="CapabilityStatement/IHE.PDQm.PatientDemographicsSupplierMatch"/>
      </reference>
      <name value="PDQm Patient Demographics Supplier Actor Implementing Match Operation Option"/>
      <description value="The PDQm Patient Demographics Supplier Actor (server) requirements CapabililtyStatement expresses the requirements that SHALL be provided. This capability statement implements the Match Operation Option.&#xA;&#xA;- Query against the FHIR endpoint to the Patient Resource endpoint&#xA;- Using FHIR R4&#xA;- SHALL support both json or xml encoding&#xA;- SHOULD use a security framework. Recommend [ATNA](https://profiles.ihe.net/ITI/TF/Volume1/ch-9.html), encouraged [IHE-IUA](https://profiles.ihe.net/ITI/IUA/index.html) or [SMART-app-launch](http://www.hl7.org/fhir/smart-app-launch/)&#xA;- [Search Parameters that SHALL be supported](ITI-78.html#23784121-search-parameters)&#xA;  - _id&#xA;  - active&#xA;  - family&#xA;  - given&#xA;  - identifier&#xA;  - telecom&#xA;  - birthdate&#xA;  - address&#xA;  - gender&#xA;  - mothersMaidenName&#xA;- SHALL support the `:exact` modifier on search parameters of type string&#xA;- SHALL support the PDQm $match operation&#xA;- SHALL return Patient Resources conforming to the PDQm Patient Profile"/>
      <exampleBoolean value="false"/>
    </resource>
    <resource>
      <extension url="http://hl7.org/fhir/tools/StructureDefinition/resource-information">
        <valueString value="StructureDefinition:resource"/>
      </extension>
      <reference>
        <reference value="StructureDefinition/IHE.PDQm.Patient"/>
      </reference>
      <name value="PDQm Patient Profile"/>
      <description value="#### Overview&#xA;&#xA;The PDQm Patient Profile establiashes the following base requirements:&#xA;- when any element in FHIR Core Patient are known, and when authorized to return the element, then all elements that are core to FHIR Patient SHOULD be returned&#xA;- forbids modifier extensions and implicit rules - so that all uses do not need to be concerned with changes to the meaning of the core elements of the Patient resource&#xA;- adds the `patient-mothersMaidenName` extension as an extension available to hold the mother's maiden name&#xA;&#xA;#### Use of Business Identifiers&#xA;&#xA;To facilitate working with and matching resources across specifications and servers, `Patient.identifier` is REQUIRED. Including business identifiers in `Patient.identifier` is important for&#xA;allowing the Patient resource to maintain identity outside of the context of the FHIR server on which it resides. &#xA;This would be the case when the resource is copied to another server, saved to a file, migrated to a new FHIR server, etc.&#xA;&#xA;`Patient.identifier` is typically populated with an identifier assigned by an assigning authority in the &#xA;local patient identifier domain. Populating with identifiers issued by jurisdictional authorities, such as&#xA;the patient's national identifier, drivers license number, jurisdictional healthcare identifier, etc., is also &#xA;typical when policy allows for those identifiers to be disclosed to the client system. &#xA;&#xA;When no existing business identifier exists, the Patient Demographics Supplier might construct one in one of the &#xA;following ways:&#xA;&#xA;**Option 1**:  Populate `Patient.identifier.value` with the full URL for the Patient resource as it would be accessed by&#xA;the client when doing a READ request. In this case, the corresponding value for `Patient.identifier.system`&#xA;SHALL be `urn:ietf:rfc:3986`.&#xA;&#xA;**Option 2**:  Populate `Patient.identifier.value` with a [Universally Unique Identifier](https://en.wikipedia.org/wiki/Universally_unique_identifier),&#xA;including the `urn:uuid:` prefix. In this case, the corresponding value for `Patient.identifier.system` &#xA;SHALL be `urn:ietf:rfc:3986`. The UUID SHOULD be persisted within the FHIR resource so that subsequent accesses &#xA;return the same identifier, but it is not REQUIRED in environments where doing so is not possible. &#xA;&#xA;#### Handling of Patient.link&#xA;When multiple Patient Resources are used to represent the same Patient, Patient.link SHALL be used to describe&#xA;the relationship between the resources. &#xA;&#xA;When returning Patient Resources, the Patient Demographics SHALL ensure that:&#xA;* No more that one Patient Resource referencing a Patient Identity contains `active=true`&#xA;* When returning multiple Patient Resources for the same Patient, `Patient.link` SHALL be used to describe the relationship between each Patient Resource&#xA;* When one Patient Resource has become subsumed by another, the subsumed Patient SHALL use `Patient.link` to point at the surviving Patinet Resource and `Patient.link.type` SHALL be `replaced-by`.&#xA;&#xA;Patient Demographics Consumers SHOULD be able to traverse Patient.link and use Patient.active to determine if a given Patient is currently active in the system."/>
      <exampleBoolean value="false"/>
    </resource>
    <resource>
      <extension url="http://hl7.org/fhir/tools/StructureDefinition/resource-information">
        <valueString value="StructureDefinition:resource"/>
      </extension>
      <reference>
        <reference value="StructureDefinition/IHE.PDQm.MatchInputPatient"/>
      </reference>
      <name value="PDQm Patient Profile for $match Input"/>
      <description value="The PDQm Patient Profile for $match Input SHALL be provided as input to the ITI-119 transaction. &#xA;- While it is not REQUIRED that the input to $match be a valid FHIR instance, it is RECOMMENDED to supply as many elements as possible to facilitate matching.&#xA;- modifierExtension and implicitRules SHALL not be specified.&#xA;- The patient-mothersMaidenName extension is available to hold the mother's maiden name"/>
      <exampleBoolean value="false"/>
    </resource>
    <resource>
      <extension url="http://hl7.org/fhir/tools/StructureDefinition/resource-information">
        <valueString value="StructureDefinition:resource"/>
      </extension>
      <reference>
        <reference value="StructureDefinition/IHE.PDQm.QueryPatientResourceResponseMessage"/>
      </reference>
      <name value="PDQm Query Patient Resource Response message"/>
      <description value="A profile on the Query Patient Resource Response message for ITI-78"/>
      <exampleBoolean value="false"/>
    </resource>
    <page>
      <extension url="http://hl7.org/fhir/tools/StructureDefinition/ig-page-name">
        <valueUrl value="toc.html"/>
      </extension>
      <nameUrl value="toc.html"/>
      <title value="Table of Contents"/>
      <generation value="html"/>
      <page>
        <extension url="http://hl7.org/fhir/tools/StructureDefinition/ig-page-name">
          <valueUrl value="index.html"/>
        </extension>
        <nameUrl value="index.html"/>
        <title value="Patient Demographics Query for Mobile"/>
        <generation value="markdown"/>
      </page>
      <page>
        <extension url="http://hl7.org/fhir/tools/StructureDefinition/ig-page-name">
          <valueUrl value="volume-1.html"/>
        </extension>
        <nameUrl value="volume-1.html"/>
        <title value="1:38 Patient Demographics Query for Mobile (PDQm)"/>
        <generation value="markdown"/>
      </page>
      <page>
        <extension url="http://hl7.org/fhir/tools/StructureDefinition/ig-page-name">
          <valueUrl value="ITI-78.html"/>
        </extension>
        <nameUrl value="ITI-78.html"/>
        <title value="2:3.78 Mobile Patient Demographics Query [ITI-78]"/>
        <generation value="markdown"/>
      </page>
      <page>
        <extension url="http://hl7.org/fhir/tools/StructureDefinition/ig-page-name">
          <valueUrl value="ITI-119.html"/>
        </extension>
        <nameUrl value="ITI-119.html"/>
        <title value="2:3.119 Patient Demographics Match [ITI-119]"/>
        <generation value="markdown"/>
      </page>
      <page>
        <extension url="http://hl7.org/fhir/tools/StructureDefinition/ig-page-name">
          <valueUrl value="testplan.html"/>
        </extension>
        <nameUrl value="testplan.html"/>
        <title value="PDQm Test Plan"/>
        <generation value="markdown"/>
      </page>
      <page>
        <extension url="http://hl7.org/fhir/tools/StructureDefinition/ig-page-name">
          <valueUrl value="issues.html"/>
        </extension>
        <nameUrl value="issues.html"/>
        <title value="Significant Changes and Issues"/>
        <generation value="markdown"/>
      </page>
      <page>
        <extension url="http://hl7.org/fhir/tools/StructureDefinition/ig-page-name">
          <valueUrl value="other.html"/>
        </extension>
        <nameUrl value="other.html"/>
        <title value="Changes to other IHE Specifications"/>
        <generation value="markdown"/>
      </page>
      <page>
        <extension url="http://hl7.org/fhir/tools/StructureDefinition/ig-page-name">
          <valueUrl value="download.html"/>
        </extension>
        <nameUrl value="download.html"/>
        <title value="Download and Analysis"/>
        <generation value="markdown"/>
      </page>
    </page>
    <parameter>
      <code value="path-resource"/>
      <value value="input/resources"/>
    </parameter>
    <parameter>
      <code value="path-resource"/>
      <value value="fsh-generated/resources"/>
    </parameter>
    <parameter>
      <code value="path-resource"/>
      <value value="input/examples"/>
    </parameter>
    <parameter>
      <code value="path-resource"/>
      <value value="input/capabilities"/>
    </parameter>
    <parameter>
      <code value="path-resource"/>
      <value value="input/extensions"/>
    </parameter>
    <parameter>
      <code value="path-resource"/>
      <value value="input/models"/>
    </parameter>
    <parameter>
      <code value="path-resource"/>
      <value value="input/operations"/>
    </parameter>
    <parameter>
      <code value="path-resource"/>
      <value value="input/profiles"/>
    </parameter>
    <parameter>
      <code value="path-resource"/>
      <value value="input/vocabulary"/>
    </parameter>
    <parameter>
      <code value="path-resource"/>
      <value value="input/testing"/>
    </parameter>
    <parameter>
      <code value="path-resource"/>
      <value value="input/history"/>
    </parameter>
    <parameter>
      <code value="path-pages"/>
      <value value="template/config"/>
    </parameter>
    <parameter>
      <code value="path-pages"/>
      <value value="input/images"/>
    </parameter>
    <parameter>
      <code value="path-tx-cache"/>
      <value value="input-cache/txcache"/>
    </parameter>
  </definition>
</ImplementationGuide>