<?xml version="1.0" encoding="UTF-8"?>

<AuditEvent xmlns="http://hl7.org/fhir">
  <id value="ex-AuditMcsdCareServicesUpdates"/>
  <meta>
    <profile value="https://profiles.ihe.net/ITI/mCSD/StructureDefinition/IHE.mCSD.Audit.CareServices.Updates"/>
  </meta>
  <text>
    <status value="generated"/><div xmlns="http://www.w3.org/1999/xhtml"><p class="res-header-id"><b>Generated Narrative: AuditEvent ex-AuditMcsdCareServicesUpdates</b></p><a name="ex-AuditMcsdCareServicesUpdates"> </a><a name="hcex-AuditMcsdCareServicesUpdates"> </a><a name="ex-AuditMcsdCareServicesUpdates-en-US"> </a><div style="display: inline-block; background-color: #d9e0e7; padding: 6px; margin: 4px; border: 1px solid #8da1b4; border-radius: 5px; line-height: 60%"><p style="margin-bottom: 0px"/><p style="margin-bottom: 0px">Profile: <a href="StructureDefinition-IHE.mCSD.Audit.CareServices.Updates.html">Audit Event for Request Care Services Updates Transaction by the Update Client and Directory</a></p></div><p><b>type</b>: <a href="http://terminology.hl7.org/6.2.0/CodeSystem-audit-event-type.html#audit-event-type-rest">Audit Event ID rest</a>: Restful Operation</p><p><b>subtype</b>: <a href="http://hl7.org/fhir/R4/codesystem-restful-interaction.html#restful-interaction-history-type">FHIR Restful Interactions history-type</a>: history-type, unknown ITI-91: Request Care Services Updates</p><p><b>recorded</b>: 2022-04-13 19:33:45+0000</p><blockquote><p><b>agent</b></p><p><b>type</b>: <span title="Codes:{http://dicom.nema.org/resources/ontology/DCM 110153}">Source Role ID</span></p><p><b>who</b>: <a href="Device-ex-device.html">Device</a></p><p><b>requestor</b>: false</p><h3>Networks</h3><table class="grid"><tr><td style="display: none">-</td><td><b>Address</b></td><td><b>Type</b></td></tr><tr><td style="display: none">*</td><td>http://central.example.com/fhir</td><td>URI</td></tr></table></blockquote><blockquote><p><b>agent</b></p><p><b>type</b>: <span title="Codes:{http://dicom.nema.org/resources/ontology/DCM 110152}">Destination Role ID</span></p><p><b>who</b>: registry.example.org</p><p><b>requestor</b>: false</p><h3>Networks</h3><table class="grid"><tr><td style="display: none">-</td><td><b>Address</b></td><td><b>Type</b></td></tr><tr><td style="display: none">*</td><td>2001:0db8:85a3:0000:0000:8a2e:0370:7334</td><td>IP Address</td></tr></table></blockquote><h3>Sources</h3><table class="grid"><tr><td style="display: none">-</td><td><b>Site</b></td><td><b>Observer</b></td><td><b>Type</b></td></tr><tr><td style="display: none">*</td><td>central.example.com</td><td><a href="Device-ex-device.html">Device</a></td><td><a href="http://terminology.hl7.org/6.2.0/CodeSystem-security-source-type.html#security-source-type-4">Audit Event Source Type 4</a>: Application Server</td></tr></table><h3>Entities</h3><table class="grid"><tr><td style="display: none">-</td><td><b>Type</b></td><td><b>Role</b></td><td><b>Query</b></td></tr><tr><td style="display: none">*</td><td><a href="http://terminology.hl7.org/6.2.0/CodeSystem-audit-entity-type.html#audit-entity-type-2">Audit event entity type 2</a>: System Object</td><td><a href="http://terminology.hl7.org/6.2.0/CodeSystem-object-role.html#object-role-24">AuditEventEntityRole 24</a>: Query</td><td><code>UHJhY3RpdGlvbmVyL19oaXN0b3J5P19zaW5jZT0yMDIyLTAxLTAx</code></td></tr></table></div>
  </text>
  <type>
    <system value="http://terminology.hl7.org/CodeSystem/audit-event-type"/>
    <code value="rest"/>
    <display value="Restful Operation"/>
  </type>
  <subtype>
    <system value="http://hl7.org/fhir/restful-interaction"/>
    <code value="history-type"/>
    <display value="history-type"/>
  </subtype>
  <subtype>
    <system value="urn:ihe:event-type-code"/>
    <code value="ITI-91"/>
    <display value="Request Care Services Updates"/>
  </subtype>
  <recorded value="2022-04-13T19:33:45Z"/>
  <agent>
    <type>
      <coding>
        <system value="http://dicom.nema.org/resources/ontology/DCM"/>
        <code value="110153"/>
        <display value="Source Role ID"/>
      </coding>
    </type>
    <who>
      <reference value="Device/ex-device"/>
    </who>
    <requestor value="false"/>
    <network>
      <address value="http://central.example.com/fhir"/>
      <type value="5"/>
    </network>
  </agent>
  <agent>
    <type>
      <coding>
        <system value="http://dicom.nema.org/resources/ontology/DCM"/>
        <code value="110152"/>
        <display value="Destination Role ID"/>
      </coding>
    </type>
    <who>
      <display value="registry.example.org"/>
    </who>
    <requestor value="false"/>
    <network>
      <address value="2001:0db8:85a3:0000:0000:8a2e:0370:7334"/>
      <type value="2"/>
    </network>
  </agent>
  <source>
    <site value="central.example.com"/>
    <observer>
      <reference value="Device/ex-device"/>
    </observer>
    <type>
      <system value="http://terminology.hl7.org/CodeSystem/security-source-type"/>
      <code value="4"/>
      <display value="Application Server"/>
    </type>
  </source>
  <entity>
    <type>
      <system value="http://terminology.hl7.org/CodeSystem/audit-entity-type"/>
      <code value="2"/>
      <display value="System Object"/>
    </type>
    <role>
      <system value="http://terminology.hl7.org/CodeSystem/object-role"/>
      <code value="24"/>
      <display value="Query"/>
    </role>
    <query value="UHJhY3RpdGlvbmVyL19oaXN0b3J5P19zaW5jZT0yMDIyLTAxLTAx"/>
  </entity>
</AuditEvent>