{
  "resourceType" : "CodeSystem",
  "id" : "MCSDEndpointTypes",
  "text" : {
    "status" : "generated",
    "div" : "<div xmlns=\"http://www.w3.org/1999/xhtml\"><p class=\"res-header-id\"><b>Generated Narrative: CodeSystem MCSDEndpointTypes</b></p><a name=\"MCSDEndpointTypes\"> </a><a name=\"hcMCSDEndpointTypes\"> </a><a name=\"MCSDEndpointTypes-en-US\"> </a><p>This case-sensitive code system <code>https://profiles.ihe.net/ITI/mCSD/CodeSystem/MCSDEndpointTypes</code> defines the following codes in a Part Of hierarchy:</p><table class=\"codes\"><tr><td><b>Lvl</b></td><td style=\"white-space:nowrap\"><b>Code</b></td><td><b>Display</b></td></tr><tr><td>1</td><td style=\"white-space:nowrap\">ihe-xca<a name=\"MCSDEndpointTypes-ihe-xca\"> </a></td><td>XCA</td></tr><tr><td>2</td><td style=\"white-space:nowrap\">\u00a0\u00a0XCA-InitGateway-Query<a name=\"MCSDEndpointTypes-XCA-InitGateway-Query\"> </a></td><td>XCA InitiatingGateway ITI-18 Registry Stored Query Synchronous</td></tr><tr><td>2</td><td style=\"white-space:nowrap\">\u00a0\u00a0XCA-InitGateway-Retrieve<a name=\"MCSDEndpointTypes-XCA-InitGateway-Retrieve\"> </a></td><td>XCA InitiatingGateway ITI-43 Retrieve Document Set Synchronous</td></tr><tr><td>2</td><td style=\"white-space:nowrap\">\u00a0\u00a0XCA-InitGateway-Query-Async<a name=\"MCSDEndpointTypes-XCA-InitGateway-Query-Async\"> </a></td><td>XCA InitiatingGateway ITI-18 Registry Stored Query Asynchronous</td></tr><tr><td>2</td><td style=\"white-space:nowrap\">\u00a0\u00a0XCA-InitGateway-Retrieve-Async<a name=\"MCSDEndpointTypes-XCA-InitGateway-Retrieve-Async\"> </a></td><td>XCA InitiatingGateway ITI-43 Retrieve Document Set Asynchronous</td></tr><tr><td>2</td><td style=\"white-space:nowrap\">\u00a0\u00a0XCA-InitGateway-Query-AsyncResponse<a name=\"MCSDEndpointTypes-XCA-InitGateway-Query-AsyncResponse\"> </a></td><td>XCA InitiatingGateway ITI-38 Cross Gateway Query Asynchronous Response</td></tr><tr><td>2</td><td style=\"white-space:nowrap\">\u00a0\u00a0XCA-InitGateway-Retrieve-AsyncResponse<a name=\"MCSDEndpointTypes-XCA-InitGateway-Retrieve-AsyncResponse\"> </a></td><td>XCA InitiatingGateway ITI-39 Cross Gateway Retrieve Asynchronous Response</td></tr><tr><td>2</td><td style=\"white-space:nowrap\">\u00a0\u00a0XCA-RespGateway-Query<a name=\"MCSDEndpointTypes-XCA-RespGateway-Query\"> </a></td><td>XCA RespondingGateway ITI-38 Cross Gateway Query Synchronous</td></tr><tr><td>2</td><td style=\"white-space:nowrap\">\u00a0\u00a0XCA-RespGateway-Retrieve<a name=\"MCSDEndpointTypes-XCA-RespGateway-Retrieve\"> </a></td><td>XCA RespondingGateway ITI-39 Cross Gateway Retrieve Synchronous</td></tr><tr><td>2</td><td style=\"white-space:nowrap\">\u00a0\u00a0XCA-RespGateway-Query-Async<a name=\"MCSDEndpointTypes-XCA-RespGateway-Query-Async\"> </a></td><td>XCA RespondingGateway ITI-38 Cross Gateway Query Asynchronous</td></tr><tr><td>2</td><td style=\"white-space:nowrap\">\u00a0\u00a0XCA-RespGateway-Retrieve-Async<a name=\"MCSDEndpointTypes-XCA-RespGateway-Retrieve-Async\"> </a></td><td>XCA RespondingGateway ITI-39 Cross Gateway Retrieve Asynchronous</td></tr><tr><td>1</td><td style=\"white-space:nowrap\">ihe-xcpd<a name=\"MCSDEndpointTypes-ihe-xcpd\"> </a></td><td>XCPD</td></tr><tr><td>2</td><td style=\"white-space:nowrap\">\u00a0\u00a0XCPD-InitGateway-PatientDiscovery-AsyncResponse<a name=\"MCSDEndpointTypes-XCPD-InitGateway-PatientDiscovery-AsyncResponse\"> </a></td><td>XCPD InitiatingGateway ITI-55 Cross Gateway Patient Discovery Asynchronous Response</td></tr><tr><td>2</td><td style=\"white-space:nowrap\">\u00a0\u00a0XCPD-RespGateway-PatientDiscovery<a name=\"MCSDEndpointTypes-XCPD-RespGateway-PatientDiscovery\"> </a></td><td>XCPD RespondingGateway ITI-55 Cross Gateway Patient Discovery Synchronous</td></tr><tr><td>2</td><td style=\"white-space:nowrap\">\u00a0\u00a0XCPD-RespGateway-PatientDiscovery-Async<a name=\"MCSDEndpointTypes-XCPD-RespGateway-PatientDiscovery-Async\"> </a></td><td>XCPD RespondingGateway ITI-55 Cross Gateway Patient Discovery Asynchronous</td></tr><tr><td>1</td><td style=\"white-space:nowrap\">ihe-xds<a name=\"MCSDEndpointTypes-ihe-xds\"> </a></td><td>XDS</td></tr><tr><td>2</td><td style=\"white-space:nowrap\">\u00a0\u00a0XDS-Registry-Feed<a name=\"MCSDEndpointTypes-XDS-Registry-Feed\"> </a></td><td>XDS Registry ITI-8 Patient Identity Feed Synchronous</td></tr><tr><td>2</td><td style=\"white-space:nowrap\">\u00a0\u00a0XDS-Registry-Feed-v3<a name=\"MCSDEndpointTypes-XDS-Registry-Feed-v3\"> </a></td><td>XDS Registry ITI-44 Patient Identity Feed HL7v3 Synchronous</td></tr><tr><td>2</td><td style=\"white-space:nowrap\">\u00a0\u00a0XDS-Registry-Register<a name=\"MCSDEndpointTypes-XDS-Registry-Register\"> </a></td><td>XDS Registry ITI-42 Register Document Set-b Synchronous</td></tr><tr><td>2</td><td style=\"white-space:nowrap\">\u00a0\u00a0XDS-Registry-Query<a name=\"MCSDEndpointTypes-XDS-Registry-Query\"> </a></td><td>XDS Registry ITI-18 Registry Stored Query Synchronous</td></tr><tr><td>2</td><td style=\"white-space:nowrap\">\u00a0\u00a0XDS-Registry-RegOnDemand<a name=\"MCSDEndpointTypes-XDS-Registry-RegOnDemand\"> </a></td><td>XDS Registry ITI-61 Register On-Demand Document Entry Synchronous</td></tr><tr><td>2</td><td style=\"white-space:nowrap\">\u00a0\u00a0XDS-Registry-Register-Async<a name=\"MCSDEndpointTypes-XDS-Registry-Register-Async\"> </a></td><td>XDS Registry ITI-42 Register Document Set-b Asynchronous</td></tr><tr><td>2</td><td style=\"white-space:nowrap\">\u00a0\u00a0XDS-Registry-Query-Async<a name=\"MCSDEndpointTypes-XDS-Registry-Query-Async\"> </a></td><td>XDS Registry ITI-18 Registry Stored Query Asynchronous</td></tr><tr><td>2</td><td style=\"white-space:nowrap\">\u00a0\u00a0XDS-Registry-RegOnDemand-Async<a name=\"MCSDEndpointTypes-XDS-Registry-RegOnDemand-Async\"> </a></td><td>XDS Registry ITI-61 Register On-Demand Document Entry Asynchronous</td></tr><tr><td>2</td><td style=\"white-space:nowrap\">\u00a0\u00a0XDS-Repository-ProvideReg<a name=\"MCSDEndpointTypes-XDS-Repository-ProvideReg\"> </a></td><td>XDS Repository ITI-41 Provide&amp;Register Document Set-b Synchronous</td></tr><tr><td>2</td><td style=\"white-space:nowrap\">\u00a0\u00a0XDS-Repository-Retrieve<a name=\"MCSDEndpointTypes-XDS-Repository-Retrieve\"> </a></td><td>XDS Repository/IntegratedSourceRepository ITI-43 Retrieve Document Set Synchronous</td></tr><tr><td>2</td><td style=\"white-space:nowrap\">\u00a0\u00a0XDS-Repository-ProvideReg-Async<a name=\"MCSDEndpointTypes-XDS-Repository-ProvideReg-Async\"> </a></td><td>XDS Repository ITI-41 Provide&amp;Register Document Set-b Asynchronous</td></tr><tr><td>2</td><td style=\"white-space:nowrap\">\u00a0\u00a0XDS-Repository-Retrieve-Async<a name=\"MCSDEndpointTypes-XDS-Repository-Retrieve-Async\"> </a></td><td>XDS Repository/IntegratedSourceRepository ITI-43 Retrieve Document Set Asynchronous</td></tr><tr><td>2</td><td style=\"white-space:nowrap\">\u00a0\u00a0XDS-Repository-Register-AsyncResponse<a name=\"MCSDEndpointTypes-XDS-Repository-Register-AsyncResponse\"> </a></td><td>XDS Repository/IntegratedSourceRepository ITI-42 Register Document Set-b Asynchronous Response</td></tr><tr><td>2</td><td style=\"white-space:nowrap\">\u00a0\u00a0XDS-OnDemandSource-Retrieve<a name=\"MCSDEndpointTypes-XDS-OnDemandSource-Retrieve\"> </a></td><td>XDS OnDemandSource ITI-43 Retrieve Document Set Synchronous</td></tr><tr><td>2</td><td style=\"white-space:nowrap\">\u00a0\u00a0XDS-OnDemandSource-Retrieve-Async<a name=\"MCSDEndpointTypes-XDS-OnDemandSource-Retrieve-Async\"> </a></td><td>XDS OnDemandSource ITI-43 Retrieve Document Set Asynchronous</td></tr><tr><td>2</td><td style=\"white-space:nowrap\">\u00a0\u00a0XDS-OnDemandSource-RegOnDemand-AsyncResponse<a name=\"MCSDEndpointTypes-XDS-OnDemandSource-RegOnDemand-AsyncResponse\"> </a></td><td>XDS OnDemandSource ITI-61 Register On-Demand Document Entry Asynchronous Response</td></tr><tr><td>2</td><td style=\"white-space:nowrap\">\u00a0\u00a0XDS-Source-ProvideReg-AsyncResponse<a name=\"MCSDEndpointTypes-XDS-Source-ProvideReg-AsyncResponse\"> </a></td><td>XDS Document Source ITI-41 Provide&amp;Register Document Set-b Asynchronous Response</td></tr><tr><td>2</td><td style=\"white-space:nowrap\">\u00a0\u00a0XDS-Consumer-Query-AsyncResponse<a name=\"MCSDEndpointTypes-XDS-Consumer-Query-AsyncResponse\"> </a></td><td>XDS Document Consumer ITI-18 Registry Stored Query Asynchronous Response</td></tr><tr><td>2</td><td style=\"white-space:nowrap\">\u00a0\u00a0XDS-Consumer-Retrieve-AsyncResponse<a name=\"MCSDEndpointTypes-XDS-Consumer-Retrieve-AsyncResponse\"> </a></td><td>XDS Document Consumer ITI-43 Retrieve Document Set Asynchronous Response</td></tr><tr><td>1</td><td style=\"white-space:nowrap\">ihe-pdq<a name=\"MCSDEndpointTypes-ihe-pdq\"> </a></td><td>PDQ</td></tr><tr><td>2</td><td style=\"white-space:nowrap\">\u00a0\u00a0PDQ-Supplier-Query<a name=\"MCSDEndpointTypes-PDQ-Supplier-Query\"> </a></td><td>PDQ Patient Demographics Supplier ITI-21 Patient Demographics Query Synchronous</td></tr><tr><td>2</td><td style=\"white-space:nowrap\">\u00a0\u00a0PDQ-Supplier-VisitQuery<a name=\"MCSDEndpointTypes-PDQ-Supplier-VisitQuery\"> </a></td><td>PDQ Patient Demographics Supplier ITI-22 Patient Demographics and Visit Query Synchronous</td></tr><tr><td>1</td><td style=\"white-space:nowrap\">ihe-pix<a name=\"MCSDEndpointTypes-ihe-pix\"> </a></td><td>PIX</td></tr><tr><td>2</td><td style=\"white-space:nowrap\">\u00a0\u00a0PIX-Xmanager-Feed<a name=\"MCSDEndpointTypes-PIX-Xmanager-Feed\"> </a></td><td>PIX Patient Identity Cross-Reference Manager ITI-8 Patient Identity Feed Synchronous</td></tr><tr><td>2</td><td style=\"white-space:nowrap\">\u00a0\u00a0PIX-Xmanager-Feed-v3<a name=\"MCSDEndpointTypes-PIX-Xmanager-Feed-v3\"> </a></td><td>PIX Patient Identity Cross-Reference Manager ITI-30 Patient Identity Management Synchronous</td></tr><tr><td>2</td><td style=\"white-space:nowrap\">\u00a0\u00a0PIX-Xmanager-Query<a name=\"MCSDEndpointTypes-PIX-Xmanager-Query\"> </a></td><td>PIX Patient Identity Cross-Reference Manager ITI-9 PIX Query Synchronous</td></tr><tr><td>2</td><td style=\"white-space:nowrap\">\u00a0\u00a0PIX-Consumer<a name=\"MCSDEndpointTypes-PIX-Consumer\"> </a></td><td>PIX Patient Identifier Cross-reference Consumer ITI-10 PIX Update Notification Synchronous</td></tr><tr><td>1</td><td style=\"white-space:nowrap\">ihe-xdr<a name=\"MCSDEndpointTypes-ihe-xdr\"> </a></td><td>XDR</td></tr><tr><td>2</td><td style=\"white-space:nowrap\">\u00a0\u00a0XDR-Recipient-ProvideReg<a name=\"MCSDEndpointTypes-XDR-Recipient-ProvideReg\"> </a></td><td>XDR Document Recipient ITI-41 Provide and Register Document Set-B Synchronous</td></tr><tr><td>1</td><td style=\"white-space:nowrap\">ihe-mhd<a name=\"MCSDEndpointTypes-ihe-mhd\"> </a></td><td>MHD</td></tr><tr><td>2</td><td style=\"white-space:nowrap\">\u00a0\u00a0MHD-Recipient-ProvideReg<a name=\"MCSDEndpointTypes-MHD-Recipient-ProvideReg\"> </a></td><td>MHD Document Recipient ITI-65 Provide Document Bundle</td></tr></table></div>"
  },
  "url" : "https://profiles.ihe.net/ITI/mCSD/CodeSystem/MCSDEndpointTypes",
  "version" : "4.0.0",
  "name" : "MCSDEndpointTypes",
  "title" : "mCSD Endpoint Types",
  "status" : "active",
  "experimental" : false,
  "date" : "2025-05-21T13:41:24-05:00",
  "publisher" : "IHE IT Infrastructure Technical Committee",
  "contact" : [{
    "telecom" : [{
      "system" : "url",
      "value" : "https://www.ihe.net/ihe_domains/it_infrastructure/"
    }]
  },
  {
    "telecom" : [{
      "system" : "email",
      "value" : "iti@ihe.net"
    }]
  },
  {
    "name" : "IHE IT Infrastructure Technical Committee",
    "telecom" : [{
      "system" : "email",
      "value" : "iti@ihe.net"
    }]
  }],
  "description" : "mCSD Endpoint types beyond those in the FHIR core.\n\nThe codes defined here are endpoint types defined in IHE profiles at the time of publication. \nOther codes might be defined in new IHE profiles written later, where they could define their own code and own codeSystem.\n\nCode pattern: `{Profile}-{Actor}-{Transaction}[-{option}]`\n* Where Profile is the acronym\n* Where Actor name compressed to be short yet clear (camel case)\n* Where Transaction name is compressed to be short yet clear (camel case)\n* Where the code definition spells out these using the formal names and transaction number\n* Where an option is important it can be prepended\n\nNote that this codeSystem contains only endpoints needed for Some IHE profiles, and only for the synchronous communication pattern. When Async is supported additional entries will be needed on these actors, and the peer actor will also need to be described. Async is not in scope at this time.",
  "jurisdiction" : [{
    "coding" : [{
      "system" : "http://unstats.un.org/unsd/methods/m49/m49.htm",
      "code" : "001"
    }]
  }],
  "caseSensitive" : true,
  "hierarchyMeaning" : "part-of",
  "content" : "complete",
  "count" : 47,
  "concept" : [{
    "code" : "ihe-xca",
    "display" : "XCA",
    "concept" : [{
      "code" : "XCA-InitGateway-Query",
      "display" : "XCA InitiatingGateway ITI-18 Registry Stored Query Synchronous"
    },
    {
      "code" : "XCA-InitGateway-Retrieve",
      "display" : "XCA InitiatingGateway ITI-43 Retrieve Document Set Synchronous"
    },
    {
      "code" : "XCA-InitGateway-Query-Async",
      "display" : "XCA InitiatingGateway ITI-18 Registry Stored Query Asynchronous"
    },
    {
      "code" : "XCA-InitGateway-Retrieve-Async",
      "display" : "XCA InitiatingGateway ITI-43 Retrieve Document Set Asynchronous"
    },
    {
      "code" : "XCA-InitGateway-Query-AsyncResponse",
      "display" : "XCA InitiatingGateway ITI-38 Cross Gateway Query Asynchronous Response"
    },
    {
      "code" : "XCA-InitGateway-Retrieve-AsyncResponse",
      "display" : "XCA InitiatingGateway ITI-39 Cross Gateway Retrieve Asynchronous Response"
    },
    {
      "code" : "XCA-RespGateway-Query",
      "display" : "XCA RespondingGateway ITI-38 Cross Gateway Query Synchronous"
    },
    {
      "code" : "XCA-RespGateway-Retrieve",
      "display" : "XCA RespondingGateway ITI-39 Cross Gateway Retrieve Synchronous"
    },
    {
      "code" : "XCA-RespGateway-Query-Async",
      "display" : "XCA RespondingGateway ITI-38 Cross Gateway Query Asynchronous"
    },
    {
      "code" : "XCA-RespGateway-Retrieve-Async",
      "display" : "XCA RespondingGateway ITI-39 Cross Gateway Retrieve Asynchronous"
    }]
  },
  {
    "code" : "ihe-xcpd",
    "display" : "XCPD",
    "concept" : [{
      "code" : "XCPD-InitGateway-PatientDiscovery-AsyncResponse",
      "display" : "XCPD InitiatingGateway ITI-55 Cross Gateway Patient Discovery Asynchronous Response"
    },
    {
      "code" : "XCPD-RespGateway-PatientDiscovery",
      "display" : "XCPD RespondingGateway ITI-55 Cross Gateway Patient Discovery Synchronous"
    },
    {
      "code" : "XCPD-RespGateway-PatientDiscovery-Async",
      "display" : "XCPD RespondingGateway ITI-55 Cross Gateway Patient Discovery Asynchronous"
    }]
  },
  {
    "code" : "ihe-xds",
    "display" : "XDS",
    "concept" : [{
      "code" : "XDS-Registry-Feed",
      "display" : "XDS Registry ITI-8 Patient Identity Feed Synchronous"
    },
    {
      "code" : "XDS-Registry-Feed-v3",
      "display" : "XDS Registry ITI-44 Patient Identity Feed HL7v3 Synchronous"
    },
    {
      "code" : "XDS-Registry-Register",
      "display" : "XDS Registry ITI-42 Register Document Set-b Synchronous"
    },
    {
      "code" : "XDS-Registry-Query",
      "display" : "XDS Registry ITI-18 Registry Stored Query Synchronous"
    },
    {
      "code" : "XDS-Registry-RegOnDemand",
      "display" : "XDS Registry ITI-61 Register On-Demand Document Entry Synchronous"
    },
    {
      "code" : "XDS-Registry-Register-Async",
      "display" : "XDS Registry ITI-42 Register Document Set-b Asynchronous"
    },
    {
      "code" : "XDS-Registry-Query-Async",
      "display" : "XDS Registry ITI-18 Registry Stored Query Asynchronous"
    },
    {
      "code" : "XDS-Registry-RegOnDemand-Async",
      "display" : "XDS Registry ITI-61 Register On-Demand Document Entry Asynchronous"
    },
    {
      "code" : "XDS-Repository-ProvideReg",
      "display" : "XDS Repository ITI-41 Provide&Register Document Set-b Synchronous"
    },
    {
      "code" : "XDS-Repository-Retrieve",
      "display" : "XDS Repository/IntegratedSourceRepository ITI-43 Retrieve Document Set Synchronous"
    },
    {
      "code" : "XDS-Repository-ProvideReg-Async",
      "display" : "XDS Repository ITI-41 Provide&Register Document Set-b Asynchronous"
    },
    {
      "code" : "XDS-Repository-Retrieve-Async",
      "display" : "XDS Repository/IntegratedSourceRepository ITI-43 Retrieve Document Set Asynchronous"
    },
    {
      "code" : "XDS-Repository-Register-AsyncResponse",
      "display" : "XDS Repository/IntegratedSourceRepository ITI-42 Register Document Set-b Asynchronous Response"
    },
    {
      "code" : "XDS-OnDemandSource-Retrieve",
      "display" : "XDS OnDemandSource ITI-43 Retrieve Document Set Synchronous"
    },
    {
      "code" : "XDS-OnDemandSource-Retrieve-Async",
      "display" : "XDS OnDemandSource ITI-43 Retrieve Document Set Asynchronous"
    },
    {
      "code" : "XDS-OnDemandSource-RegOnDemand-AsyncResponse",
      "display" : "XDS OnDemandSource ITI-61 Register On-Demand Document Entry Asynchronous Response"
    },
    {
      "code" : "XDS-Source-ProvideReg-AsyncResponse",
      "display" : "XDS Document Source ITI-41 Provide&Register Document Set-b Asynchronous Response"
    },
    {
      "code" : "XDS-Consumer-Query-AsyncResponse",
      "display" : "XDS Document Consumer ITI-18 Registry Stored Query Asynchronous Response"
    },
    {
      "code" : "XDS-Consumer-Retrieve-AsyncResponse",
      "display" : "XDS Document Consumer ITI-43 Retrieve Document Set Asynchronous Response"
    }]
  },
  {
    "code" : "ihe-pdq",
    "display" : "PDQ",
    "concept" : [{
      "code" : "PDQ-Supplier-Query",
      "display" : "PDQ Patient Demographics Supplier ITI-21 Patient Demographics Query Synchronous"
    },
    {
      "code" : "PDQ-Supplier-VisitQuery",
      "display" : "PDQ Patient Demographics Supplier ITI-22 Patient Demographics and Visit Query Synchronous"
    }]
  },
  {
    "code" : "ihe-pix",
    "display" : "PIX",
    "concept" : [{
      "code" : "PIX-Xmanager-Feed",
      "display" : "PIX Patient Identity Cross-Reference Manager ITI-8 Patient Identity Feed Synchronous"
    },
    {
      "code" : "PIX-Xmanager-Feed-v3",
      "display" : "PIX Patient Identity Cross-Reference Manager ITI-30 Patient Identity Management Synchronous"
    },
    {
      "code" : "PIX-Xmanager-Query",
      "display" : "PIX Patient Identity Cross-Reference Manager ITI-9 PIX Query Synchronous"
    },
    {
      "code" : "PIX-Consumer",
      "display" : "PIX Patient Identifier Cross-reference Consumer ITI-10 PIX Update Notification Synchronous"
    }]
  },
  {
    "code" : "ihe-xdr",
    "display" : "XDR",
    "concept" : [{
      "code" : "XDR-Recipient-ProvideReg",
      "display" : "XDR Document Recipient ITI-41 Provide and Register Document Set-B Synchronous"
    }]
  },
  {
    "code" : "ihe-mhd",
    "display" : "MHD",
    "concept" : [{
      "code" : "MHD-Recipient-ProvideReg",
      "display" : "MHD Document Recipient ITI-65 Provide Document Bundle"
    }]
  }]
}