{
  "resourceType" : "PractitionerRole",
  "id" : "MCSDPractitionerRole-Example",
  "meta" : {
    "profile" : ["https://profiles.ihe.net/ITI/mCSD/StructureDefinition/IHE.mCSD.PractitionerRole"]
  },
  "text" : {
    "status" : "generated",
    "div" : "<div xmlns=\"http://www.w3.org/1999/xhtml\"><p class=\"res-header-id\"><b>Generated Narrative: PractitionerRole MCSDPractitionerRole-Example</b></p><a name=\"MCSDPractitionerRole-Example\"> </a><a name=\"hcMCSDPractitionerRole-Example\"> </a><a name=\"MCSDPractitionerRole-Example-en-US\"> </a><p><b>practitioner</b>: <a href=\"Practitioner-MCSDPractitioner-Example.html\">Practitioner John Galt</a></p><p><b>organization</b>: <a href=\"Organization-MCSDFacilityOrganization-Example.html\">Organization MCSDFacilityOrganization-Example</a></p><p><b>code</b>: <span title=\"Codes:{http://terminology.hl7.org/CodeSystem/practitioner-role nurse}\">Nurse</span></p><p><b>location</b>: <a href=\"Location-MCSDFacilityLocation-Example.html\">Location MCSDFacilityLocation-Example</a></p><p><b>healthcareService</b>: <a href=\"HealthcareService-MCSDHealthcareService-Example.html\">HealthcareService ANC</a></p></div>"
  },
  "practitioner" : {
    "reference" : "Practitioner/MCSDPractitioner-Example"
  },
  "organization" : {
    "reference" : "Organization/MCSDFacilityOrganization-Example"
  },
  "code" : [{
    "coding" : [{
      "system" : "http://terminology.hl7.org/CodeSystem/practitioner-role",
      "code" : "nurse"
    }]
  }],
  "location" : [{
    "reference" : "Location/MCSDFacilityLocation-Example"
  }],
  "healthcareService" : [{
    "reference" : "HealthcareService/MCSDHealthcareService-Example"
  }]
}