<?xml version="1.0" encoding="UTF-8"?>

<AuditEvent xmlns="http://hl7.org/fhir">
  <id value="ex-auditPrivacyDisclosure-recipient-minCodes"/>
  <meta>
    <profile value="https://profiles.ihe.net/ITI/BALP/StructureDefinition/IHE.BasicAudit.PrivacyDisclosure.Recipient"/>
    <security>
      <system value="http://terminology.hl7.org/CodeSystem/v3-ActReason"/>
      <code value="HTEST"/>
    </security>
  </meta>
  <text>
    <status value="generated"/><div xmlns="http://www.w3.org/1999/xhtml"><p><b>Generated Narrative: AuditEvent</b><a name="ex-auditPrivacyDisclosure-recipient-minCodes"> </a></p><div style="display: inline-block; background-color: #d9e0e7; padding: 6px; margin: 4px; border: 1px solid #8da1b4; border-radius: 5px; line-height: 60%"><p style="margin-bottom: 0px">Resource AuditEvent &quot;ex-auditPrivacyDisclosure-recipient-minCodes&quot; </p><p style="margin-bottom: 0px">Profile: <a href="StructureDefinition-IHE.BasicAudit.PrivacyDisclosure.Recipient.html">Audit Event for a Privacy Disclosure as recorded by a Recipient</a></p><p style="margin-bottom: 0px">Security Labels: <span title="{http://terminology.hl7.org/CodeSystem/v3-ActReason http://terminology.hl7.org/CodeSystem/v3-ActReason}">http://terminology.hl7.org/CodeSystem/v3-ActReason</span></p></div><p><b>type</b>: Import (Details: DICOM code 110107 = 'Import', stated as 'null')</p><p><b>subtype</b>: Disclose Record Lifecycle Event (Details: http://terminology.hl7.org/CodeSystem/iso-21089-lifecycle code disclose = 'Disclose Record Lifecycle Event', stated as 'null')</p><p><b>action</b>: C</p><p><b>recorded</b>: Apr 29, 2020, 4:49:00 AM</p><p><b>outcome</b>: 0</p><p><b>purposeOfEvent</b>: patient requested <span style="background: LightGoldenRodYellow; margin: 4px; border: 1px solid khaki"> (<a href="http://terminology.hl7.org/5.0.0/CodeSystem-v3-ActReason.html">ActReason</a>#PATRQT)</span></p><blockquote><p><b>agent</b></p><p><b>type</b>: Source Role ID <span style="background: LightGoldenRodYellow; margin: 4px; border: 1px solid khaki"> (<a href="http://hl7.org/fhir/R4/codesystem-dicom-dcim.html">DICOM</a>#110153)</span></p><p><b>who</b>: <span>: myMachine.example.org</span></p><p><b>requestor</b>: false</p><h3>Networks</h3><table class="grid"><tr><td style="display: none">-</td><td><b>Address</b></td><td><b>Type</b></td></tr><tr><td style="display: none">*</td><td>2001:0db8:85a3:0000:0000:8a2e:0370:7334</td><td>2</td></tr></table></blockquote><blockquote><p><b>agent</b></p><p><b>type</b>: Destination Role ID <span style="background: LightGoldenRodYellow; margin: 4px; border: 1px solid khaki"> (<a href="http://hl7.org/fhir/R4/codesystem-dicom-dcim.html">DICOM</a>#110152)</span></p><p><b>who</b>: <a href="Device-ex-device.html">Device/ex-device</a></p><p><b>requestor</b>: false</p><h3>Networks</h3><table class="grid"><tr><td style="display: none">-</td><td><b>Address</b></td><td><b>Type</b></td></tr><tr><td style="display: none">*</td><td>http://server.example.com/fhir</td><td>5</td></tr></table></blockquote><blockquote><p><b>agent</b></p><p><b>type</b>: Patient Advocate <span style="background: LightGoldenRodYellow; margin: 4px; border: 1px solid khaki"> (<a href="https://browser.ihtsdotools.org/">SNOMED CT</a>#429577009)</span></p><p><b>who</b>: <a href="Patient-ex-patient.html">Patient/ex-patient</a> &quot; SCHMIDT&quot;</p><p><b>requestor</b>: true</p></blockquote><h3>Sources</h3><table class="grid"><tr><td style="display: none">-</td><td><b>Site</b></td><td><b>Observer</b></td><td><b>Type</b></td></tr><tr><td style="display: none">*</td><td>server.example.com</td><td><a href="Device-ex-device.html">Device/ex-device</a></td><td>Application Server (Details: http://terminology.hl7.org/CodeSystem/security-source-type code 4 = 'Application Server', stated as 'null')</td></tr></table><blockquote><p><b>entity</b></p><p><b>what</b>: <a href="Patient-ex-patient.html">Patient/ex-patient</a> &quot; SCHMIDT&quot;</p><p><b>type</b>: Person (Details: http://terminology.hl7.org/CodeSystem/audit-entity-type code 1 = 'Person', stated as 'null')</p><p><b>role</b>: Patient (Details: http://terminology.hl7.org/CodeSystem/object-role code 1 = 'Patient', stated as 'null')</p></blockquote><blockquote><p><b>entity</b></p><p><b>what</b>: <a href="DocumentReference-ex-documentreference.html">DocumentReference/ex-documentreference</a></p><p><b>type</b>: System Object (Details: http://terminology.hl7.org/CodeSystem/audit-entity-type code 2 = 'System Object', stated as 'null')</p><p><b>role</b>: Report (Details: http://terminology.hl7.org/CodeSystem/object-role code 3 = 'Report', stated as 'null')</p></blockquote></div>
  </text>
  <type>
    <system value="http://dicom.nema.org/resources/ontology/DCM"/>
    <code value="110107"/>
  </type>
  <subtype>
    <system value="http://terminology.hl7.org/CodeSystem/iso-21089-lifecycle"/>
    <code value="disclose"/>
  </subtype>
  <action value="C"/>
  <recorded value="2020-04-29T09:49:00.000Z"/>
  <outcome value="0"/>
  <purposeOfEvent>
    <coding>
      <system value="http://terminology.hl7.org/CodeSystem/v3-ActReason"/>
      <code value="PATRQT"/>
    </coding>
  </purposeOfEvent>
  <agent>
    <type>
      <coding>
        <system value="http://dicom.nema.org/resources/ontology/DCM"/>
        <code value="110153"/>
      </coding>
    </type>
    <who>
      <display value="myMachine.example.org"/>
    </who>
    <requestor value="false"/>
    <network>
      <address value="2001:0db8:85a3:0000:0000:8a2e:0370:7334"/>
      <type value="2"/>
    </network>
  </agent>
  <agent>
    <type>
      <coding>
        <system value="http://dicom.nema.org/resources/ontology/DCM"/>
        <code value="110152"/>
        <display value="Destination Role ID"/>
      </coding>
    </type>
    <who>
      <reference value="Device/ex-device"/>
    </who>
    <requestor value="false"/>
    <network>
      <address value="http://server.example.com/fhir"/>
      <type value="5"/>
    </network>
  </agent>
  <agent>
    <type>
      <coding>
        <system value="http://snomed.info/sct"/>
        <code value="429577009"/>
        <display value="Patient Advocate"/>
      </coding>
    </type>
    <who>
      <reference value="Patient/ex-patient"/>
    </who>
    <requestor value="true"/>
  </agent>
  <source>
    <site value="server.example.com"/>
    <observer>
      <reference value="Device/ex-device"/>
    </observer>
    <type>
      <system value="http://terminology.hl7.org/CodeSystem/security-source-type"/>
      <code value="4"/>
    </type>
  </source>
  <entity>
    <what>
      <reference value="Patient/ex-patient"/>
    </what>
    <type>
      <system value="http://terminology.hl7.org/CodeSystem/audit-entity-type"/>
      <code value="1"/>
    </type>
    <role>
      <system value="http://terminology.hl7.org/CodeSystem/object-role"/>
      <code value="1"/>
    </role>
  </entity>
  <entity>
    <what>
      <reference value="DocumentReference/ex-documentreference"/>
    </what>
    <type>
      <system value="http://terminology.hl7.org/CodeSystem/audit-entity-type"/>
      <code value="2"/>
    </type>
    <role>
      <system value="http://terminology.hl7.org/CodeSystem/object-role"/>
      <code value="3"/>
    </role>
  </entity>
</AuditEvent>