{
  "resourceType" : "AuditEvent",
  "id" : "ex-auditPoke-SAML-Min2",
  "meta" : {
    "profile" : ["https://profiles.ihe.net/ITI/BALP/StructureDefinition/IHE.BasicAudit.SAMLaccessTokenUse.Minimal"],
    "security" : [{
      "system" : "http://terminology.hl7.org/CodeSystem/v3-ActReason",
      "code" : "HTEST"
    }]
  },
  "text" : {
    "status" : "generated",
    "div" : "<div xmlns=\"http://www.w3.org/1999/xhtml\"><p><b>Generated Narrative: AuditEvent</b><a name=\"ex-auditPoke-SAML-Min2\"> </a></p><div style=\"display: inline-block; background-color: #d9e0e7; padding: 6px; margin: 4px; border: 1px solid #8da1b4; border-radius: 5px; line-height: 60%\"><p style=\"margin-bottom: 0px\">Resource AuditEvent &quot;ex-auditPoke-SAML-Min2&quot; </p><p style=\"margin-bottom: 0px\">Profile: <a href=\"StructureDefinition-IHE.BasicAudit.SAMLaccessTokenUse.Minimal.html\">Basic AuditEvent pattern for when an activity was authorized by an SAML access token Minimal</a></p><p style=\"margin-bottom: 0px\">Security Labels: <span title=\"{http://terminology.hl7.org/CodeSystem/v3-ActReason http://terminology.hl7.org/CodeSystem/v3-ActReason}\">http://terminology.hl7.org/CodeSystem/v3-ActReason</span></p></div><p><b>type</b>: Application Activity (Details: DICOM code 110100 = 'Application Activity', stated as 'Application Activity')</p><p><b>subtype</b>: Boredom poke (Details: urn:ietf:rfc:1438 code poke = 'poke', stated as 'Boredom poke')</p><p><b>action</b>: R</p><p><b>recorded</b>: Dec 3, 2021, 3:49:00 AM</p><p><b>outcome</b>: 0</p><h3>Agents</h3><table class=\"grid\"><tr><td style=\"display: none\">-</td><td><b>Type</b></td><td><b>Who</b></td><td><b>Requestor</b></td><td><b>Policy</b></td><td><b>PurposeOfUse</b></td></tr><tr><td style=\"display: none\">*</td><td>information recipient <span style=\"background: LightGoldenRodYellow; margin: 4px; border: 1px solid khaki\"> (<a href=\"http://terminology.hl7.org/5.0.0/CodeSystem-v3-ParticipationType.html\">ParticipationType</a>#IRCP; <a href=\"CodeSystem-UserAgentTypes.html\">The code used to identifiy a User Agent</a>#UserSamlAgent)</span></td><td><span>id:\u00a0JoeL</span></td><td>true</td><td><code>_5a6b51b7-cd3e-4629-aac8-9846cbc3cf84</code></td><td>treatment <span style=\"background: LightGoldenRodYellow; margin: 4px; border: 1px solid khaki\"> (<a href=\"http://terminology.hl7.org/5.0.0/CodeSystem-v3-ActReason.html\">ActReason</a>#TREAT)</span>, Emergency Treatment <span style=\"background: LightGoldenRodYellow; margin: 4px; border: 1px solid khaki\"> (<a href=\"http://terminology.hl7.org/5.0.0/CodeSystem-v3-ActReason.html\">ActReason</a>#ETREAT)</span>, healthcare payment <span style=\"background: LightGoldenRodYellow; margin: 4px; border: 1px solid khaki\"> (<a href=\"http://terminology.hl7.org/5.0.0/CodeSystem-v3-ActReason.html\">ActReason</a>#HPAYMT)</span>, healthcare operations <span style=\"background: LightGoldenRodYellow; margin: 4px; border: 1px solid khaki\"> (<a href=\"http://terminology.hl7.org/5.0.0/CodeSystem-v3-ActReason.html\">ActReason</a>#HOPERAT)</span></td></tr></table><h3>Sources</h3><table class=\"grid\"><tr><td style=\"display: none\">-</td><td><b>Site</b></td><td><b>Observer</b></td><td><b>Type</b></td></tr><tr><td style=\"display: none\">*</td><td>server.example.com</td><td><a href=\"Device-ex-device.html\">Device/ex-device</a></td><td>Application Server (Details: http://terminology.hl7.org/CodeSystem/security-source-type code 4 = 'Application Server', stated as 'Application Server')</td></tr></table></div>"
  },
  "type" : {
    "system" : "http://dicom.nema.org/resources/ontology/DCM",
    "code" : "110100",
    "display" : "Application Activity"
  },
  "subtype" : [{
    "system" : "urn:ietf:rfc:1438",
    "code" : "poke",
    "display" : "Boredom poke"
  }],
  "action" : "R",
  "recorded" : "2021-12-03T09:49:00.000Z",
  "outcome" : "0",
  "agent" : [{
    "type" : {
      "coding" : [{
        "system" : "http://terminology.hl7.org/CodeSystem/v3-ParticipationType",
        "code" : "IRCP",
        "display" : "information recipient"
      },
      {
        "system" : "https://profiles.ihe.net/ITI/BALP/CodeSystem/UserAgentTypes",
        "code" : "UserSamlAgent"
      }]
    },
    "who" : {
      "identifier" : {
        "system" : "https://carequality.org",
        "value" : "JoeL"
      }
    },
    "requestor" : true,
    "policy" : ["_5a6b51b7-cd3e-4629-aac8-9846cbc3cf84"],
    "purposeOfUse" : [{
      "coding" : [{
        "system" : "http://terminology.hl7.org/CodeSystem/v3-ActReason",
        "code" : "TREAT"
      }]
    },
    {
      "coding" : [{
        "system" : "http://terminology.hl7.org/CodeSystem/v3-ActReason",
        "code" : "ETREAT"
      }]
    },
    {
      "coding" : [{
        "system" : "http://terminology.hl7.org/CodeSystem/v3-ActReason",
        "code" : "HPAYMT"
      }]
    },
    {
      "coding" : [{
        "system" : "http://terminology.hl7.org/CodeSystem/v3-ActReason",
        "code" : "HOPERAT"
      }]
    }]
  }],
  "source" : {
    "site" : "server.example.com",
    "observer" : {
      "reference" : "Device/ex-device"
    },
    "type" : [{
      "system" : "http://terminology.hl7.org/CodeSystem/security-source-type",
      "code" : "4",
      "display" : "Application Server"
    }]
  }
}