<?xml version="1.0" encoding="UTF-8"?><SearchParameter xmlns="http://hl7.org/fhir"><id value="List-DesignationType"/><url value="https://profiles.ihe.net/ITI/MHD/SearchParameter/List-DesignationType"/><version value="4.1.0"/><name value="DesignationType"/><status value="active"/><date value="2022-02-27T12:33:04-06:00"/><publisher value="IHE IT Infrastructure Technical Committee"/><contact><telecom><system value="url"/><value value="https://www.ihe.net/ihe_domains/it_infrastructure/"/></telecom></contact><contact><telecom><system value="email"/><value value="iti@ihe.net"/></telecom></contact><contact><name value="IHE IT Infrastructure Technical Committee"/><telecom><system value="email"/><value value="iti@ihe.net"/></telecom></contact><description value="This SearchParameter enables finding Lists by the designationType code in a submissionSet or folder."/><jurisdiction><coding><system value="http://unstats.un.org/unsd/methods/m49/m49.htm"/><code value="001"/></coding></jurisdiction><code value="designationType"/><base value="List"/><type value="token"/><expression value="(extension(&#39;https://profiles.ihe.net/ITI/MHD/StructureDefinition/DesignationType&#39;).value as CodeableConcept)"/></SearchParameter>