<?xml version="1.0" encoding="UTF-8"?><MessageDefinition xmlns="http://hl7.org/fhir"><id value="IHE.PMIR.MessageDefinition.Response"/><url value="https://profiles.ihe.net/ITI/PMIR/MessageDefinition/IHE.PMIR.MessageDefinition.Response"/><version value="1.5.0"/><name value="IHE_PMIR_MessageDefinition_Response"/><status value="active"/><date value="2022-03-31"/><publisher value="IHE IT Infrastructure Technical Committee"/><contact><telecom><system value="url"/><value value="https://www.ihe.net/ihe_domains/it_infrastructure/"/></telecom></contact><contact><telecom><system value="email"/><value value="iti@ihe.net"/></telecom></contact><contact><name value="IHE IT Infrastructure Technical Committee"/><telecom><system value="email"/><value value="iti@ihe.net"/></telecom></contact><jurisdiction><coding><system value="http://unstats.un.org/unsd/methods/m49/m49.htm"/><code value="001"/></coding></jurisdiction><eventUri value="urn:ihe:iti:pmir:2019:patient-feed-response"/></MessageDefinition>