<?xml version="1.0" encoding="UTF-8"?>

<Bundle xmlns="http://hl7.org/fhir">
  <id value="ex-QueryPatientResourceResponseMessage"/>
  <meta>
    <profile value="https://profiles.ihe.net/ITI/PDQm/StructureDefinition/IHE.PDQm.QueryPatientResourceResponseMessage"/>
    <security>
      <system value="http://terminology.hl7.org/CodeSystem/v3-ActReason"/>
      <code value="HTEST"/>
    </security>
  </meta>
  <type value="searchset"/>
  <timestamp value="2023-09-25T15:42:00Z"/>
  <total value="1"/>
  <link>
    <relation value="self"/>
    <url value="test.fhir.net/R4/fhir/Patient?family=Schmidt"/>
  </link>
  <entry>
    <fullUrl value="http://example.org/Patient/ex-patient"/>
    <resource>
      <Patient>
        <id value="ex-patient"/>
        <meta>
          <profile value="https://profiles.ihe.net/ITI/PDQm/StructureDefinition/IHE.PDQm.Patient"/>
          <security>
            <system value="http://terminology.hl7.org/CodeSystem/v3-ActReason"/>
            <code value="HTEST"/>
          </security>
        </meta>
        <text>
          <status value="generated"/><div xmlns="http://www.w3.org/1999/xhtml"><a name="Patient_ex-patient"> </a><p class="res-header-id"><b>Generated Narrative: Patient ex-patient</b></p><a name="ex-patient"> </a><a name="hcex-patient"> </a><a name="ex-patient-en-US"> </a><p style="border: 1px #661aff solid; background-color: #e6e6ff; padding: 10px;">John Schmidt Other, DoB: 1923-07-25 ( http://example.org/exampleSystem#8675309)</p><hr/><table class="grid"><tr><td style="background-color: #f3f5da" title="Ways to contact the Patient">Contact Detail</td><td colspan="3">WI USA </td></tr></table></div>
        </text>
        <identifier>
          <system value="http://example.org/exampleSystem"/>
          <value value="8675309"/>
        </identifier>
        <name>
          <use value="usual"/>
          <text value="John Schmidt"/>
          <family value="Schmidt"/>
          <given value="John"/>
        </name>
        <name>
          <use value="old"/>
          <text value="John Jacob Jingle Heimer Schnidt"/>
          <family value="Schnidt"/>
          <given value="John"/>
          <given value="Jacob"/>
          <given value="Jingle"/>
          <given value="Heimer"/>
          <period>
            <end value="1960"/>
          </period>
        </name>
        <name>
          <use value="official"/>
          <text value="John Jacob Jingleheimer Schmidt"/>
          <family value="Schmidt"/>
          <given value="John"/>
          <given value="Jacob"/>
          <given value="Jingleheimer"/>
          <period>
            <start value="1960-01-01"/>
          </period>
        </name>
        <name>
          <use value="nickname"/>
          <text value="Jack Schmidt"/>
          <family value="Schmidt"/>
          <given value="Jack"/>
        </name>
        <gender value="other"/>
        <birthDate value="1923-07-25"/>
        <address>
          <state value="WI"/>
          <country value="USA"/>
        </address>
      </Patient>
    </resource>
  </entry>
</Bundle>