{
  "resourceType" : "ValueSet",
  "id" : "baf9a8f7-950c-4287-98f3-b4977c18db31-213",
  "url" : "http://hl7.org/fhir/comparison/ValueSet/baf9a8f7-950c-4287-98f3-b4977c18db31-213",
  "name" : "IntersectionCCG_Sign_sigformat_VSAndCCG_Sign_sigformat_VS",
  "title" : "Intersection of AllowedSignature signatureFormat And AllowedSignature signatureFormat",
  "status" : "active",
  "date" : "2025-10-02T10:28:13-05:00",
  "jurisdiction" : [{
    "coding" : [{
      "system" : "http://unstats.un.org/unsd/methods/m49/m49.htm",
      "code" : "001"
    }]
  }],
  "compose" : {
    "include" : [{
      "concept" : [{
        "code" : "application/signature+xml"
      },
      {
        "code" : "application/signature+json"
      }]
    }]
  }
}