<?xml version="1.0" encoding="UTF-8"?><CapabilityStatement xmlns="http://hl7.org/fhir"><id value="IHE.DSUBm.ResourceNotificationRecipient"/><text><status value="extensions"/><div xmlns="http://www.w3.org/1999/xhtml"><h2 id="title">IHE DSUBm ResourceNotificationRecipient</h2><ul><li>Implementation Guide Version: 1.0.0-comment</li><li>FHIR Version: 4.3.0</li><li>Supported Formats: <code>application/fhir+xml</code>, <code>application/fhir+json</code></li><li>Supported Patch Formats: </li><li>Published on: Fri Oct 27 00:00:00 CDT 2023</li><li>Published by: IHE IT Infrastructure Technical Committee</li></ul><blockquote class="impl-note"><p><strong>Note to Implementers: FHIR Capabilities</strong></p><p>Any FHIR capability may be 'allowed' by the system unless explicitly marked as &quot;SHALL NOT&quot;. A few items are marked as MAY in the Implementation Guide to highlight their potential relevance to the use case.</p></blockquote><h2 id="rest">FHIR RESTful Capabilities</h2><div class="panel panel-default"><div class="panel-heading"><h3 id="mode1" class="panel-title">Mode: <code>server</code></h3></div><div class="panel-body"><div><p>DSUBm Resource Notification Recipient provides capability to receive notification .</p>
</div><div class="lead"><em>Security</em></div><blockquote><div><p>Recommend <a href="https://profiles.ihe.net/ITI/TF/Volume1/ch-9.html">ATNA</a>, encouraged <a href="https://profiles.ihe.net/ITI/IUA/index.html">IHE-IUA</a> or <a href="http://www.hl7.org/fhir/smart-app-launch/">SMART-app-launch</a></p>
</div></blockquote><div class="lead"><em>Summary of System-wide Interactions</em></div></div></div><h3 id="resourcesCap1">Capabilities by Resource/Profile</h3><h4 id="resourcesSummary1">Summary</h4><p>The summary table lists the resources that are part of this configuration, and for each resource it lists:</p><ul><li>The relevant profiles (if any)</li><li>The interactions supported by each resource (<b><span class="bg-info">R</span></b>ead, <b><span class="bg-info">S</span></b>earch, <b><span class="bg-info">U</span></b>pdate, and <b><span class="bg-info">C</span></b>reate, are always shown, while <b><span class="bg-info">VR</span></b>ead, <b><span class="bg-info">P</span></b>atch, <b><span class="bg-info">D</span></b>elete, <b><span class="bg-info">H</span></b>istory on <b><span class="bg-info">I</span></b>nstance, or <b><span class="bg-info">H</span></b>istory on <b><span class="bg-info">T</span></b>ype are only present if at least one of the resources has support for them.</li><li><span>The required, recommended, and some optional search parameters (if any). </span></li><li>The linked resources enabled for <code>_include</code></li><li>The other resources enabled for <code>_revinclude</code></li><li>The operations on the resource (if any)</li></ul><div class="table-responsive"><table class="table table-condensed table-hover"><thead><tr><th><b>Resource Type</b></th><th><b>Profile</b></th><th class="text-center"><b title="GET a resource (read interaction)">R</b></th><th class="text-center"><b title="GET all set of resources of the type (search interaction)">S</b></th><th class="text-center"><b title="PUT a new resource version (update interaction)">U</b></th><th class="text-center"><b title="POST a new resource (create interaction)">C</b></th><th><b title="Required and recommended search parameters">Searches</b></th><th><code><b>_include</b></code></th><th><code><b>_revinclude</b></code></th><th><b>Operations</b></th></tr></thead><tbody><tr><td><a href="#Bundle1-1">Bundle</a></td><td>Supported profiles:<br/>  <a href="https://profiles.ihe.net/ITI/DSUBm/StructureDefinition/IHE.DSUBm.ResourceNotify.EventNotification">https://profiles.ihe.net/ITI/DSUBm/StructureDefinition/IHE.DSUBm.ResourceNotify.EventNotification</a><br/>  <a href="https://profiles.ihe.net/ITI/DSUBm/StructureDefinition/IHE.DSUBm.ResourceNotify.HandshakeNotification">https://profiles.ihe.net/ITI/DSUBm/StructureDefinition/IHE.DSUBm.ResourceNotify.HandshakeNotification</a><br/>  <a href="https://profiles.ihe.net/ITI/DSUBm/StructureDefinition/IHE.DSUBm.ResourceNotify.HeartbeatNotification">https://profiles.ihe.net/ITI/DSUBm/StructureDefinition/IHE.DSUBm.ResourceNotify.HeartbeatNotification</a><br/>  <a href="https://profiles.ihe.net/ITI/DSUBm/StructureDefinition/IHE.DSUBm.ResourceNotify.SubscriptionDeactivationNotification">https://profiles.ihe.net/ITI/DSUBm/StructureDefinition/IHE.DSUBm.ResourceNotify.SubscriptionDeactivationNotification</a></td><td></td><td class="text-center"></td><td class="text-center"></td><td class="text-center"></td><td></td><td/><td/><td/></tr></tbody></table></div><hr/><div class="panel panel-default"><div class="panel-heading"><h4 id="Bundle1-1" class="panel-title"><span style="float: right;">Resource Conformance: supported</span>Bundle</h4></div><div class="panel-body"><div class="container"><div class="row"><div class="col-lg-4"><span class="lead">Core FHIR Resource</span><br/><a href="http://hl7.org/fhir/R4B/bundle.html">Bundle</a></div><div class="col-lg-4"><span class="lead">Reference Policy</span><br/></div><div class="col-lg-4"><span class="lead">Interaction summary</span><br/><ul/></div></div><p/><div class="row"><div class="col-6"><span class="lead">Supported Profiles</span><p>https://profiles.ihe.net/ITI/DSUBm/StructureDefinition/IHE.DSUBm.ResourceNotify.EventNotification<br/>https://profiles.ihe.net/ITI/DSUBm/StructureDefinition/IHE.DSUBm.ResourceNotify.HandshakeNotification<br/>https://profiles.ihe.net/ITI/DSUBm/StructureDefinition/IHE.DSUBm.ResourceNotify.HeartbeatNotification<br/>https://profiles.ihe.net/ITI/DSUBm/StructureDefinition/IHE.DSUBm.ResourceNotify.SubscriptionDeactivationNotification</p></div></div><p/><div class="row"><div class="col-12"><span class="lead">Documentation</span><blockquote><div><p>Resource Notify [ITI-112]</p>
</div></blockquote></div></div></div></div></div></div></text><url value="https://profiles.ihe.net/ITI/DSUBm/CapabilityStatement/IHE.DSUBm.ResourceNotificationRecipient"/><version value="1.0.0-comment"/><name value="IHE_DSUBm_ResourceNotificationRecipient"/><title value="IHE DSUBm ResourceNotificationRecipient"/><status value="active"/><experimental value="false"/><date value="2023-10-27"/><publisher value="IHE IT Infrastructure Technical Committee"/><contact><telecom><system value="url"/><value value="https://www.ihe.net/ihe_domains/it_infrastructure/"/></telecom></contact><contact><telecom><system value="email"/><value value="iti@ihe.net"/></telecom></contact><contact><name value="IHE IT Infrastructure Technical Committee"/><telecom><system value="email"/><value value="iti@ihe.net"/></telecom></contact><description value="The DSUBm Resource Notification Recipient Actor CapabilityStatement requirements expresses the requirements that shall be provided.&#xA;&#xA;- Using FHIR R4B&#xA;- Shall support both json and xml encoding&#xA;- Should use a security framework. Recommend [ATNA](https://profiles.ihe.net/ITI/TF/Volume1/ch-9.html), encouraged [IHE-IUA](https://profiles.ihe.net/ITI/IUA/index.html) or [SMART-app-launch](http://www.hl7.org/fhir/smart-app-launch/)&#xA;- Shall support the ITI-112 transaction&#xA;"/><jurisdiction><coding><system value="http://unstats.un.org/unsd/methods/m49/m49.htm"/><code value="001"/></coding></jurisdiction><kind value="requirements"/><fhirVersion value="4.3.0"/><format value="application/fhir+xml"/><format value="application/fhir+json"/><rest><mode value="server"/><documentation value="DSUBm Resource Notification Recipient provides capability to receive notification ."/><security><description value="Recommend [ATNA](https://profiles.ihe.net/ITI/TF/Volume1/ch-9.html), encouraged [IHE-IUA](https://profiles.ihe.net/ITI/IUA/index.html) or [SMART-app-launch](http://www.hl7.org/fhir/smart-app-launch/)"/></security><resource><type value="Bundle"/><supportedProfile value="https://profiles.ihe.net/ITI/DSUBm/StructureDefinition/IHE.DSUBm.ResourceNotify.EventNotification"/><supportedProfile value="https://profiles.ihe.net/ITI/DSUBm/StructureDefinition/IHE.DSUBm.ResourceNotify.HandshakeNotification"/><supportedProfile value="https://profiles.ihe.net/ITI/DSUBm/StructureDefinition/IHE.DSUBm.ResourceNotify.HeartbeatNotification"/><supportedProfile value="https://profiles.ihe.net/ITI/DSUBm/StructureDefinition/IHE.DSUBm.ResourceNotify.SubscriptionDeactivationNotification"/><documentation value="Resource Notify [ITI-112]"/></resource></rest></CapabilityStatement>