{
  "resourceType" : "ValueSet",
  "id" : "519ee991-2f94-4859-af51-8ab5bab0f183-6",
  "url" : "http://hl7.org/fhir/comparison/ValueSet/519ee991-2f94-4859-af51-8ab5bab0f183-6",
  "name" : "IntersectionIHE_FormatCode_vsAndIHE_FormatCode_vs",
  "title" : "Intersection of IHE ValueSet of Format Codes for use with Document Sharing And IHE ValueSet of Format Codes for use with Document Sharing",
  "status" : "active",
  "date" : "2022-02-22T06:31:14-06:00",
  "jurisdiction" : [{
    "coding" : [{
      "system" : "http://unstats.un.org/unsd/methods/m49/m49.htm",
      "code" : "001"
    }]
  }],
  "compose" : {
    "include" : [{
      "filter" : [{
        "property" : "notSelectable",
        "op" : "=",
        "value" : "false"
      }]
    },
    {
      
    },
    {
      "concept" : [{
        "code" : "1.2.840.10008.5.1.4.1.1.88.59",
        "display" : "Key Object Selection Document"
      }]
    }]
  },
  "expansion" : {
    "contains" : [{
      "system" : "http://ihe.net/fhir/ihe.formatcode.fhir/CodeSystem/formatcode",
      "code" : "urn:ihe:pcc:xphr:2007",
      "display" : "PCC XPHR"
    },
    {
      "system" : "http://ihe.net/fhir/ihe.formatcode.fhir/CodeSystem/formatcode",
      "code" : "urn:ihe:pcc:aps:2007",
      "display" : "PCC APS"
    },
    {
      "system" : "http://ihe.net/fhir/ihe.formatcode.fhir/CodeSystem/formatcode",
      "code" : "urn:ihe:pcc:xds-ms:2007",
      "display" : "PCC XDS-MS"
    },
    {
      "system" : "http://ihe.net/fhir/ihe.formatcode.fhir/CodeSystem/formatcode",
      "code" : "urn:ihe:pcc:edr:2007",
      "display" : "PCC EDR"
    },
    {
      "system" : "http://ihe.net/fhir/ihe.formatcode.fhir/CodeSystem/formatcode",
      "code" : "urn:ihe:pcc:edes:2007",
      "display" : "PCC EDES"
    },
    {
      "system" : "http://ihe.net/fhir/ihe.formatcode.fhir/CodeSystem/formatcode",
      "code" : "urn:ihe:pcc:apr:handp:2008",
      "display" : "PCC APR HANDP"
    },
    {
      "system" : "http://ihe.net/fhir/ihe.formatcode.fhir/CodeSystem/formatcode",
      "code" : "urn:ihe:pcc:apr:lab:2008",
      "display" : "PCC APR LAB"
    },
    {
      "system" : "http://ihe.net/fhir/ihe.formatcode.fhir/CodeSystem/formatcode",
      "code" : "urn:ihe:pcc:apr:edu:2008",
      "display" : "PCC APR EDU"
    },
    {
      "system" : "http://ihe.net/fhir/ihe.formatcode.fhir/CodeSystem/formatcode",
      "code" : "urn:ihe:pcc:crc:2008",
      "display" : "PCC CRC"
    },
    {
      "system" : "http://ihe.net/fhir/ihe.formatcode.fhir/CodeSystem/formatcode",
      "code" : "urn:ihe:pcc:cm:2008",
      "display" : "Care Management (CM)"
    },
    {
      "system" : "http://ihe.net/fhir/ihe.formatcode.fhir/CodeSystem/formatcode",
      "code" : "urn:ihe:pcc:ic:2008",
      "display" : "Immunization Registry Content (IRC)"
    },
    {
      "system" : "http://ihe.net/fhir/ihe.formatcode.fhir/CodeSystem/formatcode",
      "code" : "urn:ihe:pcc:tn:2007",
      "display" : "PCC TN"
    },
    {
      "system" : "http://ihe.net/fhir/ihe.formatcode.fhir/CodeSystem/formatcode",
      "code" : "urn:ihe:pcc:nn:2007",
      "display" : "PCC NN"
    },
    {
      "system" : "http://ihe.net/fhir/ihe.formatcode.fhir/CodeSystem/formatcode",
      "code" : "urn:ihe:pcc:ctn:2007",
      "display" : "PCC CTN"
    },
    {
      "system" : "http://ihe.net/fhir/ihe.formatcode.fhir/CodeSystem/formatcode",
      "code" : "urn:ihe:pcc:edpn:2007",
      "display" : "PCC EDPN"
    },
    {
      "system" : "http://ihe.net/fhir/ihe.formatcode.fhir/CodeSystem/formatcode",
      "code" : "urn:ihe:pcc:hp:2008",
      "display" : "PCC HP"
    },
    {
      "system" : "http://ihe.net/fhir/ihe.formatcode.fhir/CodeSystem/formatcode",
      "code" : "urn:ihe:pcc:ldhp:2009",
      "display" : "PCC LDHP"
    },
    {
      "system" : "http://ihe.net/fhir/ihe.formatcode.fhir/CodeSystem/formatcode",
      "code" : "urn:ihe:pcc:lds:2009",
      "display" : "PCC LDS"
    },
    {
      "system" : "http://ihe.net/fhir/ihe.formatcode.fhir/CodeSystem/formatcode",
      "code" : "urn:ihe:pcc:mds:2009",
      "display" : "PCC MDS"
    },
    {
      "system" : "http://ihe.net/fhir/ihe.formatcode.fhir/CodeSystem/formatcode",
      "code" : "urn:ihe:pcc:nds:2010",
      "display" : "PCC NDS"
    },
    {
      "system" : "http://ihe.net/fhir/ihe.formatcode.fhir/CodeSystem/formatcode",
      "code" : "urn:ihe:pcc:ppvs:2010",
      "display" : "PCC PPVS"
    },
    {
      "system" : "http://ihe.net/fhir/ihe.formatcode.fhir/CodeSystem/formatcode",
      "code" : "urn:ihe:pcc:trs:2011",
      "display" : "PCC TRS"
    },
    {
      "system" : "http://ihe.net/fhir/ihe.formatcode.fhir/CodeSystem/formatcode",
      "code" : "urn:ihe:pcc:ets:2011",
      "display" : "PCC ETS"
    },
    {
      "system" : "http://ihe.net/fhir/ihe.formatcode.fhir/CodeSystem/formatcode",
      "code" : "urn:ihe:pcc:its:2011",
      "display" : "PCC ITS"
    },
    {
      "system" : "http://ihe.net/fhir/ihe.formatcode.fhir/CodeSystem/formatcode",
      "code" : "urn:ihe:pcc:ript:2017",
      "display" : "PCC RIPT"
    },
    {
      "system" : "http://ihe.net/fhir/ihe.formatcode.fhir/CodeSystem/formatcode",
      "code" : "urn:ihe:pcc:pcs-cs:2018",
      "display" : "PCC PCS-CS"
    },
    {
      "system" : "http://ihe.net/fhir/ihe.formatcode.fhir/CodeSystem/formatcode",
      "code" : "urn:ihe:pcc:pcs-cr:2018",
      "display" : "PCC PCS-CR"
    },
    {
      "system" : "http://ihe.net/fhir/ihe.formatcode.fhir/CodeSystem/formatcode",
      "code" : "urn:ihe:pcc:ips:2020",
      "display" : "PCC IPS"
    },
    {
      "system" : "http://ihe.net/fhir/ihe.formatcode.fhir/CodeSystem/formatcode",
      "code" : "urn:ihe:pcc:360x:hl7:OMG:O19:2017",
      "display" : "PCC 360X Referral Request"
    },
    {
      "system" : "http://ihe.net/fhir/ihe.formatcode.fhir/CodeSystem/formatcode",
      "code" : "urn:ihe:pcc:360x:hl7:OSU:O51:2017",
      "display" : "PCC 360X Referral Status Update"
    },
    {
      "system" : "http://ihe.net/fhir/ihe.formatcode.fhir/CodeSystem/formatcode",
      "code" : "urn:ihe:pcc:360x:hl7:SIU:S12:2017",
      "display" : "PCC 360X Appointment Notification"
    },
    {
      "system" : "http://ihe.net/fhir/ihe.formatcode.fhir/CodeSystem/formatcode",
      "code" : "urn:ihe:pcc:360x:hl7:SIU:S13:2017",
      "display" : "PCC 360X Appointment Reschedule Notification"
    },
    {
      "system" : "http://ihe.net/fhir/ihe.formatcode.fhir/CodeSystem/formatcode",
      "code" : "urn:ihe:pcc:360x:hl7:SIU:S15:2017",
      "display" : "PCC 360X Appointment Cancel Notification"
    },
    {
      "system" : "http://ihe.net/fhir/ihe.formatcode.fhir/CodeSystem/formatcode",
      "code" : "urn:ihe:pcc:360x:hl7:SIU:S26:2017",
      "display" : "PCC 360X Appointment No-show Notification"
    },
    {
      "system" : "http://ihe.net/fhir/ihe.formatcode.fhir/CodeSystem/formatcode",
      "code" : "urn:ihe:iti:bppc:2007",
      "display" : "ITI BPPC"
    },
    {
      "system" : "http://ihe.net/fhir/ihe.formatcode.fhir/CodeSystem/formatcode",
      "code" : "urn:ihe:iti:bppc-sd:2007",
      "display" : "ITI BPPC-SD"
    },
    {
      "system" : "http://ihe.net/fhir/ihe.formatcode.fhir/CodeSystem/formatcode",
      "code" : "urn:ihe:iti:xds-sd:pdf:2008",
      "display" : "ITI XDS-SD PDF"
    },
    {
      "system" : "http://ihe.net/fhir/ihe.formatcode.fhir/CodeSystem/formatcode",
      "code" : "urn:ihe:iti:xds-sd:text:2008",
      "display" : "ITI XDS-SD TEXT"
    },
    {
      "system" : "http://ihe.net/fhir/ihe.formatcode.fhir/CodeSystem/formatcode",
      "code" : "urn:ihe:iti:xdw:2011:workflowDoc",
      "display" : "ITI XDW"
    },
    {
      "system" : "http://ihe.net/fhir/ihe.formatcode.fhir/CodeSystem/formatcode",
      "code" : "urn:ihe:iti:dsg:detached:2014",
      "display" : "ITI DSG Detached"
    },
    {
      "system" : "http://ihe.net/fhir/ihe.formatcode.fhir/CodeSystem/formatcode",
      "code" : "urn:ihe:iti:dsg:enveloping:2014",
      "display" : "ITI DSG Enveloping"
    },
    {
      "system" : "http://ihe.net/fhir/ihe.formatcode.fhir/CodeSystem/formatcode",
      "code" : "urn:ihe:iti:appc:2016:consent",
      "display" : "ITI APPC"
    },
    {
      "system" : "http://ihe.net/fhir/ihe.formatcode.fhir/CodeSystem/formatcode",
      "code" : "urn:ihe:iti:xds:2017:mimeTypeSufficient",
      "display" : "mimeType Sufficient"
    },
    {
      "system" : "http://ihe.net/fhir/ihe.formatcode.fhir/CodeSystem/formatcode",
      "code" : "urn:ihe:lab:xd-lab:2008",
      "display" : "LAB XD-LAB"
    },
    {
      "system" : "http://ihe.net/fhir/ihe.formatcode.fhir/CodeSystem/formatcode",
      "code" : "urn:ihe:rad:TEXT",
      "display" : "RAD TEXT"
    },
    {
      "system" : "http://ihe.net/fhir/ihe.formatcode.fhir/CodeSystem/formatcode",
      "code" : "urn:ihe:rad:PDF",
      "display" : "RAD PDF"
    },
    {
      "system" : "http://ihe.net/fhir/ihe.formatcode.fhir/CodeSystem/formatcode",
      "code" : "urn:ihe:rad:CDA:ImagingReportStructuredHeadings:2013",
      "display" : "RAD XDS-I"
    },
    {
      "system" : "http://ihe.net/fhir/ihe.formatcode.fhir/CodeSystem/formatcode",
      "code" : "urn:ihe:card:imaging:2011",
      "display" : "CARD Imaging"
    },
    {
      "system" : "http://ihe.net/fhir/ihe.formatcode.fhir/CodeSystem/formatcode",
      "code" : "urn:ihe:card:CRC:2012",
      "display" : "CARD CRC"
    },
    {
      "system" : "http://ihe.net/fhir/ihe.formatcode.fhir/CodeSystem/formatcode",
      "code" : "urn:ihe:card:EPRC-IE:2014",
      "display" : "CARD EPRC-IE"
    },
    {
      "system" : "http://ihe.net/fhir/ihe.formatcode.fhir/CodeSystem/formatcode",
      "code" : "urn:ihe:card:CPN:2017",
      "display" : "CARD CPN"
    },
    {
      "system" : "http://ihe.net/fhir/ihe.formatcode.fhir/CodeSystem/formatcode",
      "code" : "urn:ihe:dent:TEXT",
      "display" : "DENT TEXT"
    },
    {
      "system" : "http://ihe.net/fhir/ihe.formatcode.fhir/CodeSystem/formatcode",
      "code" : "urn:ihe:dent:PDF",
      "display" : "DENT PDF"
    },
    {
      "system" : "http://ihe.net/fhir/ihe.formatcode.fhir/CodeSystem/formatcode",
      "code" : "urn:ihe:dent:CDA:ImagingReportStructuredHeadings:2013",
      "display" : "DENT CDA"
    },
    {
      "system" : "http://ihe.net/fhir/ihe.formatcode.fhir/CodeSystem/formatcode",
      "code" : "urn:ihe.palm:apsr:2016",
      "display" : "PALM APSR"
    },
    {
      "system" : "http://ihe.net/fhir/ihe.formatcode.fhir/CodeSystem/formatcode",
      "code" : "urn:ihe:pharm:pre:2010",
      "display" : "Pharmacy PRE"
    },
    {
      "system" : "http://ihe.net/fhir/ihe.formatcode.fhir/CodeSystem/formatcode",
      "code" : "urn:ihe:pharm:padv:2010",
      "display" : "Pharmacy PADV"
    },
    {
      "system" : "http://ihe.net/fhir/ihe.formatcode.fhir/CodeSystem/formatcode",
      "code" : "urn:ihe:pharm:dis:2010",
      "display" : "Pharmacy DIS"
    },
    {
      "system" : "http://ihe.net/fhir/ihe.formatcode.fhir/CodeSystem/formatcode",
      "code" : "urn:ihe:pharm:pml:2013",
      "display" : "Pharmacy PML"
    },
    {
      "system" : "http://ihe.net/fhir/ihe.formatcode.fhir/CodeSystem/formatcode",
      "code" : "urn:ihe:pharm:mtp:2015",
      "display" : "Pharmacy MTP"
    },
    {
      "system" : "http://ihe.net/fhir/ihe.formatcode.fhir/CodeSystem/formatcode",
      "code" : "urn:ihe:pharm:cma:2017",
      "display" : "Pharmacy CMA"
    },
    {
      "system" : "http://ihe.net/fhir/ihe.formatcode.fhir/CodeSystem/formatcode",
      "code" : "urn:ihe:qrph:crd:2008",
      "display" : "QRPH CRD"
    },
    {
      "system" : "http://ihe.net/fhir/ihe.formatcode.fhir/CodeSystem/formatcode",
      "code" : "urn:ihe:qrph:dsc:2008",
      "display" : "QRPH DSC"
    },
    {
      "system" : "http://ihe.net/fhir/ihe.formatcode.fhir/CodeSystem/formatcode",
      "code" : "urn:ihe:qrph:prph:2009",
      "display" : "QRPH PRPH-Ca"
    },
    {
      "system" : "http://ihe.net/fhir/ihe.formatcode.fhir/CodeSystem/formatcode",
      "code" : "urn:ihe:qrph:LDS-VR:2013",
      "display" : "QRPH LDS-VR"
    },
    {
      "system" : "http://ihe.net/fhir/ihe.formatcode.fhir/CodeSystem/formatcode",
      "code" : "urn:ihe:qrph:BFDR-Birth:2014",
      "display" : "QRPH BFDR Birth CDA document"
    },
    {
      "system" : "http://ihe.net/fhir/ihe.formatcode.fhir/CodeSystem/formatcode",
      "code" : "urn:ihe:qrph:BFDR-FDeath:2014",
      "display" : "QRPH BFDR Death CDA document"
    },
    {
      "system" : "http://ihe.net/fhir/ihe.formatcode.fhir/CodeSystem/formatcode",
      "code" : "urn:ihe:qrph:vrdr:2013",
      "display" : "QRPH VRDR"
    },
    {
      "system" : "http://ihe.net/fhir/ihe.formatcode.fhir/CodeSystem/formatcode",
      "code" : "urn:ihe:qrph:ms-vrdr:2013",
      "display" : "QRPH MS-VRDR"
    },
    {
      "system" : "http://ihe.net/fhir/ihe.formatcode.fhir/CodeSystem/formatcode",
      "code" : "urn:ihe:qrph:hw:2013",
      "display" : "QRPH HW"
    },
    {
      "system" : "http://ihe.net/fhir/ihe.formatcode.fhir/CodeSystem/formatcode",
      "code" : "urn:ihe:qrph:NHS-Catl-UV:2015",
      "display" : "QRPH EHDI NHS Cat I"
    },
    {
      "system" : "http://ihe.net/fhir/ihe.formatcode.fhir/CodeSystem/formatcode",
      "code" : "urn:ihe:qrph:NHS-CatIII-UV:2015",
      "display" : "QRPH EHDI NHS Cat III"
    },
    {
      "system" : "http://ihe.net/fhir/ihe.formatcode.fhir/CodeSystem/formatcode",
      "code" : "urn:ihe:qrph:HPoCUS:2014",
      "display" : "QRPH HPoC US"
    },
    {
      "system" : "http://ihe.net/fhir/ihe.formatcode.fhir/CodeSystem/formatcode",
      "code" : "urn:ihe:qrph:HPoCUV:2014",
      "display" : "QRPH HPoC UV"
    },
    {
      "system" : "http://ihe.net/fhir/ihe.formatcode.fhir/CodeSystem/formatcode",
      "code" : "urn:ihe:qrph:fp:2017",
      "display" : "QRPH FP V2"
    },
    {
      "system" : "http://ihe.net/fhir/ihe.formatcode.fhir/CodeSystem/formatcode",
      "code" : "urn:ihe:qrph:ehdiwd:2013",
      "display" : "QRPH EHDI-WD"
    },
    {
      "system" : "http://ihe.net/fhir/ihe.formatcode.fhir/CodeSystem/formatcode",
      "code" : "urn:ihe:qrph:prq:2019",
      "display" : "QRPH PRQ"
    },
    {
      "system" : "http://terminology.hl7.org/CodeSystem/hl7-document-format-codes",
      "code" : "urn:hl7-org:sdwg:ccda-structuredBody:1.1",
      "display" : "ccda-structuredBody:1.1"
    },
    {
      "system" : "http://terminology.hl7.org/CodeSystem/hl7-document-format-codes",
      "code" : "urn:hl7-org:sdwg:ccda-nonXMLBody:1.1",
      "display" : "ccda-nonXMLBody:1.1"
    },
    {
      "system" : "http://terminology.hl7.org/CodeSystem/hl7-document-format-codes",
      "code" : "urn:hl7-org:sdwg:ccda-structuredBody:2.1",
      "display" : "ccda-structuredBody:2.1"
    },
    {
      "system" : "http://terminology.hl7.org/CodeSystem/hl7-document-format-codes",
      "code" : "urn:hl7-org:sdwg:ccda-nonXMLBody:2.1",
      "display" : "ccda-nonXMLBody:2.1"
    },
    {
      "system" : "http://terminology.hl7.org/CodeSystem/hl7-document-format-codes",
      "code" : "urn:hl7-org:sdwg:pacp-structuredBody:1.0",
      "display" : "pacp-structuredBody:1.0"
    },
    {
      "system" : "http://terminology.hl7.org/CodeSystem/hl7-document-format-codes",
      "code" : "urn:hl7-org:sdwg:pacp-nonXMLBody:1.0",
      "display" : "pacp-nonXMLBody:1.0"
    },
    {
      "system" : "http://terminology.hl7.org/CodeSystem/hl7-document-format-codes",
      "code" : "urn:hl7-org:sdwg:ccda-structuredBody:2.2",
      "display" : "ccda-structuredBody:2.2"
    },
    {
      "system" : "http://terminology.hl7.org/CodeSystem/hl7-document-format-codes",
      "code" : "urn:hl7-org:sdwg:ccda-nonXMLBody:2.2",
      "display" : "ccda-nonXMLBody:2.2"
    }]
  }
}