<?xml version="1.0" encoding="UTF-8"?>

<List xmlns="http://hl7.org/fhir">
  <id value="ex-compSubmissionSetFull"/>
  <meta>
    <profile value="https://profiles.ihe.net/ITI/MHD/StructureDefinition/IHE.MHD.Minimal.SubmissionSet"/>
    <security>
      <system value="http://terminology.hl7.org/CodeSystem/v3-ActReason"/>
      <code value="HTEST"/>
    </security>
  </meta>
  <text>
    <status value="generated"/><div xmlns="http://www.w3.org/1999/xhtml"><h2>Example SubmissionSet for comprehensive metadata</h2><table class="clstu"><tr><td>Date: Dec 25, 2004 10:50:50 PMMode: workingStatus: currentCode: SubmissionSet as a FHIR List</td></tr><tr><td>Subject: <a href="Patient-ex-patient.html">Patient/ex-patient</a> " SCHMIDT"Source: (null)</td></tr></table><table class="grid"><tr style="backgound-color: #eeeeee"><td><b>Items</b></td></tr><tr><td><a href="DocumentReference-ex-documentreference.html">DocumentReference/ex-documentreference</a></td></tr><tr><td><a href="List-ex-list.html">List/ex-list</a></td></tr></table></div>
  </text>
  <contained>
    <Practitioner>
      <id value="in-sender"/>
      <telecom>
        <system value="email"/>
        <value value="JohnMoehrke@gmail.com"/>
      </telecom>
    </Practitioner>
  </contained>
  <extension url="https://profiles.ihe.net/ITI/MHD/StructureDefinition/ihe-sourceId">
    <valueIdentifier>
      <value value="urn:oid:1.2.3.4"/>
    </valueIdentifier>
  </extension>
  <extension url="https://profiles.ihe.net/ITI/MHD/StructureDefinition/ihe-designationType">
    <valueCodeableConcept>
      <coding>
        <system value="http://snomed.info/sct"/>
        <code value="225728007"/>
      </coding>
    </valueCodeableConcept>
  </extension>
  <extension url="https://profiles.ihe.net/ITI/MHD/StructureDefinition/ihe-intendedRecipient">
    <valueReference>
      <reference value="Practitioner/ex-practitioner"/>
    </valueReference>
  </extension>
  <identifier>
    <use value="official"/>
    <system value="urn:ietf:rfc:3986"/>
    <value value="urn:oid:1.2.129.6.58.92.88337.4"/>
  </identifier>
  <identifier>
    <use value="usual"/>
    <system value="http://example.org/documents"/>
    <value value="23425234-23470"/>
  </identifier>
  <status value="current"/>
  <mode value="working"/>
  <title value="Example SubmissionSet for comprehensive metadata"/>
  <code>
    <coding>
      <system value="https://profiles.ihe.net/ITI/MHD/CodeSystem/MHDlistTypes"/>
      <code value="submissionset"/>
    </coding>
  </code>
  <subject>
    <reference value="Patient/ex-patient"/>
  </subject>
  <date value="2004-12-25T23:50:50-05:00"/>
  <source>
    <extension url="https://profiles.ihe.net/ITI/MHD/StructureDefinition/ihe-authorOrg">
      <valueReference>
        <reference value="Organization/ex-organization"/>
      </valueReference>
    </extension>
    <reference value="#in-sender"/>
  </source>
  <entry>
    <item>
      <reference value="DocumentReference/ex-documentreference"/>
    </item>
  </entry>
  <entry>
    <item>
      <reference value="List/ex-list"/>
    </item>
  </entry>
</List>