﻿{
  "openapi": "3.0.2",
  "info": {
    "title": "IHE QEDm Clinical Data Source Actor",
    "description": "CapabilityStatement for Clinical Data Source Actor.\n\nThe Clinical Data Source in this profile responds to FHIR-based queries\nfor one or more fine-grained data elements (FHIR resources) defined by\nthe options listed in Section [8.2 QEDm Actor Options](volume-1.html#actor-options).",
    "license": {
      "name": "Creative Commons Attribution 4.0 International",
      "url": "http://spdx.org/licenses/CC-BY-4.0.html"
    },
    "version": "3.0.0",
    "contact": {
      "name": "IHE Patient Care Coordination Technical Committee",
      "email": "pcc@ihe.net"
    }
  },
  "externalDocs": {
    "url": "https://profiles.ihe.net/PCC/QEDm/CapabilityStatement/IHE.QEDm.Clinical-Data-Source",
    "description": "FHIR CapabilityStatement"
  },
  "paths": {
    "/metadata": {
      "summary": "Access to the Server\u0027s Capability Statement",
      "description": "All FHIR Servers return a CapabilityStatement that describes what services they perform",
      "get": {
        "summary": "Return the server\u0027s capability statement",
        "operationId": "metadata",
        "responses": {
          "default": {
            "description": "Error, with details",
            "content": {
              "application/fhir+json": {
                "schema": {
                  "$ref": "https://hl7.org/fhir/R4/fhir.schema.json#/definitions/OperationOutcome"
                }
              },
              "application/fhir+xml": {
                "schema": {
                  "$ref": "https://hl7.org/fhir/R4/OperationOutcome.xsd"
                }
              }
            }
          },
          "200": {
            "description": "the capbility statement",
            "content": {
              "application/fhir+json": {
                "schema": {
                  "$ref": "https://hl7.org/fhir/R4/fhir.schema.json#/definitions/CapabilityStatement"
                }
              },
              "application/fhir+xml": {
                "schema": {
                  "$ref": "https://hl7.org/fhir/R4/CapabilityStatement.xsd"
                }
              }
            }
          }
        },
        "parameters": [
          {
            "$ref": "#/components/parameters/format"
          },
          {
            "$ref": "#/components/parameters/pretty"
          },
          {
            "$ref": "#/components/parameters/summary"
          },
          {
            "$ref": "#/components/parameters/elements"
          }
        ]
      }
    },
    "/AllergyIntolerance": {
      "summary": "manage the collection of resources of type AllergyIntolerance",
      "description": "Access to services to manage the collection of all resources of type AllergyIntolerance",
      "get": {
        "summary": "Search all resources of type AllergyIntolerance based on a set of criteria",
        "operationId": "searchAllergyIntolerance",
        "responses": {
          "default": {
            "description": "Error, with details",
            "content": {
              "application/fhir+json": {
                "schema": {
                  "$ref": "https://hl7.org/fhir/R4/fhir.schema.json#/definitions/OperationOutcome"
                }
              },
              "application/fhir+xml": {
                "schema": {
                  "$ref": "https://hl7.org/fhir/R4/OperationOutcome.xsd"
                }
              }
            }
          },
          "200": {
            "description": "the resource being returned",
            "content": {
              "application/fhir+json": {
                "schema": {
                  "$ref": "https://hl7.org/fhir/R4/fhir.schema.json#/definitions/Bundle"
                }
              },
              "application/fhir+xml": {
                "schema": {
                  "$ref": "https://hl7.org/fhir/R4/Bundle.xsd"
                }
              }
            }
          }
        },
        "parameters": [
          {
            "$ref": "#/components/parameters/format"
          },
          {
            "$ref": "#/components/parameters/pretty"
          },
          {
            "$ref": "#/components/parameters/summary"
          },
          {
            "$ref": "#/components/parameters/elements"
          },
          {
            "name": "patient",
            "in": "query",
            "schema": {
              "type": "string"
            },
            "description": "Multiple Resources: \r\n\r\n* [AllergyIntolerance](allergyintolerance.html): Who the sensitivity is for\r\n* [CarePlan](careplan.html): Who the care plan is for\r\n* [CareTeam](careteam.html): Who care team is for\r\n* [ClinicalImpression](clinicalimpression.html): Patient or group assessed\r\n* [Composition](composition.html): Who and/or what the composition is about\r\n* [Condition](condition.html): Who has the condition?\r\n* [Consent](consent.html): Who the consent applies to\r\n* [DetectedIssue](detectedissue.html): Associated patient\r\n* [DeviceRequest](devicerequest.html): Individual the service is ordered for\r\n* [DeviceUseStatement](deviceusestatement.html): Search by subject - a patient\r\n* [DiagnosticReport](diagnosticreport.html): The subject of the report if a patient\r\n* [DocumentManifest](documentmanifest.html): The subject of the set of documents\r\n* [DocumentReference](documentreference.html): Who/what is the subject of the document\r\n* [Encounter](encounter.html): The patient or group present at the encounter\r\n* [EpisodeOfCare](episodeofcare.html): The patient who is the focus of this episode of care\r\n* [FamilyMemberHistory](familymemberhistory.html): The identity of a subject to list family member history items for\r\n* [Flag](flag.html): The identity of a subject to list flags for\r\n* [Goal](goal.html): Who this goal is intended for\r\n* [ImagingStudy](imagingstudy.html): Who the study is about\r\n* [Immunization](immunization.html): The patient for the vaccination record\r\n* [List](list.html): If all resources have the same subject\r\n* [MedicationAdministration](medicationadministration.html): The identity of a patient to list administrations  for\r\n* [MedicationDispense](medicationdispense.html): The identity of a patient to list dispenses  for\r\n* [MedicationRequest](medicationrequest.html): Returns prescriptions for a specific patient\r\n* [MedicationStatement](medicationstatement.html): Returns statements for a specific patient.\r\n* [NutritionOrder](nutritionorder.html): The identity of the person who requires the diet, formula or nutritional supplement\r\n* [Observation](observation.html): The subject that the observation is about (if patient)\r\n* [Procedure](procedure.html): Search by subject - a patient\r\n* [RiskAssessment](riskassessment.html): Who/what does assessment apply to?\r\n* [ServiceRequest](servicerequest.html): Search by subject - a patient\r\n* [SupplyDelivery](supplydelivery.html): Patient for whom the item is supplied\r\n* [VisionPrescription](visionprescription.html): The identity of a patient to list dispenses for\r\n"
          }
        ]
      }
    },
    "/AllergyIntolerance/{rid}": {
      "summary": "Read/Write/etc resource instance of type AllergyIntolerance",
      "description": "Access to services to manage the state of a single resource of type AllergyIntolerance",
      "get": {
        "summary": "Read the current state of the resource",
        "operationId": "readAllergyIntolerance",
        "responses": {
          "default": {
            "description": "Error, with details",
            "content": {
              "application/fhir+json": {
                "schema": {
                  "$ref": "https://hl7.org/fhir/R4/fhir.schema.json#/definitions/OperationOutcome"
                }
              },
              "application/fhir+xml": {
                "schema": {
                  "$ref": "https://hl7.org/fhir/R4/OperationOutcome.xsd"
                }
              }
            }
          },
          "200": {
            "description": "the resource being returned",
            "headers": {
              "ETag": {
                "description": "Version from Resource.meta.version as a weak ETag",
                "schema": {
                  "type": "string"
                }
              }
            },
            "content": {
              "application/fhir+json": {
                "schema": {
                  "$ref": "https://hl7.org/fhir/R4/fhir.schema.json#/definitions/AllergyIntolerance"
                }
              },
              "application/fhir+xml": {
                "schema": {
                  "$ref": "https://hl7.org/fhir/R4/AllergyIntolerance.xsd"
                }
              }
            }
          }
        },
        "parameters": [
          {
            "$ref": "#/components/parameters/rid"
          },
          {
            "$ref": "#/components/parameters/summary"
          },
          {
            "$ref": "#/components/parameters/format"
          },
          {
            "$ref": "#/components/parameters/pretty"
          },
          {
            "$ref": "#/components/parameters/elements"
          }
        ]
      }
    },
    "/Condition": {
      "summary": "manage the collection of resources of type Condition",
      "description": "Access to services to manage the collection of all resources of type Condition",
      "get": {
        "summary": "Search all resources of type Condition based on a set of criteria",
        "operationId": "searchCondition",
        "responses": {
          "default": {
            "description": "Error, with details",
            "content": {
              "application/fhir+json": {
                "schema": {
                  "$ref": "https://hl7.org/fhir/R4/fhir.schema.json#/definitions/OperationOutcome"
                }
              },
              "application/fhir+xml": {
                "schema": {
                  "$ref": "https://hl7.org/fhir/R4/OperationOutcome.xsd"
                }
              }
            }
          },
          "200": {
            "description": "the resource being returned",
            "content": {
              "application/fhir+json": {
                "schema": {
                  "$ref": "https://hl7.org/fhir/R4/fhir.schema.json#/definitions/Bundle"
                }
              },
              "application/fhir+xml": {
                "schema": {
                  "$ref": "https://hl7.org/fhir/R4/Bundle.xsd"
                }
              }
            }
          }
        },
        "parameters": [
          {
            "$ref": "#/components/parameters/format"
          },
          {
            "$ref": "#/components/parameters/pretty"
          },
          {
            "$ref": "#/components/parameters/summary"
          },
          {
            "$ref": "#/components/parameters/elements"
          },
          {
            "name": "category",
            "in": "query",
            "description": "The category of the condition",
            "schema": {
              "type": "string"
            }
          },
          {
            "name": "clinical-status",
            "in": "query",
            "description": "The clinical status of the condition",
            "schema": {
              "type": "string"
            }
          },
          {
            "name": "patient",
            "in": "query",
            "schema": {
              "type": "string"
            },
            "description": "Multiple Resources: \r\n\r\n* [AllergyIntolerance](allergyintolerance.html): Who the sensitivity is for\r\n* [CarePlan](careplan.html): Who the care plan is for\r\n* [CareTeam](careteam.html): Who care team is for\r\n* [ClinicalImpression](clinicalimpression.html): Patient or group assessed\r\n* [Composition](composition.html): Who and/or what the composition is about\r\n* [Condition](condition.html): Who has the condition?\r\n* [Consent](consent.html): Who the consent applies to\r\n* [DetectedIssue](detectedissue.html): Associated patient\r\n* [DeviceRequest](devicerequest.html): Individual the service is ordered for\r\n* [DeviceUseStatement](deviceusestatement.html): Search by subject - a patient\r\n* [DiagnosticReport](diagnosticreport.html): The subject of the report if a patient\r\n* [DocumentManifest](documentmanifest.html): The subject of the set of documents\r\n* [DocumentReference](documentreference.html): Who/what is the subject of the document\r\n* [Encounter](encounter.html): The patient or group present at the encounter\r\n* [EpisodeOfCare](episodeofcare.html): The patient who is the focus of this episode of care\r\n* [FamilyMemberHistory](familymemberhistory.html): The identity of a subject to list family member history items for\r\n* [Flag](flag.html): The identity of a subject to list flags for\r\n* [Goal](goal.html): Who this goal is intended for\r\n* [ImagingStudy](imagingstudy.html): Who the study is about\r\n* [Immunization](immunization.html): The patient for the vaccination record\r\n* [List](list.html): If all resources have the same subject\r\n* [MedicationAdministration](medicationadministration.html): The identity of a patient to list administrations  for\r\n* [MedicationDispense](medicationdispense.html): The identity of a patient to list dispenses  for\r\n* [MedicationRequest](medicationrequest.html): Returns prescriptions for a specific patient\r\n* [MedicationStatement](medicationstatement.html): Returns statements for a specific patient.\r\n* [NutritionOrder](nutritionorder.html): The identity of the person who requires the diet, formula or nutritional supplement\r\n* [Observation](observation.html): The subject that the observation is about (if patient)\r\n* [Procedure](procedure.html): Search by subject - a patient\r\n* [RiskAssessment](riskassessment.html): Who/what does assessment apply to?\r\n* [ServiceRequest](servicerequest.html): Search by subject - a patient\r\n* [SupplyDelivery](supplydelivery.html): Patient for whom the item is supplied\r\n* [VisionPrescription](visionprescription.html): The identity of a patient to list dispenses for\r\n"
          }
        ]
      }
    },
    "/Condition/{rid}": {
      "summary": "Read/Write/etc resource instance of type Condition",
      "description": "Access to services to manage the state of a single resource of type Condition",
      "get": {
        "summary": "Read the current state of the resource",
        "operationId": "readCondition",
        "responses": {
          "default": {
            "description": "Error, with details",
            "content": {
              "application/fhir+json": {
                "schema": {
                  "$ref": "https://hl7.org/fhir/R4/fhir.schema.json#/definitions/OperationOutcome"
                }
              },
              "application/fhir+xml": {
                "schema": {
                  "$ref": "https://hl7.org/fhir/R4/OperationOutcome.xsd"
                }
              }
            }
          },
          "200": {
            "description": "the resource being returned",
            "headers": {
              "ETag": {
                "description": "Version from Resource.meta.version as a weak ETag",
                "schema": {
                  "type": "string"
                }
              }
            },
            "content": {
              "application/fhir+json": {
                "schema": {
                  "$ref": "https://hl7.org/fhir/R4/fhir.schema.json#/definitions/Condition"
                }
              },
              "application/fhir+xml": {
                "schema": {
                  "$ref": "https://hl7.org/fhir/R4/Condition.xsd"
                }
              }
            }
          }
        },
        "parameters": [
          {
            "$ref": "#/components/parameters/rid"
          },
          {
            "$ref": "#/components/parameters/summary"
          },
          {
            "$ref": "#/components/parameters/format"
          },
          {
            "$ref": "#/components/parameters/pretty"
          },
          {
            "$ref": "#/components/parameters/elements"
          }
        ]
      }
    },
    "/Immunization": {
      "summary": "manage the collection of resources of type Immunization",
      "description": "Access to services to manage the collection of all resources of type Immunization",
      "get": {
        "summary": "Search all resources of type Immunization based on a set of criteria",
        "operationId": "searchImmunization",
        "responses": {
          "default": {
            "description": "Error, with details",
            "content": {
              "application/fhir+json": {
                "schema": {
                  "$ref": "https://hl7.org/fhir/R4/fhir.schema.json#/definitions/OperationOutcome"
                }
              },
              "application/fhir+xml": {
                "schema": {
                  "$ref": "https://hl7.org/fhir/R4/OperationOutcome.xsd"
                }
              }
            }
          },
          "200": {
            "description": "the resource being returned",
            "content": {
              "application/fhir+json": {
                "schema": {
                  "$ref": "https://hl7.org/fhir/R4/fhir.schema.json#/definitions/Bundle"
                }
              },
              "application/fhir+xml": {
                "schema": {
                  "$ref": "https://hl7.org/fhir/R4/Bundle.xsd"
                }
              }
            }
          }
        },
        "parameters": [
          {
            "$ref": "#/components/parameters/format"
          },
          {
            "$ref": "#/components/parameters/pretty"
          },
          {
            "$ref": "#/components/parameters/summary"
          },
          {
            "$ref": "#/components/parameters/elements"
          },
          {
            "name": "patient",
            "in": "query",
            "schema": {
              "type": "string"
            },
            "description": "Multiple Resources: \r\n\r\n* [AllergyIntolerance](allergyintolerance.html): Who the sensitivity is for\r\n* [CarePlan](careplan.html): Who the care plan is for\r\n* [CareTeam](careteam.html): Who care team is for\r\n* [ClinicalImpression](clinicalimpression.html): Patient or group assessed\r\n* [Composition](composition.html): Who and/or what the composition is about\r\n* [Condition](condition.html): Who has the condition?\r\n* [Consent](consent.html): Who the consent applies to\r\n* [DetectedIssue](detectedissue.html): Associated patient\r\n* [DeviceRequest](devicerequest.html): Individual the service is ordered for\r\n* [DeviceUseStatement](deviceusestatement.html): Search by subject - a patient\r\n* [DiagnosticReport](diagnosticreport.html): The subject of the report if a patient\r\n* [DocumentManifest](documentmanifest.html): The subject of the set of documents\r\n* [DocumentReference](documentreference.html): Who/what is the subject of the document\r\n* [Encounter](encounter.html): The patient or group present at the encounter\r\n* [EpisodeOfCare](episodeofcare.html): The patient who is the focus of this episode of care\r\n* [FamilyMemberHistory](familymemberhistory.html): The identity of a subject to list family member history items for\r\n* [Flag](flag.html): The identity of a subject to list flags for\r\n* [Goal](goal.html): Who this goal is intended for\r\n* [ImagingStudy](imagingstudy.html): Who the study is about\r\n* [Immunization](immunization.html): The patient for the vaccination record\r\n* [List](list.html): If all resources have the same subject\r\n* [MedicationAdministration](medicationadministration.html): The identity of a patient to list administrations  for\r\n* [MedicationDispense](medicationdispense.html): The identity of a patient to list dispenses  for\r\n* [MedicationRequest](medicationrequest.html): Returns prescriptions for a specific patient\r\n* [MedicationStatement](medicationstatement.html): Returns statements for a specific patient.\r\n* [NutritionOrder](nutritionorder.html): The identity of the person who requires the diet, formula or nutritional supplement\r\n* [Observation](observation.html): The subject that the observation is about (if patient)\r\n* [Procedure](procedure.html): Search by subject - a patient\r\n* [RiskAssessment](riskassessment.html): Who/what does assessment apply to?\r\n* [ServiceRequest](servicerequest.html): Search by subject - a patient\r\n* [SupplyDelivery](supplydelivery.html): Patient for whom the item is supplied\r\n* [VisionPrescription](visionprescription.html): The identity of a patient to list dispenses for\r\n"
          }
        ]
      }
    },
    "/Immunization/{rid}": {
      "summary": "Read/Write/etc resource instance of type Immunization",
      "description": "Access to services to manage the state of a single resource of type Immunization",
      "get": {
        "summary": "Read the current state of the resource",
        "operationId": "readImmunization",
        "responses": {
          "default": {
            "description": "Error, with details",
            "content": {
              "application/fhir+json": {
                "schema": {
                  "$ref": "https://hl7.org/fhir/R4/fhir.schema.json#/definitions/OperationOutcome"
                }
              },
              "application/fhir+xml": {
                "schema": {
                  "$ref": "https://hl7.org/fhir/R4/OperationOutcome.xsd"
                }
              }
            }
          },
          "200": {
            "description": "the resource being returned",
            "headers": {
              "ETag": {
                "description": "Version from Resource.meta.version as a weak ETag",
                "schema": {
                  "type": "string"
                }
              }
            },
            "content": {
              "application/fhir+json": {
                "schema": {
                  "$ref": "https://hl7.org/fhir/R4/fhir.schema.json#/definitions/Immunization"
                }
              },
              "application/fhir+xml": {
                "schema": {
                  "$ref": "https://hl7.org/fhir/R4/Immunization.xsd"
                }
              }
            }
          }
        },
        "parameters": [
          {
            "$ref": "#/components/parameters/rid"
          },
          {
            "$ref": "#/components/parameters/summary"
          },
          {
            "$ref": "#/components/parameters/format"
          },
          {
            "$ref": "#/components/parameters/pretty"
          },
          {
            "$ref": "#/components/parameters/elements"
          }
        ]
      }
    },
    "/Medication": {
      "summary": "manage the collection of resources of type Medication",
      "description": "Access to services to manage the collection of all resources of type Medication",
      "get": {
        "summary": "Search all resources of type Medication based on a set of criteria",
        "operationId": "searchMedication",
        "responses": {
          "default": {
            "description": "Error, with details",
            "content": {
              "application/fhir+json": {
                "schema": {
                  "$ref": "https://hl7.org/fhir/R4/fhir.schema.json#/definitions/OperationOutcome"
                }
              },
              "application/fhir+xml": {
                "schema": {
                  "$ref": "https://hl7.org/fhir/R4/OperationOutcome.xsd"
                }
              }
            }
          },
          "200": {
            "description": "the resource being returned",
            "content": {
              "application/fhir+json": {
                "schema": {
                  "$ref": "https://hl7.org/fhir/R4/fhir.schema.json#/definitions/Bundle"
                }
              },
              "application/fhir+xml": {
                "schema": {
                  "$ref": "https://hl7.org/fhir/R4/Bundle.xsd"
                }
              }
            }
          }
        },
        "parameters": [
          {
            "$ref": "#/components/parameters/format"
          },
          {
            "$ref": "#/components/parameters/pretty"
          },
          {
            "$ref": "#/components/parameters/summary"
          },
          {
            "$ref": "#/components/parameters/elements"
          },
          {
            "name": "patient",
            "in": "query",
            "schema": {
              "type": "string"
            },
            "description": "Multiple Resources: \r\n\r\n* [AllergyIntolerance](allergyintolerance.html): Who the sensitivity is for\r\n* [CarePlan](careplan.html): Who the care plan is for\r\n* [CareTeam](careteam.html): Who care team is for\r\n* [ClinicalImpression](clinicalimpression.html): Patient or group assessed\r\n* [Composition](composition.html): Who and/or what the composition is about\r\n* [Condition](condition.html): Who has the condition?\r\n* [Consent](consent.html): Who the consent applies to\r\n* [DetectedIssue](detectedissue.html): Associated patient\r\n* [DeviceRequest](devicerequest.html): Individual the service is ordered for\r\n* [DeviceUseStatement](deviceusestatement.html): Search by subject - a patient\r\n* [DiagnosticReport](diagnosticreport.html): The subject of the report if a patient\r\n* [DocumentManifest](documentmanifest.html): The subject of the set of documents\r\n* [DocumentReference](documentreference.html): Who/what is the subject of the document\r\n* [Encounter](encounter.html): The patient or group present at the encounter\r\n* [EpisodeOfCare](episodeofcare.html): The patient who is the focus of this episode of care\r\n* [FamilyMemberHistory](familymemberhistory.html): The identity of a subject to list family member history items for\r\n* [Flag](flag.html): The identity of a subject to list flags for\r\n* [Goal](goal.html): Who this goal is intended for\r\n* [ImagingStudy](imagingstudy.html): Who the study is about\r\n* [Immunization](immunization.html): The patient for the vaccination record\r\n* [List](list.html): If all resources have the same subject\r\n* [MedicationAdministration](medicationadministration.html): The identity of a patient to list administrations  for\r\n* [MedicationDispense](medicationdispense.html): The identity of a patient to list dispenses  for\r\n* [MedicationRequest](medicationrequest.html): Returns prescriptions for a specific patient\r\n* [MedicationStatement](medicationstatement.html): Returns statements for a specific patient.\r\n* [NutritionOrder](nutritionorder.html): The identity of the person who requires the diet, formula or nutritional supplement\r\n* [Observation](observation.html): The subject that the observation is about (if patient)\r\n* [Procedure](procedure.html): Search by subject - a patient\r\n* [RiskAssessment](riskassessment.html): Who/what does assessment apply to?\r\n* [ServiceRequest](servicerequest.html): Search by subject - a patient\r\n* [SupplyDelivery](supplydelivery.html): Patient for whom the item is supplied\r\n* [VisionPrescription](visionprescription.html): The identity of a patient to list dispenses for\r\n"
          }
        ]
      }
    },
    "/Medication/{rid}": {
      "summary": "Read/Write/etc resource instance of type Medication",
      "description": "Access to services to manage the state of a single resource of type Medication",
      "get": {
        "summary": "Read the current state of the resource",
        "operationId": "readMedication",
        "responses": {
          "default": {
            "description": "Error, with details",
            "content": {
              "application/fhir+json": {
                "schema": {
                  "$ref": "https://hl7.org/fhir/R4/fhir.schema.json#/definitions/OperationOutcome"
                }
              },
              "application/fhir+xml": {
                "schema": {
                  "$ref": "https://hl7.org/fhir/R4/OperationOutcome.xsd"
                }
              }
            }
          },
          "200": {
            "description": "the resource being returned",
            "headers": {
              "ETag": {
                "description": "Version from Resource.meta.version as a weak ETag",
                "schema": {
                  "type": "string"
                }
              }
            },
            "content": {
              "application/fhir+json": {
                "schema": {
                  "$ref": "https://hl7.org/fhir/R4/fhir.schema.json#/definitions/Medication"
                }
              },
              "application/fhir+xml": {
                "schema": {
                  "$ref": "https://hl7.org/fhir/R4/Medication.xsd"
                }
              }
            }
          }
        },
        "parameters": [
          {
            "$ref": "#/components/parameters/rid"
          },
          {
            "$ref": "#/components/parameters/summary"
          },
          {
            "$ref": "#/components/parameters/format"
          },
          {
            "$ref": "#/components/parameters/pretty"
          },
          {
            "$ref": "#/components/parameters/elements"
          }
        ]
      }
    },
    "/MedicationRequest": {
      "summary": "manage the collection of resources of type MedicationRequest",
      "description": "Access to services to manage the collection of all resources of type MedicationRequest",
      "get": {
        "summary": "Search all resources of type MedicationRequest based on a set of criteria",
        "operationId": "searchMedicationRequest",
        "responses": {
          "default": {
            "description": "Error, with details",
            "content": {
              "application/fhir+json": {
                "schema": {
                  "$ref": "https://hl7.org/fhir/R4/fhir.schema.json#/definitions/OperationOutcome"
                }
              },
              "application/fhir+xml": {
                "schema": {
                  "$ref": "https://hl7.org/fhir/R4/OperationOutcome.xsd"
                }
              }
            }
          },
          "200": {
            "description": "the resource being returned",
            "content": {
              "application/fhir+json": {
                "schema": {
                  "$ref": "https://hl7.org/fhir/R4/fhir.schema.json#/definitions/Bundle"
                }
              },
              "application/fhir+xml": {
                "schema": {
                  "$ref": "https://hl7.org/fhir/R4/Bundle.xsd"
                }
              }
            }
          }
        },
        "parameters": [
          {
            "$ref": "#/components/parameters/format"
          },
          {
            "$ref": "#/components/parameters/pretty"
          },
          {
            "$ref": "#/components/parameters/summary"
          },
          {
            "$ref": "#/components/parameters/elements"
          },
          {
            "name": "patient",
            "in": "query",
            "schema": {
              "type": "string"
            },
            "description": "Multiple Resources: \r\n\r\n* [AllergyIntolerance](allergyintolerance.html): Who the sensitivity is for\r\n* [CarePlan](careplan.html): Who the care plan is for\r\n* [CareTeam](careteam.html): Who care team is for\r\n* [ClinicalImpression](clinicalimpression.html): Patient or group assessed\r\n* [Composition](composition.html): Who and/or what the composition is about\r\n* [Condition](condition.html): Who has the condition?\r\n* [Consent](consent.html): Who the consent applies to\r\n* [DetectedIssue](detectedissue.html): Associated patient\r\n* [DeviceRequest](devicerequest.html): Individual the service is ordered for\r\n* [DeviceUseStatement](deviceusestatement.html): Search by subject - a patient\r\n* [DiagnosticReport](diagnosticreport.html): The subject of the report if a patient\r\n* [DocumentManifest](documentmanifest.html): The subject of the set of documents\r\n* [DocumentReference](documentreference.html): Who/what is the subject of the document\r\n* [Encounter](encounter.html): The patient or group present at the encounter\r\n* [EpisodeOfCare](episodeofcare.html): The patient who is the focus of this episode of care\r\n* [FamilyMemberHistory](familymemberhistory.html): The identity of a subject to list family member history items for\r\n* [Flag](flag.html): The identity of a subject to list flags for\r\n* [Goal](goal.html): Who this goal is intended for\r\n* [ImagingStudy](imagingstudy.html): Who the study is about\r\n* [Immunization](immunization.html): The patient for the vaccination record\r\n* [List](list.html): If all resources have the same subject\r\n* [MedicationAdministration](medicationadministration.html): The identity of a patient to list administrations  for\r\n* [MedicationDispense](medicationdispense.html): The identity of a patient to list dispenses  for\r\n* [MedicationRequest](medicationrequest.html): Returns prescriptions for a specific patient\r\n* [MedicationStatement](medicationstatement.html): Returns statements for a specific patient.\r\n* [NutritionOrder](nutritionorder.html): The identity of the person who requires the diet, formula or nutritional supplement\r\n* [Observation](observation.html): The subject that the observation is about (if patient)\r\n* [Procedure](procedure.html): Search by subject - a patient\r\n* [RiskAssessment](riskassessment.html): Who/what does assessment apply to?\r\n* [ServiceRequest](servicerequest.html): Search by subject - a patient\r\n* [SupplyDelivery](supplydelivery.html): Patient for whom the item is supplied\r\n* [VisionPrescription](visionprescription.html): The identity of a patient to list dispenses for\r\n"
          }
        ]
      }
    },
    "/MedicationRequest/{rid}": {
      "summary": "Read/Write/etc resource instance of type MedicationRequest",
      "description": "Access to services to manage the state of a single resource of type MedicationRequest",
      "get": {
        "summary": "Read the current state of the resource",
        "operationId": "readMedicationRequest",
        "responses": {
          "default": {
            "description": "Error, with details",
            "content": {
              "application/fhir+json": {
                "schema": {
                  "$ref": "https://hl7.org/fhir/R4/fhir.schema.json#/definitions/OperationOutcome"
                }
              },
              "application/fhir+xml": {
                "schema": {
                  "$ref": "https://hl7.org/fhir/R4/OperationOutcome.xsd"
                }
              }
            }
          },
          "200": {
            "description": "the resource being returned",
            "headers": {
              "ETag": {
                "description": "Version from Resource.meta.version as a weak ETag",
                "schema": {
                  "type": "string"
                }
              }
            },
            "content": {
              "application/fhir+json": {
                "schema": {
                  "$ref": "https://hl7.org/fhir/R4/fhir.schema.json#/definitions/MedicationRequest"
                }
              },
              "application/fhir+xml": {
                "schema": {
                  "$ref": "https://hl7.org/fhir/R4/MedicationRequest.xsd"
                }
              }
            }
          }
        },
        "parameters": [
          {
            "$ref": "#/components/parameters/rid"
          },
          {
            "$ref": "#/components/parameters/summary"
          },
          {
            "$ref": "#/components/parameters/format"
          },
          {
            "$ref": "#/components/parameters/pretty"
          },
          {
            "$ref": "#/components/parameters/elements"
          }
        ]
      }
    },
    "/MedicationStatement": {
      "summary": "manage the collection of resources of type MedicationStatement",
      "description": "Access to services to manage the collection of all resources of type MedicationStatement",
      "get": {
        "summary": "Search all resources of type MedicationStatement based on a set of criteria",
        "operationId": "searchMedicationStatement",
        "responses": {
          "default": {
            "description": "Error, with details",
            "content": {
              "application/fhir+json": {
                "schema": {
                  "$ref": "https://hl7.org/fhir/R4/fhir.schema.json#/definitions/OperationOutcome"
                }
              },
              "application/fhir+xml": {
                "schema": {
                  "$ref": "https://hl7.org/fhir/R4/OperationOutcome.xsd"
                }
              }
            }
          },
          "200": {
            "description": "the resource being returned",
            "content": {
              "application/fhir+json": {
                "schema": {
                  "$ref": "https://hl7.org/fhir/R4/fhir.schema.json#/definitions/Bundle"
                }
              },
              "application/fhir+xml": {
                "schema": {
                  "$ref": "https://hl7.org/fhir/R4/Bundle.xsd"
                }
              }
            }
          }
        },
        "parameters": [
          {
            "$ref": "#/components/parameters/format"
          },
          {
            "$ref": "#/components/parameters/pretty"
          },
          {
            "$ref": "#/components/parameters/summary"
          },
          {
            "$ref": "#/components/parameters/elements"
          },
          {
            "name": "patient",
            "in": "query",
            "schema": {
              "type": "string"
            },
            "description": "Multiple Resources: \r\n\r\n* [AllergyIntolerance](allergyintolerance.html): Who the sensitivity is for\r\n* [CarePlan](careplan.html): Who the care plan is for\r\n* [CareTeam](careteam.html): Who care team is for\r\n* [ClinicalImpression](clinicalimpression.html): Patient or group assessed\r\n* [Composition](composition.html): Who and/or what the composition is about\r\n* [Condition](condition.html): Who has the condition?\r\n* [Consent](consent.html): Who the consent applies to\r\n* [DetectedIssue](detectedissue.html): Associated patient\r\n* [DeviceRequest](devicerequest.html): Individual the service is ordered for\r\n* [DeviceUseStatement](deviceusestatement.html): Search by subject - a patient\r\n* [DiagnosticReport](diagnosticreport.html): The subject of the report if a patient\r\n* [DocumentManifest](documentmanifest.html): The subject of the set of documents\r\n* [DocumentReference](documentreference.html): Who/what is the subject of the document\r\n* [Encounter](encounter.html): The patient or group present at the encounter\r\n* [EpisodeOfCare](episodeofcare.html): The patient who is the focus of this episode of care\r\n* [FamilyMemberHistory](familymemberhistory.html): The identity of a subject to list family member history items for\r\n* [Flag](flag.html): The identity of a subject to list flags for\r\n* [Goal](goal.html): Who this goal is intended for\r\n* [ImagingStudy](imagingstudy.html): Who the study is about\r\n* [Immunization](immunization.html): The patient for the vaccination record\r\n* [List](list.html): If all resources have the same subject\r\n* [MedicationAdministration](medicationadministration.html): The identity of a patient to list administrations  for\r\n* [MedicationDispense](medicationdispense.html): The identity of a patient to list dispenses  for\r\n* [MedicationRequest](medicationrequest.html): Returns prescriptions for a specific patient\r\n* [MedicationStatement](medicationstatement.html): Returns statements for a specific patient.\r\n* [NutritionOrder](nutritionorder.html): The identity of the person who requires the diet, formula or nutritional supplement\r\n* [Observation](observation.html): The subject that the observation is about (if patient)\r\n* [Procedure](procedure.html): Search by subject - a patient\r\n* [RiskAssessment](riskassessment.html): Who/what does assessment apply to?\r\n* [ServiceRequest](servicerequest.html): Search by subject - a patient\r\n* [SupplyDelivery](supplydelivery.html): Patient for whom the item is supplied\r\n* [VisionPrescription](visionprescription.html): The identity of a patient to list dispenses for\r\n"
          }
        ]
      }
    },
    "/MedicationStatement/{rid}": {
      "summary": "Read/Write/etc resource instance of type MedicationStatement",
      "description": "Access to services to manage the state of a single resource of type MedicationStatement",
      "get": {
        "summary": "Read the current state of the resource",
        "operationId": "readMedicationStatement",
        "responses": {
          "default": {
            "description": "Error, with details",
            "content": {
              "application/fhir+json": {
                "schema": {
                  "$ref": "https://hl7.org/fhir/R4/fhir.schema.json#/definitions/OperationOutcome"
                }
              },
              "application/fhir+xml": {
                "schema": {
                  "$ref": "https://hl7.org/fhir/R4/OperationOutcome.xsd"
                }
              }
            }
          },
          "200": {
            "description": "the resource being returned",
            "headers": {
              "ETag": {
                "description": "Version from Resource.meta.version as a weak ETag",
                "schema": {
                  "type": "string"
                }
              }
            },
            "content": {
              "application/fhir+json": {
                "schema": {
                  "$ref": "https://hl7.org/fhir/R4/fhir.schema.json#/definitions/MedicationStatement"
                }
              },
              "application/fhir+xml": {
                "schema": {
                  "$ref": "https://hl7.org/fhir/R4/MedicationStatement.xsd"
                }
              }
            }
          }
        },
        "parameters": [
          {
            "$ref": "#/components/parameters/rid"
          },
          {
            "$ref": "#/components/parameters/summary"
          },
          {
            "$ref": "#/components/parameters/format"
          },
          {
            "$ref": "#/components/parameters/pretty"
          },
          {
            "$ref": "#/components/parameters/elements"
          }
        ]
      }
    },
    "/Observation": {
      "summary": "manage the collection of resources of type Observation",
      "description": "Access to services to manage the collection of all resources of type Observation",
      "get": {
        "summary": "Search all resources of type Observation based on a set of criteria",
        "operationId": "searchObservation",
        "responses": {
          "default": {
            "description": "Error, with details",
            "content": {
              "application/fhir+json": {
                "schema": {
                  "$ref": "https://hl7.org/fhir/R4/fhir.schema.json#/definitions/OperationOutcome"
                }
              },
              "application/fhir+xml": {
                "schema": {
                  "$ref": "https://hl7.org/fhir/R4/OperationOutcome.xsd"
                }
              }
            }
          },
          "200": {
            "description": "the resource being returned",
            "content": {
              "application/fhir+json": {
                "schema": {
                  "$ref": "https://hl7.org/fhir/R4/fhir.schema.json#/definitions/Bundle"
                }
              },
              "application/fhir+xml": {
                "schema": {
                  "$ref": "https://hl7.org/fhir/R4/Bundle.xsd"
                }
              }
            }
          }
        },
        "parameters": [
          {
            "$ref": "#/components/parameters/format"
          },
          {
            "$ref": "#/components/parameters/pretty"
          },
          {
            "$ref": "#/components/parameters/summary"
          },
          {
            "$ref": "#/components/parameters/elements"
          },
          {
            "name": "category",
            "in": "query",
            "description": "The classification of the type of observation",
            "schema": {
              "type": "string"
            }
          },
          {
            "name": "code",
            "in": "query",
            "description": "Multiple Resources: \r\n\r\n* [AllergyIntolerance](allergyintolerance.html): Code that identifies the allergy or intolerance\r\n* [Condition](condition.html): Code for the condition\r\n* [DeviceRequest](devicerequest.html): Code for what is being requested/ordered\r\n* [DiagnosticReport](diagnosticreport.html): The code for the report, as opposed to codes for the atomic results, which are the names on the observation resource referred to from the result\r\n* [FamilyMemberHistory](familymemberhistory.html): A search by a condition code\r\n* [List](list.html): What the purpose of this list is\r\n* [Medication](medication.html): Returns medications for a specific code\r\n* [MedicationAdministration](medicationadministration.html): Return administrations of this medication code\r\n* [MedicationDispense](medicationdispense.html): Returns dispenses of this medicine code\r\n* [MedicationRequest](medicationrequest.html): Return prescriptions of this medication code\r\n* [MedicationStatement](medicationstatement.html): Return statements of this medication code\r\n* [Observation](observation.html): The code of the observation type\r\n* [Procedure](procedure.html): A code to identify a  procedure\r\n* [ServiceRequest](servicerequest.html): What is being requested/ordered\r\n",
            "schema": {
              "type": "string"
            }
          },
          {
            "name": "date",
            "in": "query",
            "description": "Multiple Resources: \r\n\r\n* [AllergyIntolerance](allergyintolerance.html): Date first version of the resource instance was recorded\r\n* [CarePlan](careplan.html): Time period plan covers\r\n* [CareTeam](careteam.html): Time period team covers\r\n* [ClinicalImpression](clinicalimpression.html): When the assessment was documented\r\n* [Composition](composition.html): Composition editing time\r\n* [Consent](consent.html): When this Consent was created or indexed\r\n* [DiagnosticReport](diagnosticreport.html): The clinically relevant time of the report\r\n* [Encounter](encounter.html): A date within the period the Encounter lasted\r\n* [EpisodeOfCare](episodeofcare.html): The provided date search value falls within the episode of care\u0027s period\r\n* [FamilyMemberHistory](familymemberhistory.html): When history was recorded or last updated\r\n* [Flag](flag.html): Time period when flag is active\r\n* [Immunization](immunization.html): Vaccination  (non)-Administration Date\r\n* [List](list.html): When the list was prepared\r\n* [Observation](observation.html): Obtained date/time. If the obtained element is a period, a date that falls in the period\r\n* [Procedure](procedure.html): When the procedure was performed\r\n* [RiskAssessment](riskassessment.html): When was assessment made?\r\n* [SupplyRequest](supplyrequest.html): When the request was made\r\n",
            "schema": {
              "type": "string",
              "pattern": "([0-9]([0-9]([0-9][1-9]|[1-9]0)|[1-9]00)|[1-9]000)(-(0[1-9]|1[0-2])(-(0[1-9]|[1-2][0-9]|3[0-1])(T([01][0-9]|2[0-3]):[0-5][0-9]:([0-5][0-9]|60)(\\.[0-9]+)?(Z|(\\+|-)((0[0-9]|1[0-3]):[0-5][0-9]|14:00)))?)?)?"
            }
          },
          {
            "name": "status",
            "in": "query",
            "description": "The status of the observation",
            "schema": {
              "type": "string"
            }
          },
          {
            "name": "patient",
            "in": "query",
            "description": "Multiple Resources: \r\n\r\n* [AllergyIntolerance](allergyintolerance.html): Who the sensitivity is for\r\n* [CarePlan](careplan.html): Who the care plan is for\r\n* [CareTeam](careteam.html): Who care team is for\r\n* [ClinicalImpression](clinicalimpression.html): Patient or group assessed\r\n* [Composition](composition.html): Who and/or what the composition is about\r\n* [Condition](condition.html): Who has the condition?\r\n* [Consent](consent.html): Who the consent applies to\r\n* [DetectedIssue](detectedissue.html): Associated patient\r\n* [DeviceRequest](devicerequest.html): Individual the service is ordered for\r\n* [DeviceUseStatement](deviceusestatement.html): Search by subject - a patient\r\n* [DiagnosticReport](diagnosticreport.html): The subject of the report if a patient\r\n* [DocumentManifest](documentmanifest.html): The subject of the set of documents\r\n* [DocumentReference](documentreference.html): Who/what is the subject of the document\r\n* [Encounter](encounter.html): The patient or group present at the encounter\r\n* [EpisodeOfCare](episodeofcare.html): The patient who is the focus of this episode of care\r\n* [FamilyMemberHistory](familymemberhistory.html): The identity of a subject to list family member history items for\r\n* [Flag](flag.html): The identity of a subject to list flags for\r\n* [Goal](goal.html): Who this goal is intended for\r\n* [ImagingStudy](imagingstudy.html): Who the study is about\r\n* [Immunization](immunization.html): The patient for the vaccination record\r\n* [List](list.html): If all resources have the same subject\r\n* [MedicationAdministration](medicationadministration.html): The identity of a patient to list administrations  for\r\n* [MedicationDispense](medicationdispense.html): The identity of a patient to list dispenses  for\r\n* [MedicationRequest](medicationrequest.html): Returns prescriptions for a specific patient\r\n* [MedicationStatement](medicationstatement.html): Returns statements for a specific patient.\r\n* [NutritionOrder](nutritionorder.html): The identity of the person who requires the diet, formula or nutritional supplement\r\n* [Observation](observation.html): The subject that the observation is about (if patient)\r\n* [Procedure](procedure.html): Search by subject - a patient\r\n* [RiskAssessment](riskassessment.html): Who/what does assessment apply to?\r\n* [ServiceRequest](servicerequest.html): Search by subject - a patient\r\n* [SupplyDelivery](supplydelivery.html): Patient for whom the item is supplied\r\n* [VisionPrescription](visionprescription.html): The identity of a patient to list dispenses for\r\n",
            "schema": {
              "type": "string"
            }
          }
        ]
      }
    },
    "/Observation/{rid}": {
      "summary": "Read/Write/etc resource instance of type Observation",
      "description": "Access to services to manage the state of a single resource of type Observation",
      "get": {
        "summary": "Read the current state of the resource",
        "operationId": "readObservation",
        "responses": {
          "default": {
            "description": "Error, with details",
            "content": {
              "application/fhir+json": {
                "schema": {
                  "$ref": "https://hl7.org/fhir/R4/fhir.schema.json#/definitions/OperationOutcome"
                }
              },
              "application/fhir+xml": {
                "schema": {
                  "$ref": "https://hl7.org/fhir/R4/OperationOutcome.xsd"
                }
              }
            }
          },
          "200": {
            "description": "the resource being returned",
            "headers": {
              "ETag": {
                "description": "Version from Resource.meta.version as a weak ETag",
                "schema": {
                  "type": "string"
                }
              }
            },
            "content": {
              "application/fhir+json": {
                "schema": {
                  "$ref": "https://hl7.org/fhir/R4/fhir.schema.json#/definitions/Observation"
                }
              },
              "application/fhir+xml": {
                "schema": {
                  "$ref": "https://hl7.org/fhir/R4/Observation.xsd"
                }
              }
            }
          }
        },
        "parameters": [
          {
            "$ref": "#/components/parameters/rid"
          },
          {
            "$ref": "#/components/parameters/summary"
          },
          {
            "$ref": "#/components/parameters/format"
          },
          {
            "$ref": "#/components/parameters/pretty"
          },
          {
            "$ref": "#/components/parameters/elements"
          }
        ]
      }
    },
    "/DiagnosticReport": {
      "summary": "manage the collection of resources of type DiagnosticReport",
      "description": "Access to services to manage the collection of all resources of type DiagnosticReport",
      "get": {
        "summary": "Search all resources of type DiagnosticReport based on a set of criteria",
        "operationId": "searchDiagnosticReport",
        "responses": {
          "default": {
            "description": "Error, with details",
            "content": {
              "application/fhir+json": {
                "schema": {
                  "$ref": "https://hl7.org/fhir/R4/fhir.schema.json#/definitions/OperationOutcome"
                }
              },
              "application/fhir+xml": {
                "schema": {
                  "$ref": "https://hl7.org/fhir/R4/OperationOutcome.xsd"
                }
              }
            }
          },
          "200": {
            "description": "the resource being returned",
            "content": {
              "application/fhir+json": {
                "schema": {
                  "$ref": "https://hl7.org/fhir/R4/fhir.schema.json#/definitions/Bundle"
                }
              },
              "application/fhir+xml": {
                "schema": {
                  "$ref": "https://hl7.org/fhir/R4/Bundle.xsd"
                }
              }
            }
          }
        },
        "parameters": [
          {
            "$ref": "#/components/parameters/format"
          },
          {
            "$ref": "#/components/parameters/pretty"
          },
          {
            "$ref": "#/components/parameters/summary"
          },
          {
            "$ref": "#/components/parameters/elements"
          },
          {
            "name": "category",
            "in": "query",
            "description": "The classification of the type of observation",
            "schema": {
              "type": "string"
            }
          },
          {
            "name": "code",
            "in": "query",
            "description": "Multiple Resources: \r\n\r\n* [AllergyIntolerance](allergyintolerance.html): Code that identifies the allergy or intolerance\r\n* [Condition](condition.html): Code for the condition\r\n* [DeviceRequest](devicerequest.html): Code for what is being requested/ordered\r\n* [DiagnosticReport](diagnosticreport.html): The code for the report, as opposed to codes for the atomic results, which are the names on the observation resource referred to from the result\r\n* [FamilyMemberHistory](familymemberhistory.html): A search by a condition code\r\n* [List](list.html): What the purpose of this list is\r\n* [Medication](medication.html): Returns medications for a specific code\r\n* [MedicationAdministration](medicationadministration.html): Return administrations of this medication code\r\n* [MedicationDispense](medicationdispense.html): Returns dispenses of this medicine code\r\n* [MedicationRequest](medicationrequest.html): Return prescriptions of this medication code\r\n* [MedicationStatement](medicationstatement.html): Return statements of this medication code\r\n* [Observation](observation.html): The code of the observation type\r\n* [Procedure](procedure.html): A code to identify a  procedure\r\n* [ServiceRequest](servicerequest.html): What is being requested/ordered\r\n",
            "schema": {
              "type": "string"
            }
          },
          {
            "name": "date",
            "in": "query",
            "description": "Multiple Resources: \r\n\r\n* [AllergyIntolerance](allergyintolerance.html): Date first version of the resource instance was recorded\r\n* [CarePlan](careplan.html): Time period plan covers\r\n* [CareTeam](careteam.html): Time period team covers\r\n* [ClinicalImpression](clinicalimpression.html): When the assessment was documented\r\n* [Composition](composition.html): Composition editing time\r\n* [Consent](consent.html): When this Consent was created or indexed\r\n* [DiagnosticReport](diagnosticreport.html): The clinically relevant time of the report\r\n* [Encounter](encounter.html): A date within the period the Encounter lasted\r\n* [EpisodeOfCare](episodeofcare.html): The provided date search value falls within the episode of care\u0027s period\r\n* [FamilyMemberHistory](familymemberhistory.html): When history was recorded or last updated\r\n* [Flag](flag.html): Time period when flag is active\r\n* [Immunization](immunization.html): Vaccination  (non)-Administration Date\r\n* [List](list.html): When the list was prepared\r\n* [Observation](observation.html): Obtained date/time. If the obtained element is a period, a date that falls in the period\r\n* [Procedure](procedure.html): When the procedure was performed\r\n* [RiskAssessment](riskassessment.html): When was assessment made?\r\n* [SupplyRequest](supplyrequest.html): When the request was made\r\n",
            "schema": {
              "type": "string",
              "pattern": "([0-9]([0-9]([0-9][1-9]|[1-9]0)|[1-9]00)|[1-9]000)(-(0[1-9]|1[0-2])(-(0[1-9]|[1-2][0-9]|3[0-1])(T([01][0-9]|2[0-3]):[0-5][0-9]:([0-5][0-9]|60)(\\.[0-9]+)?(Z|(\\+|-)((0[0-9]|1[0-3]):[0-5][0-9]|14:00)))?)?)?"
            }
          },
          {
            "name": "patient",
            "in": "query",
            "schema": {
              "type": "string"
            },
            "description": "Multiple Resources: \r\n\r\n* [AllergyIntolerance](allergyintolerance.html): Who the sensitivity is for\r\n* [CarePlan](careplan.html): Who the care plan is for\r\n* [CareTeam](careteam.html): Who care team is for\r\n* [ClinicalImpression](clinicalimpression.html): Patient or group assessed\r\n* [Composition](composition.html): Who and/or what the composition is about\r\n* [Condition](condition.html): Who has the condition?\r\n* [Consent](consent.html): Who the consent applies to\r\n* [DetectedIssue](detectedissue.html): Associated patient\r\n* [DeviceRequest](devicerequest.html): Individual the service is ordered for\r\n* [DeviceUseStatement](deviceusestatement.html): Search by subject - a patient\r\n* [DiagnosticReport](diagnosticreport.html): The subject of the report if a patient\r\n* [DocumentManifest](documentmanifest.html): The subject of the set of documents\r\n* [DocumentReference](documentreference.html): Who/what is the subject of the document\r\n* [Encounter](encounter.html): The patient or group present at the encounter\r\n* [EpisodeOfCare](episodeofcare.html): The patient who is the focus of this episode of care\r\n* [FamilyMemberHistory](familymemberhistory.html): The identity of a subject to list family member history items for\r\n* [Flag](flag.html): The identity of a subject to list flags for\r\n* [Goal](goal.html): Who this goal is intended for\r\n* [ImagingStudy](imagingstudy.html): Who the study is about\r\n* [Immunization](immunization.html): The patient for the vaccination record\r\n* [List](list.html): If all resources have the same subject\r\n* [MedicationAdministration](medicationadministration.html): The identity of a patient to list administrations  for\r\n* [MedicationDispense](medicationdispense.html): The identity of a patient to list dispenses  for\r\n* [MedicationRequest](medicationrequest.html): Returns prescriptions for a specific patient\r\n* [MedicationStatement](medicationstatement.html): Returns statements for a specific patient.\r\n* [NutritionOrder](nutritionorder.html): The identity of the person who requires the diet, formula or nutritional supplement\r\n* [Observation](observation.html): The subject that the observation is about (if patient)\r\n* [Procedure](procedure.html): Search by subject - a patient\r\n* [RiskAssessment](riskassessment.html): Who/what does assessment apply to?\r\n* [ServiceRequest](servicerequest.html): Search by subject - a patient\r\n* [SupplyDelivery](supplydelivery.html): Patient for whom the item is supplied\r\n* [VisionPrescription](visionprescription.html): The identity of a patient to list dispenses for\r\n"
          }
        ]
      }
    },
    "/DiagnosticReport/{rid}": {
      "summary": "Read/Write/etc resource instance of type DiagnosticReport",
      "description": "Access to services to manage the state of a single resource of type DiagnosticReport",
      "get": {
        "summary": "Read the current state of the resource",
        "operationId": "readDiagnosticReport",
        "responses": {
          "default": {
            "description": "Error, with details",
            "content": {
              "application/fhir+json": {
                "schema": {
                  "$ref": "https://hl7.org/fhir/R4/fhir.schema.json#/definitions/OperationOutcome"
                }
              },
              "application/fhir+xml": {
                "schema": {
                  "$ref": "https://hl7.org/fhir/R4/OperationOutcome.xsd"
                }
              }
            }
          },
          "200": {
            "description": "the resource being returned",
            "headers": {
              "ETag": {
                "description": "Version from Resource.meta.version as a weak ETag",
                "schema": {
                  "type": "string"
                }
              }
            },
            "content": {
              "application/fhir+json": {
                "schema": {
                  "$ref": "https://hl7.org/fhir/R4/fhir.schema.json#/definitions/DiagnosticReport"
                }
              },
              "application/fhir+xml": {
                "schema": {
                  "$ref": "https://hl7.org/fhir/R4/DiagnosticReport.xsd"
                }
              }
            }
          }
        },
        "parameters": [
          {
            "$ref": "#/components/parameters/rid"
          },
          {
            "$ref": "#/components/parameters/summary"
          },
          {
            "$ref": "#/components/parameters/format"
          },
          {
            "$ref": "#/components/parameters/pretty"
          },
          {
            "$ref": "#/components/parameters/elements"
          }
        ]
      }
    },
    "/Procedure": {
      "summary": "manage the collection of resources of type Procedure",
      "description": "Access to services to manage the collection of all resources of type Procedure",
      "get": {
        "summary": "Search all resources of type Procedure based on a set of criteria",
        "operationId": "searchProcedure",
        "responses": {
          "default": {
            "description": "Error, with details",
            "content": {
              "application/fhir+json": {
                "schema": {
                  "$ref": "https://hl7.org/fhir/R4/fhir.schema.json#/definitions/OperationOutcome"
                }
              },
              "application/fhir+xml": {
                "schema": {
                  "$ref": "https://hl7.org/fhir/R4/OperationOutcome.xsd"
                }
              }
            }
          },
          "200": {
            "description": "the resource being returned",
            "content": {
              "application/fhir+json": {
                "schema": {
                  "$ref": "https://hl7.org/fhir/R4/fhir.schema.json#/definitions/Bundle"
                }
              },
              "application/fhir+xml": {
                "schema": {
                  "$ref": "https://hl7.org/fhir/R4/Bundle.xsd"
                }
              }
            }
          }
        },
        "parameters": [
          {
            "$ref": "#/components/parameters/format"
          },
          {
            "$ref": "#/components/parameters/pretty"
          },
          {
            "$ref": "#/components/parameters/summary"
          },
          {
            "$ref": "#/components/parameters/elements"
          },
          {
            "name": "date",
            "in": "query",
            "description": "Multiple Resources: \r\n\r\n* [AllergyIntolerance](allergyintolerance.html): Date first version of the resource instance was recorded\r\n* [CarePlan](careplan.html): Time period plan covers\r\n* [CareTeam](careteam.html): Time period team covers\r\n* [ClinicalImpression](clinicalimpression.html): When the assessment was documented\r\n* [Composition](composition.html): Composition editing time\r\n* [Consent](consent.html): When this Consent was created or indexed\r\n* [DiagnosticReport](diagnosticreport.html): The clinically relevant time of the report\r\n* [Encounter](encounter.html): A date within the period the Encounter lasted\r\n* [EpisodeOfCare](episodeofcare.html): The provided date search value falls within the episode of care\u0027s period\r\n* [FamilyMemberHistory](familymemberhistory.html): When history was recorded or last updated\r\n* [Flag](flag.html): Time period when flag is active\r\n* [Immunization](immunization.html): Vaccination  (non)-Administration Date\r\n* [List](list.html): When the list was prepared\r\n* [Observation](observation.html): Obtained date/time. If the obtained element is a period, a date that falls in the period\r\n* [Procedure](procedure.html): When the procedure was performed\r\n* [RiskAssessment](riskassessment.html): When was assessment made?\r\n* [SupplyRequest](supplyrequest.html): When the request was made\r\n",
            "schema": {
              "type": "string",
              "pattern": "([0-9]([0-9]([0-9][1-9]|[1-9]0)|[1-9]00)|[1-9]000)(-(0[1-9]|1[0-2])(-(0[1-9]|[1-2][0-9]|3[0-1])(T([01][0-9]|2[0-3]):[0-5][0-9]:([0-5][0-9]|60)(\\.[0-9]+)?(Z|(\\+|-)((0[0-9]|1[0-3]):[0-5][0-9]|14:00)))?)?)?"
            }
          },
          {
            "name": "patient",
            "in": "query",
            "schema": {
              "type": "string"
            },
            "description": "Multiple Resources: \r\n\r\n* [AllergyIntolerance](allergyintolerance.html): Who the sensitivity is for\r\n* [CarePlan](careplan.html): Who the care plan is for\r\n* [CareTeam](careteam.html): Who care team is for\r\n* [ClinicalImpression](clinicalimpression.html): Patient or group assessed\r\n* [Composition](composition.html): Who and/or what the composition is about\r\n* [Condition](condition.html): Who has the condition?\r\n* [Consent](consent.html): Who the consent applies to\r\n* [DetectedIssue](detectedissue.html): Associated patient\r\n* [DeviceRequest](devicerequest.html): Individual the service is ordered for\r\n* [DeviceUseStatement](deviceusestatement.html): Search by subject - a patient\r\n* [DiagnosticReport](diagnosticreport.html): The subject of the report if a patient\r\n* [DocumentManifest](documentmanifest.html): The subject of the set of documents\r\n* [DocumentReference](documentreference.html): Who/what is the subject of the document\r\n* [Encounter](encounter.html): The patient or group present at the encounter\r\n* [EpisodeOfCare](episodeofcare.html): The patient who is the focus of this episode of care\r\n* [FamilyMemberHistory](familymemberhistory.html): The identity of a subject to list family member history items for\r\n* [Flag](flag.html): The identity of a subject to list flags for\r\n* [Goal](goal.html): Who this goal is intended for\r\n* [ImagingStudy](imagingstudy.html): Who the study is about\r\n* [Immunization](immunization.html): The patient for the vaccination record\r\n* [List](list.html): If all resources have the same subject\r\n* [MedicationAdministration](medicationadministration.html): The identity of a patient to list administrations  for\r\n* [MedicationDispense](medicationdispense.html): The identity of a patient to list dispenses  for\r\n* [MedicationRequest](medicationrequest.html): Returns prescriptions for a specific patient\r\n* [MedicationStatement](medicationstatement.html): Returns statements for a specific patient.\r\n* [NutritionOrder](nutritionorder.html): The identity of the person who requires the diet, formula or nutritional supplement\r\n* [Observation](observation.html): The subject that the observation is about (if patient)\r\n* [Procedure](procedure.html): Search by subject - a patient\r\n* [RiskAssessment](riskassessment.html): Who/what does assessment apply to?\r\n* [ServiceRequest](servicerequest.html): Search by subject - a patient\r\n* [SupplyDelivery](supplydelivery.html): Patient for whom the item is supplied\r\n* [VisionPrescription](visionprescription.html): The identity of a patient to list dispenses for\r\n"
          }
        ]
      }
    },
    "/Procedure/{rid}": {
      "summary": "Read/Write/etc resource instance of type Procedure",
      "description": "Access to services to manage the state of a single resource of type Procedure",
      "get": {
        "summary": "Read the current state of the resource",
        "operationId": "readProcedure",
        "responses": {
          "default": {
            "description": "Error, with details",
            "content": {
              "application/fhir+json": {
                "schema": {
                  "$ref": "https://hl7.org/fhir/R4/fhir.schema.json#/definitions/OperationOutcome"
                }
              },
              "application/fhir+xml": {
                "schema": {
                  "$ref": "https://hl7.org/fhir/R4/OperationOutcome.xsd"
                }
              }
            }
          },
          "200": {
            "description": "the resource being returned",
            "headers": {
              "ETag": {
                "description": "Version from Resource.meta.version as a weak ETag",
                "schema": {
                  "type": "string"
                }
              }
            },
            "content": {
              "application/fhir+json": {
                "schema": {
                  "$ref": "https://hl7.org/fhir/R4/fhir.schema.json#/definitions/Procedure"
                }
              },
              "application/fhir+xml": {
                "schema": {
                  "$ref": "https://hl7.org/fhir/R4/Procedure.xsd"
                }
              }
            }
          }
        },
        "parameters": [
          {
            "$ref": "#/components/parameters/rid"
          },
          {
            "$ref": "#/components/parameters/summary"
          },
          {
            "$ref": "#/components/parameters/format"
          },
          {
            "$ref": "#/components/parameters/pretty"
          },
          {
            "$ref": "#/components/parameters/elements"
          }
        ]
      }
    },
    "/Encounter": {
      "summary": "manage the collection of resources of type Encounter",
      "description": "Access to services to manage the collection of all resources of type Encounter",
      "get": {
        "summary": "Search all resources of type Encounter based on a set of criteria",
        "operationId": "searchEncounter",
        "responses": {
          "default": {
            "description": "Error, with details",
            "content": {
              "application/fhir+json": {
                "schema": {
                  "$ref": "https://hl7.org/fhir/R4/fhir.schema.json#/definitions/OperationOutcome"
                }
              },
              "application/fhir+xml": {
                "schema": {
                  "$ref": "https://hl7.org/fhir/R4/OperationOutcome.xsd"
                }
              }
            }
          },
          "200": {
            "description": "the resource being returned",
            "content": {
              "application/fhir+json": {
                "schema": {
                  "$ref": "https://hl7.org/fhir/R4/fhir.schema.json#/definitions/Bundle"
                }
              },
              "application/fhir+xml": {
                "schema": {
                  "$ref": "https://hl7.org/fhir/R4/Bundle.xsd"
                }
              }
            }
          }
        },
        "parameters": [
          {
            "$ref": "#/components/parameters/format"
          },
          {
            "$ref": "#/components/parameters/pretty"
          },
          {
            "$ref": "#/components/parameters/summary"
          },
          {
            "$ref": "#/components/parameters/elements"
          },
          {
            "name": "date",
            "in": "query",
            "description": "Multiple Resources: \r\n\r\n* [AllergyIntolerance](allergyintolerance.html): Date first version of the resource instance was recorded\r\n* [CarePlan](careplan.html): Time period plan covers\r\n* [CareTeam](careteam.html): Time period team covers\r\n* [ClinicalImpression](clinicalimpression.html): When the assessment was documented\r\n* [Composition](composition.html): Composition editing time\r\n* [Consent](consent.html): When this Consent was created or indexed\r\n* [DiagnosticReport](diagnosticreport.html): The clinically relevant time of the report\r\n* [Encounter](encounter.html): A date within the period the Encounter lasted\r\n* [EpisodeOfCare](episodeofcare.html): The provided date search value falls within the episode of care\u0027s period\r\n* [FamilyMemberHistory](familymemberhistory.html): When history was recorded or last updated\r\n* [Flag](flag.html): Time period when flag is active\r\n* [Immunization](immunization.html): Vaccination  (non)-Administration Date\r\n* [List](list.html): When the list was prepared\r\n* [Observation](observation.html): Obtained date/time. If the obtained element is a period, a date that falls in the period\r\n* [Procedure](procedure.html): When the procedure was performed\r\n* [RiskAssessment](riskassessment.html): When was assessment made?\r\n* [SupplyRequest](supplyrequest.html): When the request was made\r\n",
            "schema": {
              "type": "string",
              "pattern": "([0-9]([0-9]([0-9][1-9]|[1-9]0)|[1-9]00)|[1-9]000)(-(0[1-9]|1[0-2])(-(0[1-9]|[1-2][0-9]|3[0-1])(T([01][0-9]|2[0-3]):[0-5][0-9]:([0-5][0-9]|60)(\\.[0-9]+)?(Z|(\\+|-)((0[0-9]|1[0-3]):[0-5][0-9]|14:00)))?)?)?"
            }
          },
          {
            "name": "patient",
            "in": "query",
            "schema": {
              "type": "string"
            },
            "description": "Multiple Resources: \r\n\r\n* [AllergyIntolerance](allergyintolerance.html): Who the sensitivity is for\r\n* [CarePlan](careplan.html): Who the care plan is for\r\n* [CareTeam](careteam.html): Who care team is for\r\n* [ClinicalImpression](clinicalimpression.html): Patient or group assessed\r\n* [Composition](composition.html): Who and/or what the composition is about\r\n* [Condition](condition.html): Who has the condition?\r\n* [Consent](consent.html): Who the consent applies to\r\n* [DetectedIssue](detectedissue.html): Associated patient\r\n* [DeviceRequest](devicerequest.html): Individual the service is ordered for\r\n* [DeviceUseStatement](deviceusestatement.html): Search by subject - a patient\r\n* [DiagnosticReport](diagnosticreport.html): The subject of the report if a patient\r\n* [DocumentManifest](documentmanifest.html): The subject of the set of documents\r\n* [DocumentReference](documentreference.html): Who/what is the subject of the document\r\n* [Encounter](encounter.html): The patient or group present at the encounter\r\n* [EpisodeOfCare](episodeofcare.html): The patient who is the focus of this episode of care\r\n* [FamilyMemberHistory](familymemberhistory.html): The identity of a subject to list family member history items for\r\n* [Flag](flag.html): The identity of a subject to list flags for\r\n* [Goal](goal.html): Who this goal is intended for\r\n* [ImagingStudy](imagingstudy.html): Who the study is about\r\n* [Immunization](immunization.html): The patient for the vaccination record\r\n* [List](list.html): If all resources have the same subject\r\n* [MedicationAdministration](medicationadministration.html): The identity of a patient to list administrations  for\r\n* [MedicationDispense](medicationdispense.html): The identity of a patient to list dispenses  for\r\n* [MedicationRequest](medicationrequest.html): Returns prescriptions for a specific patient\r\n* [MedicationStatement](medicationstatement.html): Returns statements for a specific patient.\r\n* [NutritionOrder](nutritionorder.html): The identity of the person who requires the diet, formula or nutritional supplement\r\n* [Observation](observation.html): The subject that the observation is about (if patient)\r\n* [Procedure](procedure.html): Search by subject - a patient\r\n* [RiskAssessment](riskassessment.html): Who/what does assessment apply to?\r\n* [ServiceRequest](servicerequest.html): Search by subject - a patient\r\n* [SupplyDelivery](supplydelivery.html): Patient for whom the item is supplied\r\n* [VisionPrescription](visionprescription.html): The identity of a patient to list dispenses for\r\n"
          }
        ]
      }
    },
    "/Encounter/{rid}": {
      "summary": "Read/Write/etc resource instance of type Encounter",
      "description": "Access to services to manage the state of a single resource of type Encounter",
      "get": {
        "summary": "Read the current state of the resource",
        "operationId": "readEncounter",
        "responses": {
          "default": {
            "description": "Error, with details",
            "content": {
              "application/fhir+json": {
                "schema": {
                  "$ref": "https://hl7.org/fhir/R4/fhir.schema.json#/definitions/OperationOutcome"
                }
              },
              "application/fhir+xml": {
                "schema": {
                  "$ref": "https://hl7.org/fhir/R4/OperationOutcome.xsd"
                }
              }
            }
          },
          "200": {
            "description": "the resource being returned",
            "headers": {
              "ETag": {
                "description": "Version from Resource.meta.version as a weak ETag",
                "schema": {
                  "type": "string"
                }
              }
            },
            "content": {
              "application/fhir+json": {
                "schema": {
                  "$ref": "https://hl7.org/fhir/R4/fhir.schema.json#/definitions/Encounter"
                }
              },
              "application/fhir+xml": {
                "schema": {
                  "$ref": "https://hl7.org/fhir/R4/Encounter.xsd"
                }
              }
            }
          }
        },
        "parameters": [
          {
            "$ref": "#/components/parameters/rid"
          },
          {
            "$ref": "#/components/parameters/summary"
          },
          {
            "$ref": "#/components/parameters/format"
          },
          {
            "$ref": "#/components/parameters/pretty"
          },
          {
            "$ref": "#/components/parameters/elements"
          }
        ]
      }
    },
    "/Provenance": {
      "summary": "manage the collection of resources of type Provenance",
      "description": "Access to services to manage the collection of all resources of type Provenance",
      "get": {
        "summary": "Search all resources of type Provenance based on a set of criteria",
        "operationId": "searchProvenance",
        "responses": {
          "default": {
            "description": "Error, with details",
            "content": {
              "application/fhir+json": {
                "schema": {
                  "$ref": "https://hl7.org/fhir/R4/fhir.schema.json#/definitions/OperationOutcome"
                }
              },
              "application/fhir+xml": {
                "schema": {
                  "$ref": "https://hl7.org/fhir/R4/OperationOutcome.xsd"
                }
              }
            }
          },
          "200": {
            "description": "the resource being returned",
            "content": {
              "application/fhir+json": {
                "schema": {
                  "$ref": "https://hl7.org/fhir/R4/fhir.schema.json#/definitions/Bundle"
                }
              },
              "application/fhir+xml": {
                "schema": {
                  "$ref": "https://hl7.org/fhir/R4/Bundle.xsd"
                }
              }
            }
          }
        },
        "parameters": [
          {
            "$ref": "#/components/parameters/format"
          },
          {
            "$ref": "#/components/parameters/pretty"
          },
          {
            "$ref": "#/components/parameters/summary"
          },
          {
            "$ref": "#/components/parameters/elements"
          },
          {
            "name": "target",
            "in": "query",
            "schema": {
              "type": "string"
            },
            "description": "Target Reference(s) (usually version specific)"
          }
        ]
      }
    },
    "/Provenance/{rid}": {
      "summary": "Read/Write/etc resource instance of type Provenance",
      "description": "Access to services to manage the state of a single resource of type Provenance",
      "get": {
        "summary": "Read the current state of the resource",
        "operationId": "readProvenance",
        "responses": {
          "default": {
            "description": "Error, with details",
            "content": {
              "application/fhir+json": {
                "schema": {
                  "$ref": "https://hl7.org/fhir/R4/fhir.schema.json#/definitions/OperationOutcome"
                }
              },
              "application/fhir+xml": {
                "schema": {
                  "$ref": "https://hl7.org/fhir/R4/OperationOutcome.xsd"
                }
              }
            }
          },
          "200": {
            "description": "the resource being returned",
            "headers": {
              "ETag": {
                "description": "Version from Resource.meta.version as a weak ETag",
                "schema": {
                  "type": "string"
                }
              }
            },
            "content": {
              "application/fhir+json": {
                "schema": {
                  "$ref": "https://hl7.org/fhir/R4/fhir.schema.json#/definitions/Provenance"
                }
              },
              "application/fhir+xml": {
                "schema": {
                  "$ref": "https://hl7.org/fhir/R4/Provenance.xsd"
                }
              }
            }
          }
        },
        "parameters": [
          {
            "$ref": "#/components/parameters/rid"
          },
          {
            "$ref": "#/components/parameters/summary"
          },
          {
            "$ref": "#/components/parameters/format"
          },
          {
            "$ref": "#/components/parameters/pretty"
          },
          {
            "$ref": "#/components/parameters/elements"
          }
        ]
      }
    }
  },
  "components": {
    "parameters": {
      "rid": {
        "name": "rid",
        "in": "path",
        "description": "id of the resource (\u003dResource.id)",
        "required": true,
        "allowEmptyValue": false,
        "style": "simple",
        "schema": {
          "type": "string"
        }
      },
      "hid": {
        "name": "hid",
        "in": "path",
        "description": "id of the history entry (\u003dResource.meta.versionId)",
        "required": true,
        "allowEmptyValue": false,
        "style": "simple",
        "schema": {
          "type": "string"
        }
      },
      "summary": {
        "name": "_summary",
        "in": "query",
        "description": "Requests the server to return a designated subset of the resource",
        "allowEmptyValue": true,
        "style": "form",
        "schema": {
          "type": "string",
          "enum": [
            "true",
            "text",
            "data",
            "count",
            "false"
          ]
        }
      },
      "format": {
        "name": "_format",
        "in": "query",
        "description": "Specify alternative response formats by their MIME-types (when a client is unable acccess accept: header)",
        "allowEmptyValue": true,
        "style": "form",
        "schema": {
          "type": "string",
          "format": "mime-type"
        }
      },
      "pretty": {
        "name": "_pretty",
        "in": "query",
        "description": "Ask for a pretty printed response for human convenience",
        "allowEmptyValue": true,
        "style": "form",
        "schema": {
          "type": "boolean"
        }
      },
      "elements": {
        "name": "_elements",
        "in": "query",
        "description": "Requests the server to return a collection of elements from the resource",
        "allowEmptyValue": true,
        "style": "form",
        "explode": false,
        "schema": {
          "type": "array",
          "format": "string",
          "items": {
            "format": "string"
          }
        }
      },
      "count": {
        "name": "_count",
        "in": "query",
        "description": "The maximum number of search results on a page. The server is not bound to return the number requested, but cannot return more",
        "schema": {
          "type": "number"
        }
      }
    }
  }
}