<?xml version="1.0" encoding="UTF-8"?>

<ActivityDefinition xmlns="http://hl7.org/fhir">
  <id value="activity-example-ordermedication-ad"/>
  <meta>
    <profile value="https://profiles.ihe.net/QRPH/CCG/StructureDefinition/ccg-card-orderrx-ad"/>
    <profile value="http://hl7.org/fhir/uv/cpg/StructureDefinition/cpg-medicationrequestactivity"/>
    <profile value="http://hl7.org/fhir/uv/cpg/StructureDefinition/cpg-computableactivity"/>
  </meta>
  <text>
    <status value="extensions"/><div xmlns="http://www.w3.org/1999/xhtml"><p class="res-header-id"><b>Generated Narrative: ActivityDefinition activity-example-ordermedication-ad</b></p><a name="activity-example-ordermedication-ad"> </a><a name="hcactivity-example-ordermedication-ad"> </a><a name="activity-example-ordermedication-ad-en-US"> </a><div style="display: inline-block; background-color: #d9e0e7; padding: 6px; margin: 4px; border: 1px solid #8da1b4; border-radius: 5px; line-height: 60%"><p style="margin-bottom: 0px"/><p style="margin-bottom: 0px">Profiles: <a href="StructureDefinition-ccg-card-orderrx-ad.html">Activity Definition for the Order Medication CARD</a>, <a href="http://hl7.org/fhir/uv/cpg/STU2/StructureDefinition-cpg-medicationrequestactivity.html">CPG Medication Request Activity</a>, <a href="http://hl7.org/fhir/uv/cpg/STU2/StructureDefinition-cpg-computableactivity.html">CPG Computable Activity Definition</a></p></div><p><b>CQF Knowledge capability</b>: shareable</p><p><b>CQF Knowledge capability</b>: computable</p><p><b>CQF Knowledge capability</b>: publishable</p><p><b>url</b>: <a href="ActivityDefinition-activity-example-ordermedication-ad.html">ActivityDefinition Activity Example Order Medication AD</a></p><p><b>identifier</b>: <a href="http://terminology.hl7.org/5.5.0/NamingSystem-uri.html" title="As defined by RFC 3986 (http://www.ietf.org/rfc/rfc3986.txt)(with many schemes defined in many RFCs). For OIDs and UUIDs, use the URN form (urn:oid:(note: lowercase) and urn:uuid:). See http://www.ietf.org/rfc/rfc3001.txt and http://www.ietf.org/rfc/rfc4122.txt 

This oid is used as an identifier II.root to indicate the the extension is an absolute URI (technically, an IRI). Typically, this is used for OIDs and GUIDs. Note that when this OID is used with OIDs and GUIDs, the II.extension should start with urn:oid or urn:uuid: 

Note that this OID is created to aid with interconversion between CDA and FHIR - FHIR uses urn:ietf:rfc:3986 as equivalent to this OID. URIs as identifiers appear more commonly in FHIR.

This OID may also be used in CD.codeSystem.">Uniform Resource Identifier (URI)</a>/urn:oid:2.16.840.1.113883.4.642.40.48.11.10</p><p><b>version</b>: 1.0.0-comment</p><p><b>name</b>: ActivityExampleOrderMedicationAD</p><p><b>title</b>: Activity Example Order Medication AD</p><p><b>status</b>: Active</p><p><b>experimental</b>: true</p><p><b>date</b>: 2024-11-26 16:34:39+0000</p><p><b>publisher</b>: IHE QRPH Technical Committee</p><p><b>contact</b>: <a href="https://www.ihe.net/ihe_domains/quality_research_and_public_health/">https://www.ihe.net/ihe_domains/quality_research_and_public_health/</a>, <a href="mailto:qrph@ihe.net">qrph@ihe.net</a>, IHE QRPH Technical Committee: <a href="mailto:qrph@ihe.net">qrph@ihe.net</a></p><p><b>description</b>: </p><div><p>IHE CCG example for medication order ActivityDefinition Task (based on HL7 CPG example)</p>
</div><p><b>jurisdiction</b>: <span title="Codes:{http://unstats.un.org/unsd/methods/m49/m49.htm 001}">Global (Whole world)</span></p><p><b>topic</b>: <span title="Codes:{https://profiles.ihe.net/QRPH/CCG/CodeSystem/ccg-card-type-cs orderrx}">Order Medication</span></p><p><b>kind</b>: MedicationRequest</p><p><b>profile</b>: <a href="http://hl7.org/fhir/uv/cpg/STU2/StructureDefinition-cpg-medicationrequest.html">CPG Medication Request</a></p><p><b>code</b>: <span title="Codes:{http://hl7.org/fhir/uv/cpg/CodeSystem/cpg-activity-type-cs order-medication}">Order a medication</span></p><p><b>intent</b>: Proposal</p><p><b>priority</b>: Routine</p><p><b>doNotPerform</b>: false</p><p><b>product</b>: <span title="Codes:{http://snomed.info/sct 376988009}">Levothyroxine sodium 75 microgram oral tablet</span></p><blockquote><p><b>dosage</b></p><p><b>sequence</b>: 1</p><p><b>text</b>: 75mcg daily</p><p><b>timing</b>: Once per 1 day</p><p><b>route</b>: <span title="Codes:{http://snomed.info/sct 26643006}">Oral Route (qualifier value)</span></p><h3>DoseAndRates</h3><table class="grid"><tr><td style="display: none">-</td><td><b>Type</b></td><td><b>Dose[x]</b></td></tr><tr><td style="display: none">*</td><td><span title="Codes:{http://terminology.hl7.org/CodeSystem/dose-rate-type ordered}">Ordered</span></td><td>75 mcg<span style="background: LightGoldenRodYellow"> (Details: UCUM  codeug = 'ug')</span></td></tr></table></blockquote></div>
  </text>
  <extension url="http://hl7.org/fhir/StructureDefinition/cqf-knowledgeCapability">
    <valueCode value="shareable"/>
  </extension>
  <extension url="http://hl7.org/fhir/StructureDefinition/cqf-knowledgeCapability">
    <valueCode value="computable"/>
  </extension>
  <extension url="http://hl7.org/fhir/StructureDefinition/cqf-knowledgeCapability">
    <valueCode value="publishable"/>
  </extension>
  <url value="http://example.org/fhir/uv/cpg/ActivityDefinition/activity-example-ordermedication-ad"/>
  <identifier>
    <system value="urn:ietf:rfc:3986"/>
    <value value="urn:oid:2.16.840.1.113883.4.642.40.48.11.10"/>
  </identifier>
  <version value="1.0.0-comment"/>
  <name value="ActivityExampleOrderMedicationAD"/>
  <title value="Activity Example Order Medication AD"/>
  <status value="active"/>
  <experimental value="true"/>
  <date value="2024-11-26T16:34:39+00:00"/>
  <publisher value="IHE QRPH Technical Committee"/>
  <contact>
    <telecom>
      <system value="url"/>
      <value value="https://www.ihe.net/ihe_domains/quality_research_and_public_health/"/>
    </telecom>
  </contact>
  <contact>
    <telecom>
      <system value="email"/>
      <value value="qrph@ihe.net"/>
    </telecom>
  </contact>
  <contact>
    <name value="IHE QRPH Technical Committee"/>
    <telecom>
      <system value="email"/>
      <value value="qrph@ihe.net"/>
    </telecom>
  </contact>
  <description value="IHE CCG example for medication order ActivityDefinition Task (based on HL7 CPG example)"/>
  <jurisdiction>
    <coding>
      <system value="http://unstats.un.org/unsd/methods/m49/m49.htm"/>
      <code value="001"/>
    </coding>
  </jurisdiction>
  <topic>
    <coding>
      <system value="https://profiles.ihe.net/QRPH/CCG/CodeSystem/ccg-card-type-cs"/>
      <code value="orderrx"/>
    </coding>
  </topic>
  <kind value="MedicationRequest"/>
  <profile value="http://hl7.org/fhir/uv/cpg/StructureDefinition/cpg-medicationrequest"/>
  <code>
    <coding>
      <system value="http://hl7.org/fhir/uv/cpg/CodeSystem/cpg-activity-type-cs"/>
      <code value="order-medication"/>
      <display value="Order a medication"/>
    </coding>
  </code>
  <intent value="proposal"/>
  <priority value="routine"/>
  <doNotPerform value="false"/>
  <productCodeableConcept>
    <coding>
      <system value="http://snomed.info/sct"/>
      <code value="376988009"/>
      <display value="Levothyroxine sodium 75 microgram oral tablet"/>
    </coding>
  </productCodeableConcept>
  <dosage>
    <sequence value="1"/>
    <text value="75mcg daily"/>
    <timing>
      <repeat>
        <frequency value="1"/>
        <period value="1"/>
        <periodUnit value="d"/>
      </repeat>
    </timing>
    <route>
      <coding>
        <system value="http://snomed.info/sct"/>
        <code value="26643006"/>
        <display value="Oral Route (qualifier value)"/>
      </coding>
    </route>
    <doseAndRate>
      <type>
        <coding>
          <system value="http://terminology.hl7.org/CodeSystem/dose-rate-type"/>
          <code value="ordered"/>
          <display value="Ordered"/>
        </coding>
      </type>
      <doseQuantity>
        <value value="75"/>
        <unit value="mcg"/>
        <system value="http://unitsofmeasure.org"/>
        <code value="ug"/>
      </doseQuantity>
    </doseAndRate>
  </dosage>
</ActivityDefinition>