<?xml version="1.0" encoding="UTF-8"?>

<ActivityDefinition xmlns="http://hl7.org/fhir">
  <id value="activity-example-recommendimmunization-ad"/>
  <meta>
    <profile value="https://profiles.ihe.net/QRPH/CCG/StructureDefinition/ccg-card-reqvx-ad"/>
    <profile value="http://hl7.org/fhir/uv/cpg/StructureDefinition/cpg-immunizationactivity"/>
    <profile value="http://hl7.org/fhir/uv/cpg/StructureDefinition/cpg-computableactivity"/>
  </meta>
  <text>
    <status value="extensions"/><div xmlns="http://www.w3.org/1999/xhtml"><p class="res-header-id"><b>Generated Narrative: ActivityDefinition activity-example-recommendimmunization-ad</b></p><a name="activity-example-recommendimmunization-ad"> </a><a name="hcactivity-example-recommendimmunization-ad"> </a><a name="activity-example-recommendimmunization-ad-en-US"> </a><div style="display: inline-block; background-color: #d9e0e7; padding: 6px; margin: 4px; border: 1px solid #8da1b4; border-radius: 5px; line-height: 60%"><p style="margin-bottom: 0px"/><p style="margin-bottom: 0px">Profiles: <a href="StructureDefinition-ccg-card-reqvx-ad.html">Activity Definition for the Request Immunization CARD</a>, <a href="http://hl7.org/fhir/uv/cpg/STU2/StructureDefinition-cpg-immunizationactivity.html">CPG Immunization Activity</a>, <a href="http://hl7.org/fhir/uv/cpg/STU2/StructureDefinition-cpg-computableactivity.html">CPG Computable Activity Definition</a></p></div><p><b>CQF Knowledge capability</b>: shareable</p><p><b>CQF Knowledge capability</b>: computable</p><p><b>CQF Knowledge capability</b>: publishable</p><p><b>url</b>: <a href="ActivityDefinition-activity-example-recommendimmunization-ad.html">ActivityDefinition Activity Example Recommend Immunization AD</a></p><p><b>identifier</b>: <a href="http://terminology.hl7.org/5.5.0/NamingSystem-uri.html" title="As defined by RFC 3986 (http://www.ietf.org/rfc/rfc3986.txt)(with many schemes defined in many RFCs). For OIDs and UUIDs, use the URN form (urn:oid:(note: lowercase) and urn:uuid:). See http://www.ietf.org/rfc/rfc3001.txt and http://www.ietf.org/rfc/rfc4122.txt 

This oid is used as an identifier II.root to indicate the the extension is an absolute URI (technically, an IRI). Typically, this is used for OIDs and GUIDs. Note that when this OID is used with OIDs and GUIDs, the II.extension should start with urn:oid or urn:uuid: 

Note that this OID is created to aid with interconversion between CDA and FHIR - FHIR uses urn:ietf:rfc:3986 as equivalent to this OID. URIs as identifiers appear more commonly in FHIR.

This OID may also be used in CD.codeSystem.">Uniform Resource Identifier (URI)</a>/urn:oid:2.16.840.1.113883.4.642.40.48.11.13</p><p><b>version</b>: 1.0.0-comment</p><p><b>name</b>: ActivityExampleRecommendImmunizationAD</p><p><b>title</b>: Activity Example Recommend Immunization AD</p><p><b>status</b>: Active</p><p><b>experimental</b>: true</p><p><b>date</b>: 2024-11-26 16:34:39+0000</p><p><b>publisher</b>: IHE QRPH Technical Committee</p><p><b>contact</b>: <a href="https://www.ihe.net/ihe_domains/quality_research_and_public_health/">https://www.ihe.net/ihe_domains/quality_research_and_public_health/</a>, <a href="mailto:qrph@ihe.net">qrph@ihe.net</a>, IHE QRPH Technical Committee: <a href="mailto:qrph@ihe.net">qrph@ihe.net</a></p><p><b>description</b>: </p><div><p>IHE CCG example for Recommend Immunization ActivityDefinition (based on HL7 CPG example)</p>
</div><p><b>jurisdiction</b>: <span title="Codes:{http://unstats.un.org/unsd/methods/m49/m49.htm 001}">Global (Whole world)</span></p><p><b>topic</b>: <span title="Codes:{https://profiles.ihe.net/QRPH/CCG/CodeSystem/ccg-card-type-cs reqvx}">Request Immunization</span></p><p><b>kind</b>: MedicationRequest</p><p><b>profile</b>: <a href="http://hl7.org/fhir/uv/cpg/STU2/StructureDefinition-cpg-immunizationrequest.html">CPG Immunization Request</a></p><p><b>code</b>: <span title="Codes:{http://hl7.org/fhir/uv/cpg/CodeSystem/cpg-activity-type-cs recommend-immunization}">Recommend an immunization</span></p><p><b>intent</b>: Proposal</p><p><b>priority</b>: Routine</p><p><b>doNotPerform</b>: false</p><p><b>product</b>: <span title="Codes:{http://snomed.info/sct 871751006}">Vaccine product containing only Hepatitis A virus antigen (medicinal product)</span></p></div>
  </text>
  <extension url="http://hl7.org/fhir/StructureDefinition/cqf-knowledgeCapability">
    <valueCode value="shareable"/>
  </extension>
  <extension url="http://hl7.org/fhir/StructureDefinition/cqf-knowledgeCapability">
    <valueCode value="computable"/>
  </extension>
  <extension url="http://hl7.org/fhir/StructureDefinition/cqf-knowledgeCapability">
    <valueCode value="publishable"/>
  </extension>
  <url value="http://hl7.org/fhir/uv/cpg/ActivityDefinition/activity-example-recommendimmunization-ad"/>
  <identifier>
    <system value="urn:ietf:rfc:3986"/>
    <value value="urn:oid:2.16.840.1.113883.4.642.40.48.11.13"/>
  </identifier>
  <version value="1.0.0-comment"/>
  <name value="ActivityExampleRecommendImmunizationAD"/>
  <title value="Activity Example Recommend Immunization AD"/>
  <status value="active"/>
  <experimental value="true"/>
  <date value="2024-11-26T16:34:39+00:00"/>
  <publisher value="IHE QRPH Technical Committee"/>
  <contact>
    <telecom>
      <system value="url"/>
      <value value="https://www.ihe.net/ihe_domains/quality_research_and_public_health/"/>
    </telecom>
  </contact>
  <contact>
    <telecom>
      <system value="email"/>
      <value value="qrph@ihe.net"/>
    </telecom>
  </contact>
  <contact>
    <name value="IHE QRPH Technical Committee"/>
    <telecom>
      <system value="email"/>
      <value value="qrph@ihe.net"/>
    </telecom>
  </contact>
  <description value="IHE CCG example for Recommend Immunization ActivityDefinition (based on HL7 CPG example)"/>
  <jurisdiction>
    <coding>
      <system value="http://unstats.un.org/unsd/methods/m49/m49.htm"/>
      <code value="001"/>
    </coding>
  </jurisdiction>
  <topic>
    <coding>
      <system value="https://profiles.ihe.net/QRPH/CCG/CodeSystem/ccg-card-type-cs"/>
      <code value="reqvx"/>
    </coding>
  </topic>
  <kind value="MedicationRequest"/>
  <profile value="http://hl7.org/fhir/uv/cpg/StructureDefinition/cpg-immunizationrequest"/>
  <code>
    <coding>
      <system value="http://hl7.org/fhir/uv/cpg/CodeSystem/cpg-activity-type-cs"/>
      <code value="recommend-immunization"/>
      <display value="Recommend an immunization"/>
    </coding>
  </code>
  <intent value="proposal"/>
  <priority value="routine"/>
  <doNotPerform value="false"/>
  <productCodeableConcept>
    <coding>
      <system value="http://snomed.info/sct"/>
      <code value="871751006"/>
      <display value="Vaccine product containing only Hepatitis A virus antigen (medicinal product)"/>
    </coding>
  </productCodeableConcept>
</ActivityDefinition>