<?xml version="1.0" encoding="UTF-8"?>

<PlanDefinition xmlns="http://hl7.org/fhir">
  <id value="card-example-provide"/>
  <meta>
    <profile value="https://profiles.ihe.net/QRPH/CCG/StructureDefinition/ccg-card-provide"/>
  </meta>
  <text>
    <status value="generated"/><div xmlns="http://www.w3.org/1999/xhtml"><p class="res-header-id"><b>Generated Narrative: PlanDefinition card-example-provide</b></p><a name="card-example-provide"> </a><a name="hccard-example-provide"> </a><a name="card-example-provide-en-US"> </a><div style="display: inline-block; background-color: #d9e0e7; padding: 6px; margin: 4px; border: 1px solid #8da1b4; border-radius: 5px; line-height: 60%"><p style="margin-bottom: 0px"/><p style="margin-bottom: 0px">Profile: <a href="StructureDefinition-ccg-card-provide.html">CCG CARD type - Provide Information</a></p></div><p><b>url</b>: <a href="PlanDefinition-card-example-provide.html">PlanDefinition CCG CARD example - provide information</a></p><p><b>version</b>: 1.0.0-comment</p><p><b>name</b>: ExampleCARDprovide</p><p><b>title</b>: CCG CARD example - provide information</p><p><b>type</b>: <span title="Codes:{http://terminology.hl7.org/CodeSystem/plan-definition-type eca-rule}">ECA Rule</span></p><p><b>status</b>: Active</p><p><b>experimental</b>: true</p><p><b>date</b>: 2024-11-18 17:56:55+0000</p><p><b>publisher</b>: IHE QRPH Technical Committee</p><p><b>contact</b>: <a href="https://www.ihe.net/ihe_domains/quality_research_and_public_health/">https://www.ihe.net/ihe_domains/quality_research_and_public_health/</a>, <a href="mailto:qrph@ihe.net">qrph@ihe.net</a>, IHE QRPH Technical Committee: <a href="mailto:qrph@ihe.net">qrph@ihe.net</a></p><p><b>description</b>: </p><div><p>IHE CCG example for a Provide Information CARD (based on HL7 CPG example)</p>
</div><p><b>jurisdiction</b>: <span title="Codes:{http://unstats.un.org/unsd/methods/m49/m49.htm 001}">Global (Whole world)</span></p><p><b>topic</b>: <span title="Codes:{https://profiles.ihe.net/QRPH/CCG/CodeSystem/ccg-card-type-cs provide}">Provide Information</span></p><blockquote><p><b>relatedArtifact</b></p><p><b>type</b>: Documentation</p><p><b>url</b>: <a href="https://www.who.int/southeastasia/publications/i/item/who-ucn-ncd-20.1">https://www.who.int/southeastasia/publications/i/item/who-ucn-ncd-20.1</a></p><h3>Documents</h3><table class="grid"><tr><td style="display: none">-</td><td><b>Url</b></td></tr><tr><td style="display: none">*</td><td><a href="https://www.who.int/southeastasia/publications/i/item/who-ucn-ncd-20.1">https://www.who.int/southeastasia/publications/i/item/who-ucn-ncd-20.1</a></td></tr></table></blockquote><p><b>library</b>: <code>http://example.org/Library/provide</code></p><blockquote><p><b>action</b></p><blockquote><p><b>condition</b></p><p><b>kind</b>: Applicability</p><h3>Expressions</h3><table class="grid"><tr><td style="display: none">-</td><td><b>Language</b></td><td><b>Expression</b></td></tr><tr><td style="display: none">*</td><td>CQL</td><td>Diabetes Educational Materials to be Provided</td></tr></table></blockquote><p><b>definition</b>: <a href="ActivityDefinition-activity-example-sendmessage-ad.html">Activity Example Send Message AD</a></p></blockquote></div>
  </text>
  <url value="http://example.org/PlanDefinition/card-example-provide"/>
  <version value="1.0.0-comment"/>
  <name value="ExampleCARDprovide"/>
  <title value="CCG CARD example - provide information"/>
  <type>
    <coding>
      <system value="http://terminology.hl7.org/CodeSystem/plan-definition-type"/>
      <code value="eca-rule"/>
    </coding>
  </type>
  <status value="active"/>
  <experimental value="true"/>
  <date value="2024-11-18T17:56:55+00:00"/>
  <publisher value="IHE QRPH Technical Committee"/>
  <contact>
    <telecom>
      <system value="url"/>
      <value value="https://www.ihe.net/ihe_domains/quality_research_and_public_health/"/>
    </telecom>
  </contact>
  <contact>
    <telecom>
      <system value="email"/>
      <value value="qrph@ihe.net"/>
    </telecom>
  </contact>
  <contact>
    <name value="IHE QRPH Technical Committee"/>
    <telecom>
      <system value="email"/>
      <value value="qrph@ihe.net"/>
    </telecom>
  </contact>
  <description value="IHE CCG example for a Provide Information CARD (based on HL7 CPG example)"/>
  <jurisdiction>
    <coding>
      <system value="http://unstats.un.org/unsd/methods/m49/m49.htm"/>
      <code value="001"/>
    </coding>
  </jurisdiction>
  <topic>
    <coding>
      <system value="https://profiles.ihe.net/QRPH/CCG/CodeSystem/ccg-card-type-cs"/>
      <code value="provide"/>
    </coding>
  </topic>
  <relatedArtifact>
    <type value="documentation"/>
    <url value="https://www.who.int/southeastasia/publications/i/item/who-ucn-ncd-20.1"/>
    <document>
      <url value="https://www.who.int/southeastasia/publications/i/item/who-ucn-ncd-20.1"/>
    </document>
  </relatedArtifact>
  <library value="http://example.org/Library/provide"/>
  <action>
    <condition>
      <kind value="applicability"/>
      <expression>
        <language value="text/cql"/>
        <expression value="Diabetes Educational Materials to be Provided"/>
      </expression>
    </condition>
    <definitionCanonical value="http://example.org/fhir/uv/cpg/ActivityDefinition/activity-example-sendmessage-ad"/>
  </action>
</PlanDefinition>