<?xml version="1.0" encoding="UTF-8"?>

<!--  record a Provenance history entry for each revision of FormatCodes  -->
<Bundle xmlns="http://hl7.org/fhir">
  <id value="history-IHE-formatcode.codesystem"/>
  <type value="collection"/>
<!--  includes Provenance record for each revision of the IHE FormatCodes  -->
  <entry>
    <fullUrl value="urn:oid:1.3.6.1.4.1.19376.1.2.3.1.202100419.2"/>
    <resource>
      <Provenance>
        <id value="formatcode-provenance-202100419-2"/>
        <text>
          <status value="generated"/><div xmlns="http://www.w3.org/1999/xhtml"><p><b>Generated Narrative</b></p><p><b>target</b>: <a href="http://ihe.net/fhir/ihe.formatcode.fhir/CodeSystem/formatcode">Generated Summary: url: http://ihe.net/fhir/ihe.formatcode.fhir/CodeSystem/formatcode; id: urn:oid:1.3.6.1.4.1.19376.1.2.3; version: 1.0.0; name: IHE_FormatCode_codesystem; title: IHE Format Code set for use with Document Sharing; ACTIVE; date: 2021-03-09; publisher: Integrating the Healthcare Enterprise (IHE); IHE: http://ihe.net, IHE Secretary: secretary@ihe.net; description: The [IHE](http://www.ihe.net) FormatCode code system with canonical URI of http://ihe.net/fhir/ihe.formatcode.fhir/CodeSystem/formatcode is defined to be the set of [FormatCode(s) define by IHE] (http://wiki.ihe.net/index.php?title=IHE_Format_Codes), for use with [Document Sharing](https://wiki.ihe.net/index.php/Category:DocShare). This code set additionally includes, as deprecated, format codes defined by [HL7 for some Implementation Guides](http://wiki.hl7.org/index.php?title=CDA_Format_Codes_for_IHE_XDS). The HL7 codes are now managed by HL7. The set of IHE FormatCode codes was listed in HITSP C80 Table 2-153 Format Code Value Set Definition, but since has been updated. The use of the FormatCode specifies the technical format of the document. The FormatCode tends to reference the IHE Content Profile (Implementation Guide) that defines the use-case and constraints. The FormatCode is a further specialization more detailed than the mime-type. The FormatCode provides sufficient metadata information to allow any potential document content consumer to know if it can process and/or display by identifying a document encoding, structure and template. The set of codes is intended to be extensible.; <span title="Codes: {http://unstats.un.org/unsd/methods/m49/m49.htm 001}">World</span>; copyright: Some content from IHE&reg; Copyright &copy; 2015 [IHE International, Inc](http://www.ihe.net/Governance/#Intellectual_Property).; caseSensitive; COMPLETE</a></p><p><b>occurred</b>: ?? --&gt; 2021-04-19</p><p><b>recorded</b>: Apr 19, 2021 10:00:00 AM</p><p><b>reason</b>: <span title="Codes: {http://terminology.hl7.org/CodeSystem/v3-ActReason METAMGT}">Change urn:ihe:pcc:irc:2008 to urn:ihe:pcc:ic:2008 (see https://www.ihe.net/uploadedFiles/Documents/PCC/IHE_PCC_TF_Vol2.pdf)</span></p><p><b>activity</b>: <span title="Codes: {http://terminology.hl7.org/CodeSystem/v3-DataOperation UPDATE}">revise</span></p><blockquote><p><b>agent</b></p><p><b>type</b>: <span title="Codes: {http://terminology.hl7.org/CodeSystem/provenance-participant-type author}">Author</span></p><p><b>who</b>: <span>Oliver Egger</span></p></blockquote><blockquote><p><b>agent</b></p><p><b>type</b>: <span title="Codes: {http://terminology.hl7.org/CodeSystem/provenance-participant-type custodian}">Custodian</span></p><p><b>who</b>: <span>IHE PCC Domain</span></p></blockquote></div>
        </text>
        <target>
          <reference value="http://ihe.net/fhir/ihe.formatcode.fhir/CodeSystem/formatcode"/>
          <type value="CodeSystem"/>
        </target>
        <occurredPeriod>
          <end value="2021-04-19"/>
        </occurredPeriod>
        <recorded value="2021-04-19T15:00:00.0000Z"/>
        <reason>
          <coding>
            <system value="http://terminology.hl7.org/CodeSystem/v3-ActReason"/>
            <code value="METAMGT"/>
          </coding>
          <text value="Change urn:ihe:pcc:irc:2008 to urn:ihe:pcc:ic:2008 (see https://www.ihe.net/uploadedFiles/Documents/PCC/IHE_PCC_TF_Vol2.pdf)"/>
        </reason>
        <activity>
          <coding>
            <system value="http://terminology.hl7.org/CodeSystem/v3-DataOperation"/>
            <code value="UPDATE"/>
          </coding>
        </activity>
        <agent>
          <type>
            <coding>
              <system value="http://terminology.hl7.org/CodeSystem/provenance-participant-type"/>
              <code value="author"/>
            </coding>
          </type>
          <who>
            <display value="Oliver Egger"/>
          </who>
        </agent>
        <agent>
          <type>
            <coding>
              <system value="http://terminology.hl7.org/CodeSystem/provenance-participant-type"/>
              <code value="custodian"/>
            </coding>
          </type>
          <who>
            <display value="IHE PCC Domain"/>
          </who>
        </agent>
      </Provenance>
    </resource>
  </entry>
  <entry>
    <fullUrl value="urn:oid:1.3.6.1.4.1.19376.1.2.3.1.202100419"/>
    <resource>
      <Provenance>
        <id value="formatcode-provenance-202100419"/>
        <text>
          <status value="generated"/><div xmlns="http://www.w3.org/1999/xhtml"><p><b>Generated Narrative</b></p><p><b>target</b>: <a href="http://ihe.net/fhir/ihe.formatcode.fhir/CodeSystem/formatcode">Generated Summary: url: http://ihe.net/fhir/ihe.formatcode.fhir/CodeSystem/formatcode; id: urn:oid:1.3.6.1.4.1.19376.1.2.3; version: 1.0.0; name: IHE_FormatCode_codesystem; title: IHE Format Code set for use with Document Sharing; ACTIVE; date: 2021-03-09; publisher: Integrating the Healthcare Enterprise (IHE); IHE: http://ihe.net, IHE Secretary: secretary@ihe.net; description: The [IHE](http://www.ihe.net) FormatCode code system with canonical URI of http://ihe.net/fhir/ihe.formatcode.fhir/CodeSystem/formatcode is defined to be the set of [FormatCode(s) define by IHE] (http://wiki.ihe.net/index.php?title=IHE_Format_Codes), for use with [Document Sharing](https://wiki.ihe.net/index.php/Category:DocShare). This code set additionally includes, as deprecated, format codes defined by [HL7 for some Implementation Guides](http://wiki.hl7.org/index.php?title=CDA_Format_Codes_for_IHE_XDS). The HL7 codes are now managed by HL7. The set of IHE FormatCode codes was listed in HITSP C80 Table 2-153 Format Code Value Set Definition, but since has been updated. The use of the FormatCode specifies the technical format of the document. The FormatCode tends to reference the IHE Content Profile (Implementation Guide) that defines the use-case and constraints. The FormatCode is a further specialization more detailed than the mime-type. The FormatCode provides sufficient metadata information to allow any potential document content consumer to know if it can process and/or display by identifying a document encoding, structure and template. The set of codes is intended to be extensible.; <span title="Codes: {http://unstats.un.org/unsd/methods/m49/m49.htm 001}">World</span>; copyright: Some content from IHE&reg; Copyright &copy; 2015 [IHE International, Inc](http://www.ihe.net/Governance/#Intellectual_Property).; caseSensitive; COMPLETE</a></p><p><b>occurred</b>: ?? --&gt; 2021-04-19</p><p><b>recorded</b>: Apr 19, 2021 10:00:00 AM</p><p><b>reason</b>: <span title="Codes: {http://terminology.hl7.org/CodeSystem/v3-ActReason METAMGT}">Add IHE PHARM MTP and CMA code</span></p><p><b>activity</b>: <span title="Codes: {http://terminology.hl7.org/CodeSystem/v3-DataOperation UPDATE}">revise</span></p><blockquote><p><b>agent</b></p><p><b>type</b>: <span title="Codes: {http://terminology.hl7.org/CodeSystem/provenance-participant-type author}">Author</span></p><p><b>who</b>: <span>Oliver Egger</span></p></blockquote><blockquote><p><b>agent</b></p><p><b>type</b>: <span title="Codes: {http://terminology.hl7.org/CodeSystem/provenance-participant-type custodian}">Custodian</span></p><p><b>who</b>: <span>IHE Pharmacy Domain</span></p></blockquote></div>
        </text>
        <target>
          <reference value="http://ihe.net/fhir/ihe.formatcode.fhir/CodeSystem/formatcode"/>
          <type value="CodeSystem"/>
        </target>
        <occurredPeriod>
          <end value="2021-04-19"/>
        </occurredPeriod>
        <recorded value="2021-04-19T15:00:00.0000Z"/>
        <reason>
          <coding>
            <system value="http://terminology.hl7.org/CodeSystem/v3-ActReason"/>
            <code value="METAMGT"/>
          </coding>
          <text value="Add IHE PHARM MTP and CMA code"/>
        </reason>
        <activity>
          <coding>
            <system value="http://terminology.hl7.org/CodeSystem/v3-DataOperation"/>
            <code value="UPDATE"/>
          </coding>
        </activity>
        <agent>
          <type>
            <coding>
              <system value="http://terminology.hl7.org/CodeSystem/provenance-participant-type"/>
              <code value="author"/>
            </coding>
          </type>
          <who>
            <display value="Oliver Egger"/>
          </who>
        </agent>
        <agent>
          <type>
            <coding>
              <system value="http://terminology.hl7.org/CodeSystem/provenance-participant-type"/>
              <code value="custodian"/>
            </coding>
          </type>
          <who>
            <display value="IHE Pharmacy Domain"/>
          </who>
        </agent>
      </Provenance>
    </resource>
  </entry>
  <entry>
    <fullUrl value="urn:oid:1.3.6.1.4.1.19376.1.2.3.1.20210309"/>
    <resource>
      <Provenance>
        <id value="formatcode-provenance-20210309"/>
        <text>
          <status value="generated"/><div xmlns="http://www.w3.org/1999/xhtml"><p><b>Generated Narrative</b></p><p><b>target</b>: <a href="http://ihe.net/fhir/ihe.formatcode.fhir/CodeSystem/formatcode">Generated Summary: url: http://ihe.net/fhir/ihe.formatcode.fhir/CodeSystem/formatcode; id: urn:oid:1.3.6.1.4.1.19376.1.2.3; version: 1.0.0; name: IHE_FormatCode_codesystem; title: IHE Format Code set for use with Document Sharing; ACTIVE; date: 2021-03-09; publisher: Integrating the Healthcare Enterprise (IHE); IHE: http://ihe.net, IHE Secretary: secretary@ihe.net; description: The [IHE](http://www.ihe.net) FormatCode code system with canonical URI of http://ihe.net/fhir/ihe.formatcode.fhir/CodeSystem/formatcode is defined to be the set of [FormatCode(s) define by IHE] (http://wiki.ihe.net/index.php?title=IHE_Format_Codes), for use with [Document Sharing](https://wiki.ihe.net/index.php/Category:DocShare). This code set additionally includes, as deprecated, format codes defined by [HL7 for some Implementation Guides](http://wiki.hl7.org/index.php?title=CDA_Format_Codes_for_IHE_XDS). The HL7 codes are now managed by HL7. The set of IHE FormatCode codes was listed in HITSP C80 Table 2-153 Format Code Value Set Definition, but since has been updated. The use of the FormatCode specifies the technical format of the document. The FormatCode tends to reference the IHE Content Profile (Implementation Guide) that defines the use-case and constraints. The FormatCode is a further specialization more detailed than the mime-type. The FormatCode provides sufficient metadata information to allow any potential document content consumer to know if it can process and/or display by identifying a document encoding, structure and template. The set of codes is intended to be extensible.; <span title="Codes: {http://unstats.un.org/unsd/methods/m49/m49.htm 001}">World</span>; copyright: Some content from IHE&reg; Copyright &copy; 2015 [IHE International, Inc](http://www.ihe.net/Governance/#Intellectual_Property).; caseSensitive; COMPLETE</a></p><p><b>occurred</b>: ?? --&gt; 2021-03-09</p><p><b>recorded</b>: Mar 9, 2021 7:00:00 AM</p><p><b>reason</b>: <span title="Codes: {http://terminology.hl7.org/CodeSystem/v3-ActReason METAMGT}">Add PCC 360X format codes.</span></p><p><b>activity</b>: <span title="Codes: {http://terminology.hl7.org/CodeSystem/v3-DataOperation UPDATE}">revise</span></p><blockquote><p><b>agent</b></p><p><b>type</b>: <span title="Codes: {http://terminology.hl7.org/CodeSystem/provenance-participant-type author}">Author</span></p><p><b>who</b>: <span>Vassil Peytchev</span></p></blockquote><blockquote><p><b>agent</b></p><p><b>type</b>: <span title="Codes: {http://terminology.hl7.org/CodeSystem/provenance-participant-type custodian}">Custodian</span></p><p><b>who</b>: <span>IHE PCC Domain</span></p></blockquote></div>
        </text>
        <target>
          <reference value="http://ihe.net/fhir/ihe.formatcode.fhir/CodeSystem/formatcode"/>
          <type value="CodeSystem"/>
        </target>
        <occurredPeriod>
          <end value="2021-03-09"/>
        </occurredPeriod>
        <recorded value="2021-03-09T13:00:00.0000Z"/>
        <reason>
          <coding>
            <system value="http://terminology.hl7.org/CodeSystem/v3-ActReason"/>
            <code value="METAMGT"/>
          </coding>
          <text value="Add PCC 360X format codes."/>
        </reason>
        <activity>
          <coding>
            <system value="http://terminology.hl7.org/CodeSystem/v3-DataOperation"/>
            <code value="UPDATE"/>
          </coding>
        </activity>
        <agent>
          <type>
            <coding>
              <system value="http://terminology.hl7.org/CodeSystem/provenance-participant-type"/>
              <code value="author"/>
            </coding>
          </type>
          <who>
            <display value="Vassil Peytchev"/>
          </who>
        </agent>
        <agent>
          <type>
            <coding>
              <system value="http://terminology.hl7.org/CodeSystem/provenance-participant-type"/>
              <code value="custodian"/>
            </coding>
          </type>
          <who>
            <display value="IHE PCC Domain"/>
          </who>
        </agent>
      </Provenance>
    </resource>
  </entry>
  <entry>
    <fullUrl value="urn:oid:1.3.6.1.4.1.19376.1.2.3.1.20200724"/>
    <resource>
      <Provenance>
        <id value="formatcode-provenance-20200724"/>
        <text>
          <status value="generated"/><div xmlns="http://www.w3.org/1999/xhtml"><p><b>Generated Narrative</b></p><p><b>target</b>: <a href="http://ihe.net/fhir/ihe.formatcode.fhir/CodeSystem/formatcode">Generated Summary: url: http://ihe.net/fhir/ihe.formatcode.fhir/CodeSystem/formatcode; id: urn:oid:1.3.6.1.4.1.19376.1.2.3; version: 1.0.0; name: IHE_FormatCode_codesystem; title: IHE Format Code set for use with Document Sharing; ACTIVE; date: 2021-03-09; publisher: Integrating the Healthcare Enterprise (IHE); IHE: http://ihe.net, IHE Secretary: secretary@ihe.net; description: The [IHE](http://www.ihe.net) FormatCode code system with canonical URI of http://ihe.net/fhir/ihe.formatcode.fhir/CodeSystem/formatcode is defined to be the set of [FormatCode(s) define by IHE] (http://wiki.ihe.net/index.php?title=IHE_Format_Codes), for use with [Document Sharing](https://wiki.ihe.net/index.php/Category:DocShare). This code set additionally includes, as deprecated, format codes defined by [HL7 for some Implementation Guides](http://wiki.hl7.org/index.php?title=CDA_Format_Codes_for_IHE_XDS). The HL7 codes are now managed by HL7. The set of IHE FormatCode codes was listed in HITSP C80 Table 2-153 Format Code Value Set Definition, but since has been updated. The use of the FormatCode specifies the technical format of the document. The FormatCode tends to reference the IHE Content Profile (Implementation Guide) that defines the use-case and constraints. The FormatCode is a further specialization more detailed than the mime-type. The FormatCode provides sufficient metadata information to allow any potential document content consumer to know if it can process and/or display by identifying a document encoding, structure and template. The set of codes is intended to be extensible.; <span title="Codes: {http://unstats.un.org/unsd/methods/m49/m49.htm 001}">World</span>; copyright: Some content from IHE&reg; Copyright &copy; 2015 [IHE International, Inc](http://www.ihe.net/Governance/#Intellectual_Property).; caseSensitive; COMPLETE</a></p><p><b>occurred</b>: ?? --&gt; 2020-07-24</p><p><b>recorded</b>: Jul 24, 2020 8:00:00 AM</p><p><b>reason</b>: <span title="Codes: {http://terminology.hl7.org/CodeSystem/v3-ActReason METAMGT}">Remove PAT domain, as PALM is right. Remove 2010 FormatCodes not used in favor of urn:ihe.palm:apsr:2016.</span></p><p><b>activity</b>: <span title="Codes: {http://terminology.hl7.org/CodeSystem/v3-DataOperation UPDATE}">revise</span></p><blockquote><p><b>agent</b></p><p><b>type</b>: <span title="Codes: {http://terminology.hl7.org/CodeSystem/provenance-participant-type author}">Author</span></p><p><b>who</b>: <span>John Moehrke</span></p></blockquote><blockquote><p><b>agent</b></p><p><b>type</b>: <span title="Codes: {http://terminology.hl7.org/CodeSystem/provenance-participant-type custodian}">Custodian</span></p><p><b>who</b>: <span>IHE PaLM Domain</span></p></blockquote></div>
        </text>
        <target>
          <reference value="http://ihe.net/fhir/ihe.formatcode.fhir/CodeSystem/formatcode"/>
          <type value="CodeSystem"/>
        </target>
        <occurredPeriod>
          <end value="2020-07-24"/>
        </occurredPeriod>
        <recorded value="2020-07-24T13:00:00.0000Z"/>
        <reason>
          <coding>
            <system value="http://terminology.hl7.org/CodeSystem/v3-ActReason"/>
            <code value="METAMGT"/>
          </coding>
          <text value="Remove PAT domain, as PALM is right. Remove 2010 FormatCodes not used in favor of urn:ihe.palm:apsr:2016."/>
        </reason>
        <activity>
          <coding>
            <system value="http://terminology.hl7.org/CodeSystem/v3-DataOperation"/>
            <code value="UPDATE"/>
          </coding>
        </activity>
        <agent>
          <type>
            <coding>
              <system value="http://terminology.hl7.org/CodeSystem/provenance-participant-type"/>
              <code value="author"/>
            </coding>
          </type>
          <who>
            <display value="John Moehrke"/>
          </who>
        </agent>
        <agent>
          <type>
            <coding>
              <system value="http://terminology.hl7.org/CodeSystem/provenance-participant-type"/>
              <code value="custodian"/>
            </coding>
          </type>
          <who>
            <display value="IHE PaLM Domain"/>
          </who>
        </agent>
      </Provenance>
    </resource>
  </entry>
  <entry>
    <fullUrl value="urn:oid:1.3.6.1.4.1.19376.1.2.3.1.20200723"/>
    <resource>
      <Provenance>
        <id value="formatcode-provenance-20200723"/>
        <text>
          <status value="generated"/><div xmlns="http://www.w3.org/1999/xhtml"><p><b>Generated Narrative</b></p><p><b>target</b>: <a href="http://ihe.net/fhir/ihe.formatcode.fhir/CodeSystem/formatcode">Generated Summary: url: http://ihe.net/fhir/ihe.formatcode.fhir/CodeSystem/formatcode; id: urn:oid:1.3.6.1.4.1.19376.1.2.3; version: 1.0.0; name: IHE_FormatCode_codesystem; title: IHE Format Code set for use with Document Sharing; ACTIVE; date: 2021-03-09; publisher: Integrating the Healthcare Enterprise (IHE); IHE: http://ihe.net, IHE Secretary: secretary@ihe.net; description: The [IHE](http://www.ihe.net) FormatCode code system with canonical URI of http://ihe.net/fhir/ihe.formatcode.fhir/CodeSystem/formatcode is defined to be the set of [FormatCode(s) define by IHE] (http://wiki.ihe.net/index.php?title=IHE_Format_Codes), for use with [Document Sharing](https://wiki.ihe.net/index.php/Category:DocShare). This code set additionally includes, as deprecated, format codes defined by [HL7 for some Implementation Guides](http://wiki.hl7.org/index.php?title=CDA_Format_Codes_for_IHE_XDS). The HL7 codes are now managed by HL7. The set of IHE FormatCode codes was listed in HITSP C80 Table 2-153 Format Code Value Set Definition, but since has been updated. The use of the FormatCode specifies the technical format of the document. The FormatCode tends to reference the IHE Content Profile (Implementation Guide) that defines the use-case and constraints. The FormatCode is a further specialization more detailed than the mime-type. The FormatCode provides sufficient metadata information to allow any potential document content consumer to know if it can process and/or display by identifying a document encoding, structure and template. The set of codes is intended to be extensible.; <span title="Codes: {http://unstats.un.org/unsd/methods/m49/m49.htm 001}">World</span>; copyright: Some content from IHE&reg; Copyright &copy; 2015 [IHE International, Inc](http://www.ihe.net/Governance/#Intellectual_Property).; caseSensitive; COMPLETE</a></p><p><b>occurred</b>: ?? --&gt; 2020-07-23</p><p><b>recorded</b>: Jul 23, 2020 8:00:00 AM</p><p><b>reason</b>: <span title="Codes: {http://terminology.hl7.org/CodeSystem/v3-ActReason METAMGT}">QRPH deprecated urn:ihe:qrph:crpc:2012.</span></p><p><b>activity</b>: <span title="Codes: {http://terminology.hl7.org/CodeSystem/v3-DataOperation UPDATE}">revise</span></p><blockquote><p><b>agent</b></p><p><b>type</b>: <span title="Codes: {http://terminology.hl7.org/CodeSystem/provenance-participant-type author}">Author</span></p><p><b>who</b>: <span>John Moehrke</span></p></blockquote><blockquote><p><b>agent</b></p><p><b>type</b>: <span title="Codes: {http://terminology.hl7.org/CodeSystem/provenance-participant-type custodian}">Custodian</span></p><p><b>who</b>: <span>IHE QRPH Domain</span></p></blockquote></div>
        </text>
        <target>
          <reference value="http://ihe.net/fhir/ihe.formatcode.fhir/CodeSystem/formatcode"/>
          <type value="CodeSystem"/>
        </target>
        <occurredPeriod>
          <end value="2020-07-23"/>
        </occurredPeriod>
        <recorded value="2020-07-23T13:00:00.0000Z"/>
        <reason>
          <coding>
            <system value="http://terminology.hl7.org/CodeSystem/v3-ActReason"/>
            <code value="METAMGT"/>
          </coding>
          <text value="QRPH deprecated urn:ihe:qrph:crpc:2012."/>
        </reason>
        <activity>
          <coding>
            <system value="http://terminology.hl7.org/CodeSystem/v3-DataOperation"/>
            <code value="UPDATE"/>
          </coding>
        </activity>
        <agent>
          <type>
            <coding>
              <system value="http://terminology.hl7.org/CodeSystem/provenance-participant-type"/>
              <code value="author"/>
            </coding>
          </type>
          <who>
            <display value="John Moehrke"/>
          </who>
        </agent>
        <agent>
          <type>
            <coding>
              <system value="http://terminology.hl7.org/CodeSystem/provenance-participant-type"/>
              <code value="custodian"/>
            </coding>
          </type>
          <who>
            <display value="IHE QRPH Domain"/>
          </who>
        </agent>
      </Provenance>
    </resource>
  </entry>
  <entry>
    <fullUrl value="urn:oid:1.3.6.1.4.1.19376.1.2.3.1.20200703"/>
    <resource>
      <Provenance>
        <id value="formatcode-provenance-20200703"/>
        <text>
          <status value="generated"/><div xmlns="http://www.w3.org/1999/xhtml"><p><b>Generated Narrative</b></p><p><b>target</b>: <a href="http://ihe.net/fhir/ihe.formatcode.fhir/CodeSystem/formatcode">Generated Summary: url: http://ihe.net/fhir/ihe.formatcode.fhir/CodeSystem/formatcode; id: urn:oid:1.3.6.1.4.1.19376.1.2.3; version: 1.0.0; name: IHE_FormatCode_codesystem; title: IHE Format Code set for use with Document Sharing; ACTIVE; date: 2021-03-09; publisher: Integrating the Healthcare Enterprise (IHE); IHE: http://ihe.net, IHE Secretary: secretary@ihe.net; description: The [IHE](http://www.ihe.net) FormatCode code system with canonical URI of http://ihe.net/fhir/ihe.formatcode.fhir/CodeSystem/formatcode is defined to be the set of [FormatCode(s) define by IHE] (http://wiki.ihe.net/index.php?title=IHE_Format_Codes), for use with [Document Sharing](https://wiki.ihe.net/index.php/Category:DocShare). This code set additionally includes, as deprecated, format codes defined by [HL7 for some Implementation Guides](http://wiki.hl7.org/index.php?title=CDA_Format_Codes_for_IHE_XDS). The HL7 codes are now managed by HL7. The set of IHE FormatCode codes was listed in HITSP C80 Table 2-153 Format Code Value Set Definition, but since has been updated. The use of the FormatCode specifies the technical format of the document. The FormatCode tends to reference the IHE Content Profile (Implementation Guide) that defines the use-case and constraints. The FormatCode is a further specialization more detailed than the mime-type. The FormatCode provides sufficient metadata information to allow any potential document content consumer to know if it can process and/or display by identifying a document encoding, structure and template. The set of codes is intended to be extensible.; <span title="Codes: {http://unstats.un.org/unsd/methods/m49/m49.htm 001}">World</span>; copyright: Some content from IHE&reg; Copyright &copy; 2015 [IHE International, Inc](http://www.ihe.net/Governance/#Intellectual_Property).; caseSensitive; COMPLETE</a></p><p><b>occurred</b>: ?? --&gt; 2020-07-03</p><p><b>recorded</b>: Jul 3, 2020 8:00:00 AM</p><p><b>reason</b>: <span title="Codes: {http://terminology.hl7.org/CodeSystem/v3-ActReason METAMGT}">align all display on the profile acronym, with name of profile in definition.</span></p><p><b>activity</b>: <span title="Codes: {http://terminology.hl7.org/CodeSystem/v3-DataOperation UPDATE}">revise</span></p><blockquote><p><b>agent</b></p><p><b>type</b>: <span title="Codes: {http://terminology.hl7.org/CodeSystem/provenance-participant-type author}">Author</span></p><p><b>who</b>: <span>John Moehrke</span></p></blockquote><blockquote><p><b>agent</b></p><p><b>type</b>: <span title="Codes: {http://terminology.hl7.org/CodeSystem/provenance-participant-type custodian}">Custodian</span></p><p><b>who</b>: <span>IHE IT-Infrastructure Domain</span></p></blockquote></div>
        </text>
        <target>
          <reference value="http://ihe.net/fhir/ihe.formatcode.fhir/CodeSystem/formatcode"/>
          <type value="CodeSystem"/>
        </target>
        <occurredPeriod>
          <end value="2020-07-03"/>
        </occurredPeriod>
        <recorded value="2020-07-03T13:00:00.0000Z"/>
        <reason>
          <coding>
            <system value="http://terminology.hl7.org/CodeSystem/v3-ActReason"/>
            <code value="METAMGT"/>
          </coding>
          <text value="align all display on the profile acronym, with name of profile in definition."/>
        </reason>
        <activity>
          <coding>
            <system value="http://terminology.hl7.org/CodeSystem/v3-DataOperation"/>
            <code value="UPDATE"/>
          </coding>
        </activity>
        <agent>
          <type>
            <coding>
              <system value="http://terminology.hl7.org/CodeSystem/provenance-participant-type"/>
              <code value="author"/>
            </coding>
          </type>
          <who>
            <display value="John Moehrke"/>
          </who>
        </agent>
        <agent>
          <type>
            <coding>
              <system value="http://terminology.hl7.org/CodeSystem/provenance-participant-type"/>
              <code value="custodian"/>
            </coding>
          </type>
          <who>
            <display value="IHE IT-Infrastructure Domain"/>
          </who>
        </agent>
      </Provenance>
    </resource>
  </entry>
  <entry>
    <fullUrl value="urn:oid:1.3.6.1.4.1.19376.1.2.3.1.20200701"/>
    <resource>
      <Provenance>
        <id value="formatcode-provenance-20200701"/>
        <text>
          <status value="generated"/><div xmlns="http://www.w3.org/1999/xhtml"><p><b>Generated Narrative</b></p><p><b>target</b>: <a href="http://ihe.net/fhir/ihe.formatcode.fhir/CodeSystem/formatcode">Generated Summary: url: http://ihe.net/fhir/ihe.formatcode.fhir/CodeSystem/formatcode; id: urn:oid:1.3.6.1.4.1.19376.1.2.3; version: 1.0.0; name: IHE_FormatCode_codesystem; title: IHE Format Code set for use with Document Sharing; ACTIVE; date: 2021-03-09; publisher: Integrating the Healthcare Enterprise (IHE); IHE: http://ihe.net, IHE Secretary: secretary@ihe.net; description: The [IHE](http://www.ihe.net) FormatCode code system with canonical URI of http://ihe.net/fhir/ihe.formatcode.fhir/CodeSystem/formatcode is defined to be the set of [FormatCode(s) define by IHE] (http://wiki.ihe.net/index.php?title=IHE_Format_Codes), for use with [Document Sharing](https://wiki.ihe.net/index.php/Category:DocShare). This code set additionally includes, as deprecated, format codes defined by [HL7 for some Implementation Guides](http://wiki.hl7.org/index.php?title=CDA_Format_Codes_for_IHE_XDS). The HL7 codes are now managed by HL7. The set of IHE FormatCode codes was listed in HITSP C80 Table 2-153 Format Code Value Set Definition, but since has been updated. The use of the FormatCode specifies the technical format of the document. The FormatCode tends to reference the IHE Content Profile (Implementation Guide) that defines the use-case and constraints. The FormatCode is a further specialization more detailed than the mime-type. The FormatCode provides sufficient metadata information to allow any potential document content consumer to know if it can process and/or display by identifying a document encoding, structure and template. The set of codes is intended to be extensible.; <span title="Codes: {http://unstats.un.org/unsd/methods/m49/m49.htm 001}">World</span>; copyright: Some content from IHE&reg; Copyright &copy; 2015 [IHE International, Inc](http://www.ihe.net/Governance/#Intellectual_Property).; caseSensitive; COMPLETE</a></p><p><b>occurred</b>: ?? --&gt; 2020-07-01</p><p><b>recorded</b>: Jul 1, 2020 6:00:00 PM</p><p><b>reason</b>: <span title="Codes: {http://terminology.hl7.org/CodeSystem/v3-ActReason METAMGT}">Regular maintenance for 2020, and inclusion of QRPH codes. Added Ontology to structure according to IHE domains.</span></p><p><b>activity</b>: <span title="Codes: {http://terminology.hl7.org/CodeSystem/v3-DataOperation UPDATE}">revise</span></p><blockquote><p><b>agent</b></p><p><b>type</b>: <span title="Codes: {http://terminology.hl7.org/CodeSystem/provenance-participant-type author}">Author</span></p><p><b>who</b>: <span>John Moehrke</span></p></blockquote><blockquote><p><b>agent</b></p><p><b>type</b>: <span title="Codes: {http://terminology.hl7.org/CodeSystem/provenance-participant-type custodian}">Custodian</span></p><p><b>who</b>: <span>IHE IT-Infrastructure Domain</span></p></blockquote></div>
        </text>
        <target>
          <reference value="http://ihe.net/fhir/ihe.formatcode.fhir/CodeSystem/formatcode"/>
          <type value="CodeSystem"/>
        </target>
        <occurredPeriod>
          <end value="2020-07-01"/>
        </occurredPeriod>
        <recorded value="2020-07-01T23:00:00.0000Z"/>
        <reason>
          <coding>
            <system value="http://terminology.hl7.org/CodeSystem/v3-ActReason"/>
            <code value="METAMGT"/>
          </coding>
          <text value="Regular maintenance for 2020, and inclusion of QRPH codes. Added Ontology to structure according to IHE domains."/>
        </reason>
        <activity>
          <coding>
            <system value="http://terminology.hl7.org/CodeSystem/v3-DataOperation"/>
            <code value="UPDATE"/>
          </coding>
        </activity>
        <agent>
          <type>
            <coding>
              <system value="http://terminology.hl7.org/CodeSystem/provenance-participant-type"/>
              <code value="author"/>
            </coding>
          </type>
          <who>
            <display value="John Moehrke"/>
          </who>
        </agent>
        <agent>
          <type>
            <coding>
              <system value="http://terminology.hl7.org/CodeSystem/provenance-participant-type"/>
              <code value="custodian"/>
            </coding>
          </type>
          <who>
            <display value="IHE IT-Infrastructure Domain"/>
          </who>
        </agent>
      </Provenance>
    </resource>
  </entry>
</Bundle>