<?xml version="1.0" encoding="UTF-8"?>

<Bundle xmlns="http://hl7.org/fhir">
  <id value="ex-comprehensiveProvideDocumentBundleComplete"/>
  <meta>
    <profile value="http://profiles.ihe.net/ITI/MHD/StructureDefinition/IHE.MHD.Comprehensive.ProvideBundle"/>
    <security>
      <system value="http://terminology.hl7.org/CodeSystem/v3-ActReason"/>
      <code value="HTEST"/>
    </security>
  </meta>
  <type value="transaction"/>
  <timestamp value="2004-10-05T11:50:50-05:00"/>
  <entry>
    <fullUrl value="urn:uuid:aaaaaaaa-bbbb-cccc-dddd-e00555500001"/>
    <resource>
      <List>
        <id value="aaaaaaaa-bbbb-cccc-dddd-e00555500001"/>
        <meta>
          <profile value="http://profiles.ihe.net/ITI/MHD/StructureDefinition/IHE.MHD.Comprehensive.SubmissionSet"/>
          <security>
            <system value="http://terminology.hl7.org/CodeSystem/v3-ActReason"/>
            <code value="HTEST"/>
          </security>
        </meta>
        <text>
          <status value="extensions"/><div xmlns="http://www.w3.org/1999/xhtml">SubmissionSet with Patient</div>
        </text>
        <contained>
          <Practitioner>
            <id value="in-practitionerRecipient"/>
            <telecom>
              <system value="email"/>
              <value value="JohnMoehrke@gmail.com"/>
            </telecom>
          </Practitioner>
        </contained>
        <contained>
          <Practitioner>
            <id value="in-practitionerAuthor"/>
            <telecom>
              <system value="email"/>
              <value value="iti@ihe.net"/>
            </telecom>
          </Practitioner>
        </contained>
        <contained>
          <Organization>
            <id value="in-organizationAuthor"/>
            <name value="my Hospital"/>
          </Organization>
        </contained>
        <extension url="http://profiles.ihe.net/ITI/MHD/StructureDefinition/ihe-designationType">
          <valueCodeableConcept>
            <coding>
              <system value="http://snomed.info/sct"/>
              <code value="225728007"/>
            </coding>
          </valueCodeableConcept>
        </extension>
        <extension url="http://profiles.ihe.net/ITI/MHD/StructureDefinition/ihe-sourceId">
          <valueIdentifier>
            <value value="urn:oid:1.2.3.4"/>
          </valueIdentifier>
        </extension>
        <extension url="http://profiles.ihe.net/ITI/MHD/StructureDefinition/ihe-intendedRecipient">
          <valueReference>
            <reference value="#in-practitionerRecipient"/>
          </valueReference>
        </extension>
        <identifier>
          <use value="official"/>
          <system value="urn:ietf:rfc:3986"/>
          <value value="urn:oid:1.2.129.6.58.92.88337.1"/>
        </identifier>
        <identifier>
          <use value="usual"/>
          <system value="http://example.org/documents"/>
          <value value="23425234-23470-1"/>
        </identifier>
        <status value="current"/>
        <mode value="working"/>
        <title value="Hello World SubmissionSet"/>
        <code>
          <coding>
            <system value="http://profiles.ihe.net/ITI/MHD/CodeSystem/MHDlistTypes"/>
            <code value="submissionset"/>
          </coding>
        </code>
        <subject>
          <reference value="Patient/ex-patient"/>
        </subject>
        <date value="2004-10-25T23:50:50-05:00"/>
        <source>
          <extension url="http://profiles.ihe.net/ITI/MHD/StructureDefinition/ihe-authorOrg">
            <valueReference>
              <reference value="#in-organizationAuthor"/>
            </valueReference>
          </extension>
          <reference value="#in-practitionerAuthor"/>
        </source>
        <note>
          <text value="Comments about Hello World SubmissionSet"/>
        </note>
        <entry>
          <item>
            <reference value="urn:uuid:aaaaaaaa-bbbb-cccc-dddd-e00555500002"/>
          </item>
        </entry>
        <entry>
          <item>
            <reference value="urn:uuid:aaaaaaaa-bbbb-cccc-dddd-e00555500004"/>
          </item>
        </entry>
      </List>
    </resource>
    <request>
      <method value="POST"/>
      <url value="List"/>
    </request>
  </entry>
  <entry>
    <fullUrl value="urn:uuid:aaaaaaaa-bbbb-cccc-dddd-e00555500002"/>
    <resource>
      <DocumentReference>
        <id value="aaaaaaaa-bbbb-cccc-dddd-e00555500002"/>
        <meta>
          <profile value="http://profiles.ihe.net/ITI/MHD/StructureDefinition/IHE.MHD.Comprehensive.DocumentReference"/>
          <security>
            <system value="http://terminology.hl7.org/CodeSystem/v3-ActReason"/>
            <code value="HTEST"/>
          </security>
        </meta>
        <text>
          <status value="generated"/><div xmlns="http://www.w3.org/1999/xhtml"><p><b>Generated Narrative</b></p><p><b>masterIdentifier</b>: id: urn:oid:1.2.840.113556.1.8000.2554.53432.348.12973.17740.34205.4355.50220.62012</p><p><b>identifier</b>: id: urn:uuid:7d5bb8ac-68ee-4926-85e7-b8aac8e1f09d</p><p><b>status</b>: current</p><p><b>type</b>: <span title="Codes: {http://loinc.org 60591-5}">Patient summary Document</span></p><p><b>category</b>: <span title="Codes: {http://loinc.org 11369-6}">History of Immunization Narrative</span></p><p><b>subject</b>: <a href="Patient-ex-patient.html">Generated Summary: John Schmidt , John Jacob Jingle Heimer Schnidt (OLD), John Jacob Jingleheimer Schmidt (OFFICIAL), Jack Schmidt (NICKNAME); gender: other; birthDate: 1923-07-25</a></p><p><b>date</b>: Feb 1, 2020 10:50:50 PM</p><p><b>author</b>: </p><ul><li><a name="in-organizationAuthor"> </a></li><li><a name="in-practitionerAuthor"> </a></li></ul><blockquote><p><b>name</b>: my Hospital</p></blockquote><blockquote><p><b>telecom</b>: <a href="mailto:iti@ihe.net">iti@ihe.net</a></p></blockquote><p><b>authenticator</b>: <a name="in-organizationAuthor"> </a></p><blockquote><p><b>name</b>: my Hospital</p></blockquote><h3>RelatesTos</h3><table class="grid"><tr><td>-</td><td><b>Code</b></td><td><b>Target</b></td></tr><tr><td>*</td><td>appends</td><td><a href="DocumentReference-ex-DocumentReferenceComprehensive.html">Generated Summary: id: urn:oid:1.2.840.113556.1.8000.2554.58783.21864.3474.19410.44358.58254.41281.46340; id: urn:uuid:0c287d32-01e3-4d87-9953-9fcc9404eb21; status: current; <span title="Codes: {http://loinc.org 55107-7}">Addendum Document</span>; <span title="Codes: {http://loinc.org 11369-6}">History of Immunization Narrative</span>; date: Dec 31, 2020 10:50:50 PM; description: Example of a Comprehensive DocumentReference resource. This is fully filled for all mandatory elements and all optional elements.; <span title="Codes: {http://terminology.hl7.org/CodeSystem/v3-Confidentiality N}">normal</span></a></td></tr></table><p><b>description</b>: a complete comprehensive metadata document reference</p><p><b>securityLabel</b>: <span title="Codes: {http://terminology.hl7.org/CodeSystem/v3-Confidentiality R}">restricted</span></p><blockquote><p><b>content</b></p><p><b>format</b>: <span title="{http://ihe.net/fhir/ihe.formatcode.fhir/CodeSystem/formatcode urn:ihe:iti:xds-sd:text:2008}">ITI XDS-SD TEXT</span></p></blockquote><h3>Contexts</h3><table class="grid"><tr><td>-</td><td><b>Event</b></td><td><b>Period</b></td><td><b>FacilityType</b></td><td><b>PracticeSetting</b></td><td><b>SourcePatientInfo</b></td><td><b>Related</b></td></tr><tr><td>*</td><td><span title="Codes: {http://terminology.hl7.org/CodeSystem/v3-ActCode PATDOC}">patient documentation task</span></td><td>Feb 1, 1990 10:50:50 PM --&gt; Feb 1, 2020 10:50:50 PM</td><td><span title="Codes: {http://snomed.info/sct 82242000}">Children's hospital</span></td><td><span title="Codes: {http://snomed.info/sct 408467006}">Adult mental illness - specialty (qualifier value)</span></td><td><a name="in-patient5"> </a><blockquote><p><b>identifier</b>: id: mrn-1234</p><p><b>name</b>: Dee Schmidt </p></blockquote></td><td><span></span></td></tr></table></div>
        </text>
        <contained>
          <Patient>
            <id value="in-patient5"/>
            <identifier>
              <system value="http://example.org/patients"/>
              <value value="mrn-1234"/>
            </identifier>
            <name>
              <family value="Schmidt"/>
              <given value="Dee"/>
            </name>
          </Patient>
        </contained>
        <contained>
          <Organization>
            <id value="in-organizationAuthor"/>
            <name value="my Hospital"/>
          </Organization>
        </contained>
        <contained>
          <Practitioner>
            <id value="in-practitionerAuthor"/>
            <telecom>
              <system value="email"/>
              <value value="iti@ihe.net"/>
            </telecom>
          </Practitioner>
        </contained>
        <masterIdentifier>
          <system value="urn:ietf:rfc:3986"/>
          <value value="urn:oid:1.2.840.113556.1.8000.2554.53432.348.12973.17740.34205.4355.50220.62012"/>
        </masterIdentifier>
        <identifier>
          <system value="urn:ietf:rfc:3986"/>
          <value value="urn:uuid:7d5bb8ac-68ee-4926-85e7-b8aac8e1f09d"/>
        </identifier>
        <status value="current"/>
        <type>
          <coding>
            <system value="http://loinc.org"/>
            <code value="60591-5"/>
          </coding>
        </type>
        <category>
          <coding>
            <system value="http://loinc.org"/>
            <code value="11369-6"/>
          </coding>
        </category>
        <subject>
          <reference value="Patient/ex-patient"/>
        </subject>
        <date value="2020-02-01T23:50:50-05:00"/>
        <author>
          <reference value="#in-organizationAuthor"/>
        </author>
        <author>
          <reference value="#in-practitionerAuthor"/>
        </author>
        <authenticator>
          <reference value="#in-organizationAuthor"/>
        </authenticator>
        <relatesTo>
          <code value="appends"/>
          <target>
            <reference value="DocumentReference/ex-DocumentReferenceComprehensive"/>
          </target>
        </relatesTo>
        <description value="a complete comprehensive metadata document reference"/>
        <securityLabel>
          <coding>
            <system value="http://terminology.hl7.org/CodeSystem/v3-Confidentiality"/>
            <code value="R"/>
          </coding>
        </securityLabel>
        <content>
          <attachment>
            <contentType value="text/plain"/>
            <language value="en"/>
            <url value="urn:uuid:aaaaaaaa-bbbb-cccc-dddd-e00555500003"/>
            <size value="11"/>
            <hash value="MGE0ZDU1YThkNzc4ZTUwMjJmYWI3MDE5NzdjNWQ4NDBiYmM0ODZkMA=="/>
            <title value="Hello World"/>
            <creation value="2020-02-01T23:50:50-05:00"/>
          </attachment>
          <format>
            <system value="http://ihe.net/fhir/ihe.formatcode.fhir/CodeSystem/formatcode"/>
            <code value="urn:ihe:iti:xds-sd:text:2008"/>
          </format>
        </content>
        <context>
          <event>
            <coding>
              <system value="http://terminology.hl7.org/CodeSystem/v3-ActCode"/>
              <code value="PATDOC"/>
            </coding>
          </event>
          <period>
            <start value="1990-02-01T23:50:50-05:00"/>
            <end value="2020-02-01T23:50:50-05:00"/>
          </period>
          <facilityType>
            <coding>
              <system value="http://snomed.info/sct"/>
              <code value="82242000"/>
            </coding>
          </facilityType>
          <practiceSetting>
            <coding>
              <system value="http://snomed.info/sct"/>
              <code value="408467006"/>
            </coding>
          </practiceSetting>
          <sourcePatientInfo>
            <reference value="#in-patient5"/>
          </sourcePatientInfo>
          <related>
            <identifier>
              <system value="urn:ietf:rfc:3986"/>
              <value value="urn:uuid:7d5bb8ac-68ee-4926-85e7-baaaaaaaaaad"/>
            </identifier>
          </related>
        </context>
      </DocumentReference>
    </resource>
    <request>
      <method value="POST"/>
      <url value="DocumentReference"/>
    </request>
  </entry>
  <entry>
    <fullUrl value="urn:uuid:aaaaaaaa-bbbb-cccc-dddd-e00555500003"/>
    <resource>
      <Binary>
        <id value="aaaaaaaa-bbbb-cccc-dddd-e00555500003"/>
        <meta>
          <security>
            <system value="http://terminology.hl7.org/CodeSystem/v3-ActReason"/>
            <code value="HTEST"/>
          </security>
        </meta>
        <contentType value="text/plain"/>
        <data value="SGVsbG8gV29ybGQ="/>
      </Binary>
    </resource>
    <request>
      <method value="POST"/>
      <url value="Binary"/>
    </request>
  </entry>
  <entry>
    <fullUrl value="urn:uuid:aaaaaaaa-bbbb-cccc-dddd-e00555500004"/>
    <resource>
      <List>
        <id value="aaaaaaaa-bbbb-cccc-dddd-e00555500004"/>
        <meta>
          <profile value="http://profiles.ihe.net/ITI/MHD/StructureDefinition/IHE.MHD.Comprehensive.Folder"/>
          <security>
            <system value="http://terminology.hl7.org/CodeSystem/v3-ActReason"/>
            <code value="HTEST"/>
          </security>
        </meta>
        <text>
          <status value="extensions"/><div xmlns="http://www.w3.org/1999/xhtml">Folder with Patient</div>
        </text>
        <extension url="http://profiles.ihe.net/ITI/MHD/StructureDefinition/ihe-designationType">
          <valueCodeableConcept>
            <coding>
              <system value="http://snomed.info/sct"/>
              <code value="225728007"/>
            </coding>
          </valueCodeableConcept>
        </extension>
        <extension url="http://profiles.ihe.net/ITI/MHD/StructureDefinition/ihe-designationType">
          <valueCodeableConcept>
            <coding>
              <system value="http://snomed.info/sct"/>
              <code value="284548004"/>
            </coding>
          </valueCodeableConcept>
        </extension>
        <identifier>
          <use value="official"/>
          <system value="urn:ietf:rfc:3986"/>
          <value value="urn:oid:1.2.129.6.58.92.88337.5"/>
        </identifier>
        <identifier>
          <use value="usual"/>
          <system value="http://example.org/documents"/>
          <value value="23425234-23475"/>
        </identifier>
        <status value="current"/>
        <mode value="working"/>
        <title value="Example Folder with comprehensive metadata"/>
        <code>
          <coding>
            <system value="http://profiles.ihe.net/ITI/MHD/CodeSystem/MHDlistTypes"/>
            <code value="folder"/>
          </coding>
        </code>
        <subject>
          <reference value="Patient/ex-patient"/>
        </subject>
        <date value="2004-12-25T23:50:50-05:00"/>
        <note>
          <text value="Folder for submission"/>
        </note>
        <entry>
          <item>
            <reference value="urn:uuid:aaaaaaaa-bbbb-cccc-dddd-e00555500002"/>
          </item>
        </entry>
      </List>
    </resource>
    <request>
      <method value="POST"/>
      <url value="List"/>
    </request>
  </entry>
</Bundle>