<?xml version="1.0" encoding="UTF-8"?>

<Bundle xmlns="http://hl7.org/fhir">
  <id value="ex-ProvideDocumentBundle-addToFolder"/>
  <meta>
    <profile value="http://profiles.ihe.net/ITI/MHD/StructureDefinition/IHE.MHD.Comprehensive.ProvideBundle"/>
    <security>
      <system value="http://terminology.hl7.org/CodeSystem/v3-ActReason"/>
      <code value="HTEST"/>
    </security>
  </meta>
  <type value="transaction"/>
  <timestamp value="2004-10-25T23:50:50-05:00"/>
  <entry>
    <fullUrl value="urn:uuid:aaaaaaaa-bbbb-cccc-dddd-e00777700001"/>
    <resource>
      <List>
        <id value="aaaaaaaa-bbbb-cccc-dddd-e00777700001"/>
        <meta>
          <profile value="http://profiles.ihe.net/ITI/MHD/StructureDefinition/IHE.MHD.Comprehensive.SubmissionSet"/>
          <security>
            <system value="http://terminology.hl7.org/CodeSystem/v3-ActReason"/>
            <code value="HTEST"/>
          </security>
        </meta>
        <text>
          <status value="extensions"/><div xmlns="http://www.w3.org/1999/xhtml">SubmissionSet with Patient</div>
        </text>
        <extension url="http://profiles.ihe.net/ITI/MHD/StructureDefinition/ihe-designationType">
          <valueCodeableConcept>
            <coding>
              <system value="http://snomed.info/sct"/>
              <code value="225728007"/>
            </coding>
          </valueCodeableConcept>
        </extension>
        <extension url="http://profiles.ihe.net/ITI/MHD/StructureDefinition/ihe-sourceId">
          <valueIdentifier>
            <value value="urn:oid:1.2.3.4"/>
          </valueIdentifier>
        </extension>
        <identifier>
          <use value="official"/>
          <system value="urn:ietf:rfc:3986"/>
          <value value="urn:oid:1.2.129.6.58.92.88337.1"/>
        </identifier>
        <identifier>
          <use value="usual"/>
          <system value="http://example.org/documents"/>
          <value value="23425234-23470-1"/>
        </identifier>
        <status value="current"/>
        <mode value="working"/>
        <code>
          <coding>
            <system value="http://profiles.ihe.net/ITI/MHD/CodeSystem/MHDlistTypes"/>
            <code value="submissionset"/>
          </coding>
        </code>
        <subject>
          <reference value="Patient/ex-patient"/>
        </subject>
        <date value="2004-10-25T23:50:50-05:00"/>
        <entry>
          <item>
            <reference value="urn:uuid:aaaaaaaa-bbbb-cccc-dddd-e00777700002"/>
          </item>
        </entry>
        <entry>
          <item>
            <reference value="List/e00777700005"/>
          </item>
        </entry>
      </List>
    </resource>
    <request>
      <method value="POST"/>
      <url value="List"/>
    </request>
  </entry>
  <entry>
    <fullUrl value="urn:uuid:aaaaaaaa-bbbb-cccc-dddd-e00777700002"/>
    <resource>
      <DocumentReference>
        <id value="aaaaaaaa-bbbb-cccc-dddd-e00777700002"/>
        <meta>
          <profile value="http://profiles.ihe.net/ITI/MHD/StructureDefinition/IHE.MHD.Comprehensive.DocumentReference"/>
          <security>
            <system value="http://terminology.hl7.org/CodeSystem/v3-ActReason"/>
            <code value="HTEST"/>
          </security>
        </meta>
        <text>
          <status value="generated"/><div xmlns="http://www.w3.org/1999/xhtml"><p><b>Generated Narrative</b></p><p><b>masterIdentifier</b>: id: urn:oid:1.2.840.113556.1.8000.2554.53432.348.12973.17740.34205.4355.50220.62012</p><p><b>identifier</b>: id: urn:uuid:7d5bb8ac-68ee-4926-85e7-b8aac8e1f09d</p><p><b>status</b>: current</p><p><b>type</b>: <span title="Codes: {http://loinc.org 60591-5}">Patient summary Document</span></p><p><b>category</b>: <span title="Codes: {http://loinc.org 11369-6}">History of Immunization Narrative</span></p><p><b>subject</b>: <a href="Patient-ex-patient.html">Generated Summary: John Schmidt , John Jacob Jingle Heimer Schnidt (OLD), John Jacob Jingleheimer Schmidt (OFFICIAL), Jack Schmidt (NICKNAME); gender: other; birthDate: 1923-07-25</a></p><p><b>date</b>: Feb 1, 2020 10:50:50 PM</p><p><b>securityLabel</b>: <span title="Codes: {http://terminology.hl7.org/CodeSystem/v3-Confidentiality R}">restricted</span></p><blockquote><p><b>content</b></p><p><b>format</b>: <span title="{http://ihe.net/fhir/ihe.formatcode.fhir/CodeSystem/formatcode urn:ihe:iti:xds-sd:text:2008}">ITI XDS-SD TEXT</span></p></blockquote><h3>Contexts</h3><table class="grid"><tr><td>-</td><td><b>FacilityType</b></td><td><b>PracticeSetting</b></td><td><b>SourcePatientInfo</b></td></tr><tr><td>*</td><td><span title="Codes: {http://snomed.info/sct 82242000}">Children's hospital</span></td><td><span title="Codes: {http://snomed.info/sct 408467006}">Adult mental illness - specialty (qualifier value)</span></td><td><a name="aaaaaaaa-bbbb-cccc-dddd-e00777700004"> </a><blockquote><p><b>identifier</b>: id: mrn-1234</p><p><b>name</b>: Dee Schmidt </p></blockquote></td></tr></table></div>
        </text>
        <contained>
          <Patient>
            <id value="aaaaaaaa-bbbb-cccc-dddd-e00777700004"/>
            <identifier>
              <system value="http://example.org/patients"/>
              <value value="mrn-1234"/>
            </identifier>
            <name>
              <family value="Schmidt"/>
              <given value="Dee"/>
            </name>
          </Patient>
        </contained>
        <masterIdentifier>
          <system value="urn:ietf:rfc:3986"/>
          <value value="urn:oid:1.2.840.113556.1.8000.2554.53432.348.12973.17740.34205.4355.50220.62012"/>
        </masterIdentifier>
        <identifier>
          <system value="urn:ietf:rfc:3986"/>
          <value value="urn:uuid:7d5bb8ac-68ee-4926-85e7-b8aac8e1f09d"/>
        </identifier>
        <status value="current"/>
        <type>
          <coding>
            <system value="http://loinc.org"/>
            <code value="60591-5"/>
          </coding>
        </type>
        <category>
          <coding>
            <system value="http://loinc.org"/>
            <code value="11369-6"/>
          </coding>
        </category>
        <subject>
          <reference value="Patient/ex-patient"/>
        </subject>
        <date value="2020-02-01T23:50:50-05:00"/>
        <securityLabel>
          <coding>
            <system value="http://terminology.hl7.org/CodeSystem/v3-Confidentiality"/>
            <code value="R"/>
          </coding>
        </securityLabel>
        <content>
          <attachment>
            <contentType value="text/plain"/>
            <language value="en"/>
            <url value="urn:uuid:aaaaaaaa-bbbb-cccc-dddd-e00777700003"/>
            <size value="11"/>
            <hash value="MGE0ZDU1YThkNzc4ZTUwMjJmYWI3MDE5NzdjNWQ4NDBiYmM0ODZkMA=="/>
            <title value="Hello World"/>
            <creation value="2020-02-01T23:50:50-05:00"/>
          </attachment>
          <format>
            <system value="http://ihe.net/fhir/ihe.formatcode.fhir/CodeSystem/formatcode"/>
            <code value="urn:ihe:iti:xds-sd:text:2008"/>
          </format>
        </content>
        <context>
          <facilityType>
            <coding>
              <system value="http://snomed.info/sct"/>
              <code value="82242000"/>
            </coding>
          </facilityType>
          <practiceSetting>
            <coding>
              <system value="http://snomed.info/sct"/>
              <code value="408467006"/>
            </coding>
          </practiceSetting>
          <sourcePatientInfo>
            <reference value="#aaaaaaaa-bbbb-cccc-dddd-e00777700004"/>
          </sourcePatientInfo>
        </context>
      </DocumentReference>
    </resource>
    <request>
      <method value="POST"/>
      <url value="DocumentReference"/>
    </request>
  </entry>
  <entry>
    <fullUrl value="urn:uuid:aaaaaaaa-bbbb-cccc-dddd-e00777700003"/>
    <resource>
      <Binary>
        <id value="aaaaaaaa-bbbb-cccc-dddd-e00777700003"/>
        <meta>
          <security>
            <system value="http://terminology.hl7.org/CodeSystem/v3-ActReason"/>
            <code value="HTEST"/>
          </security>
        </meta>
        <contentType value="text/plain"/>
        <data value="SGVsbG8gV29ybGQ="/>
      </Binary>
    </resource>
    <request>
      <method value="POST"/>
      <url value="Binary"/>
    </request>
  </entry>
  <entry>
    <fullUrl value="List/e00777700005"/>
    <resource>
      <List>
        <id value="e00777700005"/>
        <meta>
          <profile value="http://profiles.ihe.net/ITI/MHD/StructureDefinition/IHE.MHD.Comprehensive.Folder"/>
          <security>
            <system value="http://terminology.hl7.org/CodeSystem/v3-ActReason"/>
            <code value="HTEST"/>
          </security>
        </meta>
        <text>
          <status value="extensions"/><div xmlns="http://www.w3.org/1999/xhtml">Folder with Patient</div>
        </text>
        <extension url="http://profiles.ihe.net/ITI/MHD/StructureDefinition/ihe-designationType">
          <valueCodeableConcept>
            <coding>
              <system value="http://snomed.info/sct"/>
              <code value="225728007"/>
            </coding>
          </valueCodeableConcept>
        </extension>
        <extension url="http://profiles.ihe.net/ITI/MHD/StructureDefinition/ihe-designationType">
          <valueCodeableConcept>
            <coding>
              <system value="http://snomed.info/sct"/>
              <code value="284548004"/>
            </coding>
          </valueCodeableConcept>
        </extension>
        <identifier>
          <use value="official"/>
          <system value="urn:ietf:rfc:3986"/>
          <value value="urn:oid:1.2.129.6.58.92.88337.5"/>
        </identifier>
        <identifier>
          <use value="usual"/>
          <system value="http://example.org/documents"/>
          <value value="23425234-23475"/>
        </identifier>
        <status value="current"/>
        <mode value="working"/>
        <title value="Example Folder with comprehensive metadata"/>
        <code>
          <coding>
            <system value="http://profiles.ihe.net/ITI/MHD/CodeSystem/MHDlistTypes"/>
            <code value="folder"/>
          </coding>
        </code>
        <subject>
          <reference value="Patient/ex-patient"/>
        </subject>
        <date value="2004-12-25T23:50:50-05:00"/>
        <note>
          <text value="Folder for submission"/>
        </note>
        <entry>
          <item>
            <reference value="DocumentReference/ex-DocumentReferenceComprehensive"/>
          </item>
        </entry>
        <entry>
          <item>
            <reference value="urn:uuid:aaaaaaaa-bbbb-cccc-dddd-e00777700002"/>
          </item>
        </entry>
      </List>
    </resource>
    <request>
      <method value="PUT"/>
      <url value="List"/>
    </request>
  </entry>
</Bundle>