<?xml version="1.0" encoding="UTF-8"?>

<DocumentReference xmlns="http://hl7.org/fhir">
  <id value="ex-DocumentReferenceUnContainedFully"/>
  <meta>
    <profile value="http://profiles.ihe.net/ITI/MHD/StructureDefinition/IHE.MHD.UnContained.Comprehensive.DocumentReference"/>
    <security>
      <system value="http://terminology.hl7.org/CodeSystem/v3-ActReason"/>
      <code value="HTEST"/>
    </security>
  </meta>
  <text>
    <status value="generated"/><div xmlns="http://www.w3.org/1999/xhtml"><p><b>Generated Narrative</b></p><p><b>masterIdentifier</b>: id: urn:oid:1.2.840.113556.1.8000.2554.58783.21864.3474.19410.44358.58254.41281.46340</p><p><b>identifier</b>: id: urn:uuid:0c287d32-01e3-4d87-9953-9fcc9404eb21</p><p><b>status</b>: current</p><p><b>type</b>: <span title="Codes: {http://loinc.org 55107-7}">Addendum Document</span></p><p><b>category</b>: <span title="Codes: {http://loinc.org 11369-6}">History of Immunization Narrative</span></p><p><b>subject</b>: <a href="Patient-ex-patient.html">Generated Summary: John Schmidt , John Jacob Jingle Heimer Schnidt (OLD), John Jacob Jingleheimer Schmidt (OFFICIAL), Jack Schmidt (NICKNAME); gender: other; birthDate: 1923-07-25</a></p><p><b>date</b>: Dec 31, 2020 10:50:50 PM</p><p><b>author</b>: <a href="Practitioner-ex-practitioner.html">Generated Summary: JohnMoehrke@gmail.com</a></p><p><b>authenticator</b>: <a href="Practitioner-ex-practitioner.html">Generated Summary: JohnMoehrke@gmail.com</a></p><h3>RelatesTos</h3><table class="grid"><tr><td>-</td><td><b>Code</b></td><td><b>Target</b></td></tr><tr><td>*</td><td>appends</td><td><a href="DocumentReference-ex-documentreference.html">Generated Summary: status: current</a></td></tr></table><p><b>description</b>: Example of a Comprehensive DocumentReference resource. This is minimally filled for all mandatory elements.</p><p><b>securityLabel</b>: <span title="Codes: {http://terminology.hl7.org/CodeSystem/v3-Confidentiality N}">normal</span></p><blockquote><p><b>content</b></p><p><b>format</b>: <span title="{http://ihe.net/fhir/ihe.formatcode.fhir/CodeSystem/formatcode urn:ihe:iti:xds-sd:text:2008}">ITI XDS-SD TEXT</span></p></blockquote><h3>Contexts</h3><table class="grid"><tr><td>-</td><td><b>Event</b></td><td><b>Period</b></td><td><b>FacilityType</b></td><td><b>PracticeSetting</b></td><td><b>SourcePatientInfo</b></td><td><b>Related</b></td></tr><tr><td>*</td><td><span title="Codes: {http://terminology.hl7.org/CodeSystem/v3-ActCode ACCTRECEIVABLE}">account receivable</span></td><td>Dec 31, 2020 10:50:50 PM --&gt; Dec 31, 2020 10:50:50 PM</td><td><span title="Codes: {http://snomed.info/sct 82242000}">Children's hospital</span></td><td><span title="Codes: {http://snomed.info/sct 408467006}">Adult mental illness - specialty (qualifier value)</span></td><td><a href="Patient-ex-patient.html">Generated Summary: John Schmidt , John Jacob Jingle Heimer Schnidt (OLD), John Jacob Jingleheimer Schmidt (OFFICIAL), Jack Schmidt (NICKNAME); gender: other; birthDate: 1923-07-25</a></td><td><span></span></td></tr></table></div>
  </text>
  <masterIdentifier>
    <system value="urn:ietf:rfc:3986"/>
    <value value="urn:oid:1.2.840.113556.1.8000.2554.58783.21864.3474.19410.44358.58254.41281.46340"/>
  </masterIdentifier>
  <identifier>
    <system value="urn:ietf:rfc:3986"/>
    <value value="urn:uuid:0c287d32-01e3-4d87-9953-9fcc9404eb21"/>
  </identifier>
  <status value="current"/>
  <type>
    <coding>
      <system value="http://loinc.org"/>
      <code value="55107-7"/>
    </coding>
  </type>
  <category>
    <coding>
      <system value="http://loinc.org"/>
      <code value="11369-6"/>
    </coding>
  </category>
  <subject>
    <reference value="Patient/ex-patient"/>
  </subject>
  <date value="2020-12-31T23:50:50-05:00"/>
  <author>
    <reference value="Practitioner/ex-practitioner"/>
  </author>
  <authenticator>
    <reference value="Practitioner/ex-practitioner"/>
  </authenticator>
  <relatesTo>
    <code value="appends"/>
    <target>
      <reference value="DocumentReference/ex-documentreference"/>
    </target>
  </relatesTo>
  <description value="Example of a Comprehensive DocumentReference resource. This is minimally filled for all mandatory elements."/>
  <securityLabel>
    <coding>
      <system value="http://terminology.hl7.org/CodeSystem/v3-Confidentiality"/>
      <code value="N"/>
    </coding>
  </securityLabel>
  <content>
    <attachment>
      <contentType value="text/plain"/>
      <language value="en"/>
      <url value="http://example.com/nowhere.txt"/>
      <size value="0"/>
      <hash value="ZGEzOWEzZWU1ZTZiNGIwZDMyNTViZmVmOTU2MDE4OTBhZmQ4MDcwOQ=="/>
      <title value="DocumentReference for Comprehensive minimally filled metadata"/>
      <creation value="2020-12-31T23:50:50-05:00"/>
    </attachment>
    <format>
      <system value="http://ihe.net/fhir/ihe.formatcode.fhir/CodeSystem/formatcode"/>
      <code value="urn:ihe:iti:xds-sd:text:2008"/>
    </format>
  </content>
  <context>
    <event>
      <coding>
        <system value="http://terminology.hl7.org/CodeSystem/v3-ActCode"/>
        <code value="ACCTRECEIVABLE"/>
      </coding>
    </event>
    <period>
      <start value="2020-12-31T23:50:50-05:00"/>
      <end value="2020-12-31T23:50:50-05:00"/>
    </period>
    <facilityType>
      <coding>
        <system value="http://snomed.info/sct"/>
        <code value="82242000"/>
      </coding>
    </facilityType>
    <practiceSetting>
      <coding>
        <system value="http://snomed.info/sct"/>
        <code value="408467006"/>
      </coding>
    </practiceSetting>
    <sourcePatientInfo>
      <reference value="Patient/ex-patient"/>
    </sourcePatientInfo>
    <related>
      <identifier>
        <system value="urn:ietf:rfc:3986"/>
        <value value="urn:oid:1.2.840.113556.1.8000.2554.17917.46600.21181.17878.33419.62048.57128.2759"/>
      </identifier>
    </related>
  </context>
</DocumentReference>