{"resourceType":"ImplementationGuide","id":"ihe.rad.imr","text":{"status":"extensions","div":"<div xmlns=\"http://www.w3.org/1999/xhtml\"><h2>IHE_RAD_IMR</h2><p>The official URL for this implementation guide is: </p><pre>https://profiles.ihe.net/RAD/IMR/ImplementationGuide/ihe.rad.imr</pre><div><p>Support encoding and presentation of an interactive multimedia report</p>\n</div></div>"},"url":"https://profiles.ihe.net/RAD/IMR/ImplementationGuide/ihe.rad.imr","version":"1.0.0-comment","name":"IHE_RAD_IMR","title":"Interactive Multimedia Report (IMR)","status":"active","date":"2022-03-18","publisher":"IHE Radiology Technical Committee","contact":[{"telecom":[{"system":"url","value":"https://www.ihe.net/ihe_domains/radiology/"}]},{"telecom":[{"system":"email","value":"radiology@ihe.net"}]},{"name":"IHE Radiology Technical Committee","telecom":[{"system":"email","value":"radiology@ihe.net"}]}],"description":"Support encoding and presentation of an interactive multimedia report","jurisdiction":[{"coding":[{"system":"http://unstats.un.org/unsd/methods/m49/m49.htm","code":"001"}]}],"copyright":"IHE http://www.ihe.net/Governance/#Intellectual_Property","packageId":"ihe.rad.imr","license":"CC-BY-SA-4.0","fhirVersion":["4.0.1"],"definition":{"extension":[{"extension":[{"url":"code","valueString":"copyrightyear"},{"url":"value","valueString":"2021+"}],"url":"http://hl7.org/fhir/tools/StructureDefinition/ig-parameter"},{"extension":[{"url":"code","valueString":"releaselabel"},{"url":"value","valueString":"ballot"}],"url":"http://hl7.org/fhir/tools/StructureDefinition/ig-parameter"},{"extension":[{"url":"code","valueString":"show-inherited-invariants"},{"url":"value","valueString":"false"}],"url":"http://hl7.org/fhir/tools/StructureDefinition/ig-parameter"},{"extension":[{"url":"code","valueString":"usage-stats-opt-out"},{"url":"value","valueString":"false"}],"url":"http://hl7.org/fhir/tools/StructureDefinition/ig-parameter"},{"extension":[{"url":"code","valueString":"logging"},{"url":"value","valueString":"progress"}],"url":"http://hl7.org/fhir/tools/StructureDefinition/ig-parameter"},{"extension":[{"url":"code","valueString":"shownav"},{"url":"value","valueString":"true"}],"url":"http://hl7.org/fhir/tools/StructureDefinition/ig-parameter"},{"extension":[{"url":"code","valueString":"active-tables"},{"url":"value","valueString":"false"}],"url":"http://hl7.org/fhir/tools/StructureDefinition/ig-parameter"},{"extension":[{"url":"code","valueString":"apply-contact"},{"url":"value","valueString":"true"}],"url":"http://hl7.org/fhir/tools/StructureDefinition/ig-parameter"},{"extension":[{"url":"code","valueString":"apply-jurisdiction"},{"url":"value","valueString":"true"}],"url":"http://hl7.org/fhir/tools/StructureDefinition/ig-parameter"},{"extension":[{"url":"code","valueString":"apply-publisher"},{"url":"value","valueString":"true"}],"url":"http://hl7.org/fhir/tools/StructureDefinition/ig-parameter"},{"extension":[{"url":"code","valueString":"apply-version"},{"url":"value","valueString":"true"}],"url":"http://hl7.org/fhir/tools/StructureDefinition/ig-parameter"},{"extension":[{"url":"code","valueString":"autoload-resources"},{"url":"value","valueString":"true"}],"url":"http://hl7.org/fhir/tools/StructureDefinition/ig-parameter"},{"extension":[{"url":"code","valueString":"path-liquid"},{"url":"value","valueString":"template/liquid"}],"url":"http://hl7.org/fhir/tools/StructureDefinition/ig-parameter"},{"extension":[{"url":"code","valueString":"path-liquid"},{"url":"value","valueString":"input/liquid"}],"url":"http://hl7.org/fhir/tools/StructureDefinition/ig-parameter"},{"extension":[{"url":"code","valueString":"path-qa"},{"url":"value","valueString":"temp/qa"}],"url":"http://hl7.org/fhir/tools/StructureDefinition/ig-parameter"},{"extension":[{"url":"code","valueString":"path-temp"},{"url":"value","valueString":"temp/pages"}],"url":"http://hl7.org/fhir/tools/StructureDefinition/ig-parameter"},{"extension":[{"url":"code","valueString":"path-output"},{"url":"value","valueString":"output"}],"url":"http://hl7.org/fhir/tools/StructureDefinition/ig-parameter"},{"extension":[{"url":"code","valueString":"path-suppressed-warnings"},{"url":"value","valueString":"input/ignoreWarnings.txt"}],"url":"http://hl7.org/fhir/tools/StructureDefinition/ig-parameter"},{"extension":[{"url":"code","valueString":"path-history"},{"url":"value","valueString":"https://profiles.ihe.net/RAD/IMR/history.html"}],"url":"http://hl7.org/fhir/tools/StructureDefinition/ig-parameter"},{"extension":[{"url":"code","valueString":"template-html"},{"url":"value","valueString":"template-page.html"}],"url":"http://hl7.org/fhir/tools/StructureDefinition/ig-parameter"},{"extension":[{"url":"code","valueString":"template-md"},{"url":"value","valueString":"template-page-md.html"}],"url":"http://hl7.org/fhir/tools/StructureDefinition/ig-parameter"},{"extension":[{"url":"code","valueString":"apply-context"},{"url":"value","valueString":"true"}],"url":"http://hl7.org/fhir/tools/StructureDefinition/ig-parameter"},{"extension":[{"url":"code","valueString":"apply-copyright"},{"url":"value","valueString":"true"}],"url":"http://hl7.org/fhir/tools/StructureDefinition/ig-parameter"},{"extension":[{"url":"code","valueString":"apply-license"},{"url":"value","valueString":"true"}],"url":"http://hl7.org/fhir/tools/StructureDefinition/ig-parameter"},{"extension":[{"url":"code","valueString":"fmm-definition"},{"url":"value","valueString":"http://hl7.org/fhir/versions.html#maturity"}],"url":"http://hl7.org/fhir/tools/StructureDefinition/ig-parameter"},{"extension":[{"url":"code","valueString":"propagate-status"},{"url":"value","valueString":"true"}],"url":"http://hl7.org/fhir/tools/StructureDefinition/ig-parameter"}],"grouping":[{"id":"-dyn-capabilitystatement","name":"Behavior: Capability Statements","description":"The following artifacts define the specific capabilities that different types of systems are expected to have in order to comply with this implementation guide.  Systems conforming to this implementation guide are expected to declare conformance to one or more of the following capability statements."},{"id":"-str-profile","name":"Structures: Resource Profiles","description":"These define constraints on FHIR resources for systems conforming to this implementation guide"},{"id":"-str-extension","name":"Structures: Extension Definitions","description":"These define constraints on FHIR data types for systems conforming to this implementation guide"},{"id":"-term-valueset","name":"Terminology: Value Sets","description":"These define sets of codes used by systems conforming to this implementation guide"},{"id":"-ex-example","name":"Example: Example Instances","description":"These are example instances that show what data produced and consumed by systems conforming with this implementation guide might look like"}],"resource":[{"extension":[{"url":"http://hl7.org/fhir/StructureDefinition/implementationguide-page","valueUri":"StructureDefinition-imr-diagnosticreport.html"}],"reference":{"reference":"StructureDefinition/imr-diagnosticreport"},"name":"IMR DiagnosticReport","description":"IHE Interactive Multimedia Report (IMR) profile on DiagnosticRpoert","exampleBoolean":false,"groupingId":"-str-profile"},{"extension":[{"url":"http://hl7.org/fhir/StructureDefinition/implementationguide-page","valueUri":"StructureDefinition-imr-find-multimedia-report-response.html"}],"reference":{"reference":"StructureDefinition/imr-find-multimedia-report-response"},"name":"IMR Find Multimedia Report Response message","description":"A profile on the Find Multimedia Report Response message","exampleBoolean":false,"groupingId":"-str-profile"},{"extension":[{"url":"http://hl7.org/fhir/StructureDefinition/implementationguide-page","valueUri":"StructureDefinition-imr-imagingstudy.html"}],"reference":{"reference":"StructureDefinition/imr-imagingstudy"},"name":"IMR ImagingStudy","description":"IHE Interactive Multimedia Report (IMR) profile on ImagingStudy","exampleBoolean":false,"groupingId":"-str-profile"},{"extension":[{"url":"http://hl7.org/fhir/StructureDefinition/implementationguide-page","valueUri":"StructureDefinition-imr-observation.html"}],"reference":{"reference":"StructureDefinition/imr-observation"},"name":"IMR Observation","description":"IHE Interactive Multimedia Report (IMR) profile on Observation","exampleBoolean":false,"groupingId":"-str-profile"},{"extension":[{"url":"http://hl7.org/fhir/StructureDefinition/implementationguide-page","valueUri":"StructureDefinition-imr-servicerequest.html"}],"reference":{"reference":"StructureDefinition/imr-servicerequest"},"name":"IMR ServiceRequest","description":"IHE Interactive Multimedia Report (IMR) profile on ServiceRequest","exampleBoolean":false,"groupingId":"-str-profile"},{"extension":[{"url":"http://hl7.org/fhir/StructureDefinition/implementationguide-page","valueUri":"StructureDefinition-imr-store-multimedia-report-bundle.html"}],"reference":{"reference":"StructureDefinition/imr-store-multimedia-report-bundle"},"name":"IMR Store Multimedia Report Bundle","description":"IHE Interactive Multimedia Report (IMR) profile on Bundle","exampleBoolean":false,"groupingId":"-str-profile"},{"extension":[{"url":"http://hl7.org/fhir/StructureDefinition/implementationguide-page","valueUri":"StructureDefinition-imr-store-multimedia-report-bundle-response.html"}],"reference":{"reference":"StructureDefinition/imr-store-multimedia-report-bundle-response"},"name":"IMR Store Multimedia Report Bundle Response","description":"A profile on the Bundle transaction-response for [RAD-Y1] Store Multimedia Report Response.\n\n- shall be a transaction response\n- shall have at least 1 entry for each entry in the request, in the same order as received in the request\n  - entry response location must be indicated","exampleBoolean":false,"groupingId":"-str-profile"},{"extension":[{"url":"http://hl7.org/fhir/StructureDefinition/implementationguide-page","valueUri":"StructureDefinition-imr-study-endpoint.html"}],"reference":{"reference":"StructureDefinition/imr-study-endpoint"},"name":"IMR Study Endpoint","description":"IHE Interactive Multimedia Report (IMR) profile on Endpoint for Study","exampleBoolean":false,"groupingId":"-str-profile"},{"extension":[{"url":"http://hl7.org/fhir/StructureDefinition/implementationguide-page","valueUri":"StructureDefinition-comparisonStudy.html"}],"reference":{"reference":"StructureDefinition/comparisonStudy"},"name":"IMR DiagnosticReport Comparison Study","description":"Comparison study used in part of diagnostic reporting","exampleBoolean":false,"groupingId":"-str-extension"},{"extension":[{"url":"http://hl7.org/fhir/StructureDefinition/implementationguide-page","valueUri":"StructureDefinition-indication.html"}],"reference":{"reference":"StructureDefinition/indication"},"name":"IMR DiagnosticReport Indication","description":"Indication that provides contextual information used during the reporting","exampleBoolean":false,"groupingId":"-str-extension"},{"extension":[{"url":"http://hl7.org/fhir/StructureDefinition/implementationguide-page","valueUri":"ValueSet-imr-diagnosticreport-status-vs.html"}],"reference":{"reference":"ValueSet/imr-diagnosticreport-status-vs"},"name":"IMR DiagnosticReport Status Value Set","description":"Status codes that are applicable to imaging diagnostic report lifecycle.","exampleBoolean":false,"groupingId":"-term-valueset"},{"extension":[{"url":"http://hl7.org/fhir/StructureDefinition/implementationguide-page","valueUri":"ValueSet-imr-observation-code-vs.html"}],"reference":{"reference":"ValueSet/imr-observation-code-vs"},"name":"IMR Study Endpoint PayloadType Value Set","description":"Codes representing the different kinds of findings in radiology report.","exampleBoolean":false,"groupingId":"-term-valueset"},{"extension":[{"url":"http://hl7.org/fhir/StructureDefinition/implementationguide-page","valueUri":"ValueSet-imr-provide-readwriteupdate-vs.html"}],"reference":{"reference":"ValueSet/imr-provide-readwriteupdate-vs"},"name":"IMR Read Write Update Types ValueSet","description":"A ValueSet that allows read, write or update actions. Where the resource would typically be indicated as a GET (read), but might be created or updated depending on policy.","exampleBoolean":false,"groupingId":"-term-valueset"},{"extension":[{"url":"http://hl7.org/fhir/StructureDefinition/implementationguide-page","valueUri":"ValueSet-imr-provide-readwrite-vs.html"}],"reference":{"reference":"ValueSet/imr-provide-readwrite-vs"},"name":"IMR Read Write Types ValueSet","description":"A ValueSet that allows read or write actions. Where the resource would typically be indicated as a POST (write), but might be created or updated depending on policy.","exampleBoolean":false,"groupingId":"-term-valueset"},{"extension":[{"url":"http://hl7.org/fhir/StructureDefinition/implementationguide-page","valueUri":"ValueSet-imr-servicerequest-intent-vs.html"}],"reference":{"reference":"ValueSet/imr-servicerequest-intent-vs"},"name":"IMR ServiceRequest intent Value Set","description":"Codes representing the applicable intent for a ServiceRequestd.","exampleBoolean":false,"groupingId":"-term-valueset"},{"extension":[{"url":"http://hl7.org/fhir/StructureDefinition/implementationguide-page","valueUri":"ValueSet-imr-study-endpoint-connectiontype-vs.html"}],"reference":{"reference":"ValueSet/imr-study-endpoint-connectiontype-vs"},"name":"IMR Study Endpoint ConnectionType Value Set","description":"Codes representing the applicable endpoint connectionType to retrieve a study.","exampleBoolean":false,"groupingId":"-term-valueset"},{"extension":[{"url":"http://hl7.org/fhir/StructureDefinition/implementationguide-page","valueUri":"ValueSet-imr-study-endpoint-payloadtype-vs.html"}],"reference":{"reference":"ValueSet/imr-study-endpoint-payloadtype-vs"},"name":"IMR Study Endpoint PayloadType Value Set","description":"Codes representing the applicable endpoint payloadType to retrieve a study.","exampleBoolean":false,"groupingId":"-term-valueset"},{"extension":[{"url":"http://hl7.org/fhir/StructureDefinition/implementationguide-page","valueUri":"DiagnosticReport-ex-DiagnosticReport.html"}],"reference":{"reference":"DiagnosticReport/ex-DiagnosticReport"},"name":"IMR DiagnosticReport example","description":"Simple IMR DiagnosticReport","exampleCanonical":"https://profiles.ihe.net/RAD/IMR/StructureDefinition/imr-diagnosticreport","groupingId":"-ex-example"},{"extension":[{"url":"http://hl7.org/fhir/StructureDefinition/implementationguide-page","valueUri":"Observation-ex-IMRObservation-Finding.html"}],"reference":{"reference":"Observation/ex-IMRObservation-Finding"},"name":"IMR Observation of all findings and technique","description":"Example of encoding a complex clinical findings that include multiple components","exampleCanonical":"https://profiles.ihe.net/RAD/IMR/StructureDefinition/imr-observation","groupingId":"-ex-example"},{"extension":[{"url":"http://hl7.org/fhir/StructureDefinition/implementationguide-page","valueUri":"Observation-ex-IMRObservation-Impression-1.html"}],"reference":{"reference":"Observation/ex-IMRObservation-Impression-1"},"name":"IMR Observation of Impression 1","description":"Example of encoding an impression as text","exampleCanonical":"https://profiles.ihe.net/RAD/IMR/StructureDefinition/imr-observation","groupingId":"-ex-example"},{"extension":[{"url":"http://hl7.org/fhir/StructureDefinition/implementationguide-page","valueUri":"Observation-ex-IMRObservation-Impression-2.html"}],"reference":{"reference":"Observation/ex-IMRObservation-Impression-2"},"name":"IMR Observation of Impression 2","description":"Example of encoding an impression as text","exampleCanonical":"https://profiles.ihe.net/RAD/IMR/StructureDefinition/imr-observation","groupingId":"-ex-example"},{"extension":[{"url":"http://hl7.org/fhir/StructureDefinition/implementationguide-page","valueUri":"Observation-ex-IMRObservation-Impression-3.html"}],"reference":{"reference":"Observation/ex-IMRObservation-Impression-3"},"name":"IMR Observation of Impression 3","description":"Example of encoding an impression as text","exampleCanonical":"https://profiles.ihe.net/RAD/IMR/StructureDefinition/imr-observation","groupingId":"-ex-example"},{"extension":[{"url":"http://hl7.org/fhir/StructureDefinition/implementationguide-page","valueUri":"Observation-ex-IMRObservation-Impression-4.html"}],"reference":{"reference":"Observation/ex-IMRObservation-Impression-4"},"name":"IMR Observation of Impression 4","description":"Example of encoding an impression as text","exampleCanonical":"https://profiles.ihe.net/RAD/IMR/StructureDefinition/imr-observation","groupingId":"-ex-example"},{"extension":[{"url":"http://hl7.org/fhir/StructureDefinition/implementationguide-page","valueUri":"Observation-ex-IMRObservation-Impression-5.html"}],"reference":{"reference":"Observation/ex-IMRObservation-Impression-5"},"name":"IMR Observation of Impression 5","description":"Example of encoding an impression as text","exampleCanonical":"https://profiles.ihe.net/RAD/IMR/StructureDefinition/imr-observation","groupingId":"-ex-example"},{"extension":[{"url":"http://hl7.org/fhir/StructureDefinition/implementationguide-page","valueUri":"Endpoint-ex-IMRStudyEndpoint-Series.html"}],"reference":{"reference":"Endpoint/ex-IMRStudyEndpoint-Series"},"name":"IMR Endpoint for Series example","description":"Simple IMR Series Endpoint","exampleCanonical":"https://profiles.ihe.net/RAD/IMR/StructureDefinition/imr-study-endpoint","groupingId":"-ex-example"},{"extension":[{"url":"http://hl7.org/fhir/StructureDefinition/implementationguide-page","valueUri":"Endpoint-ex-IMRStudyEndpoint-Study.html"}],"reference":{"reference":"Endpoint/ex-IMRStudyEndpoint-Study"},"name":"IMR Endpoint for Study example","description":"Simple IMR Study Endpoint","exampleCanonical":"https://profiles.ihe.net/RAD/IMR/StructureDefinition/imr-study-endpoint","groupingId":"-ex-example"},{"extension":[{"url":"http://hl7.org/fhir/StructureDefinition/implementationguide-page","valueUri":"Endpoint-ex-IMRStudyEndpoint-Study-Comparison.html"}],"reference":{"reference":"Endpoint/ex-IMRStudyEndpoint-Study-Comparison"},"name":"IMR Endpoint for Study example","description":"Simple IMR Study Endpoint fpr the comparison study","exampleCanonical":"https://profiles.ihe.net/RAD/IMR/StructureDefinition/imr-study-endpoint","groupingId":"-ex-example"},{"extension":[{"url":"http://hl7.org/fhir/StructureDefinition/implementationguide-page","valueUri":"ImagingStudy-ex-ImagingStudy.html"}],"reference":{"reference":"ImagingStudy/ex-ImagingStudy"},"name":"IMR ImagingStudy example","description":"Simple IMR ImagingStudy to be used in DiagnosticReport and Observation","exampleCanonical":"https://profiles.ihe.net/RAD/IMR/StructureDefinition/imr-imagingstudy","groupingId":"-ex-example"},{"extension":[{"url":"http://hl7.org/fhir/StructureDefinition/implementationguide-page","valueUri":"ImagingStudy-ex-ImagingStudy-Comparison.html"}],"reference":{"reference":"ImagingStudy/ex-ImagingStudy-Comparison"},"name":"IMR ImagingStudy example","description":"Simple IMR ImagingStudy to be used as a comparison study in DiagnosticReport","exampleCanonical":"https://profiles.ihe.net/RAD/IMR/StructureDefinition/imr-imagingstudy","groupingId":"-ex-example"},{"extension":[{"url":"http://hl7.org/fhir/StructureDefinition/implementationguide-page","valueUri":"Organization-ex-Organization.html"}],"reference":{"reference":"Organization/ex-Organization"},"name":"Organization example","description":"Simple Organization to be used in iagnosticReport","exampleBoolean":true,"groupingId":"-ex-example"},{"extension":[{"url":"http://hl7.org/fhir/StructureDefinition/implementationguide-page","valueUri":"Patient-ex-Patient.html"}],"reference":{"reference":"Patient/ex-Patient"},"name":"Patient example","description":"Simple Patient used in IMR example","exampleBoolean":true,"groupingId":"-ex-example"},{"extension":[{"url":"http://hl7.org/fhir/StructureDefinition/implementationguide-page","valueUri":"Practitioner-ex-Practitioner.html"}],"reference":{"reference":"Practitioner/ex-Practitioner"},"name":"Practitioner example","description":"Simple Practitioner to be used in iagnosticReport","exampleBoolean":true,"groupingId":"-ex-example"},{"extension":[{"url":"http://hl7.org/fhir/StructureDefinition/implementationguide-page","valueUri":"ServiceRequest-ex-ServiceRequest.html"}],"reference":{"reference":"ServiceRequest/ex-ServiceRequest"},"name":"IMR ServiceRequest example","description":"Simple IMR ServiceRequest example with a condition","exampleCanonical":"https://profiles.ihe.net/RAD/IMR/StructureDefinition/imr-servicerequest","groupingId":"-ex-example"},{"extension":[{"url":"http://hl7.org/fhir/StructureDefinition/implementationguide-page","valueUri":"Bundle-ex-StoreMultimediaReportBundle.html"}],"reference":{"reference":"Bundle/ex-StoreMultimediaReportBundle"},"name":"Store Multimedia Report Bundle example","description":"Sample Store Multimedia Report Bundle used to store an IMR","exampleCanonical":"https://profiles.ihe.net/RAD/IMR/StructureDefinition/imr-store-multimedia-report-bundle","groupingId":"-ex-example"},{"extension":[{"url":"http://hl7.org/fhir/StructureDefinition/implementationguide-page","valueUri":"Bundle-ex-StoreMultimediaReportBundleResponse.html"}],"reference":{"reference":"Bundle/ex-StoreMultimediaReportBundleResponse"},"name":"Store Multimedia Report Bundle Response example","description":"Sample Store Multimedia Report Bundle Response in IMR","exampleCanonical":"https://profiles.ihe.net/RAD/IMR/StructureDefinition/imr-store-multimedia-report-bundle-response","groupingId":"-ex-example"},{"extension":[{"url":"http://hl7.org/fhir/StructureDefinition/implementationguide-page","valueUri":"Bundle-ex-findMultimediaReportResponse.html"}],"reference":{"reference":"Bundle/ex-findMultimediaReportResponse"},"name":"Example of an IMR Find Multimedia Report Response","description":"Example of an IMR Find Multimedia Report Bundle Search Set","exampleCanonical":"https://profiles.ihe.net/RAD/IMR/StructureDefinition/imr-find-multimedia-report-response","groupingId":"-ex-example"},{"extension":[{"url":"http://hl7.org/fhir/StructureDefinition/implementationguide-page","valueUri":"CapabilityStatement-IHE.IMR.RenderedReportReader.html"}],"reference":{"reference":"CapabilityStatement/IHE.IMR.RenderedReportReader"},"name":"Rendered Report Reader","description":"IHE Radiology Interactive Multimedia Report (IMR) - Rendered Report Reader","exampleBoolean":false,"groupingId":"-dyn-capabilitystatement"},{"extension":[{"url":"http://hl7.org/fhir/StructureDefinition/implementationguide-page","valueUri":"CapabilityStatement-IHE.IMR.ReportCreator.html"}],"reference":{"reference":"CapabilityStatement/IHE.IMR.ReportCreator"},"name":"Report Creator","description":"IHE Radiology Interactive Multimedia Report (IMR) - Report Creator","exampleBoolean":false,"groupingId":"-dyn-capabilitystatement"},{"extension":[{"url":"http://hl7.org/fhir/StructureDefinition/implementationguide-page","valueUri":"CapabilityStatement-IHE.IMR.ReportReader.html"}],"reference":{"reference":"CapabilityStatement/IHE.IMR.ReportReader"},"name":"Report Reader","description":"IHE Radiology Interactive Multimedia Report (IMR) - Report Reader","exampleBoolean":false,"groupingId":"-dyn-capabilitystatement"},{"extension":[{"url":"http://hl7.org/fhir/StructureDefinition/implementationguide-page","valueUri":"CapabilityStatement-IHE.IMR.ReportRepository.html"}],"reference":{"reference":"CapabilityStatement/IHE.IMR.ReportRepository"},"name":"Report Repository","description":"IHE Radiology Interactive Multimedia Report (IMR) - Report Repository","exampleBoolean":false,"groupingId":"-dyn-capabilitystatement"}],"page":{"nameUrl":"toc.html","title":"Table of Contents","generation":"html","page":[{"nameUrl":"index.html","title":"1:XX. Profile Home","generation":"markdown"},{"nameUrl":"volume-1.html","title":"1:XX Interactive Multimedia Report (IMR)","generation":"markdown"},{"nameUrl":"RAD-Y1.html","title":"2:4.Y1 Store Multimedia Report [RAD-Y1]","generation":"markdown"},{"nameUrl":"RAD-Y2.html","title":"2:4.Y2 Display Multimedia Report [RAD-Y2]","generation":"markdown"},{"nameUrl":"RAD-Y3.html","title":"2:4.Y3 Find Multimedia Report [RAD-Y3]","generation":"markdown"},{"nameUrl":"RAD-Y4.html","title":"2:4.Y4 Retrieve Rendered Multimedia Report [RAD-Y4]","generation":"markdown"},{"nameUrl":"RAD-Y5.html","title":"2:4.Y5 Display Images [RAD-Y5]","generation":"markdown"},{"nameUrl":"testplan.html","title":"Test Plan","generation":"markdown"},{"nameUrl":"issues.html","title":"Open and Closed issues","generation":"markdown"},{"nameUrl":"other.html","title":"Changes to Other Documents","generation":"markdown"},{"nameUrl":"artifacts.html","title":"Artifacts Summary","generation":"html","page":[{"nameUrl":"CapabilityStatement-IHE.IMR.RenderedReportReader.html","title":"Rendered Report Reader","generation":"generated"},{"nameUrl":"CapabilityStatement-IHE.IMR.ReportCreator.html","title":"Report Creator","generation":"generated"},{"nameUrl":"CapabilityStatement-IHE.IMR.ReportReader.html","title":"Report Reader","generation":"generated"},{"nameUrl":"CapabilityStatement-IHE.IMR.ReportRepository.html","title":"Report Repository","generation":"generated"},{"nameUrl":"StructureDefinition-imr-diagnosticreport.html","title":"IMR DiagnosticReport","generation":"generated"},{"nameUrl":"StructureDefinition-imr-find-multimedia-report-response.html","title":"IMR Find Multimedia Report Response message","generation":"generated"},{"nameUrl":"StructureDefinition-imr-imagingstudy.html","title":"IMR ImagingStudy","generation":"generated"},{"nameUrl":"StructureDefinition-imr-observation.html","title":"IMR Observation","generation":"generated"},{"nameUrl":"StructureDefinition-imr-servicerequest.html","title":"IMR ServiceRequest","generation":"generated"},{"nameUrl":"StructureDefinition-imr-store-multimedia-report-bundle.html","title":"IMR Store Multimedia Report Bundle","generation":"generated"},{"nameUrl":"StructureDefinition-imr-store-multimedia-report-bundle-response.html","title":"IMR Store Multimedia Report Bundle Response","generation":"generated"},{"nameUrl":"StructureDefinition-imr-study-endpoint.html","title":"IMR Study Endpoint","generation":"generated"},{"nameUrl":"StructureDefinition-comparisonStudy.html","title":"IMR DiagnosticReport Comparison Study","generation":"generated"},{"nameUrl":"StructureDefinition-indication.html","title":"IMR DiagnosticReport Indication","generation":"generated"},{"nameUrl":"ValueSet-imr-diagnosticreport-status-vs.html","title":"IMR DiagnosticReport Status Value Set","generation":"generated"},{"nameUrl":"ValueSet-imr-observation-code-vs.html","title":"IMR Study Endpoint PayloadType Value Set","generation":"generated"},{"nameUrl":"ValueSet-imr-provide-readwriteupdate-vs.html","title":"IMR Read Write Update Types ValueSet","generation":"generated"},{"nameUrl":"ValueSet-imr-provide-readwrite-vs.html","title":"IMR Read Write Types ValueSet","generation":"generated"},{"nameUrl":"ValueSet-imr-servicerequest-intent-vs.html","title":"IMR ServiceRequest intent Value Set","generation":"generated"},{"nameUrl":"ValueSet-imr-study-endpoint-connectiontype-vs.html","title":"IMR Study Endpoint ConnectionType Value Set","generation":"generated"},{"nameUrl":"ValueSet-imr-study-endpoint-payloadtype-vs.html","title":"IMR Study Endpoint PayloadType Value Set","generation":"generated"},{"nameUrl":"DiagnosticReport-ex-DiagnosticReport.html","title":"IMR DiagnosticReport example","generation":"generated"},{"nameUrl":"Observation-ex-IMRObservation-Finding.html","title":"IMR Observation of all findings and technique","generation":"generated"},{"nameUrl":"Observation-ex-IMRObservation-Impression-1.html","title":"IMR Observation of Impression 1","generation":"generated"},{"nameUrl":"Observation-ex-IMRObservation-Impression-2.html","title":"IMR Observation of Impression 2","generation":"generated"},{"nameUrl":"Observation-ex-IMRObservation-Impression-3.html","title":"IMR Observation of Impression 3","generation":"generated"},{"nameUrl":"Observation-ex-IMRObservation-Impression-4.html","title":"IMR Observation of Impression 4","generation":"generated"},{"nameUrl":"Observation-ex-IMRObservation-Impression-5.html","title":"IMR Observation of Impression 5","generation":"generated"},{"nameUrl":"Endpoint-ex-IMRStudyEndpoint-Series.html","title":"IMR Endpoint for Series example","generation":"generated"},{"nameUrl":"Endpoint-ex-IMRStudyEndpoint-Study.html","title":"IMR Endpoint for Study example","generation":"generated"},{"nameUrl":"Endpoint-ex-IMRStudyEndpoint-Study-Comparison.html","title":"IMR Endpoint for Study example","generation":"generated"},{"nameUrl":"ImagingStudy-ex-ImagingStudy.html","title":"IMR ImagingStudy example","generation":"generated"},{"nameUrl":"ImagingStudy-ex-ImagingStudy-Comparison.html","title":"IMR ImagingStudy example","generation":"generated"},{"nameUrl":"Organization-ex-Organization.html","title":"Organization example","generation":"generated"},{"nameUrl":"Patient-ex-Patient.html","title":"Patient example","generation":"generated"},{"nameUrl":"Practitioner-ex-Practitioner.html","title":"Practitioner example","generation":"generated"},{"nameUrl":"ServiceRequest-ex-ServiceRequest.html","title":"IMR ServiceRequest example","generation":"generated"},{"nameUrl":"Bundle-ex-StoreMultimediaReportBundle.html","title":"Store Multimedia Report Bundle example","generation":"generated"},{"nameUrl":"Bundle-ex-StoreMultimediaReportBundleResponse.html","title":"Store Multimedia Report Bundle Response example","generation":"generated"},{"nameUrl":"Bundle-ex-findMultimediaReportResponse.html","title":"Example of an IMR Find Multimedia Report Response","generation":"generated"}]}]},"parameter":[{"code":"path-resource","value":"input/resources"},{"code":"path-resource","value":"fsh-generated/resources"},{"code":"path-resource","value":"input/examples"},{"code":"path-resource","value":"input/capabilities"},{"code":"path-resource","value":"input/extensions"},{"code":"path-resource","value":"input/models"},{"code":"path-resource","value":"input/operations"},{"code":"path-resource","value":"input/profiles"},{"code":"path-resource","value":"input/vocabulary"},{"code":"path-resource","value":"input/testing"},{"code":"path-resource","value":"input/history"},{"code":"path-pages","value":"template/config"},{"code":"path-pages","value":"input/images"},{"code":"path-tx-cache","value":"input-cache/txcache"}]}}