{
  "resourceType": "Bundle",
  "id": "d0bceb02-ddc1-4855-98a0-00bc364f24eb",
  "type": "message",
  "timestamp": "2021-03-03T12:51:45.5268783-05:00",
  "entry": [
    {
      "fullUrl": "urn:uuid:58bcd46a-d810-4003-82c4-98b8a9fdf8c3",
      "resource": {
        "resourceType": "MessageHeader",
        "id": "58bcd46a-d810-4003-82c4-98b8a9fdf8c3",
        "text": {
          "status": "generated",
          "div": "<div xmlns=\"http://www.w3.org/1999/xhtml\"><p><b>Generated Narrative</b></p><div style=\"display: inline-block; background-color: #d9e0e7; padding: 6px; margin: 4px; border: 1px solid #8da1b4; border-radius: 5px; line-height: 60%\"><p style=\"margin-bottom: 0px\">Resource \"58bcd46a-d810-4003-82c4-98b8a9fdf8c3\" </p></div><p><b>event</b>: <code>urn:ihe:iti:pmir:2019:patient-feed</code></p><h3>Sources</h3><table class=\"grid\"><tr><td>-</td><td><b>Endpoint</b></td></tr><tr><td>*</td><td><a href=\"http://172-223-006-088.res.spectrum.com:18035/PatientIdentityManager/fhir\">http://172-223-006-088.res.spectrum.com:18035/PatientIdentityManager/fhir</a></td></tr></table><h3>Responses</h3><table class=\"grid\"><tr><td>-</td><td><b>Identifier</b></td><td><b>Code</b></td></tr><tr><td>*</td><td>070b3907-883b-4f20-af66-88a5db6b73ad</td><td>ok</td></tr></table><p><b>focus</b>: <a href=\"#Bundle_8f52a376-d6d2-46ab-a810-c4233bd46c69\">See above (http://172-223-006-088.res.spectrum.com:18035/PatientIdentityManager/fhir/Patient/8f33f71d-497c-eb11-95e7-d067e54cbc0c)</a></p></div>"
        },
        "eventUri": "urn:ihe:iti:pmir:2019:patient-feed",
        "source": {
          "endpoint": "http://172-223-006-088.res.spectrum.com:18035/PatientIdentityManager/fhir"
        },
        "response": {
          "identifier": "070b3907-883b-4f20-af66-88a5db6b73ad",
          "code": "ok"
        },
        "focus": [
          {
            "reference": "http://172-223-006-088.res.spectrum.com:18035/PatientIdentityManager/fhir/Patient/8f33f71d-497c-eb11-95e7-d067e54cbc0c"
          }
        ]
      }
    },
    {
      "fullUrl": "http://172-223-006-088.res.spectrum.com:18035/PatientIdentityManager/fhir/Patient/8f33f71d-497c-eb11-95e7-d067e54cbc0c",
      "resource": {
        "resourceType": "Bundle",
        "id": "8f52a376-d6d2-46ab-a810-c4233bd46c69",
        "type": "history",
        "timestamp": "2021-03-03T12:51:45.5288783-05:00",
        "entry": [
          {
            "fullUrl": "http://172-223-006-088.res.spectrum.com:18035/PatientIdentityManager/fhir/Patient/8f33f71d-497c-eb11-95e7-d067e54cbc0c",
            "resource": {
              "resourceType": "Patient",
              "id": "8f33f71d-497c-eb11-95e7-d067e54cbc0c",
              "meta": {
                "lastUpdated": "2021-03-03T12:51:45.173-05:00"
              },
              "identifier": [
                {
                  "use": "usual",
                  "system": "urn:oid:1.3.6.1.4.1.21367.13.20.308",
                  "value": "Mother",
                  "assigner": {
                    "display": "TIE5"
                  }
                }
              ],
              "active": true,
              "name": [
                {
                  "use": "official",
                  "family": "TIANI-SPIRIT",
                  "given": [
                    "MOTHER"
                  ]
                }
              ],
              "gender": "female",
              "birthDate": "1985-06-04"
            },
            "request": {
              "method": "POST",
              "url": "Patient/110fd932-7368-4d2a-acbd-1f5d28bf95d6"
            },
            "response": {
              "status": "201",
              "location": "Patient/8f33f71d-497c-eb11-95e7-d067e54cbc0c"
            }
          }
        ]
      }
    }
  ]
}