{"resourceType":"ActivityDefinition","id":"activity-example-proposediagnosis-ad","meta":{"profile":["https://profiles.ihe.net/QRPH/CCG/StructureDefinition/ccg-card-proposedx-ad","http://hl7.org/fhir/uv/cpg/StructureDefinition/cpg-proposediagnosisactivity","http://hl7.org/fhir/uv/cpg/StructureDefinition/cpg-computableactivity"]},"extension":[{"url":"http://hl7.org/fhir/StructureDefinition/cqf-knowledgeCapability","valueCode":"shareable"},{"url":"http://hl7.org/fhir/StructureDefinition/cqf-knowledgeCapability","valueCode":"computable"},{"url":"http://hl7.org/fhir/StructureDefinition/cqf-knowledgeCapability","valueCode":"publishable"}],"url":"http://example.org/fhir/uv/cpg/ActivityDefinition/activity-example-proposediagnosis-ad","identifier":[{"system":"urn:ietf:rfc:3986","value":"urn:oid:2.16.840.1.113883.4.642.40.48.11.12"}],"version":"1.0.0","name":"ActivityExampleProposeDiagnosisAD","title":"Activity Example Propose Diagnosis AD","status":"active","experimental":true,"date":"2024-11-26T16:34:39+00:00","publisher":"IHE QRPH Technical Committee","contact":[{"telecom":[{"system":"url","value":"https://www.ihe.net/ihe_domains/quality_research_and_public_health/"}]},{"telecom":[{"system":"email","value":"qrph@ihe.net"}]},{"name":"IHE QRPH Technical Committee","telecom":[{"system":"email","value":"qrph@ihe.net"}]}],"description":"IHE CCG example for propose diagnosis ActivityDefinition Task (based on HL7 CPG example)","jurisdiction":[{"coding":[{"system":"http://unstats.un.org/unsd/methods/m49/m49.htm","code":"001"}]}],"topic":[{"coding":[{"system":"https://profiles.ihe.net/QRPH/CCG/CodeSystem/ccg-card-type-cs","code":"propdx"}]}],"kind":"Task","profile":"http://hl7.org/fhir/uv/cpg/StructureDefinition/cpg-proposediagnosistask","code":{"coding":[{"system":"http://hl7.org/fhir/uv/cpg/CodeSystem/cpg-activity-type-cs","code":"propose-diagnosis","display":"Propose a diagnosis"}]},"intent":"proposal","doNotPerform":false,"dynamicValue":[{"path":"input.type","expression":{"language":"text/cql","expression":"code"}},{"path":"input.value","expression":{"language":"text/cql-expression","expression":"Condition { clinicalStatus: \"Active Condition\", verificationStatus: \"Provisional Condition\", category: \"Problem-list Item\", code: \"Ischemic Stroke\", subject: Patient, onset: Today() }"}}]}