{"resourceType":"ActivityDefinition","id":"activity-example-ordermedication-ad","meta":{"profile":["https://profiles.ihe.net/QRPH/CCG/StructureDefinition/ccg-card-orderrx-ad","http://hl7.org/fhir/uv/cpg/StructureDefinition/cpg-medicationrequestactivity","http://hl7.org/fhir/uv/cpg/StructureDefinition/cpg-computableactivity"]},"extension":[{"url":"http://hl7.org/fhir/StructureDefinition/cqf-knowledgeCapability","valueCode":"shareable"},{"url":"http://hl7.org/fhir/StructureDefinition/cqf-knowledgeCapability","valueCode":"computable"},{"url":"http://hl7.org/fhir/StructureDefinition/cqf-knowledgeCapability","valueCode":"publishable"}],"url":"http://example.org/fhir/uv/cpg/ActivityDefinition/activity-example-ordermedication-ad","identifier":[{"system":"urn:ietf:rfc:3986","value":"urn:oid:2.16.840.1.113883.4.642.40.48.11.10"}],"version":"1.0.0-comment","name":"ActivityExampleOrderMedicationAD","title":"Activity Example Order Medication AD","status":"active","experimental":true,"date":"2024-11-26T16:34:39+00:00","publisher":"IHE QRPH Technical Committee","contact":[{"telecom":[{"system":"url","value":"https://www.ihe.net/ihe_domains/quality_research_and_public_health/"}]},{"telecom":[{"system":"email","value":"qrph@ihe.net"}]},{"name":"IHE QRPH Technical Committee","telecom":[{"system":"email","value":"qrph@ihe.net"}]}],"description":"IHE CCG example for medication order ActivityDefinition Task (based on HL7 CPG example)","jurisdiction":[{"coding":[{"system":"http://unstats.un.org/unsd/methods/m49/m49.htm","code":"001"}]}],"topic":[{"coding":[{"system":"https://profiles.ihe.net/QRPH/CCG/CodeSystem/ccg-card-type-cs","code":"orderrx"}]}],"kind":"MedicationRequest","profile":"http://hl7.org/fhir/uv/cpg/StructureDefinition/cpg-medicationrequest","code":{"coding":[{"system":"http://hl7.org/fhir/uv/cpg/CodeSystem/cpg-activity-type-cs","code":"order-medication","display":"Order a medication"}]},"intent":"proposal","priority":"routine","doNotPerform":false,"productCodeableConcept":{"coding":[{"system":"http://snomed.info/sct","code":"376988009","display":"Levothyroxine sodium 75 microgram oral tablet"}]},"dosage":[{"sequence":1,"text":"75mcg daily","timing":{"repeat":{"frequency":1,"period":1,"periodUnit":"d"}},"route":{"coding":[{"system":"http://snomed.info/sct","code":"26643006","display":"Oral Route (qualifier value)"}]},"doseAndRate":[{"type":{"coding":[{"system":"http://terminology.hl7.org/CodeSystem/dose-rate-type","code":"ordered","display":"Ordered"}]},"doseQuantity":{"value":75,"unit":"mcg","system":"http://unitsofmeasure.org","code":"ug"}}]}]}