<?xml version="1.0" encoding="UTF-8"?>

<ImplementationGuide xmlns="http://hl7.org/fhir">
  <id value="IHE.ITI.PIXm"/>
  <text>
    <status value="extensions"/><div xmlns="http://www.w3.org/1999/xhtml"><h2>IHE_PIXm</h2><p>The official URL for this implementation guide is: </p><pre>http://profiles.ihe.net/ITI/PIXm/ImplementationGuide/IHE.ITI.PIXm</pre><div><p>ImplementationGuide for IHE IT Infrastructure Technical Framework Supplement Patient Identifier Cross-referencing for mobile (PIXm) Rev. 2.2.0 public-comment</p>
</div></div>
  </text>
  <url value="http://profiles.ihe.net/ITI/PIXm/ImplementationGuide/IHE.ITI.PIXm"/>
  <version value="2.2.1"/>
  <name value="IHE_PIXm"/>
  <title value="Patient Identifier Cross-referencing for mobile (PIXm)"/>
  <status value="active"/>
  <date value="2021-11-01T16:43:47-05:00"/>
  <publisher value="IHE IT Infrastructure Technical Committee"/>
  <contact>
    <telecom>
      <system value="url"/>
      <value value="https://www.ihe.net/ihe_domains/it_infrastructure/"/>
    </telecom>
  </contact>
  <contact>
    <telecom>
      <system value="email"/>
      <value value="iti@ihe.net"/>
    </telecom>
  </contact>
  <contact>
    <name value="IHE IT Infrastructure Technical Committee"/>
    <telecom>
      <system value="email"/>
      <value value="iti@ihe.net"/>
    </telecom>
  </contact>
  <description value="ImplementationGuide for IHE IT Infrastructure Technical Framework Supplement Patient Identifier Cross-referencing for mobile (PIXm) Rev. 2.2.0 public-comment"/>
  <jurisdiction>
    <coding>
      <system value="http://unstats.un.org/unsd/methods/m49/m49.htm"/>
      <code value="001"/>
    </coding>
  </jurisdiction>
  <copyright value="IHE http://www.ihe.net/Governance/#Intellectual_Property"/>
  <packageId value="IHE.ITI.PIXm"/>
  <license value="CC-BY-SA-4.0"/>
  <fhirVersion value="4.0.1"/>
  <definition>
    <extension url="http://hl7.org/fhir/tools/StructureDefinition/ig-parameter">
      <extension url="code">
        <valueString value="copyrightyear"/>
      </extension>
      <extension url="value">
        <valueString value="2020+"/>
      </extension>
    </extension>
    <extension url="http://hl7.org/fhir/tools/StructureDefinition/ig-parameter">
      <extension url="code">
        <valueString value="releaselabel"/>
      </extension>
      <extension url="value">
        <valueString value="Trial-Implementation"/>
      </extension>
    </extension>
    <extension url="http://hl7.org/fhir/tools/StructureDefinition/ig-parameter">
      <extension url="code">
        <valueString value="active-tables"/>
      </extension>
      <extension url="value">
        <valueString value="false"/>
      </extension>
    </extension>
    <extension url="http://hl7.org/fhir/tools/StructureDefinition/ig-parameter">
      <extension url="code">
        <valueString value="apply-contact"/>
      </extension>
      <extension url="value">
        <valueString value="true"/>
      </extension>
    </extension>
    <extension url="http://hl7.org/fhir/tools/StructureDefinition/ig-parameter">
      <extension url="code">
        <valueString value="apply-jurisdiction"/>
      </extension>
      <extension url="value">
        <valueString value="true"/>
      </extension>
    </extension>
    <extension url="http://hl7.org/fhir/tools/StructureDefinition/ig-parameter">
      <extension url="code">
        <valueString value="apply-publisher"/>
      </extension>
      <extension url="value">
        <valueString value="true"/>
      </extension>
    </extension>
    <extension url="http://hl7.org/fhir/tools/StructureDefinition/ig-parameter">
      <extension url="code">
        <valueString value="apply-version"/>
      </extension>
      <extension url="value">
        <valueString value="true"/>
      </extension>
    </extension>
    <extension url="http://hl7.org/fhir/tools/StructureDefinition/ig-parameter">
      <extension url="code">
        <valueString value="show-inherited-invariants"/>
      </extension>
      <extension url="value">
        <valueString value="false"/>
      </extension>
    </extension>
    <extension url="http://hl7.org/fhir/tools/StructureDefinition/ig-parameter">
      <extension url="code">
        <valueString value="usage-stats-opt-out"/>
      </extension>
      <extension url="value">
        <valueString value="true"/>
      </extension>
    </extension>
    <extension url="http://hl7.org/fhir/tools/StructureDefinition/ig-parameter">
      <extension url="code">
        <valueString value="autoload-resources"/>
      </extension>
      <extension url="value">
        <valueString value="true"/>
      </extension>
    </extension>
    <extension url="http://hl7.org/fhir/tools/StructureDefinition/ig-parameter">
      <extension url="code">
        <valueString value="shownav"/>
      </extension>
      <extension url="value">
        <valueString value="true"/>
      </extension>
    </extension>
    <extension url="http://hl7.org/fhir/tools/StructureDefinition/ig-parameter">
      <extension url="code">
        <valueString value="special-url"/>
      </extension>
      <extension url="value">
        <valueString value="urn:oid:1.3.6.1.4.1.21367.13.20.3000"/>
      </extension>
    </extension>
    <extension url="http://hl7.org/fhir/tools/StructureDefinition/ig-parameter">
      <extension url="code">
        <valueString value="path-liquid"/>
      </extension>
      <extension url="value">
        <valueString value="template/liquid"/>
      </extension>
    </extension>
    <extension url="http://hl7.org/fhir/tools/StructureDefinition/ig-parameter">
      <extension url="code">
        <valueString value="path-liquid"/>
      </extension>
      <extension url="value">
        <valueString value="input/liquid"/>
      </extension>
    </extension>
    <extension url="http://hl7.org/fhir/tools/StructureDefinition/ig-parameter">
      <extension url="code">
        <valueString value="path-qa"/>
      </extension>
      <extension url="value">
        <valueString value="temp/qa"/>
      </extension>
    </extension>
    <extension url="http://hl7.org/fhir/tools/StructureDefinition/ig-parameter">
      <extension url="code">
        <valueString value="path-temp"/>
      </extension>
      <extension url="value">
        <valueString value="temp/pages"/>
      </extension>
    </extension>
    <extension url="http://hl7.org/fhir/tools/StructureDefinition/ig-parameter">
      <extension url="code">
        <valueString value="path-output"/>
      </extension>
      <extension url="value">
        <valueString value="output"/>
      </extension>
    </extension>
    <extension url="http://hl7.org/fhir/tools/StructureDefinition/ig-parameter">
      <extension url="code">
        <valueString value="path-suppressed-warnings"/>
      </extension>
      <extension url="value">
        <valueString value="input/ignoreWarnings.txt"/>
      </extension>
    </extension>
    <extension url="http://hl7.org/fhir/tools/StructureDefinition/ig-parameter">
      <extension url="code">
        <valueString value="path-history"/>
      </extension>
      <extension url="value">
        <valueString value="http://profiles.ihe.net/ITI/PIXm/history.html"/>
      </extension>
    </extension>
    <extension url="http://hl7.org/fhir/tools/StructureDefinition/ig-parameter">
      <extension url="code">
        <valueString value="template-html"/>
      </extension>
      <extension url="value">
        <valueString value="template-page.html"/>
      </extension>
    </extension>
    <extension url="http://hl7.org/fhir/tools/StructureDefinition/ig-parameter">
      <extension url="code">
        <valueString value="template-md"/>
      </extension>
      <extension url="value">
        <valueString value="template-page-md.html"/>
      </extension>
    </extension>
    <extension url="http://hl7.org/fhir/tools/StructureDefinition/ig-parameter">
      <extension url="code">
        <valueString value="apply-context"/>
      </extension>
      <extension url="value">
        <valueString value="true"/>
      </extension>
    </extension>
    <extension url="http://hl7.org/fhir/tools/StructureDefinition/ig-parameter">
      <extension url="code">
        <valueString value="apply-copyright"/>
      </extension>
      <extension url="value">
        <valueString value="true"/>
      </extension>
    </extension>
    <extension url="http://hl7.org/fhir/tools/StructureDefinition/ig-parameter">
      <extension url="code">
        <valueString value="apply-license"/>
      </extension>
      <extension url="value">
        <valueString value="true"/>
      </extension>
    </extension>
    <resource>
      <extension url="http://hl7.org/fhir/tools/StructureDefinition/resource-information">
        <valueString value="StructureDefinition:resource"/>
      </extension>
      <reference>
        <reference value="StructureDefinition/IHE.PIXm.Feed.Audit.Manager"/>
      </reference>
      <name value="Audit Event for Patient Identity Feed FHIR by the Manager"/>
      <description value="Defines constraints on the AuditEvent Resource to record when a Patient Identity Feed FHIR Transaction happens, as recorded by the Patient Identifier Cross-reference Manager.&#xD;&#xA;- Feed event for ITI-104&#xD;&#xA;- shall have the source as itself&#xD;&#xA;- shall have a destination&#xD;&#xA;- may have user, app, organization agent(s)&#xD;&#xA;- shall have a source patient identifier"/>
      <exampleBoolean value="false"/>
    </resource>
    <resource>
      <extension url="http://hl7.org/fhir/tools/StructureDefinition/resource-information">
        <valueString value="StructureDefinition:resource"/>
      </extension>
      <reference>
        <reference value="StructureDefinition/IHE.PIXm.Feed.Audit.Source"/>
      </reference>
      <name value="Audit Event for Patient Identity Feed by the Source"/>
      <description value="Defines constraints on the AuditEvent Resource to record when a Patient Identity Feed Transaction happens, as recorded by the Patient Identity Source.&#xD;&#xA;- Feed event for ITI-104&#xD;&#xA;- shall have the source as itself&#xD;&#xA;- shall have a destination&#xD;&#xA;- may have user, app, organization agent(s)&#xD;&#xA;- shall have a source patient identifier"/>
      <exampleBoolean value="false"/>
    </resource>
    <resource>
      <extension url="http://hl7.org/fhir/tools/StructureDefinition/resource-information">
        <valueString value="StructureDefinition:resource"/>
      </extension>
      <reference>
        <reference value="StructureDefinition/IHE.PIXm.Query.Audit.Consumer"/>
      </reference>
      <name value="Audit Event for PIXm Query by the Consumer"/>
      <description value="Defines constraints on the AuditEvent Resource to record when a PIXm Query Transaction happens, as recorded by the Patient Identifier Cross-reference Consumer.&#xD;&#xA;- Query event for ITI-83&#xD;&#xA;- shall have the source as itself&#xD;&#xA;- shall have a destination&#xD;&#xA;- may have user, app, organization agent(s)&#xD;&#xA;- shall have a source patient identifier&#xD;&#xA;- shall have a the query parameters"/>
      <exampleBoolean value="false"/>
    </resource>
    <resource>
      <extension url="http://hl7.org/fhir/tools/StructureDefinition/resource-information">
        <valueString value="StructureDefinition:resource"/>
      </extension>
      <reference>
        <reference value="StructureDefinition/IHE.PIXm.Query.Audit.Manager"/>
      </reference>
      <name value="Audit Event for PIXm Query by the Manager"/>
      <description value="Defines constraints on the AuditEvent Resource to record when a PIXm Query Transaction happens, as recorded by the Patient Identifier Cross-reference Manager.&#xD;&#xA;- Query event for ITI-83&#xD;&#xA;- shall have the source as itself&#xD;&#xA;- shall have a destination&#xD;&#xA;- may have user, app, organization agent(s)&#xD;&#xA;- shall have a source patient identifier&#xD;&#xA;- shall have a the query parameters"/>
      <exampleBoolean value="false"/>
    </resource>
    <resource>
      <extension url="http://hl7.org/fhir/tools/StructureDefinition/resource-information">
        <valueString value="StructureDefinition:resource"/>
      </extension>
      <reference>
        <reference value="StructureDefinition/IHE.PIXm.Patient"/>
      </reference>
      <name value="PIXm Patient constraints for Feed"/>
      <description value="Profile for describing elements which have to be accepted by the Patient Identifier Cross-reference Manager for performing its cross-referencing function.&#xD;&#xA;- requiring name&#xD;&#xA;- mustSupport for identifier, name, telecom, gender birthDate, address and managingOrganization"/>
      <exampleBoolean value="false"/>
    </resource>
    <resource>
      <extension url="http://hl7.org/fhir/tools/StructureDefinition/resource-information">
        <valueString value="StructureDefinition:resource"/>
      </extension>
      <reference>
        <reference value="StructureDefinition/IHE.PIXm.Patient.BirthDateRequired"/>
      </reference>
      <name value="PIXm Patient Profile example for additional Manager constraints"/>
      <description value="Example Profile StructureDefinition for describing additional Patient resource constraints (requiring birthDate) by the Patient Identifier Cross-reference Manager for performing its cross-referencing function.&#xD;&#xA;- requiring name and birthDate&#xD;&#xA;- mustSupport for identifier, birthDate, name, telecom, gender birthDate, address and managingOrganization"/>
      <exampleBoolean value="false"/>
    </resource>
    <resource>
      <extension url="http://hl7.org/fhir/tools/StructureDefinition/resource-information">
        <valueString value="StructureDefinition:resource"/>
      </extension>
      <reference>
        <reference value="StructureDefinition/IHE.PIXm.Query.Parameters.In"/>
      </reference>
      <name value="IHE PIXm Query Parameters In"/>
      <description value="The StructureDefinition defines the Input Parameters for the $ihe-pix operation&#xD;&#xA;- Input: sourceIdentifier, targetSystem"/>
      <exampleBoolean value="false"/>
    </resource>
    <resource>
      <extension url="http://hl7.org/fhir/tools/StructureDefinition/resource-information">
        <valueString value="StructureDefinition:resource"/>
      </extension>
      <reference>
        <reference value="StructureDefinition/IHE.PIXm.Query.Parameters.Out"/>
      </reference>
      <name value="IHE PIXm Query Parameters Out"/>
      <description value="The StructureDefinition defines the Output Parameters for the $ihe-pix operation&#xD;&#xA;- Output: targetId, targetIdentifier"/>
      <exampleBoolean value="false"/>
    </resource>
    <resource>
      <extension url="http://hl7.org/fhir/tools/StructureDefinition/resource-information">
        <valueString value="AuditEvent"/>
      </extension>
      <reference>
        <reference value="AuditEvent/ex-auditPixmFeed-manager"/>
      </reference>
      <name value="Audit Example of ITI-104 at Manager"/>
      <description value="Audit Event for Patient Identity Feed FHIR Transaction ITI-104 by the Patient Identifier Cross-reference Manager"/>
      <exampleCanonical value="http://profiles.ihe.net/ITI/PIXm/StructureDefinition/IHE.PIXm.Feed.Audit.Manager"/>
    </resource>
    <resource>
      <extension url="http://hl7.org/fhir/tools/StructureDefinition/resource-information">
        <valueString value="AuditEvent"/>
      </extension>
      <reference>
        <reference value="AuditEvent/ex-auditPixmFeed-source"/>
      </reference>
      <name value="Audit Example of ITI-104 at Source"/>
      <description value="Audit Event for Patient Identity Feed FHIR Transaction ITI-104 by the Patient Identity Source"/>
      <exampleCanonical value="http://profiles.ihe.net/ITI/PIXm/StructureDefinition/IHE.PIXm.Feed.Audit.Source"/>
    </resource>
    <resource>
      <extension url="http://hl7.org/fhir/tools/StructureDefinition/resource-information">
        <valueString value="AuditEvent"/>
      </extension>
      <reference>
        <reference value="AuditEvent/ex-auditPixmQuery-consumer"/>
      </reference>
      <name value="Audit Example of ITI-83 at Consumer"/>
      <description value="Audit Event for PIXm Query Transaction ITI-83 by the Patient Identifier Cross-reference Consumer"/>
      <exampleCanonical value="http://profiles.ihe.net/ITI/PIXm/StructureDefinition/IHE.PIXm.Query.Audit.Consumer"/>
    </resource>
    <resource>
      <extension url="http://hl7.org/fhir/tools/StructureDefinition/resource-information">
        <valueString value="AuditEvent"/>
      </extension>
      <reference>
        <reference value="AuditEvent/ex-auditPixmQuery-manager"/>
      </reference>
      <name value="Audit Example of ITI-83 at Manager"/>
      <description value="Audit Event for PIXm Query Transaction ITI-83 by the Patient Identifier Cross-reference Manager"/>
      <exampleCanonical value="http://profiles.ihe.net/ITI/PIXm/StructureDefinition/IHE.PIXm.Query.Audit.Manager"/>
    </resource>
    <resource>
      <extension url="http://hl7.org/fhir/tools/StructureDefinition/resource-information">
        <valueString value="Device"/>
      </extension>
      <reference>
        <reference value="Device/ex-device"/>
      </reference>
      <name value="Dummy Device example"/>
      <description value="Dummy Device example for completeness sake. No actual use of this resource other than an example target"/>
      <exampleBoolean value="true"/>
    </resource>
    <resource>
      <extension url="http://hl7.org/fhir/tools/StructureDefinition/resource-information">
        <valueString value="CapabilityStatement"/>
      </extension>
      <reference>
        <reference value="CapabilityStatement/IHE.PIXm.Consumer"/>
      </reference>
      <name value="IHE ITI Patient Identifier Cross-referencing for mobile (PIXm) - Consumer (client)"/>
      <description value="The Patient Identifier Cross-reference Consumer Actor CapabililtyStatement expresses the requirements that can be utilized while being compliant.&#xD;&#xA;- using FHIR R4&#xD;&#xA;- using json or xml encoding&#xD;&#xA;- query the $ihe-pix operation"/>
      <exampleBoolean value="false"/>
    </resource>
    <resource>
      <extension url="http://hl7.org/fhir/tools/StructureDefinition/resource-information">
        <valueString value="CapabilityStatement"/>
      </extension>
      <reference>
        <reference value="CapabilityStatement/IHE.PIXm.Manager"/>
      </reference>
      <name value="IHE ITI Patient Identifier Cross-referencing for mobile (PIXm) - Manager (server)"/>
      <description value="The Patient Identifier Cross-reference Manager CapabililtyStatement expresses the requirements that shall be provided.&#xD;&#xA;- using FHIR R4&#xD;&#xA;- using json and xml encoding&#xD;&#xA;- support the $ihe-pix operation&#xD;&#xA;- support conditional update for [ITI-104]&#xD;&#xA;- support conditional delete for [ITI-104] if Remove Patient Option is supported&#xD;&#xA;- should use a security framework. Recommend IHE-IUA or SMART-on-FHIR"/>
      <exampleBoolean value="false"/>
    </resource>
    <resource>
      <extension url="http://hl7.org/fhir/tools/StructureDefinition/resource-information">
        <valueString value="CapabilityStatement"/>
      </extension>
      <reference>
        <reference value="CapabilityStatement/IHE.PIXm.Source"/>
      </reference>
      <name value="IHE ITI Patient Identifier Cross-referencing for mobile (PIXm) - Source (client)"/>
      <description value="The Patient Identity Source Actor CapabililtyStatement expresses the requirements that can be utilized while being compliant.&#xD;&#xA;- using FHIR R4&#xD;&#xA;- using json or xml encoding&#xD;&#xA;- using conditional update for [ITI-104]&#xD;&#xA;- using conditional delete for [ITI-104] if Remove Patient Option is supported&#xD;&#xA;- provide supported Patient profile for crosss-referencing for [ITI-104]"/>
      <exampleBoolean value="false"/>
    </resource>
    <resource>
      <extension url="http://hl7.org/fhir/tools/StructureDefinition/resource-information">
        <valueString value="OperationDefinition"/>
      </extension>
      <reference>
        <reference value="OperationDefinition/IHE.PIXm.pix"/>
      </reference>
      <name value="Get Corresponding Identifiers Operation"/>
      <description value="The OperationDefinition defines the In and Output Parameters for the $ihe-pix operation&#xD;&#xA;- Input: sourceIdentifier, targetSystem and _format&#xD;&#xA;- Opuut: targetIdentifier, targetId"/>
      <exampleBoolean value="false"/>
    </resource>
    <resource>
      <extension url="http://hl7.org/fhir/tools/StructureDefinition/resource-information">
        <valueString value="Patient"/>
      </extension>
      <reference>
        <reference value="Patient/Patient-MaidenAlice-Red"/>
      </reference>
      <name value="Patient Maiden Alice (Red)"/>
      <description value="Patient Maiden Alice in Red Domain"/>
      <exampleBoolean value="true"/>
    </resource>
    <resource>
      <extension url="http://hl7.org/fhir/tools/StructureDefinition/resource-information">
        <valueString value="Patient"/>
      </extension>
      <reference>
        <reference value="Patient/Patient-MohrAlice-Blue"/>
      </reference>
      <name value="Patient Alice Mohr (Blue)"/>
      <description value="Patient Mohr Alice in Blue Domain"/>
      <exampleBoolean value="true"/>
    </resource>
    <resource>
      <extension url="http://hl7.org/fhir/tools/StructureDefinition/resource-information">
        <valueString value="Patient"/>
      </extension>
      <reference>
        <reference value="Patient/Patient-MohrAlice-Green"/>
      </reference>
      <name value="Patient Alice Mohr (Green)"/>
      <description value="Patient Mohr Alice in Green Domain"/>
      <exampleBoolean value="true"/>
    </resource>
    <resource>
      <extension url="http://hl7.org/fhir/tools/StructureDefinition/resource-information">
        <valueString value="Patient"/>
      </extension>
      <reference>
        <reference value="Patient/Patient-MohrAlice-Red"/>
      </reference>
      <name value="Patient Alice Mohr (Red)"/>
      <description value="Patient Mohr Alice in Red Domain"/>
      <exampleBoolean value="true"/>
    </resource>
    <resource>
      <extension url="http://hl7.org/fhir/tools/StructureDefinition/resource-information">
        <valueString value="Patient"/>
      </extension>
      <reference>
        <reference value="Patient/Patient-MohrAlice"/>
      </reference>
      <name value="Patient Alice Mohr"/>
      <description value="Patient Mohr Alice with all domain identifiers, note: this is just a consolidated identifier example will all identifiers from all the domains equivalent to a golden patient, however a golden patient is not the scope of PIXm, see the IHE PMIR profile"/>
      <exampleBoolean value="true"/>
    </resource>
    <resource>
      <extension url="http://hl7.org/fhir/tools/StructureDefinition/resource-information">
        <valueString value="Patient"/>
      </extension>
      <reference>
        <reference value="Patient/Patient-MohrAlissa-Red"/>
      </reference>
      <name value="Patient Alissa Mohr (Red)"/>
      <description value="Patient Mohr Alisa in Red Domain"/>
      <exampleBoolean value="true"/>
    </resource>
    <resource>
      <extension url="http://hl7.org/fhir/tools/StructureDefinition/resource-information">
        <valueString value="Patient"/>
      </extension>
      <reference>
        <reference value="Patient/Patient-MohrMaidenResolvedByMohrMalice-Red"/>
      </reference>
      <name value="Patient Mohr Maiden Resolved by Mohr Alice (Red)"/>
      <description value="Patient Mohr Maiden (Duplicate) Resolved by Mohr Alice Red Domain"/>
      <exampleBoolean value="true"/>
    </resource>
    <resource>
      <extension url="http://hl7.org/fhir/tools/StructureDefinition/resource-information">
        <valueString value="Parameters"/>
      </extension>
      <reference>
        <reference value="Parameters/pixm-request-mohralice-red-all"/>
      </reference>
      <name value="PIXm Query with source identifier"/>
      <description value="PIXm Query for Patient with source identifier in RED domain for Mohr Alice"/>
      <exampleBoolean value="true"/>
    </resource>
    <resource>
      <extension url="http://hl7.org/fhir/tools/StructureDefinition/resource-information">
        <valueString value="Parameters"/>
      </extension>
      <reference>
        <reference value="Parameters/pixm-request-mohralice-red-to-blue"/>
      </reference>
      <name value="PIXm Query with source identifier and target system"/>
      <description value="PIXm Query for Patient with source identifier in RED domain and query for BLUE domain for Mohr Alice"/>
      <exampleBoolean value="true"/>
    </resource>
    <resource>
      <extension url="http://hl7.org/fhir/tools/StructureDefinition/resource-information">
        <valueString value="Parameters"/>
      </extension>
      <reference>
        <reference value="Parameters/pixm-response-error-not-found"/>
      </reference>
      <name value="PIXm Query Response error message"/>
      <description value="Error source identifier not found"/>
      <exampleBoolean value="true"/>
    </resource>
    <resource>
      <extension url="http://hl7.org/fhir/tools/StructureDefinition/resource-information">
        <valueString value="Parameters"/>
      </extension>
      <reference>
        <reference value="Parameters/pixm-response-mohralice-red-all"/>
      </reference>
      <name value="PIXm Query Response for source identifier"/>
      <description value="PIXm Query Response for Patient with source identifier in RED domain for Mohr Alice"/>
      <exampleBoolean value="true"/>
    </resource>
    <resource>
      <extension url="http://hl7.org/fhir/tools/StructureDefinition/resource-information">
        <valueString value="Parameters"/>
      </extension>
      <reference>
        <reference value="Parameters/pixm-response-mohralice-red-to-blue"/>
      </reference>
      <name value="PIXm Query Response for source identifier and target system specified"/>
      <description value="PIXm Query Response for Patient with source identifier in RED domain and query for BLUE domain for Mohr Alice"/>
      <exampleBoolean value="true"/>
    </resource>
    <page>
      <nameUrl value="toc.html"/>
      <title value="Table of Contents"/>
      <generation value="html"/>
      <page>
        <nameUrl value="index.html"/>
        <title value="1:41. PIXm Home"/>
        <generation value="markdown"/>
      </page>
      <page>
        <nameUrl value="volume-1.html"/>
        <title value="Volume 1:41"/>
        <generation value="markdown"/>
      </page>
      <page>
        <nameUrl value="ITI-83.html"/>
        <title value="2:3.83 Patient Identity Cross-reference Query [ITI-83]"/>
        <generation value="markdown"/>
      </page>
      <page>
        <nameUrl value="ITI-104.html"/>
        <title value="2:3:104 Patient Identity Feed FHIR [ITI-104]"/>
        <generation value="markdown"/>
      </page>
      <page>
        <nameUrl value="5_testplan.html"/>
        <title value="Test Plan"/>
        <generation value="markdown"/>
      </page>
      <page>
        <nameUrl value="a_issues.html"/>
        <title value="Issues"/>
        <generation value="markdown"/>
      </page>
      <page>
        <nameUrl value="other.html"/>
        <title value="Other"/>
        <generation value="markdown"/>
      </page>
    </page>
    <parameter>
      <code value="path-resource"/>
      <value value="input/resources"/>
    </parameter>
    <parameter>
      <code value="path-resource"/>
      <value value="fsh-generated/resources"/>
    </parameter>
    <parameter>
      <code value="path-resource"/>
      <value value="input/examples"/>
    </parameter>
    <parameter>
      <code value="path-resource"/>
      <value value="input/capabilities"/>
    </parameter>
    <parameter>
      <code value="path-resource"/>
      <value value="input/extensions"/>
    </parameter>
    <parameter>
      <code value="path-resource"/>
      <value value="input/models"/>
    </parameter>
    <parameter>
      <code value="path-resource"/>
      <value value="input/operations"/>
    </parameter>
    <parameter>
      <code value="path-resource"/>
      <value value="input/profiles"/>
    </parameter>
    <parameter>
      <code value="path-resource"/>
      <value value="input/vocabulary"/>
    </parameter>
    <parameter>
      <code value="path-resource"/>
      <value value="input/testing"/>
    </parameter>
    <parameter>
      <code value="path-resource"/>
      <value value="input/history"/>
    </parameter>
    <parameter>
      <code value="path-pages"/>
      <value value="template/config"/>
    </parameter>
    <parameter>
      <code value="path-pages"/>
      <value value="input/images"/>
    </parameter>
    <parameter>
      <code value="path-tx-cache"/>
      <value value="input-cache/txcache"/>
    </parameter>
  </definition>
</ImplementationGuide>