{
  "resourceType" : "ValueSet",
  "id" : "255fc8e0-1e42-4a21-a3bd-9c2fe9d2acff-21",
  "url" : "http://hl7.org/fhir/comparison/ValueSet/255fc8e0-1e42-4a21-a3bd-9c2fe9d2acff-21",
  "name" : "IntersectionIHE_ITI_Sched_Status_Reason_CodesAndIHE_ITI_Sched_Status_Reason_Codes",
  "title" : "Intersection of IHE ITI Sched Status Reason Codes And IHE ITI Sched Status Reason Codes",
  "status" : "active",
  "date" : "2024-12-12T08:26:39-06:00",
  "jurisdiction" : [{
    "coding" : [{
      "system" : "http://unstats.un.org/unsd/methods/m49/m49.htm",
      "code" : "001"
    }]
  }]
}