URL,Version,Status,OIDs,Name,Title,Descriptino,Uses,Used,Sources
http://terminology.hl7.org/ValueSet/v3-PurposeOfUse,3.1.0,active,"2.16.840.1.113883.1.11.20448",PurposeOfUse,PurposeOfUse,"Supports communication of purpose of use at a general level.","StructureDefinition/IHE.mCSD.PurposeOfUse","THO (V3)"
http://terminology.hl7.org/ValueSet/v3-ServiceDeliveryLocationRoleType,3.0.0,active,"2.16.840.1.113883.1.11.17660",ServiceDeliveryLocationRoleType,ServiceDeliveryLocationRoleType,"A role of a place that further classifies the setting (e.g., accident site, road side, work site, community location) in which services are delivered.","StructureDefinition/IHE.mCSD.FacilityLocation","THO (V3)"
https://profiles.ihe.net/ITI/mCSD/ValueSet/IHE.mCSD.Organization.Location.Types,4.0.0,active,,MCSDOrganizationLocationTypeValueSet,mCSD Types for Organizations and Locations,"mCSD Types for specialized Organization and Location resources.",,"Internal"
https://profiles.ihe.net/ITI/mCSD/ValueSet/MCSDEndpointIdentifierTypeValueSet,4.0.0,active,,MCSDEndpointIdentifierTypeValueSet,mCSD Type codes for Endpoint.identifier,"mCSD Type codes for specific business identifiers for Endpoint resources.",,"Internal"
https://profiles.ihe.net/ITI/mCSD/ValueSet/MCSDEndpointTypesCoreDocShareVS,4.0.0,active,,MCSDEndpointTypesCoreDocShareVS,mCSD Endpoint Core Document Sharing Types ValueSet,"ValueSet of the Core Document Sharing Endpoint types allowed","StructureDefinition/IHE.mCSD.Endpoint.DocShare","Internal"
https://profiles.ihe.net/ITI/mCSD/ValueSet/MCSDEndpointTypesVS,4.0.0,active,,MCSDEndpointTypesVS,mCSD Endpoint Types ValueSet,"ValueSet of the Endpoint types allowed","StructureDefinition/ihe-endpointspecifictype","Internal"
https://profiles.ihe.net/ITI/mCSD/ValueSet/MCSDOrgAffTypesVS,4.0.0,active,,MCSDOrgAffTypesVS,mCSD Organization Affiliation Types ValueSet,"ValueSet of Organization Affiliation types allowed",,"hl7.fhir.r4.core"
https://profiles.ihe.net/ITI/mCSD/ValueSet/MCSDOrgDocSharingAffTypesVS,4.0.0,active,,MCSDOrgDocSharingAffTypesVS,mCSD Organization Affiliation Types for Document Sharing Networks ValueSet,"ValueSet of Organization Affiliation types to be used in Document Sharing networks","ValueSet/MCSDOrgAffTypesVS,StructureDefinition/IHE.mCSD.OrganizationAffiliation.DocShare","THO"
https://profiles.ihe.net/ITI/mCSD/ValueSet/MCSDOrganizationIdentifierTypeValueSet,4.0.0,active,,MCSDOrganizationIdentifierTypeValueSet,mCSD Type codes for Organization.identifier,"mCSD Type codes for specific business identifiers for Organization resources.",,"Internal"
https://profiles.ihe.net/ITI/mCSD/ValueSet/restricted-http-verb-vs,4.0.0,active,,RestrictedHTTPVerbVS,Restricted HTTP Verb Value Set,"Value set for allowed HTTP verbs, excluding GET operations.","StructureDefinition/IHE.mCSD.ProcessCareServices","hl7.fhir.r4.core"
