{
  "resourceType" : "Bundle",
  "id" : "bc1f698e-4ef3-403d-8202-849bdf3bcba6",
  "meta" : {
    "lastUpdated" : "2025-03-12T10:59:00.185-05:00"
  },
  "type" : "collection",
  "entry" : [{
    "fullUrl" : "https://profiles.ihe.net/ITI/mCSD/ValueSet/IHE.mCSD.Organization.Location.Types",
    "resource" : {
      "resourceType" : "ValueSet",
      "text" : {
        "status" : "generated",
        "div" : "<div xmlns=\"http://www.w3.org/1999/xhtml\"><p class=\"res-header-id\"><b>ValueSet </b></p><p style=\"border: black 1px dotted; background-color: #EEEEEE; padding: 8px; margin-bottom: 8px\">Expansion performed internally based on <a href=\"CodeSystem-IHE.mCSD.Organization.Location.Types.html\">codesystem mCSD Type codes for Organizations and Locations v4.0.0-comment (CodeSystem)</a></p><p>This value set contains 2 concepts</p><table class=\"codes\"><tr><td style=\"white-space:nowrap\"><b>Code</b></td><td><b>System</b></td><td><b>Display (en-US)</b></td></tr><tr><td style=\"white-space:nowrap\"><a name=\"x-https://profiles.ihe.net/ITI/mCSD/CodeSystem/IHE.mCSD.Organization.Location.Types-facility\"> </a>\u00a0\u00a0<a href=\"CodeSystem-IHE.mCSD.Organization.Location.Types.html#IHE.mCSD.Organization.Location.Types-facility\">facility</a></td><td>https://profiles.ihe.net/ITI/mCSD/CodeSystem/IHE.mCSD.Organization.Location.Types</td><td/></tr><tr><td style=\"white-space:nowrap\"><a name=\"x-https://profiles.ihe.net/ITI/mCSD/CodeSystem/IHE.mCSD.Organization.Location.Types-jurisdiction\"> </a>\u00a0\u00a0<a href=\"CodeSystem-IHE.mCSD.Organization.Location.Types.html#IHE.mCSD.Organization.Location.Types-jurisdiction\">jurisdiction</a></td><td>https://profiles.ihe.net/ITI/mCSD/CodeSystem/IHE.mCSD.Organization.Location.Types</td><td/></tr></table></div>"
      },
      "url" : "https://profiles.ihe.net/ITI/mCSD/ValueSet/IHE.mCSD.Organization.Location.Types",
      "version" : "4.0.0-comment",
      "name" : "MCSDOrganizationLocationTypeValueSet",
      "title" : "mCSD Types for Organizations and Locations",
      "status" : "active",
      "experimental" : false,
      "date" : "2025-03-12T10:57:46-05:00",
      "jurisdiction" : [{
        "coding" : [{
          "system" : "http://unstats.un.org/unsd/methods/m49/m49.htm",
          "code" : "001"
        }]
      }],
      "expansion" : {
        "identifier" : "urn:uuid:ee65b828-5189-4074-ba73-6117387cff4c",
        "timestamp" : "2025-03-12T11:00:37-05:00",
        "total" : 2,
        "offset" : 0,
        "parameter" : [{
          "name" : "displayLanguage",
          "valueCode" : "en-US"
        },
        {
          "name" : "count",
          "valueInteger" : 1000
        },
        {
          "name" : "offset",
          "valueInteger" : 0
        },
        {
          "name" : "excludeNested",
          "valueBoolean" : false
        },
        {
          "name" : "used-codesystem",
          "valueUri" : "https://profiles.ihe.net/ITI/mCSD/CodeSystem/IHE.mCSD.Organization.Location.Types|4.0.0-comment"
        }],
        "contains" : [{
          "system" : "https://profiles.ihe.net/ITI/mCSD/CodeSystem/IHE.mCSD.Organization.Location.Types",
          "code" : "facility"
        },
        {
          "system" : "https://profiles.ihe.net/ITI/mCSD/CodeSystem/IHE.mCSD.Organization.Location.Types",
          "code" : "jurisdiction"
        }]
      }
    }
  },
  {
    "fullUrl" : "https://profiles.ihe.net/ITI/mCSD/ValueSet/MCSDEndpointIdentifierTypeValueSet",
    "resource" : {
      "resourceType" : "ValueSet",
      "text" : {
        "status" : "generated",
        "div" : "<div xmlns=\"http://www.w3.org/1999/xhtml\"><p class=\"res-header-id\"><b>ValueSet </b></p><p style=\"border: black 1px dotted; background-color: #EEEEEE; padding: 8px; margin-bottom: 8px\">Expansion performed internally based on <a href=\"CodeSystem-MCSDEndpointIdentifierTypes.html\">codesystem mCSD Type codes for Endpoint.identifier v4.0.0-comment (CodeSystem)</a></p><p>This value set contains 2 concepts</p><table class=\"codes\"><tr><td style=\"white-space:nowrap\"><b>Code</b></td><td><b>System</b></td><td><b>Display (en-US)</b></td></tr><tr><td style=\"white-space:nowrap\"><a name=\"x-https://profiles.ihe.net/ITI/mCSD/CodeSystem/MCSDEndpointIdentifierTypes-HCID\"> </a>\u00a0\u00a0<a href=\"CodeSystem-MCSDEndpointIdentifierTypes.html#MCSDEndpointIdentifierTypes-HCID\">HCID</a></td><td>https://profiles.ihe.net/ITI/mCSD/CodeSystem/MCSDEndpointIdentifierTypes</td><td/></tr><tr><td style=\"white-space:nowrap\"><a name=\"x-https://profiles.ihe.net/ITI/mCSD/CodeSystem/MCSDEndpointIdentifierTypes-DocRepoId\"> </a>\u00a0\u00a0<a href=\"CodeSystem-MCSDEndpointIdentifierTypes.html#MCSDEndpointIdentifierTypes-DocRepoId\">DocRepoId</a></td><td>https://profiles.ihe.net/ITI/mCSD/CodeSystem/MCSDEndpointIdentifierTypes</td><td/></tr></table></div>"
      },
      "url" : "https://profiles.ihe.net/ITI/mCSD/ValueSet/MCSDEndpointIdentifierTypeValueSet",
      "version" : "4.0.0-comment",
      "name" : "MCSDEndpointIdentifierTypeValueSet",
      "title" : "mCSD Type codes for Endpoint.identifier",
      "status" : "active",
      "experimental" : false,
      "date" : "2025-03-12T10:57:46-05:00",
      "jurisdiction" : [{
        "coding" : [{
          "system" : "http://unstats.un.org/unsd/methods/m49/m49.htm",
          "code" : "001"
        }]
      }],
      "expansion" : {
        "identifier" : "urn:uuid:afc0891d-ea4d-4b20-a99f-6444514ebb82",
        "timestamp" : "2025-03-12T11:00:37-05:00",
        "total" : 2,
        "offset" : 0,
        "parameter" : [{
          "name" : "displayLanguage",
          "valueCode" : "en-US"
        },
        {
          "name" : "count",
          "valueInteger" : 1000
        },
        {
          "name" : "offset",
          "valueInteger" : 0
        },
        {
          "name" : "excludeNested",
          "valueBoolean" : false
        },
        {
          "name" : "used-codesystem",
          "valueUri" : "https://profiles.ihe.net/ITI/mCSD/CodeSystem/MCSDEndpointIdentifierTypes|4.0.0-comment"
        }],
        "contains" : [{
          "system" : "https://profiles.ihe.net/ITI/mCSD/CodeSystem/MCSDEndpointIdentifierTypes",
          "code" : "HCID"
        },
        {
          "system" : "https://profiles.ihe.net/ITI/mCSD/CodeSystem/MCSDEndpointIdentifierTypes",
          "code" : "DocRepoId"
        }]
      }
    }
  },
  {
    "fullUrl" : "https://profiles.ihe.net/ITI/mCSD/ValueSet/MCSDEndpointTypesCoreDocShareVS",
    "resource" : {
      "resourceType" : "ValueSet",
      "text" : {
        "status" : "generated",
        "div" : "<div xmlns=\"http://www.w3.org/1999/xhtml\"><p class=\"res-header-id\"><b>ValueSet </b></p><p style=\"border: black 1px dotted; background-color: #EEEEEE; padding: 8px; margin-bottom: 8px\">Expansion performed internally based on <a href=\"CodeSystem-MCSDEndpointTypes.html\">codesystem mCSD Endpoint Types v4.0.0-comment (CodeSystem)</a></p><p>This value set contains 7 concepts</p><table class=\"codes\"><tr><td style=\"white-space:nowrap\"><b>Code</b></td><td><b>System</b></td><td><b>Display (en-US)</b></td></tr><tr><td style=\"white-space:nowrap\"><a name=\"x-https://profiles.ihe.net/ITI/mCSD/CodeSystem/MCSDEndpointTypes-ihe-xcpd\"> </a>\u00a0\u00a0<a href=\"CodeSystem-MCSDEndpointTypes.html#MCSDEndpointTypes-ihe-xcpd\">ihe-xcpd</a></td><td>https://profiles.ihe.net/ITI/mCSD/CodeSystem/MCSDEndpointTypes</td><td/></tr><tr><td style=\"white-space:nowrap\"><a name=\"x-https://profiles.ihe.net/ITI/mCSD/CodeSystem/MCSDEndpointTypes-ihe-xca\"> </a>\u00a0\u00a0<a href=\"CodeSystem-MCSDEndpointTypes.html#MCSDEndpointTypes-ihe-xca\">ihe-xca</a></td><td>https://profiles.ihe.net/ITI/mCSD/CodeSystem/MCSDEndpointTypes</td><td/></tr><tr><td style=\"white-space:nowrap\"><a name=\"x-https://profiles.ihe.net/ITI/mCSD/CodeSystem/MCSDEndpointTypes-ihe-xds\"> </a>\u00a0\u00a0<a href=\"CodeSystem-MCSDEndpointTypes.html#MCSDEndpointTypes-ihe-xds\">ihe-xds</a></td><td>https://profiles.ihe.net/ITI/mCSD/CodeSystem/MCSDEndpointTypes</td><td/></tr><tr><td style=\"white-space:nowrap\"><a name=\"x-https://profiles.ihe.net/ITI/mCSD/CodeSystem/MCSDEndpointTypes-ihe-xdr\"> </a>\u00a0\u00a0<a href=\"CodeSystem-MCSDEndpointTypes.html#MCSDEndpointTypes-ihe-xdr\">ihe-xdr</a></td><td>https://profiles.ihe.net/ITI/mCSD/CodeSystem/MCSDEndpointTypes</td><td/></tr><tr><td style=\"white-space:nowrap\"><a name=\"x-https://profiles.ihe.net/ITI/mCSD/CodeSystem/MCSDEndpointTypes-ihe-pdq\"> </a>\u00a0\u00a0<a href=\"CodeSystem-MCSDEndpointTypes.html#MCSDEndpointTypes-ihe-pdq\">ihe-pdq</a></td><td>https://profiles.ihe.net/ITI/mCSD/CodeSystem/MCSDEndpointTypes</td><td/></tr><tr><td style=\"white-space:nowrap\"><a name=\"x-https://profiles.ihe.net/ITI/mCSD/CodeSystem/MCSDEndpointTypes-ihe-pix\"> </a>\u00a0\u00a0<a href=\"CodeSystem-MCSDEndpointTypes.html#MCSDEndpointTypes-ihe-pix\">ihe-pix</a></td><td>https://profiles.ihe.net/ITI/mCSD/CodeSystem/MCSDEndpointTypes</td><td/></tr><tr><td style=\"white-space:nowrap\"><a name=\"x-https://profiles.ihe.net/ITI/mCSD/CodeSystem/MCSDEndpointTypes-ihe-mhd\"> </a>\u00a0\u00a0<a href=\"CodeSystem-MCSDEndpointTypes.html#MCSDEndpointTypes-ihe-mhd\">ihe-mhd</a></td><td>https://profiles.ihe.net/ITI/mCSD/CodeSystem/MCSDEndpointTypes</td><td/></tr></table></div>"
      },
      "url" : "https://profiles.ihe.net/ITI/mCSD/ValueSet/MCSDEndpointTypesCoreDocShareVS",
      "version" : "4.0.0-comment",
      "name" : "MCSDEndpointTypesCoreDocShareVS",
      "title" : "mCSD Endpoint Core Document Sharing Types ValueSet",
      "status" : "active",
      "experimental" : false,
      "date" : "2025-03-12T10:57:46-05:00",
      "jurisdiction" : [{
        "coding" : [{
          "system" : "http://unstats.un.org/unsd/methods/m49/m49.htm",
          "code" : "001"
        }]
      }],
      "expansion" : {
        "identifier" : "urn:uuid:d4e21186-6a0e-40d3-b1ba-a4e5bb03e70d",
        "timestamp" : "2025-03-12T11:00:37-05:00",
        "total" : 7,
        "offset" : 0,
        "parameter" : [{
          "name" : "displayLanguage",
          "valueCode" : "en-US"
        },
        {
          "name" : "count",
          "valueInteger" : 1000
        },
        {
          "name" : "offset",
          "valueInteger" : 0
        },
        {
          "name" : "excludeNested",
          "valueBoolean" : false
        },
        {
          "name" : "used-codesystem",
          "valueUri" : "https://profiles.ihe.net/ITI/mCSD/CodeSystem/MCSDEndpointTypes|4.0.0-comment"
        }],
        "contains" : [{
          "system" : "https://profiles.ihe.net/ITI/mCSD/CodeSystem/MCSDEndpointTypes",
          "code" : "ihe-xcpd"
        },
        {
          "system" : "https://profiles.ihe.net/ITI/mCSD/CodeSystem/MCSDEndpointTypes",
          "code" : "ihe-xca"
        },
        {
          "system" : "https://profiles.ihe.net/ITI/mCSD/CodeSystem/MCSDEndpointTypes",
          "code" : "ihe-xds"
        },
        {
          "system" : "https://profiles.ihe.net/ITI/mCSD/CodeSystem/MCSDEndpointTypes",
          "code" : "ihe-xdr"
        },
        {
          "system" : "https://profiles.ihe.net/ITI/mCSD/CodeSystem/MCSDEndpointTypes",
          "code" : "ihe-pdq"
        },
        {
          "system" : "https://profiles.ihe.net/ITI/mCSD/CodeSystem/MCSDEndpointTypes",
          "code" : "ihe-pix"
        },
        {
          "system" : "https://profiles.ihe.net/ITI/mCSD/CodeSystem/MCSDEndpointTypes",
          "code" : "ihe-mhd"
        }]
      }
    }
  },
  {
    "fullUrl" : "https://profiles.ihe.net/ITI/mCSD/ValueSet/MCSDEndpointTypesVS",
    "resource" : {
      "resourceType" : "ValueSet",
      "text" : {
        "status" : "generated",
        "div" : "<div xmlns=\"http://www.w3.org/1999/xhtml\"><p class=\"res-header-id\"><b>ValueSet </b></p><p style=\"border: black 1px dotted; background-color: #EEEEEE; padding: 8px; margin-bottom: 8px\">Expansion performed internally based on <a href=\"CodeSystem-MCSDEndpointTypes.html\">codesystem mCSD Endpoint Types v4.0.0-comment (CodeSystem)</a></p><p>This value set contains 47 concepts</p><table class=\"codes\"><tr><td><b>Level</b></td><td style=\"white-space:nowrap\"><b>Code</b></td><td><b>System</b></td><td><b>Display (en-US)</b></td></tr><tr><td><a name=\"x-https://profiles.ihe.net/ITI/mCSD/CodeSystem/MCSDEndpointTypes-ihe-xca\"> </a>1</td><td style=\"white-space:nowrap\">\u00a0\u00a0<a href=\"CodeSystem-MCSDEndpointTypes.html#MCSDEndpointTypes-ihe-xca\">ihe-xca</a></td><td>https://profiles.ihe.net/ITI/mCSD/CodeSystem/MCSDEndpointTypes</td><td/></tr><tr><td><a name=\"x-https://profiles.ihe.net/ITI/mCSD/CodeSystem/MCSDEndpointTypes-XCA-InitGateway-Query\"> </a>2</td><td style=\"white-space:nowrap\">\u00a0\u00a0\u00a0\u00a0<a href=\"CodeSystem-MCSDEndpointTypes.html#MCSDEndpointTypes-XCA-InitGateway-Query\">XCA-InitGateway-Query</a></td><td>https://profiles.ihe.net/ITI/mCSD/CodeSystem/MCSDEndpointTypes</td><td/></tr><tr><td><a name=\"x-https://profiles.ihe.net/ITI/mCSD/CodeSystem/MCSDEndpointTypes-XCA-InitGateway-Retrieve\"> </a>2</td><td style=\"white-space:nowrap\">\u00a0\u00a0\u00a0\u00a0<a href=\"CodeSystem-MCSDEndpointTypes.html#MCSDEndpointTypes-XCA-InitGateway-Retrieve\">XCA-InitGateway-Retrieve</a></td><td>https://profiles.ihe.net/ITI/mCSD/CodeSystem/MCSDEndpointTypes</td><td/></tr><tr><td><a name=\"x-https://profiles.ihe.net/ITI/mCSD/CodeSystem/MCSDEndpointTypes-XCA-InitGateway-Query-Async\"> </a>2</td><td style=\"white-space:nowrap\">\u00a0\u00a0\u00a0\u00a0<a href=\"CodeSystem-MCSDEndpointTypes.html#MCSDEndpointTypes-XCA-InitGateway-Query-Async\">XCA-InitGateway-Query-Async</a></td><td>https://profiles.ihe.net/ITI/mCSD/CodeSystem/MCSDEndpointTypes</td><td/></tr><tr><td><a name=\"x-https://profiles.ihe.net/ITI/mCSD/CodeSystem/MCSDEndpointTypes-XCA-InitGateway-Retrieve-Async\"> </a>2</td><td style=\"white-space:nowrap\">\u00a0\u00a0\u00a0\u00a0<a href=\"CodeSystem-MCSDEndpointTypes.html#MCSDEndpointTypes-XCA-InitGateway-Retrieve-Async\">XCA-InitGateway-Retrieve-Async</a></td><td>https://profiles.ihe.net/ITI/mCSD/CodeSystem/MCSDEndpointTypes</td><td/></tr><tr><td><a name=\"x-https://profiles.ihe.net/ITI/mCSD/CodeSystem/MCSDEndpointTypes-XCA-InitGateway-Query-AsyncResponse\"> </a>2</td><td style=\"white-space:nowrap\">\u00a0\u00a0\u00a0\u00a0<a href=\"CodeSystem-MCSDEndpointTypes.html#MCSDEndpointTypes-XCA-InitGateway-Query-AsyncResponse\">XCA-InitGateway-Query-AsyncResponse</a></td><td>https://profiles.ihe.net/ITI/mCSD/CodeSystem/MCSDEndpointTypes</td><td/></tr><tr><td><a name=\"x-https://profiles.ihe.net/ITI/mCSD/CodeSystem/MCSDEndpointTypes-XCA-InitGateway-Retrieve-AsyncResponse\"> </a>2</td><td style=\"white-space:nowrap\">\u00a0\u00a0\u00a0\u00a0<a href=\"CodeSystem-MCSDEndpointTypes.html#MCSDEndpointTypes-XCA-InitGateway-Retrieve-AsyncResponse\">XCA-InitGateway-Retrieve-AsyncResponse</a></td><td>https://profiles.ihe.net/ITI/mCSD/CodeSystem/MCSDEndpointTypes</td><td/></tr><tr><td><a name=\"x-https://profiles.ihe.net/ITI/mCSD/CodeSystem/MCSDEndpointTypes-XCA-RespGateway-Query\"> </a>2</td><td style=\"white-space:nowrap\">\u00a0\u00a0\u00a0\u00a0<a href=\"CodeSystem-MCSDEndpointTypes.html#MCSDEndpointTypes-XCA-RespGateway-Query\">XCA-RespGateway-Query</a></td><td>https://profiles.ihe.net/ITI/mCSD/CodeSystem/MCSDEndpointTypes</td><td/></tr><tr><td><a name=\"x-https://profiles.ihe.net/ITI/mCSD/CodeSystem/MCSDEndpointTypes-XCA-RespGateway-Retrieve\"> </a>2</td><td style=\"white-space:nowrap\">\u00a0\u00a0\u00a0\u00a0<a href=\"CodeSystem-MCSDEndpointTypes.html#MCSDEndpointTypes-XCA-RespGateway-Retrieve\">XCA-RespGateway-Retrieve</a></td><td>https://profiles.ihe.net/ITI/mCSD/CodeSystem/MCSDEndpointTypes</td><td/></tr><tr><td><a name=\"x-https://profiles.ihe.net/ITI/mCSD/CodeSystem/MCSDEndpointTypes-XCA-RespGateway-Query-Async\"> </a>2</td><td style=\"white-space:nowrap\">\u00a0\u00a0\u00a0\u00a0<a href=\"CodeSystem-MCSDEndpointTypes.html#MCSDEndpointTypes-XCA-RespGateway-Query-Async\">XCA-RespGateway-Query-Async</a></td><td>https://profiles.ihe.net/ITI/mCSD/CodeSystem/MCSDEndpointTypes</td><td/></tr><tr><td><a name=\"x-https://profiles.ihe.net/ITI/mCSD/CodeSystem/MCSDEndpointTypes-XCA-RespGateway-Retrieve-Async\"> </a>2</td><td style=\"white-space:nowrap\">\u00a0\u00a0\u00a0\u00a0<a href=\"CodeSystem-MCSDEndpointTypes.html#MCSDEndpointTypes-XCA-RespGateway-Retrieve-Async\">XCA-RespGateway-Retrieve-Async</a></td><td>https://profiles.ihe.net/ITI/mCSD/CodeSystem/MCSDEndpointTypes</td><td/></tr><tr><td><a name=\"x-https://profiles.ihe.net/ITI/mCSD/CodeSystem/MCSDEndpointTypes-ihe-xcpd\"> </a>1</td><td style=\"white-space:nowrap\">\u00a0\u00a0<a href=\"CodeSystem-MCSDEndpointTypes.html#MCSDEndpointTypes-ihe-xcpd\">ihe-xcpd</a></td><td>https://profiles.ihe.net/ITI/mCSD/CodeSystem/MCSDEndpointTypes</td><td/></tr><tr><td><a name=\"x-https://profiles.ihe.net/ITI/mCSD/CodeSystem/MCSDEndpointTypes-XCPD-InitGateway-PatientDiscovery-AsyncResponse\"> </a>2</td><td style=\"white-space:nowrap\">\u00a0\u00a0\u00a0\u00a0<a href=\"CodeSystem-MCSDEndpointTypes.html#MCSDEndpointTypes-XCPD-InitGateway-PatientDiscovery-AsyncResponse\">XCPD-InitGateway-PatientDiscovery-AsyncResponse</a></td><td>https://profiles.ihe.net/ITI/mCSD/CodeSystem/MCSDEndpointTypes</td><td/></tr><tr><td><a name=\"x-https://profiles.ihe.net/ITI/mCSD/CodeSystem/MCSDEndpointTypes-XCPD-RespGateway-PatientDiscovery\"> </a>2</td><td style=\"white-space:nowrap\">\u00a0\u00a0\u00a0\u00a0<a href=\"CodeSystem-MCSDEndpointTypes.html#MCSDEndpointTypes-XCPD-RespGateway-PatientDiscovery\">XCPD-RespGateway-PatientDiscovery</a></td><td>https://profiles.ihe.net/ITI/mCSD/CodeSystem/MCSDEndpointTypes</td><td/></tr><tr><td><a name=\"x-https://profiles.ihe.net/ITI/mCSD/CodeSystem/MCSDEndpointTypes-XCPD-RespGateway-PatientDiscovery-Async\"> </a>2</td><td style=\"white-space:nowrap\">\u00a0\u00a0\u00a0\u00a0<a href=\"CodeSystem-MCSDEndpointTypes.html#MCSDEndpointTypes-XCPD-RespGateway-PatientDiscovery-Async\">XCPD-RespGateway-PatientDiscovery-Async</a></td><td>https://profiles.ihe.net/ITI/mCSD/CodeSystem/MCSDEndpointTypes</td><td/></tr><tr><td><a name=\"x-https://profiles.ihe.net/ITI/mCSD/CodeSystem/MCSDEndpointTypes-ihe-xds\"> </a>1</td><td style=\"white-space:nowrap\">\u00a0\u00a0<a href=\"CodeSystem-MCSDEndpointTypes.html#MCSDEndpointTypes-ihe-xds\">ihe-xds</a></td><td>https://profiles.ihe.net/ITI/mCSD/CodeSystem/MCSDEndpointTypes</td><td/></tr><tr><td><a name=\"x-https://profiles.ihe.net/ITI/mCSD/CodeSystem/MCSDEndpointTypes-XDS-Registry-Feed\"> </a>2</td><td style=\"white-space:nowrap\">\u00a0\u00a0\u00a0\u00a0<a href=\"CodeSystem-MCSDEndpointTypes.html#MCSDEndpointTypes-XDS-Registry-Feed\">XDS-Registry-Feed</a></td><td>https://profiles.ihe.net/ITI/mCSD/CodeSystem/MCSDEndpointTypes</td><td/></tr><tr><td><a name=\"x-https://profiles.ihe.net/ITI/mCSD/CodeSystem/MCSDEndpointTypes-XDS-Registry-Feed-v3\"> </a>2</td><td style=\"white-space:nowrap\">\u00a0\u00a0\u00a0\u00a0<a href=\"CodeSystem-MCSDEndpointTypes.html#MCSDEndpointTypes-XDS-Registry-Feed-v3\">XDS-Registry-Feed-v3</a></td><td>https://profiles.ihe.net/ITI/mCSD/CodeSystem/MCSDEndpointTypes</td><td/></tr><tr><td><a name=\"x-https://profiles.ihe.net/ITI/mCSD/CodeSystem/MCSDEndpointTypes-XDS-Registry-Register\"> </a>2</td><td style=\"white-space:nowrap\">\u00a0\u00a0\u00a0\u00a0<a href=\"CodeSystem-MCSDEndpointTypes.html#MCSDEndpointTypes-XDS-Registry-Register\">XDS-Registry-Register</a></td><td>https://profiles.ihe.net/ITI/mCSD/CodeSystem/MCSDEndpointTypes</td><td/></tr><tr><td><a name=\"x-https://profiles.ihe.net/ITI/mCSD/CodeSystem/MCSDEndpointTypes-XDS-Registry-Query\"> </a>2</td><td style=\"white-space:nowrap\">\u00a0\u00a0\u00a0\u00a0<a href=\"CodeSystem-MCSDEndpointTypes.html#MCSDEndpointTypes-XDS-Registry-Query\">XDS-Registry-Query</a></td><td>https://profiles.ihe.net/ITI/mCSD/CodeSystem/MCSDEndpointTypes</td><td/></tr><tr><td><a name=\"x-https://profiles.ihe.net/ITI/mCSD/CodeSystem/MCSDEndpointTypes-XDS-Registry-RegOnDemand\"> </a>2</td><td style=\"white-space:nowrap\">\u00a0\u00a0\u00a0\u00a0<a href=\"CodeSystem-MCSDEndpointTypes.html#MCSDEndpointTypes-XDS-Registry-RegOnDemand\">XDS-Registry-RegOnDemand</a></td><td>https://profiles.ihe.net/ITI/mCSD/CodeSystem/MCSDEndpointTypes</td><td/></tr><tr><td><a name=\"x-https://profiles.ihe.net/ITI/mCSD/CodeSystem/MCSDEndpointTypes-XDS-Registry-Register-Async\"> </a>2</td><td style=\"white-space:nowrap\">\u00a0\u00a0\u00a0\u00a0<a href=\"CodeSystem-MCSDEndpointTypes.html#MCSDEndpointTypes-XDS-Registry-Register-Async\">XDS-Registry-Register-Async</a></td><td>https://profiles.ihe.net/ITI/mCSD/CodeSystem/MCSDEndpointTypes</td><td/></tr><tr><td><a name=\"x-https://profiles.ihe.net/ITI/mCSD/CodeSystem/MCSDEndpointTypes-XDS-Registry-Query-Async\"> </a>2</td><td style=\"white-space:nowrap\">\u00a0\u00a0\u00a0\u00a0<a href=\"CodeSystem-MCSDEndpointTypes.html#MCSDEndpointTypes-XDS-Registry-Query-Async\">XDS-Registry-Query-Async</a></td><td>https://profiles.ihe.net/ITI/mCSD/CodeSystem/MCSDEndpointTypes</td><td/></tr><tr><td><a name=\"x-https://profiles.ihe.net/ITI/mCSD/CodeSystem/MCSDEndpointTypes-XDS-Registry-RegOnDemand-Async\"> </a>2</td><td style=\"white-space:nowrap\">\u00a0\u00a0\u00a0\u00a0<a href=\"CodeSystem-MCSDEndpointTypes.html#MCSDEndpointTypes-XDS-Registry-RegOnDemand-Async\">XDS-Registry-RegOnDemand-Async</a></td><td>https://profiles.ihe.net/ITI/mCSD/CodeSystem/MCSDEndpointTypes</td><td/></tr><tr><td><a name=\"x-https://profiles.ihe.net/ITI/mCSD/CodeSystem/MCSDEndpointTypes-XDS-Repository-ProvideReg\"> </a>2</td><td style=\"white-space:nowrap\">\u00a0\u00a0\u00a0\u00a0<a href=\"CodeSystem-MCSDEndpointTypes.html#MCSDEndpointTypes-XDS-Repository-ProvideReg\">XDS-Repository-ProvideReg</a></td><td>https://profiles.ihe.net/ITI/mCSD/CodeSystem/MCSDEndpointTypes</td><td/></tr><tr><td><a name=\"x-https://profiles.ihe.net/ITI/mCSD/CodeSystem/MCSDEndpointTypes-XDS-Repository-Retrieve\"> </a>2</td><td style=\"white-space:nowrap\">\u00a0\u00a0\u00a0\u00a0<a href=\"CodeSystem-MCSDEndpointTypes.html#MCSDEndpointTypes-XDS-Repository-Retrieve\">XDS-Repository-Retrieve</a></td><td>https://profiles.ihe.net/ITI/mCSD/CodeSystem/MCSDEndpointTypes</td><td/></tr><tr><td><a name=\"x-https://profiles.ihe.net/ITI/mCSD/CodeSystem/MCSDEndpointTypes-XDS-Repository-ProvideReg-Async\"> </a>2</td><td style=\"white-space:nowrap\">\u00a0\u00a0\u00a0\u00a0<a href=\"CodeSystem-MCSDEndpointTypes.html#MCSDEndpointTypes-XDS-Repository-ProvideReg-Async\">XDS-Repository-ProvideReg-Async</a></td><td>https://profiles.ihe.net/ITI/mCSD/CodeSystem/MCSDEndpointTypes</td><td/></tr><tr><td><a name=\"x-https://profiles.ihe.net/ITI/mCSD/CodeSystem/MCSDEndpointTypes-XDS-Repository-Retrieve-Async\"> </a>2</td><td style=\"white-space:nowrap\">\u00a0\u00a0\u00a0\u00a0<a href=\"CodeSystem-MCSDEndpointTypes.html#MCSDEndpointTypes-XDS-Repository-Retrieve-Async\">XDS-Repository-Retrieve-Async</a></td><td>https://profiles.ihe.net/ITI/mCSD/CodeSystem/MCSDEndpointTypes</td><td/></tr><tr><td><a name=\"x-https://profiles.ihe.net/ITI/mCSD/CodeSystem/MCSDEndpointTypes-XDS-Repository-Register-AsyncResponse\"> </a>2</td><td style=\"white-space:nowrap\">\u00a0\u00a0\u00a0\u00a0<a href=\"CodeSystem-MCSDEndpointTypes.html#MCSDEndpointTypes-XDS-Repository-Register-AsyncResponse\">XDS-Repository-Register-AsyncResponse</a></td><td>https://profiles.ihe.net/ITI/mCSD/CodeSystem/MCSDEndpointTypes</td><td/></tr><tr><td><a name=\"x-https://profiles.ihe.net/ITI/mCSD/CodeSystem/MCSDEndpointTypes-XDS-OnDemandSource-Retrieve\"> </a>2</td><td style=\"white-space:nowrap\">\u00a0\u00a0\u00a0\u00a0<a href=\"CodeSystem-MCSDEndpointTypes.html#MCSDEndpointTypes-XDS-OnDemandSource-Retrieve\">XDS-OnDemandSource-Retrieve</a></td><td>https://profiles.ihe.net/ITI/mCSD/CodeSystem/MCSDEndpointTypes</td><td/></tr><tr><td><a name=\"x-https://profiles.ihe.net/ITI/mCSD/CodeSystem/MCSDEndpointTypes-XDS-OnDemandSource-Retrieve-Async\"> </a>2</td><td style=\"white-space:nowrap\">\u00a0\u00a0\u00a0\u00a0<a href=\"CodeSystem-MCSDEndpointTypes.html#MCSDEndpointTypes-XDS-OnDemandSource-Retrieve-Async\">XDS-OnDemandSource-Retrieve-Async</a></td><td>https://profiles.ihe.net/ITI/mCSD/CodeSystem/MCSDEndpointTypes</td><td/></tr><tr><td><a name=\"x-https://profiles.ihe.net/ITI/mCSD/CodeSystem/MCSDEndpointTypes-XDS-OnDemandSource-RegOnDemand-AsyncResponse\"> </a>2</td><td style=\"white-space:nowrap\">\u00a0\u00a0\u00a0\u00a0<a href=\"CodeSystem-MCSDEndpointTypes.html#MCSDEndpointTypes-XDS-OnDemandSource-RegOnDemand-AsyncResponse\">XDS-OnDemandSource-RegOnDemand-AsyncResponse</a></td><td>https://profiles.ihe.net/ITI/mCSD/CodeSystem/MCSDEndpointTypes</td><td/></tr><tr><td><a name=\"x-https://profiles.ihe.net/ITI/mCSD/CodeSystem/MCSDEndpointTypes-XDS-Source-ProvideReg-AsyncResponse\"> </a>2</td><td style=\"white-space:nowrap\">\u00a0\u00a0\u00a0\u00a0<a href=\"CodeSystem-MCSDEndpointTypes.html#MCSDEndpointTypes-XDS-Source-ProvideReg-AsyncResponse\">XDS-Source-ProvideReg-AsyncResponse</a></td><td>https://profiles.ihe.net/ITI/mCSD/CodeSystem/MCSDEndpointTypes</td><td/></tr><tr><td><a name=\"x-https://profiles.ihe.net/ITI/mCSD/CodeSystem/MCSDEndpointTypes-XDS-Consumer-Query-AsyncResponse\"> </a>2</td><td style=\"white-space:nowrap\">\u00a0\u00a0\u00a0\u00a0<a href=\"CodeSystem-MCSDEndpointTypes.html#MCSDEndpointTypes-XDS-Consumer-Query-AsyncResponse\">XDS-Consumer-Query-AsyncResponse</a></td><td>https://profiles.ihe.net/ITI/mCSD/CodeSystem/MCSDEndpointTypes</td><td/></tr><tr><td><a name=\"x-https://profiles.ihe.net/ITI/mCSD/CodeSystem/MCSDEndpointTypes-XDS-Consumer-Retrieve-AsyncResponse\"> </a>2</td><td style=\"white-space:nowrap\">\u00a0\u00a0\u00a0\u00a0<a href=\"CodeSystem-MCSDEndpointTypes.html#MCSDEndpointTypes-XDS-Consumer-Retrieve-AsyncResponse\">XDS-Consumer-Retrieve-AsyncResponse</a></td><td>https://profiles.ihe.net/ITI/mCSD/CodeSystem/MCSDEndpointTypes</td><td/></tr><tr><td><a name=\"x-https://profiles.ihe.net/ITI/mCSD/CodeSystem/MCSDEndpointTypes-ihe-pdq\"> </a>1</td><td style=\"white-space:nowrap\">\u00a0\u00a0<a href=\"CodeSystem-MCSDEndpointTypes.html#MCSDEndpointTypes-ihe-pdq\">ihe-pdq</a></td><td>https://profiles.ihe.net/ITI/mCSD/CodeSystem/MCSDEndpointTypes</td><td/></tr><tr><td><a name=\"x-https://profiles.ihe.net/ITI/mCSD/CodeSystem/MCSDEndpointTypes-PDQ-Supplier-Query\"> </a>2</td><td style=\"white-space:nowrap\">\u00a0\u00a0\u00a0\u00a0<a href=\"CodeSystem-MCSDEndpointTypes.html#MCSDEndpointTypes-PDQ-Supplier-Query\">PDQ-Supplier-Query</a></td><td>https://profiles.ihe.net/ITI/mCSD/CodeSystem/MCSDEndpointTypes</td><td/></tr><tr><td><a name=\"x-https://profiles.ihe.net/ITI/mCSD/CodeSystem/MCSDEndpointTypes-PDQ-Supplier-VisitQuery\"> </a>2</td><td style=\"white-space:nowrap\">\u00a0\u00a0\u00a0\u00a0<a href=\"CodeSystem-MCSDEndpointTypes.html#MCSDEndpointTypes-PDQ-Supplier-VisitQuery\">PDQ-Supplier-VisitQuery</a></td><td>https://profiles.ihe.net/ITI/mCSD/CodeSystem/MCSDEndpointTypes</td><td/></tr><tr><td><a name=\"x-https://profiles.ihe.net/ITI/mCSD/CodeSystem/MCSDEndpointTypes-ihe-pix\"> </a>1</td><td style=\"white-space:nowrap\">\u00a0\u00a0<a href=\"CodeSystem-MCSDEndpointTypes.html#MCSDEndpointTypes-ihe-pix\">ihe-pix</a></td><td>https://profiles.ihe.net/ITI/mCSD/CodeSystem/MCSDEndpointTypes</td><td/></tr><tr><td><a name=\"x-https://profiles.ihe.net/ITI/mCSD/CodeSystem/MCSDEndpointTypes-PIX-Xmanager-Feed\"> </a>2</td><td style=\"white-space:nowrap\">\u00a0\u00a0\u00a0\u00a0<a href=\"CodeSystem-MCSDEndpointTypes.html#MCSDEndpointTypes-PIX-Xmanager-Feed\">PIX-Xmanager-Feed</a></td><td>https://profiles.ihe.net/ITI/mCSD/CodeSystem/MCSDEndpointTypes</td><td/></tr><tr><td><a name=\"x-https://profiles.ihe.net/ITI/mCSD/CodeSystem/MCSDEndpointTypes-PIX-Xmanager-Feed-v3\"> </a>2</td><td style=\"white-space:nowrap\">\u00a0\u00a0\u00a0\u00a0<a href=\"CodeSystem-MCSDEndpointTypes.html#MCSDEndpointTypes-PIX-Xmanager-Feed-v3\">PIX-Xmanager-Feed-v3</a></td><td>https://profiles.ihe.net/ITI/mCSD/CodeSystem/MCSDEndpointTypes</td><td/></tr><tr><td><a name=\"x-https://profiles.ihe.net/ITI/mCSD/CodeSystem/MCSDEndpointTypes-PIX-Xmanager-Query\"> </a>2</td><td style=\"white-space:nowrap\">\u00a0\u00a0\u00a0\u00a0<a href=\"CodeSystem-MCSDEndpointTypes.html#MCSDEndpointTypes-PIX-Xmanager-Query\">PIX-Xmanager-Query</a></td><td>https://profiles.ihe.net/ITI/mCSD/CodeSystem/MCSDEndpointTypes</td><td/></tr><tr><td><a name=\"x-https://profiles.ihe.net/ITI/mCSD/CodeSystem/MCSDEndpointTypes-PIX-Consumer\"> </a>2</td><td style=\"white-space:nowrap\">\u00a0\u00a0\u00a0\u00a0<a href=\"CodeSystem-MCSDEndpointTypes.html#MCSDEndpointTypes-PIX-Consumer\">PIX-Consumer</a></td><td>https://profiles.ihe.net/ITI/mCSD/CodeSystem/MCSDEndpointTypes</td><td/></tr><tr><td><a name=\"x-https://profiles.ihe.net/ITI/mCSD/CodeSystem/MCSDEndpointTypes-ihe-xdr\"> </a>1</td><td style=\"white-space:nowrap\">\u00a0\u00a0<a href=\"CodeSystem-MCSDEndpointTypes.html#MCSDEndpointTypes-ihe-xdr\">ihe-xdr</a></td><td>https://profiles.ihe.net/ITI/mCSD/CodeSystem/MCSDEndpointTypes</td><td/></tr><tr><td><a name=\"x-https://profiles.ihe.net/ITI/mCSD/CodeSystem/MCSDEndpointTypes-XDR-Recipient-ProvideReg\"> </a>2</td><td style=\"white-space:nowrap\">\u00a0\u00a0\u00a0\u00a0<a href=\"CodeSystem-MCSDEndpointTypes.html#MCSDEndpointTypes-XDR-Recipient-ProvideReg\">XDR-Recipient-ProvideReg</a></td><td>https://profiles.ihe.net/ITI/mCSD/CodeSystem/MCSDEndpointTypes</td><td/></tr><tr><td><a name=\"x-https://profiles.ihe.net/ITI/mCSD/CodeSystem/MCSDEndpointTypes-ihe-mhd\"> </a>1</td><td style=\"white-space:nowrap\">\u00a0\u00a0<a href=\"CodeSystem-MCSDEndpointTypes.html#MCSDEndpointTypes-ihe-mhd\">ihe-mhd</a></td><td>https://profiles.ihe.net/ITI/mCSD/CodeSystem/MCSDEndpointTypes</td><td/></tr><tr><td><a name=\"x-https://profiles.ihe.net/ITI/mCSD/CodeSystem/MCSDEndpointTypes-MHD-Recipient-ProvideReg\"> </a>2</td><td style=\"white-space:nowrap\">\u00a0\u00a0\u00a0\u00a0<a href=\"CodeSystem-MCSDEndpointTypes.html#MCSDEndpointTypes-MHD-Recipient-ProvideReg\">MHD-Recipient-ProvideReg</a></td><td>https://profiles.ihe.net/ITI/mCSD/CodeSystem/MCSDEndpointTypes</td><td/></tr></table></div>"
      },
      "url" : "https://profiles.ihe.net/ITI/mCSD/ValueSet/MCSDEndpointTypesVS",
      "version" : "4.0.0-comment",
      "name" : "MCSDEndpointTypesVS",
      "title" : "mCSD Endpoint Types ValueSet",
      "status" : "active",
      "experimental" : false,
      "date" : "2025-03-12T10:57:46-05:00",
      "jurisdiction" : [{
        "coding" : [{
          "system" : "http://unstats.un.org/unsd/methods/m49/m49.htm",
          "code" : "001"
        }]
      }],
      "expansion" : {
        "identifier" : "urn:uuid:cdc7b297-3f97-4ca1-a78e-7fb90b2f510e",
        "timestamp" : "2025-03-12T11:00:38-05:00",
        "total" : 47,
        "offset" : 0,
        "parameter" : [{
          "name" : "displayLanguage",
          "valueCode" : "en-US"
        },
        {
          "name" : "count",
          "valueInteger" : 1000
        },
        {
          "name" : "offset",
          "valueInteger" : 0
        },
        {
          "name" : "excludeNested",
          "valueBoolean" : false
        },
        {
          "name" : "used-codesystem",
          "valueUri" : "https://profiles.ihe.net/ITI/mCSD/CodeSystem/MCSDEndpointTypes|4.0.0-comment"
        }],
        "contains" : [{
          "system" : "https://profiles.ihe.net/ITI/mCSD/CodeSystem/MCSDEndpointTypes",
          "code" : "ihe-xca",
          "contains" : [{
            "system" : "https://profiles.ihe.net/ITI/mCSD/CodeSystem/MCSDEndpointTypes",
            "code" : "XCA-InitGateway-Query"
          },
          {
            "system" : "https://profiles.ihe.net/ITI/mCSD/CodeSystem/MCSDEndpointTypes",
            "code" : "XCA-InitGateway-Retrieve"
          },
          {
            "system" : "https://profiles.ihe.net/ITI/mCSD/CodeSystem/MCSDEndpointTypes",
            "code" : "XCA-InitGateway-Query-Async"
          },
          {
            "system" : "https://profiles.ihe.net/ITI/mCSD/CodeSystem/MCSDEndpointTypes",
            "code" : "XCA-InitGateway-Retrieve-Async"
          },
          {
            "system" : "https://profiles.ihe.net/ITI/mCSD/CodeSystem/MCSDEndpointTypes",
            "code" : "XCA-InitGateway-Query-AsyncResponse"
          },
          {
            "system" : "https://profiles.ihe.net/ITI/mCSD/CodeSystem/MCSDEndpointTypes",
            "code" : "XCA-InitGateway-Retrieve-AsyncResponse"
          },
          {
            "system" : "https://profiles.ihe.net/ITI/mCSD/CodeSystem/MCSDEndpointTypes",
            "code" : "XCA-RespGateway-Query"
          },
          {
            "system" : "https://profiles.ihe.net/ITI/mCSD/CodeSystem/MCSDEndpointTypes",
            "code" : "XCA-RespGateway-Retrieve"
          },
          {
            "system" : "https://profiles.ihe.net/ITI/mCSD/CodeSystem/MCSDEndpointTypes",
            "code" : "XCA-RespGateway-Query-Async"
          },
          {
            "system" : "https://profiles.ihe.net/ITI/mCSD/CodeSystem/MCSDEndpointTypes",
            "code" : "XCA-RespGateway-Retrieve-Async"
          }]
        },
        {
          "system" : "https://profiles.ihe.net/ITI/mCSD/CodeSystem/MCSDEndpointTypes",
          "code" : "ihe-xcpd",
          "contains" : [{
            "system" : "https://profiles.ihe.net/ITI/mCSD/CodeSystem/MCSDEndpointTypes",
            "code" : "XCPD-InitGateway-PatientDiscovery-AsyncResponse"
          },
          {
            "system" : "https://profiles.ihe.net/ITI/mCSD/CodeSystem/MCSDEndpointTypes",
            "code" : "XCPD-RespGateway-PatientDiscovery"
          },
          {
            "system" : "https://profiles.ihe.net/ITI/mCSD/CodeSystem/MCSDEndpointTypes",
            "code" : "XCPD-RespGateway-PatientDiscovery-Async"
          }]
        },
        {
          "system" : "https://profiles.ihe.net/ITI/mCSD/CodeSystem/MCSDEndpointTypes",
          "code" : "ihe-xds",
          "contains" : [{
            "system" : "https://profiles.ihe.net/ITI/mCSD/CodeSystem/MCSDEndpointTypes",
            "code" : "XDS-Registry-Feed"
          },
          {
            "system" : "https://profiles.ihe.net/ITI/mCSD/CodeSystem/MCSDEndpointTypes",
            "code" : "XDS-Registry-Feed-v3"
          },
          {
            "system" : "https://profiles.ihe.net/ITI/mCSD/CodeSystem/MCSDEndpointTypes",
            "code" : "XDS-Registry-Register"
          },
          {
            "system" : "https://profiles.ihe.net/ITI/mCSD/CodeSystem/MCSDEndpointTypes",
            "code" : "XDS-Registry-Query"
          },
          {
            "system" : "https://profiles.ihe.net/ITI/mCSD/CodeSystem/MCSDEndpointTypes",
            "code" : "XDS-Registry-RegOnDemand"
          },
          {
            "system" : "https://profiles.ihe.net/ITI/mCSD/CodeSystem/MCSDEndpointTypes",
            "code" : "XDS-Registry-Register-Async"
          },
          {
            "system" : "https://profiles.ihe.net/ITI/mCSD/CodeSystem/MCSDEndpointTypes",
            "code" : "XDS-Registry-Query-Async"
          },
          {
            "system" : "https://profiles.ihe.net/ITI/mCSD/CodeSystem/MCSDEndpointTypes",
            "code" : "XDS-Registry-RegOnDemand-Async"
          },
          {
            "system" : "https://profiles.ihe.net/ITI/mCSD/CodeSystem/MCSDEndpointTypes",
            "code" : "XDS-Repository-ProvideReg"
          },
          {
            "system" : "https://profiles.ihe.net/ITI/mCSD/CodeSystem/MCSDEndpointTypes",
            "code" : "XDS-Repository-Retrieve"
          },
          {
            "system" : "https://profiles.ihe.net/ITI/mCSD/CodeSystem/MCSDEndpointTypes",
            "code" : "XDS-Repository-ProvideReg-Async"
          },
          {
            "system" : "https://profiles.ihe.net/ITI/mCSD/CodeSystem/MCSDEndpointTypes",
            "code" : "XDS-Repository-Retrieve-Async"
          },
          {
            "system" : "https://profiles.ihe.net/ITI/mCSD/CodeSystem/MCSDEndpointTypes",
            "code" : "XDS-Repository-Register-AsyncResponse"
          },
          {
            "system" : "https://profiles.ihe.net/ITI/mCSD/CodeSystem/MCSDEndpointTypes",
            "code" : "XDS-OnDemandSource-Retrieve"
          },
          {
            "system" : "https://profiles.ihe.net/ITI/mCSD/CodeSystem/MCSDEndpointTypes",
            "code" : "XDS-OnDemandSource-Retrieve-Async"
          },
          {
            "system" : "https://profiles.ihe.net/ITI/mCSD/CodeSystem/MCSDEndpointTypes",
            "code" : "XDS-OnDemandSource-RegOnDemand-AsyncResponse"
          },
          {
            "system" : "https://profiles.ihe.net/ITI/mCSD/CodeSystem/MCSDEndpointTypes",
            "code" : "XDS-Source-ProvideReg-AsyncResponse"
          },
          {
            "system" : "https://profiles.ihe.net/ITI/mCSD/CodeSystem/MCSDEndpointTypes",
            "code" : "XDS-Consumer-Query-AsyncResponse"
          },
          {
            "system" : "https://profiles.ihe.net/ITI/mCSD/CodeSystem/MCSDEndpointTypes",
            "code" : "XDS-Consumer-Retrieve-AsyncResponse"
          }]
        },
        {
          "system" : "https://profiles.ihe.net/ITI/mCSD/CodeSystem/MCSDEndpointTypes",
          "code" : "ihe-pdq",
          "contains" : [{
            "system" : "https://profiles.ihe.net/ITI/mCSD/CodeSystem/MCSDEndpointTypes",
            "code" : "PDQ-Supplier-Query"
          },
          {
            "system" : "https://profiles.ihe.net/ITI/mCSD/CodeSystem/MCSDEndpointTypes",
            "code" : "PDQ-Supplier-VisitQuery"
          }]
        },
        {
          "system" : "https://profiles.ihe.net/ITI/mCSD/CodeSystem/MCSDEndpointTypes",
          "code" : "ihe-pix",
          "contains" : [{
            "system" : "https://profiles.ihe.net/ITI/mCSD/CodeSystem/MCSDEndpointTypes",
            "code" : "PIX-Xmanager-Feed"
          },
          {
            "system" : "https://profiles.ihe.net/ITI/mCSD/CodeSystem/MCSDEndpointTypes",
            "code" : "PIX-Xmanager-Feed-v3"
          },
          {
            "system" : "https://profiles.ihe.net/ITI/mCSD/CodeSystem/MCSDEndpointTypes",
            "code" : "PIX-Xmanager-Query"
          },
          {
            "system" : "https://profiles.ihe.net/ITI/mCSD/CodeSystem/MCSDEndpointTypes",
            "code" : "PIX-Consumer"
          }]
        },
        {
          "system" : "https://profiles.ihe.net/ITI/mCSD/CodeSystem/MCSDEndpointTypes",
          "code" : "ihe-xdr",
          "contains" : [{
            "system" : "https://profiles.ihe.net/ITI/mCSD/CodeSystem/MCSDEndpointTypes",
            "code" : "XDR-Recipient-ProvideReg"
          }]
        },
        {
          "system" : "https://profiles.ihe.net/ITI/mCSD/CodeSystem/MCSDEndpointTypes",
          "code" : "ihe-mhd",
          "contains" : [{
            "system" : "https://profiles.ihe.net/ITI/mCSD/CodeSystem/MCSDEndpointTypes",
            "code" : "MHD-Recipient-ProvideReg"
          }]
        }]
      }
    }
  },
  {
    "fullUrl" : "https://profiles.ihe.net/ITI/mCSD/ValueSet/MCSDOrgAffTypesVS",
    "resource" : {
      "resourceType" : "ValueSet",
      "text" : {
        "status" : "generated",
        "div" : "<div xmlns=\"http://www.w3.org/1999/xhtml\"><p class=\"res-header-id\"><b>ValueSet </b></p><div style=\"border: black 1px dotted; background-color: #EEEEEE; padding: 8px; margin-bottom: 8px\"><p>Expansion performed internally based on:</p><ul><li><a href=\"http://hl7.org/fhir/R4/codesystem-organization-role.html\">codesystem Organization Affiliation Role v4.0.1 (CodeSystem)</a></li><li><a href=\"CodeSystem-MCSDOrgAffTypes.html\">codesystem mCSD Organization Affiliation Types v4.0.0-comment (CodeSystem)</a></li></ul></div><p>This value set contains 9 concepts</p><table class=\"codes\"><tr><td style=\"white-space:nowrap\"><b>Code</b></td><td><b>System</b></td><td><b>Display (en-US)</b></td><td><b>Definition</b></td></tr><tr><td style=\"white-space:nowrap\"><a name=\"x-https://profiles.ihe.net/ITI/mCSD/CodeSystem/MCSDOrgAffTypes-DocShare-federate\"> </a>\u00a0\u00a0<a href=\"CodeSystem-MCSDOrgAffTypes.html#MCSDOrgAffTypes-DocShare-federate\">DocShare-federate</a></td><td>https://profiles.ihe.net/ITI/mCSD/CodeSystem/MCSDOrgAffTypes</td><td/><td><div/></td></tr><tr><td style=\"white-space:nowrap\"><a name=\"x-http://hl7.org/fhir/organization-role-provider\"> </a>\u00a0\u00a0<a href=\"http://hl7.org/fhir/R4/codesystem-organization-role.html#organization-role-provider\">provider</a></td><td>http://hl7.org/fhir/organization-role</td><td/><td><div/></td></tr><tr><td style=\"white-space:nowrap\"><a name=\"x-http://hl7.org/fhir/organization-role-agency\"> </a>\u00a0\u00a0<a href=\"http://hl7.org/fhir/R4/codesystem-organization-role.html#organization-role-agency\">agency</a></td><td>http://hl7.org/fhir/organization-role</td><td/><td><div><p>An organization such as a public health agency, community/social services provider, etc.</p>\n</div></td></tr><tr><td style=\"white-space:nowrap\"><a name=\"x-http://hl7.org/fhir/organization-role-research\"> </a>\u00a0\u00a0<a href=\"http://hl7.org/fhir/R4/codesystem-organization-role.html#organization-role-research\">research</a></td><td>http://hl7.org/fhir/organization-role</td><td/><td><div><p>An organization providing research-related services such as conducting research, recruiting research participants, analyzing data, etc.</p>\n</div></td></tr><tr><td style=\"white-space:nowrap\"><a name=\"x-http://hl7.org/fhir/organization-role-payer\"> </a>\u00a0\u00a0<a href=\"http://hl7.org/fhir/R4/codesystem-organization-role.html#organization-role-payer\">payer</a></td><td>http://hl7.org/fhir/organization-role</td><td/><td><div><p>An organization providing reimbursement, payment, or related services</p>\n</div></td></tr><tr><td style=\"white-space:nowrap\"><a name=\"x-http://hl7.org/fhir/organization-role-diagnostics\"> </a>\u00a0\u00a0<a href=\"http://hl7.org/fhir/R4/codesystem-organization-role.html#organization-role-diagnostics\">diagnostics</a></td><td>http://hl7.org/fhir/organization-role</td><td/><td><div><p>An organization providing diagnostic testing/laboratory services</p>\n</div></td></tr><tr><td style=\"white-space:nowrap\"><a name=\"x-http://hl7.org/fhir/organization-role-supplier\"> </a>\u00a0\u00a0<a href=\"http://hl7.org/fhir/R4/codesystem-organization-role.html#organization-role-supplier\">supplier</a></td><td>http://hl7.org/fhir/organization-role</td><td/><td><div><p>An organization that provides medical supplies (e.g. medical devices, equipment, pharmaceutical products, etc.)</p>\n</div></td></tr><tr><td style=\"white-space:nowrap\"><a name=\"x-http://hl7.org/fhir/organization-role-HIE/HIO\"> </a>\u00a0\u00a0<a href=\"http://hl7.org/fhir/R4/codesystem-organization-role.html#organization-role-HIE.47HIO\">HIE/HIO</a></td><td>http://hl7.org/fhir/organization-role</td><td/><td><div><p>An organization that facilitates electronic clinical data exchange between entities</p>\n</div></td></tr><tr><td style=\"white-space:nowrap\"><a name=\"x-http://hl7.org/fhir/organization-role-member\"> </a>\u00a0\u00a0<a href=\"http://hl7.org/fhir/R4/codesystem-organization-role.html#organization-role-member\">member</a></td><td>http://hl7.org/fhir/organization-role</td><td/><td><div><p>A type of non-ownership relationship between entities (encompasses partnerships, collaboration, joint ventures, etc.)</p>\n</div></td></tr></table></div>"
      },
      "url" : "https://profiles.ihe.net/ITI/mCSD/ValueSet/MCSDOrgAffTypesVS",
      "version" : "4.0.0-comment",
      "name" : "MCSDOrgAffTypesVS",
      "title" : "mCSD Organization Affiliation Types ValueSet",
      "status" : "active",
      "experimental" : false,
      "date" : "2025-03-12T10:57:46-05:00",
      "jurisdiction" : [{
        "coding" : [{
          "system" : "http://unstats.un.org/unsd/methods/m49/m49.htm",
          "code" : "001"
        }]
      }],
      "expansion" : {
        "identifier" : "urn:uuid:dfd4e04e-8fd0-4f5b-9803-c676a12385d5",
        "timestamp" : "2025-03-12T11:00:38-05:00",
        "total" : 9,
        "offset" : 0,
        "parameter" : [{
          "name" : "displayLanguage",
          "valueCode" : "en-US"
        },
        {
          "name" : "count",
          "valueInteger" : 1000
        },
        {
          "name" : "offset",
          "valueInteger" : 0
        },
        {
          "name" : "excludeNested",
          "valueBoolean" : false
        },
        {
          "name" : "used-codesystem",
          "valueUri" : "https://profiles.ihe.net/ITI/mCSD/CodeSystem/MCSDOrgAffTypes|4.0.0-comment"
        },
        {
          "name" : "warning-draft",
          "valueUri" : "http://hl7.org/fhir/organization-role|4.0.1"
        },
        {
          "name" : "used-codesystem",
          "valueUri" : "http://hl7.org/fhir/organization-role|4.0.1"
        }],
        "contains" : [{
          "system" : "https://profiles.ihe.net/ITI/mCSD/CodeSystem/MCSDOrgAffTypes",
          "code" : "DocShare-federate"
        },
        {
          "system" : "http://hl7.org/fhir/organization-role",
          "code" : "provider"
        },
        {
          "system" : "http://hl7.org/fhir/organization-role",
          "code" : "agency"
        },
        {
          "system" : "http://hl7.org/fhir/organization-role",
          "code" : "research"
        },
        {
          "system" : "http://hl7.org/fhir/organization-role",
          "code" : "payer"
        },
        {
          "system" : "http://hl7.org/fhir/organization-role",
          "code" : "diagnostics"
        },
        {
          "system" : "http://hl7.org/fhir/organization-role",
          "code" : "supplier"
        },
        {
          "system" : "http://hl7.org/fhir/organization-role",
          "code" : "HIE/HIO"
        },
        {
          "system" : "http://hl7.org/fhir/organization-role",
          "code" : "member"
        }]
      }
    }
  },
  {
    "fullUrl" : "https://profiles.ihe.net/ITI/mCSD/ValueSet/MCSDOrganizationIdentifierTypeValueSet",
    "resource" : {
      "resourceType" : "ValueSet",
      "text" : {
        "status" : "generated",
        "div" : "<div xmlns=\"http://www.w3.org/1999/xhtml\"><p class=\"res-header-id\"><b>ValueSet </b></p><p style=\"border: black 1px dotted; background-color: #EEEEEE; padding: 8px; margin-bottom: 8px\">Expansion performed internally based on <a href=\"CodeSystem-MCSDOrganizationIdentifierTypes.html\">codesystem mCSD Type codes for Organization.identifier v4.0.0-comment (CodeSystem)</a></p><p>This value set contains 2 concepts</p><table class=\"codes\"><tr><td style=\"white-space:nowrap\"><b>Code</b></td><td><b>System</b></td><td><b>Display (en-US)</b></td></tr><tr><td style=\"white-space:nowrap\"><a name=\"x-https://profiles.ihe.net/ITI/mCSD/CodeSystem/MCSDOrganizationIdentifierTypes-HCID\"> </a>\u00a0\u00a0<a href=\"CodeSystem-MCSDOrganizationIdentifierTypes.html#MCSDOrganizationIdentifierTypes-HCID\">HCID</a></td><td>https://profiles.ihe.net/ITI/mCSD/CodeSystem/MCSDOrganizationIdentifierTypes</td><td/></tr><tr><td style=\"white-space:nowrap\"><a name=\"x-https://profiles.ihe.net/ITI/mCSD/CodeSystem/MCSDOrganizationIdentifierTypes-AuthOrgId\"> </a>\u00a0\u00a0<a href=\"CodeSystem-MCSDOrganizationIdentifierTypes.html#MCSDOrganizationIdentifierTypes-AuthOrgId\">AuthOrgId</a></td><td>https://profiles.ihe.net/ITI/mCSD/CodeSystem/MCSDOrganizationIdentifierTypes</td><td/></tr></table></div>"
      },
      "url" : "https://profiles.ihe.net/ITI/mCSD/ValueSet/MCSDOrganizationIdentifierTypeValueSet",
      "version" : "4.0.0-comment",
      "name" : "MCSDOrganizationIdentifierTypeValueSet",
      "title" : "mCSD Type codes for Organization.identifier",
      "status" : "active",
      "experimental" : false,
      "date" : "2025-03-12T10:57:46-05:00",
      "jurisdiction" : [{
        "coding" : [{
          "system" : "http://unstats.un.org/unsd/methods/m49/m49.htm",
          "code" : "001"
        }]
      }],
      "expansion" : {
        "identifier" : "urn:uuid:6809de66-1997-4aa3-81d7-38a606cb0b6f",
        "timestamp" : "2025-03-12T11:00:38-05:00",
        "total" : 2,
        "offset" : 0,
        "parameter" : [{
          "name" : "displayLanguage",
          "valueCode" : "en-US"
        },
        {
          "name" : "count",
          "valueInteger" : 1000
        },
        {
          "name" : "offset",
          "valueInteger" : 0
        },
        {
          "name" : "excludeNested",
          "valueBoolean" : false
        },
        {
          "name" : "used-codesystem",
          "valueUri" : "https://profiles.ihe.net/ITI/mCSD/CodeSystem/MCSDOrganizationIdentifierTypes|4.0.0-comment"
        }],
        "contains" : [{
          "system" : "https://profiles.ihe.net/ITI/mCSD/CodeSystem/MCSDOrganizationIdentifierTypes",
          "code" : "HCID"
        },
        {
          "system" : "https://profiles.ihe.net/ITI/mCSD/CodeSystem/MCSDOrganizationIdentifierTypes",
          "code" : "AuthOrgId"
        }]
      }
    }
  }]
}