{
  "resourceType": "ImplementationGuide",
  "id": "ihe.iti.mhds",
  "text": {
    "status": "extensions",
    "div": "<div xmlns=\"http://www.w3.org/1999/xhtml\"><h2>IHE_ITI_MHDS</h2><p>The official URL for this implementation guide is: </p><pre>http://profiles.ihe.net/ITI/MHDS/ImplementationGuide/ihe.iti.mhds</pre><div><p>This Implementation Guide shows how to build a Document Sharing Exchange using IHE-profiled FHIR standard, rather than the legacy IHE profiles that are dominated by XDS and HL7 v2. This Implementation Guide assembles other IHE Implementation guides (Profiles) and defines a Document Registry Actor.</p>\n</div></div>"
  },
  "url": "http://profiles.ihe.net/ITI/MHDS/ImplementationGuide/ihe.iti.mhds",
  "version": "2.2.0",
  "name": "IHE_ITI_MHDS",
  "title": "Mobile Health Document Sharing",
  "status": "active",
  "date": "2022-01-07T16:28:51-06:00",
  "publisher": "IHE IT Infrastructure Technical Committee",
  "contact": [
    {
      "telecom": [
        {
          "system": "url",
          "value": "https://www.ihe.net/ihe_domains/it_infrastructure/"
        }
      ]
    },
    {
      "telecom": [
        {
          "system": "email",
          "value": "iti@ihe.net"
        }
      ]
    },
    {
      "name": "IHE IT Infrastructure Technical Committee",
      "telecom": [
        {
          "system": "email",
          "value": "iti@ihe.net"
        }
      ]
    }
  ],
  "description": "This Implementation Guide shows how to build a Document Sharing Exchange using IHE-profiled FHIR standard, rather than the legacy IHE profiles that are dominated by XDS and HL7 v2. This Implementation Guide assembles other IHE Implementation guides (Profiles) and defines a Document Registry Actor.",
  "jurisdiction": [
    {
      "coding": [
        {
          "system": "http://unstats.un.org/unsd/methods/m49/m49.htm",
          "code": "001"
        }
      ]
    }
  ],
  "copyright": "IHE http://www.ihe.net/Governance/#Intellectual_Property",
  "packageId": "ihe.iti.mhds",
  "license": "CC-BY-SA-4.0",
  "fhirVersion": [
    "4.0.1"
  ],
  "dependsOn": [
    {
      "id": "ihemhdfhir",
      "uri": "http://profiles.ihe.net/ITI/MHD/ImplementationGuide/ihe.mhd.fhir",
      "packageId": "ihe.mhd.fhir",
      "version": "4.0.2"
    },
    {
      "id": "ihepdqm",
      "uri": "http://profiles.ihe.net/ITI/PDQm/ImplementationGuide/IHE.ITI.PDQm",
      "packageId": "ihe.iti.pdqm",
      "version": "2.3.0"
    }
  ],
  "definition": {
    "extension": [
      {
        "extension": [
          {
            "url": "code",
            "valueString": "copyrightyear"
          },
          {
            "url": "value",
            "valueString": "2021+"
          }
        ],
        "url": "http://hl7.org/fhir/tools/StructureDefinition/ig-parameter"
      },
      {
        "extension": [
          {
            "url": "code",
            "valueString": "releaselabel"
          },
          {
            "url": "value",
            "valueString": "public-comment"
          }
        ],
        "url": "http://hl7.org/fhir/tools/StructureDefinition/ig-parameter"
      },
      {
        "extension": [
          {
            "url": "code",
            "valueString": "show-inherited-invariants"
          },
          {
            "url": "value",
            "valueString": "false"
          }
        ],
        "url": "http://hl7.org/fhir/tools/StructureDefinition/ig-parameter"
      },
      {
        "extension": [
          {
            "url": "code",
            "valueString": "usage-stats-opt-out"
          },
          {
            "url": "value",
            "valueString": "false"
          }
        ],
        "url": "http://hl7.org/fhir/tools/StructureDefinition/ig-parameter"
      },
      {
        "extension": [
          {
            "url": "code",
            "valueString": "logging"
          },
          {
            "url": "value",
            "valueString": "progress"
          }
        ],
        "url": "http://hl7.org/fhir/tools/StructureDefinition/ig-parameter"
      },
      {
        "extension": [
          {
            "url": "code",
            "valueString": "shownav"
          },
          {
            "url": "value",
            "valueString": "true"
          }
        ],
        "url": "http://hl7.org/fhir/tools/StructureDefinition/ig-parameter"
      },
      {
        "extension": [
          {
            "url": "code",
            "valueString": "active-tables"
          },
          {
            "url": "value",
            "valueString": "false"
          }
        ],
        "url": "http://hl7.org/fhir/tools/StructureDefinition/ig-parameter"
      },
      {
        "extension": [
          {
            "url": "code",
            "valueString": "apply-contact"
          },
          {
            "url": "value",
            "valueString": "true"
          }
        ],
        "url": "http://hl7.org/fhir/tools/StructureDefinition/ig-parameter"
      },
      {
        "extension": [
          {
            "url": "code",
            "valueString": "apply-jurisdiction"
          },
          {
            "url": "value",
            "valueString": "true"
          }
        ],
        "url": "http://hl7.org/fhir/tools/StructureDefinition/ig-parameter"
      },
      {
        "extension": [
          {
            "url": "code",
            "valueString": "apply-publisher"
          },
          {
            "url": "value",
            "valueString": "true"
          }
        ],
        "url": "http://hl7.org/fhir/tools/StructureDefinition/ig-parameter"
      },
      {
        "extension": [
          {
            "url": "code",
            "valueString": "apply-version"
          },
          {
            "url": "value",
            "valueString": "true"
          }
        ],
        "url": "http://hl7.org/fhir/tools/StructureDefinition/ig-parameter"
      },
      {
        "extension": [
          {
            "url": "code",
            "valueString": "autoload-resources"
          },
          {
            "url": "value",
            "valueString": "true"
          }
        ],
        "url": "http://hl7.org/fhir/tools/StructureDefinition/ig-parameter"
      },
      {
        "extension": [
          {
            "url": "code",
            "valueString": "path-liquid"
          },
          {
            "url": "value",
            "valueString": "template/liquid"
          }
        ],
        "url": "http://hl7.org/fhir/tools/StructureDefinition/ig-parameter"
      },
      {
        "extension": [
          {
            "url": "code",
            "valueString": "path-liquid"
          },
          {
            "url": "value",
            "valueString": "input/liquid"
          }
        ],
        "url": "http://hl7.org/fhir/tools/StructureDefinition/ig-parameter"
      },
      {
        "extension": [
          {
            "url": "code",
            "valueString": "path-qa"
          },
          {
            "url": "value",
            "valueString": "temp/qa"
          }
        ],
        "url": "http://hl7.org/fhir/tools/StructureDefinition/ig-parameter"
      },
      {
        "extension": [
          {
            "url": "code",
            "valueString": "path-temp"
          },
          {
            "url": "value",
            "valueString": "temp/pages"
          }
        ],
        "url": "http://hl7.org/fhir/tools/StructureDefinition/ig-parameter"
      },
      {
        "extension": [
          {
            "url": "code",
            "valueString": "path-output"
          },
          {
            "url": "value",
            "valueString": "output"
          }
        ],
        "url": "http://hl7.org/fhir/tools/StructureDefinition/ig-parameter"
      },
      {
        "extension": [
          {
            "url": "code",
            "valueString": "path-suppressed-warnings"
          },
          {
            "url": "value",
            "valueString": "input/ignoreWarnings.txt"
          }
        ],
        "url": "http://hl7.org/fhir/tools/StructureDefinition/ig-parameter"
      },
      {
        "extension": [
          {
            "url": "code",
            "valueString": "path-history"
          },
          {
            "url": "value",
            "valueString": "http://profiles.ihe.net/ITI/MHDS/history.html"
          }
        ],
        "url": "http://hl7.org/fhir/tools/StructureDefinition/ig-parameter"
      },
      {
        "extension": [
          {
            "url": "code",
            "valueString": "template-html"
          },
          {
            "url": "value",
            "valueString": "template-page.html"
          }
        ],
        "url": "http://hl7.org/fhir/tools/StructureDefinition/ig-parameter"
      },
      {
        "extension": [
          {
            "url": "code",
            "valueString": "template-md"
          },
          {
            "url": "value",
            "valueString": "template-page-md.html"
          }
        ],
        "url": "http://hl7.org/fhir/tools/StructureDefinition/ig-parameter"
      },
      {
        "extension": [
          {
            "url": "code",
            "valueString": "apply-context"
          },
          {
            "url": "value",
            "valueString": "true"
          }
        ],
        "url": "http://hl7.org/fhir/tools/StructureDefinition/ig-parameter"
      },
      {
        "extension": [
          {
            "url": "code",
            "valueString": "apply-copyright"
          },
          {
            "url": "value",
            "valueString": "true"
          }
        ],
        "url": "http://hl7.org/fhir/tools/StructureDefinition/ig-parameter"
      },
      {
        "extension": [
          {
            "url": "code",
            "valueString": "apply-license"
          },
          {
            "url": "value",
            "valueString": "true"
          }
        ],
        "url": "http://hl7.org/fhir/tools/StructureDefinition/ig-parameter"
      }
    ],
    "resource": [
      {
        "extension": [
          {
            "url": "http://hl7.org/fhir/tools/StructureDefinition/resource-information",
            "valueString": "CapabilityStatement"
          }
        ],
        "reference": {
          "reference": "CapabilityStatement/IHE.MHDS.DocumentRegistry"
        },
        "name": "MHDS Document Registry",
        "description": "CapabilityStatement Requirements for the MHDS Document Registry Actor\n\n- **[MHD](https://profiles.ihe.net/ITI/MHD/index.html) - [Document Recipient](https://profiles.ihe.net/ITI/MHD/1331_actors_and_transactions.html#133113-document-recipient)** supports publication requests by the [MHD Document Source](https://profiles.ihe.net/ITI/MHD/1331_actors_and_transactions.html#133111-document-source). The Comprehensive Metadata Option is required.\n- **[MHD](https://profiles.ihe.net/ITI/MHD/index.html) - [Document Responder](https://profiles.ihe.net/ITI/MHD/1331_actors_and_transactions.html#133114-document-responder)** supports the discovery and retrieval of documents by [MHD](https://profiles.ihe.net/ITI/MHD/index.html) [Document Consumer](https://profiles.ihe.net/ITI/MHD/1331_actors_and_transactions.html#133112-document-consumer).\n- **[PMIR](https://profiles.ihe.net/ITI/TF/Volume1/ch-49.html) - Patient Identity Consumer** provides patient identity synchronization and specifically the merge function to be applied to any data managed in the Document Registry.\n- **[SVCM](https://profiles.ihe.net/ITI/TF/Volume1/ch-51.html) – Terminology Consumer** enables the Document Registry to gain access to ValueSets that the Registry is enforcing Metadata consistency.\n- **[mCSD](https://profiles.ihe.net/ITI/mCSD/index.html) – Care Services Selective Consumer** enables the Registry to have access to Organization and Practitioner resources.\n- **[IUA](https://profiles.ihe.net/ITI/IUA/index.html) – Authorization Server** and **Resource Server** enforces access control decisions.\n- **[ATNA](https://profiles.ihe.net/ITI/TF/Volume1/ch-9.html) - [Secure Node](https://profiles.ihe.net/ITI/TF/Volume1/ch-9.html#9.1.1.1)** enable the Document Registry to be secure, record audit records, and support secure transactions.\n- **[CT](https://profiles.ihe.net/ITI/TF/Volume1/ch-7.html) - Time Client** assures that all records of time done by the Document Registry are aligned with the Time Source.",
        "exampleBoolean": false
      }
    ],
    "page": {
      "nameUrl": "toc.html",
      "title": "Table of Contents",
      "generation": "html",
      "page": [
        {
          "nameUrl": "index.html",
          "title": "MHDS Home",
          "generation": "markdown"
        },
        {
          "nameUrl": "volume-1.html",
          "title": "1:50. MHDS Volume 1",
          "generation": "markdown"
        },
        {
          "nameUrl": "testplan.html",
          "title": "Test Plan",
          "generation": "markdown"
        },
        {
          "nameUrl": "issues.html",
          "title": "Open and Closed issues",
          "generation": "markdown"
        }
      ]
    },
    "parameter": [
      {
        "code": "path-resource",
        "value": "input/resources"
      },
      {
        "code": "path-resource",
        "value": "fsh-generated/resources"
      },
      {
        "code": "path-resource",
        "value": "input/examples"
      },
      {
        "code": "path-resource",
        "value": "input/capabilities"
      },
      {
        "code": "path-resource",
        "value": "input/extensions"
      },
      {
        "code": "path-resource",
        "value": "input/models"
      },
      {
        "code": "path-resource",
        "value": "input/operations"
      },
      {
        "code": "path-resource",
        "value": "input/profiles"
      },
      {
        "code": "path-resource",
        "value": "input/vocabulary"
      },
      {
        "code": "path-resource",
        "value": "input/testing"
      },
      {
        "code": "path-resource",
        "value": "input/history"
      },
      {
        "code": "path-pages",
        "value": "template/config"
      },
      {
        "code": "path-pages",
        "value": "input/images"
      },
      {
        "code": "path-tx-cache",
        "value": "input-cache/txcache"
      }
    ]
  }
}