<?xml version="1.0" encoding="UTF-8"?>

<Observation xmlns="http://hl7.org/fhir">
  <id value="ex-weight"/>
  <meta>
    <security>
      <system value="http://terminology.hl7.org/CodeSystem/v3-ActReason"/>
      <code value="HTEST"/>
    </security>
    <security>
      <system value="http://terminology.hl7.org/CodeSystem/v3-Confidentiality"/>
      <code value="N"/>
    </security>
  </meta>
  <text>
    <status value="generated"/><div xmlns="http://www.w3.org/1999/xhtml"><p><b>Generated Narrative: Observation</b><a name="ex-weight"> </a></p><div style="display: inline-block; background-color: #d9e0e7; padding: 6px; margin: 4px; border: 1px solid #8da1b4; border-radius: 5px; line-height: 60%"><p style="margin-bottom: 0px">Resource Observation &quot;ex-weight&quot; </p><p style="margin-bottom: 0px">Security Labels: <span title="{http://terminology.hl7.org/CodeSystem/v3-ActReason http://terminology.hl7.org/CodeSystem/v3-ActReason}">http://terminology.hl7.org/CodeSystem/v3-ActReason</span>, <span title="{http://terminology.hl7.org/CodeSystem/v3-Confidentiality http://terminology.hl7.org/CodeSystem/v3-Confidentiality}">http://terminology.hl7.org/CodeSystem/v3-Confidentiality</span></p></div><p><b>status</b>: final</p><p><b>category</b>: Vital Signs <span style="background: LightGoldenRodYellow; margin: 4px; border: 1px solid khaki"> (<a href="http://terminology.hl7.org/5.0.0/CodeSystem-observation-category.html">Observation Category Codes</a>#vital-signs)</span></p><p><b>code</b>: Body weight <span style="background: LightGoldenRodYellow; margin: 4px; border: 1px solid khaki"> (<a href="https://loinc.org/">LOINC</a>#29463-7)</span></p><p><b>subject</b>: <a href="Patient-ex-patient.html">Patient/ex-patient</a> &quot; SMITH&quot;</p><p><b>encounter</b>: <a href="Encounter-ex-encounter.html">Encounter/ex-encounter</a></p><p><b>effective</b>: 2004-12-25 23:50:50-0500</p><p><b>value</b>: 185 [lb_av]<span style="background: LightGoldenRodYellow"> (Details: UCUM code [lb_av] = '[lb_av]')</span></p><p><b>note</b>: a bit heavy</p></div>
  </text>
  <status value="final"/>
  <category>
    <coding>
      <system value="http://terminology.hl7.org/CodeSystem/observation-category"/>
      <code value="vital-signs"/>
    </coding>
  </category>
  <code>
    <coding>
      <system value="http://loinc.org"/>
      <code value="29463-7"/>
    </coding>
  </code>
  <subject>
    <reference value="Patient/ex-patient"/>
  </subject>
  <encounter>
    <reference value="Encounter/ex-encounter"/>
  </encounter>
  <effectiveDateTime value="2004-12-25T23:50:50-05:00"/>
  <valueQuantity>
    <value value="185"/>
    <system value="http://unitsofmeasure.org"/>
    <code value="[lb_av]"/>
  </valueQuantity>
  <note>
    <text value="a bit heavy"/>
  </note>
</Observation>