{
  "resourceType" : "ValueSet",
  "id" : "fabdaf01-91e7-4183-98cd-2beab9df39e8-36",
  "url" : "http://hl7.org/fhir/comparison/ValueSet/fabdaf01-91e7-4183-98cd-2beab9df39e8-36",
  "name" : "IntersectionODF_occupationVSAndODF_occupationVS",
  "title" : "Intersection of Occupation types And Occupation types",
  "status" : "active",
  "date" : "2024-12-04T15:45:45-06:00",
  "jurisdiction" : [{
    "coding" : [{
      "system" : "http://unstats.un.org/unsd/methods/m49/m49.htm",
      "code" : "001"
    }]
  }]
}