{
  "resourceType": "DocumentReference",
  "id": "ex-DocumentReferenceUnContainedFully",
  "meta": {
    "profile": [
      "http://profiles.ihe.net/ITI/MHD/StructureDefinition/IHE.MHD.UnContained.Comprehensive.DocumentReference"
    ],
    "security": [
      {
        "system": "http://terminology.hl7.org/CodeSystem/v3-ActReason",
        "code": "HTEST"
      }
    ]
  },
  "text": {
    "status": "generated",
    "div": "<div xmlns=\"http://www.w3.org/1999/xhtml\"><p><b>Generated Narrative</b></p><p><b>masterIdentifier</b>: id: urn:oid:1.2.840.113556.1.8000.2554.58783.21864.3474.19410.44358.58254.41281.46340</p><p><b>identifier</b>: id: urn:uuid:0c287d32-01e3-4d87-9953-9fcc9404eb21</p><p><b>status</b>: current</p><p><b>type</b>: <span title=\"Codes: {http://loinc.org 55107-7}\">Addendum Document</span></p><p><b>category</b>: <span title=\"Codes: {http://loinc.org 11369-6}\">History of Immunization Narrative</span></p><p><b>subject</b>: <a href=\"Patient-ex-patient.html\">Generated Summary: John Schmidt , John Jacob Jingle Heimer Schnidt (OLD), John Jacob Jingleheimer Schmidt (OFFICIAL), Jack Schmidt (NICKNAME); gender: other; birthDate: 1923-07-25</a></p><p><b>date</b>: Dec 31, 2020 10:50:50 PM</p><p><b>author</b>: <a href=\"Practitioner-ex-practitioner.html\">Generated Summary: JohnMoehrke@gmail.com</a></p><p><b>authenticator</b>: <a href=\"Practitioner-ex-practitioner.html\">Generated Summary: JohnMoehrke@gmail.com</a></p><h3>RelatesTos</h3><table class=\"grid\"><tr><td>-</td><td><b>Code</b></td><td><b>Target</b></td></tr><tr><td>*</td><td>appends</td><td><a href=\"DocumentReference-ex-documentreference.html\">Generated Summary: status: current</a></td></tr></table><p><b>description</b>: Example of a Comprehensive DocumentReference resource. This is minimally filled for all mandatory elements.</p><p><b>securityLabel</b>: <span title=\"Codes: {http://terminology.hl7.org/CodeSystem/v3-Confidentiality N}\">normal</span></p><blockquote><p><b>content</b></p><h3>Attachments</h3><table class=\"grid\"><tr><td>-</td></tr><tr><td>*</td></tr></table><p><b>format</b>: <span title=\"{http://ihe.net/fhir/ihe.formatcode.fhir/CodeSystem/formatcode urn:ihe:iti:xds-sd:text:2008}\">urn:ihe:iti:xds-sd:text:2008</span></p></blockquote><h3>Contexts</h3><table class=\"grid\"><tr><td>-</td><td><b>Event</b></td><td><b>Period</b></td><td><b>FacilityType</b></td><td><b>PracticeSetting</b></td><td><b>SourcePatientInfo</b></td><td><b>Related</b></td></tr><tr><td>*</td><td><span title=\"Codes: {http://terminology.hl7.org/CodeSystem/v3-ActCode ACCTRECEIVABLE}\">account receivable</span></td><td>Dec 31, 2020 10:50:50 PM --&gt; Dec 31, 2020 10:50:50 PM</td><td><span title=\"Codes: {http://snomed.info/sct 82242000}\">Children's hospital</span></td><td><span title=\"Codes: {http://snomed.info/sct 408467006}\">Adult mental illness - specialty (qualifier value)</span></td><td><a href=\"Patient-ex-patient.html\">Generated Summary: John Schmidt , John Jacob Jingle Heimer Schnidt (OLD), John Jacob Jingleheimer Schmidt (OFFICIAL), Jack Schmidt (NICKNAME); gender: other; birthDate: 1923-07-25</a></td><td><span></span></td></tr></table></div>"
  },
  "masterIdentifier": {
    "system": "urn:ietf:rfc:3986",
    "value": "urn:oid:1.2.840.113556.1.8000.2554.58783.21864.3474.19410.44358.58254.41281.46340"
  },
  "identifier": [
    {
      "system": "urn:ietf:rfc:3986",
      "value": "urn:uuid:0c287d32-01e3-4d87-9953-9fcc9404eb21"
    }
  ],
  "status": "current",
  "type": {
    "coding": [
      {
        "system": "http://loinc.org",
        "code": "55107-7"
      }
    ]
  },
  "category": [
    {
      "coding": [
        {
          "system": "http://loinc.org",
          "code": "11369-6"
        }
      ]
    }
  ],
  "subject": {
    "reference": "Patient/ex-patient"
  },
  "date": "2020-12-31T23:50:50-05:00",
  "author": [
    {
      "reference": "Practitioner/ex-practitioner"
    }
  ],
  "authenticator": {
    "reference": "Practitioner/ex-practitioner"
  },
  "relatesTo": [
    {
      "code": "appends",
      "target": {
        "reference": "DocumentReference/ex-documentreference"
      }
    }
  ],
  "description": "Example of a Comprehensive DocumentReference resource. This is minimally filled for all mandatory elements.",
  "securityLabel": [
    {
      "coding": [
        {
          "system": "http://terminology.hl7.org/CodeSystem/v3-Confidentiality",
          "code": "N"
        }
      ]
    }
  ],
  "content": [
    {
      "attachment": {
        "contentType": "text/plain",
        "language": "en",
        "url": "http://example.com/nowhere.txt",
        "size": 0,
        "hash": "ZGEzOWEzZWU1ZTZiNGIwZDMyNTViZmVmOTU2MDE4OTBhZmQ4MDcwOQ==",
        "title": "DocumentReference for Comprehensive minimally filled metadata",
        "creation": "2020-12-31T23:50:50-05:00"
      },
      "format": {
        "system": "http://ihe.net/fhir/ihe.formatcode.fhir/CodeSystem/formatcode",
        "code": "urn:ihe:iti:xds-sd:text:2008"
      }
    }
  ],
  "context": {
    "event": [
      {
        "coding": [
          {
            "system": "http://terminology.hl7.org/CodeSystem/v3-ActCode",
            "code": "ACCTRECEIVABLE"
          }
        ]
      }
    ],
    "period": {
      "start": "2020-12-31T23:50:50-05:00",
      "end": "2020-12-31T23:50:50-05:00"
    },
    "facilityType": {
      "coding": [
        {
          "system": "http://snomed.info/sct",
          "code": "82242000"
        }
      ]
    },
    "practiceSetting": {
      "coding": [
        {
          "system": "http://snomed.info/sct",
          "code": "408467006"
        }
      ]
    },
    "sourcePatientInfo": {
      "reference": "Patient/ex-patient"
    },
    "related": [
      {
        "identifier": {
          "system": "urn:ietf:rfc:3986",
          "value": "urn:oid:1.2.840.113556.1.8000.2554.17917.46600.21181.17878.33419.62048.57128.2759"
        }
      }
    ]
  }
}