{
  "resourceType" : "Practitioner",
  "id" : "MCSDPractitioner-Example",
  "meta" : {
    "profile" : ["https://profiles.ihe.net/ITI/mCSD/StructureDefinition/IHE.mCSD.Practitioner"]
  },
  "text" : {
    "status" : "generated",
    "div" : "<div xmlns=\"http://www.w3.org/1999/xhtml\"><p class=\"res-header-id\"><b>Generated Narrative: Practitioner MCSDPractitioner-Example</b></p><a name=\"MCSDPractitioner-Example\"> </a><a name=\"hcMCSDPractitioner-Example\"> </a><a name=\"MCSDPractitioner-Example-en-US\"> </a><div style=\"display: inline-block; background-color: #d9e0e7; padding: 6px; margin: 4px; border: 1px solid #8da1b4; border-radius: 5px; line-height: 60%\"><p style=\"margin-bottom: 0px\"/><p style=\"margin-bottom: 0px\">Profile: <a href=\"StructureDefinition-IHE.mCSD.Practitioner.html\">mCSD Practitioner</a></p></div><p><b>name</b>: John Galt</p></div>"
  },
  "name" : [{
    "text" : "John Galt"
  }]
}