<?xml version="1.0" encoding="UTF-8"?><CodeSystem xmlns="http://hl7.org/fhir"><id value="MCSDEndpointTypes"/><text><status value="generated"/><div xmlns="http://www.w3.org/1999/xhtml"><p class="res-header-id"><b>Generated Narrative: CodeSystem MCSDEndpointTypes</b></p><a name="MCSDEndpointTypes"> </a><a name="hcMCSDEndpointTypes"> </a><a name="MCSDEndpointTypes-en-US"> </a><p>This case-sensitive code system <code>https://profiles.ihe.net/ITI/mCSD/CodeSystem/MCSDEndpointTypes</code> defines the following codes in a Part Of hierarchy:</p><table class="codes"><tr><td><b>Lvl</b></td><td style="white-space:nowrap"><b>Code</b></td><td><b>Display</b></td></tr><tr><td>1</td><td style="white-space:nowrap">ihe-xca<a name="MCSDEndpointTypes-ihe-xca"> </a></td><td>XCA</td></tr><tr><td>2</td><td style="white-space:nowrap">  XCA-InitGateway-Query<a name="MCSDEndpointTypes-XCA-InitGateway-Query"> </a></td><td>XCA InitiatingGateway ITI-18 Registry Stored Query Synchronous</td></tr><tr><td>2</td><td style="white-space:nowrap">  XCA-InitGateway-Retrieve<a name="MCSDEndpointTypes-XCA-InitGateway-Retrieve"> </a></td><td>XCA InitiatingGateway ITI-43 Retrieve Document Set Synchronous</td></tr><tr><td>2</td><td style="white-space:nowrap">  XCA-InitGateway-Query-Async<a name="MCSDEndpointTypes-XCA-InitGateway-Query-Async"> </a></td><td>XCA InitiatingGateway ITI-18 Registry Stored Query Asynchronous</td></tr><tr><td>2</td><td style="white-space:nowrap">  XCA-InitGateway-Retrieve-Async<a name="MCSDEndpointTypes-XCA-InitGateway-Retrieve-Async"> </a></td><td>XCA InitiatingGateway ITI-43 Retrieve Document Set Asynchronous</td></tr><tr><td>2</td><td style="white-space:nowrap">  XCA-InitGateway-Query-AsyncResponse<a name="MCSDEndpointTypes-XCA-InitGateway-Query-AsyncResponse"> </a></td><td>XCA InitiatingGateway ITI-38 Cross Gateway Query Asynchronous Response</td></tr><tr><td>2</td><td style="white-space:nowrap">  XCA-InitGateway-Retrieve-AsyncResponse<a name="MCSDEndpointTypes-XCA-InitGateway-Retrieve-AsyncResponse"> </a></td><td>XCA InitiatingGateway ITI-39 Cross Gateway Retrieve Asynchronous Response</td></tr><tr><td>2</td><td style="white-space:nowrap">  XCA-RespGateway-Query<a name="MCSDEndpointTypes-XCA-RespGateway-Query"> </a></td><td>XCA RespondingGateway ITI-38 Cross Gateway Query Synchronous</td></tr><tr><td>2</td><td style="white-space:nowrap">  XCA-RespGateway-Retrieve<a name="MCSDEndpointTypes-XCA-RespGateway-Retrieve"> </a></td><td>XCA RespondingGateway ITI-39 Cross Gateway Retrieve Synchronous</td></tr><tr><td>2</td><td style="white-space:nowrap">  XCA-RespGateway-Query-Async<a name="MCSDEndpointTypes-XCA-RespGateway-Query-Async"> </a></td><td>XCA RespondingGateway ITI-38 Cross Gateway Query Asynchronous</td></tr><tr><td>2</td><td style="white-space:nowrap">  XCA-RespGateway-Retrieve-Async<a name="MCSDEndpointTypes-XCA-RespGateway-Retrieve-Async"> </a></td><td>XCA RespondingGateway ITI-39 Cross Gateway Retrieve Asynchronous</td></tr><tr><td>1</td><td style="white-space:nowrap">ihe-xcpd<a name="MCSDEndpointTypes-ihe-xcpd"> </a></td><td>XCPD</td></tr><tr><td>2</td><td style="white-space:nowrap">  XCPD-InitGateway-PatientDiscovery-AsyncResponse<a name="MCSDEndpointTypes-XCPD-InitGateway-PatientDiscovery-AsyncResponse"> </a></td><td>XCPD InitiatingGateway ITI-55 Cross Gateway Patient Discovery Asynchronous Response</td></tr><tr><td>2</td><td style="white-space:nowrap">  XCPD-RespGateway-PatientDiscovery<a name="MCSDEndpointTypes-XCPD-RespGateway-PatientDiscovery"> </a></td><td>XCPD RespondingGateway ITI-55 Cross Gateway Patient Discovery Synchronous</td></tr><tr><td>2</td><td style="white-space:nowrap">  XCPD-RespGateway-PatientDiscovery-Async<a name="MCSDEndpointTypes-XCPD-RespGateway-PatientDiscovery-Async"> </a></td><td>XCPD RespondingGateway ITI-55 Cross Gateway Patient Discovery Asynchronous</td></tr><tr><td>1</td><td style="white-space:nowrap">ihe-xds<a name="MCSDEndpointTypes-ihe-xds"> </a></td><td>XDS</td></tr><tr><td>2</td><td style="white-space:nowrap">  XDS-Registry-Feed<a name="MCSDEndpointTypes-XDS-Registry-Feed"> </a></td><td>XDS Registry ITI-8 Patient Identity Feed Synchronous</td></tr><tr><td>2</td><td style="white-space:nowrap">  XDS-Registry-Feed-v3<a name="MCSDEndpointTypes-XDS-Registry-Feed-v3"> </a></td><td>XDS Registry ITI-44 Patient Identity Feed HL7v3 Synchronous</td></tr><tr><td>2</td><td style="white-space:nowrap">  XDS-Registry-Register<a name="MCSDEndpointTypes-XDS-Registry-Register"> </a></td><td>XDS Registry ITI-42 Register Document Set-b Synchronous</td></tr><tr><td>2</td><td style="white-space:nowrap">  XDS-Registry-Query<a name="MCSDEndpointTypes-XDS-Registry-Query"> </a></td><td>XDS Registry ITI-18 Registry Stored Query Synchronous</td></tr><tr><td>2</td><td style="white-space:nowrap">  XDS-Registry-RegOnDemand<a name="MCSDEndpointTypes-XDS-Registry-RegOnDemand"> </a></td><td>XDS Registry ITI-61 Register On-Demand Document Entry Synchronous</td></tr><tr><td>2</td><td style="white-space:nowrap">  XDS-Registry-Register-Async<a name="MCSDEndpointTypes-XDS-Registry-Register-Async"> </a></td><td>XDS Registry ITI-42 Register Document Set-b Asynchronous</td></tr><tr><td>2</td><td style="white-space:nowrap">  XDS-Registry-Query-Async<a name="MCSDEndpointTypes-XDS-Registry-Query-Async"> </a></td><td>XDS Registry ITI-18 Registry Stored Query Asynchronous</td></tr><tr><td>2</td><td style="white-space:nowrap">  XDS-Registry-RegOnDemand-Async<a name="MCSDEndpointTypes-XDS-Registry-RegOnDemand-Async"> </a></td><td>XDS Registry ITI-61 Register On-Demand Document Entry Asynchronous</td></tr><tr><td>2</td><td style="white-space:nowrap">  XDS-Repository-ProvideReg<a name="MCSDEndpointTypes-XDS-Repository-ProvideReg"> </a></td><td>XDS Repository ITI-41 Provide&amp;Register Document Set-b Synchronous</td></tr><tr><td>2</td><td style="white-space:nowrap">  XDS-Repository-Retrieve<a name="MCSDEndpointTypes-XDS-Repository-Retrieve"> </a></td><td>XDS Repository/IntegratedSourceRepository ITI-43 Retrieve Document Set Synchronous</td></tr><tr><td>2</td><td style="white-space:nowrap">  XDS-Repository-ProvideReg-Async<a name="MCSDEndpointTypes-XDS-Repository-ProvideReg-Async"> </a></td><td>XDS Repository ITI-41 Provide&amp;Register Document Set-b Asynchronous</td></tr><tr><td>2</td><td style="white-space:nowrap">  XDS-Repository-Retrieve-Async<a name="MCSDEndpointTypes-XDS-Repository-Retrieve-Async"> </a></td><td>XDS Repository/IntegratedSourceRepository ITI-43 Retrieve Document Set Asynchronous</td></tr><tr><td>2</td><td style="white-space:nowrap">  XDS-Repository-Register-AsyncResponse<a name="MCSDEndpointTypes-XDS-Repository-Register-AsyncResponse"> </a></td><td>XDS Repository/IntegratedSourceRepository ITI-42 Register Document Set-b Asynchronous Response</td></tr><tr><td>2</td><td style="white-space:nowrap">  XDS-OnDemandSource-Retrieve<a name="MCSDEndpointTypes-XDS-OnDemandSource-Retrieve"> </a></td><td>XDS OnDemandSource ITI-43 Retrieve Document Set Synchronous</td></tr><tr><td>2</td><td style="white-space:nowrap">  XDS-OnDemandSource-Retrieve-Async<a name="MCSDEndpointTypes-XDS-OnDemandSource-Retrieve-Async"> </a></td><td>XDS OnDemandSource ITI-43 Retrieve Document Set Asynchronous</td></tr><tr><td>2</td><td style="white-space:nowrap">  XDS-OnDemandSource-RegOnDemand-AsyncResponse<a name="MCSDEndpointTypes-XDS-OnDemandSource-RegOnDemand-AsyncResponse"> </a></td><td>XDS OnDemandSource ITI-61 Register On-Demand Document Entry Asynchronous Response</td></tr><tr><td>2</td><td style="white-space:nowrap">  XDS-Source-ProvideReg-AsyncResponse<a name="MCSDEndpointTypes-XDS-Source-ProvideReg-AsyncResponse"> </a></td><td>XDS Document Source ITI-41 Provide&amp;Register Document Set-b Asynchronous Response</td></tr><tr><td>2</td><td style="white-space:nowrap">  XDS-Consumer-Query-AsyncResponse<a name="MCSDEndpointTypes-XDS-Consumer-Query-AsyncResponse"> </a></td><td>XDS Document Consumer ITI-18 Registry Stored Query Asynchronous Response</td></tr><tr><td>2</td><td style="white-space:nowrap">  XDS-Consumer-Retrieve-AsyncResponse<a name="MCSDEndpointTypes-XDS-Consumer-Retrieve-AsyncResponse"> </a></td><td>XDS Document Consumer ITI-43 Retrieve Document Set Asynchronous Response</td></tr><tr><td>1</td><td style="white-space:nowrap">ihe-pdq<a name="MCSDEndpointTypes-ihe-pdq"> </a></td><td>PDQ</td></tr><tr><td>2</td><td style="white-space:nowrap">  PDQ-Supplier-Query<a name="MCSDEndpointTypes-PDQ-Supplier-Query"> </a></td><td>PDQ Patient Demographics Supplier ITI-21 Patient Demographics Query Synchronous</td></tr><tr><td>2</td><td style="white-space:nowrap">  PDQ-Supplier-VisitQuery<a name="MCSDEndpointTypes-PDQ-Supplier-VisitQuery"> </a></td><td>PDQ Patient Demographics Supplier ITI-22 Patient Demographics and Visit Query Synchronous</td></tr><tr><td>1</td><td style="white-space:nowrap">ihe-pix<a name="MCSDEndpointTypes-ihe-pix"> </a></td><td>PIX</td></tr><tr><td>2</td><td style="white-space:nowrap">  PIX-Xmanager-Feed<a name="MCSDEndpointTypes-PIX-Xmanager-Feed"> </a></td><td>PIX Patient Identity Cross-Reference Manager ITI-8 Patient Identity Feed Synchronous</td></tr><tr><td>2</td><td style="white-space:nowrap">  PIX-Xmanager-Feed-v3<a name="MCSDEndpointTypes-PIX-Xmanager-Feed-v3"> </a></td><td>PIX Patient Identity Cross-Reference Manager ITI-30 Patient Identity Management Synchronous</td></tr><tr><td>2</td><td style="white-space:nowrap">  PIX-Xmanager-Query<a name="MCSDEndpointTypes-PIX-Xmanager-Query"> </a></td><td>PIX Patient Identity Cross-Reference Manager ITI-9 PIX Query Synchronous</td></tr><tr><td>2</td><td style="white-space:nowrap">  PIX-Consumer<a name="MCSDEndpointTypes-PIX-Consumer"> </a></td><td>PIX Patient Identifier Cross-reference Consumer ITI-10 PIX Update Notification Synchronous</td></tr><tr><td>1</td><td style="white-space:nowrap">ihe-xdr<a name="MCSDEndpointTypes-ihe-xdr"> </a></td><td>XDR</td></tr><tr><td>2</td><td style="white-space:nowrap">  XDR-Recipient-ProvideReg<a name="MCSDEndpointTypes-XDR-Recipient-ProvideReg"> </a></td><td>XDR Document Recipient ITI-41 Provide and Register Document Set-B Synchronous</td></tr><tr><td>1</td><td style="white-space:nowrap">ihe-mhd<a name="MCSDEndpointTypes-ihe-mhd"> </a></td><td>MHD</td></tr><tr><td>2</td><td style="white-space:nowrap">  MHD-Recipient-ProvideReg<a name="MCSDEndpointTypes-MHD-Recipient-ProvideReg"> </a></td><td>MHD Document Recipient ITI-65 Provide Document Bundle</td></tr></table></div></text><url value="https://profiles.ihe.net/ITI/mCSD/CodeSystem/MCSDEndpointTypes"/><version value="4.0.0-comment"/><name value="MCSDEndpointTypes"/><title value="mCSD Endpoint Types"/><status value="active"/><experimental value="false"/><date value="2025-03-12T10:57:46-05:00"/><publisher value="IHE IT Infrastructure Technical Committee"/><contact><telecom><system value="url"/><value value="https://www.ihe.net/ihe_domains/it_infrastructure/"/></telecom></contact><contact><telecom><system value="email"/><value value="iti@ihe.net"/></telecom></contact><contact><name value="IHE IT Infrastructure Technical Committee"/><telecom><system value="email"/><value value="iti@ihe.net"/></telecom></contact><description value="mCSD Endpoint types beyond those in the FHIR core.&#xA;&#xA;The codes defined here are endpoint types defined in IHE profiles at the time of publication. &#xA;Other codes might be defined in new IHE profiles written later, where they could define their own code and own codeSystem.&#xA;&#xA;Code pattern: `{Profile}-{Actor}-{Transaction}[-{option}]`&#xA;* Where Profile is the acronym&#xA;* Where Actor name compressed to be short yet clear (camel case)&#xA;* Where Transaction name is compressed to be short yet clear (camel case)&#xA;* Where the code definition spells out these using the formal names and transaction number&#xA;* Where an option is important it can be prepended&#xA;&#xA;Note that this codeSystem contains only endpoints needed for Some IHE profiles, and only for the synchronous communication pattern. When Async is supported additional entries will be needed on these actors, and the peer actor will also need to be described. Async is not in scope at this time."/><jurisdiction><coding><system value="http://unstats.un.org/unsd/methods/m49/m49.htm"/><code value="001"/></coding></jurisdiction><caseSensitive value="true"/><hierarchyMeaning value="part-of"/><content value="complete"/><count value="47"/><concept><code value="ihe-xca"/><display value="XCA"/><designation><use><system value="http://terminology.hl7.org/CodeSystem/designation-usage"/><code value="display"/></use><value value="XCA"/></designation><concept><code value="XCA-InitGateway-Query"/><display value="XCA InitiatingGateway ITI-18 Registry Stored Query Synchronous"/><designation><use><system value="http://terminology.hl7.org/CodeSystem/designation-usage"/><code value="display"/></use><value value="XCA InitiatingGateway ITI-18 Registry Stored Query Synchronous"/></designation></concept><concept><code value="XCA-InitGateway-Retrieve"/><display value="XCA InitiatingGateway ITI-43 Retrieve Document Set Synchronous"/><designation><use><system value="http://terminology.hl7.org/CodeSystem/designation-usage"/><code value="display"/></use><value value="XCA InitiatingGateway ITI-43 Retrieve Document Set Synchronous"/></designation></concept><concept><code value="XCA-InitGateway-Query-Async"/><display value="XCA InitiatingGateway ITI-18 Registry Stored Query Asynchronous"/><designation><use><system value="http://terminology.hl7.org/CodeSystem/designation-usage"/><code value="display"/></use><value value="XCA InitiatingGateway ITI-18 Registry Stored Query Asynchronous"/></designation></concept><concept><code value="XCA-InitGateway-Retrieve-Async"/><display value="XCA InitiatingGateway ITI-43 Retrieve Document Set Asynchronous"/><designation><use><system value="http://terminology.hl7.org/CodeSystem/designation-usage"/><code value="display"/></use><value value="XCA InitiatingGateway ITI-43 Retrieve Document Set Asynchronous"/></designation></concept><concept><code value="XCA-InitGateway-Query-AsyncResponse"/><display value="XCA InitiatingGateway ITI-38 Cross Gateway Query Asynchronous Response"/><designation><use><system value="http://terminology.hl7.org/CodeSystem/designation-usage"/><code value="display"/></use><value value="XCA InitiatingGateway ITI-38 Cross Gateway Query Asynchronous Response"/></designation></concept><concept><code value="XCA-InitGateway-Retrieve-AsyncResponse"/><display value="XCA InitiatingGateway ITI-39 Cross Gateway Retrieve Asynchronous Response"/><designation><use><system value="http://terminology.hl7.org/CodeSystem/designation-usage"/><code value="display"/></use><value value="XCA InitiatingGateway ITI-39 Cross Gateway Retrieve Asynchronous Response"/></designation></concept><concept><code value="XCA-RespGateway-Query"/><display value="XCA RespondingGateway ITI-38 Cross Gateway Query Synchronous"/><designation><use><system value="http://terminology.hl7.org/CodeSystem/designation-usage"/><code value="display"/></use><value value="XCA RespondingGateway ITI-38 Cross Gateway Query Synchronous"/></designation></concept><concept><code value="XCA-RespGateway-Retrieve"/><display value="XCA RespondingGateway ITI-39 Cross Gateway Retrieve Synchronous"/><designation><use><system value="http://terminology.hl7.org/CodeSystem/designation-usage"/><code value="display"/></use><value value="XCA RespondingGateway ITI-39 Cross Gateway Retrieve Synchronous"/></designation></concept><concept><code value="XCA-RespGateway-Query-Async"/><display value="XCA RespondingGateway ITI-38 Cross Gateway Query Asynchronous"/><designation><use><system value="http://terminology.hl7.org/CodeSystem/designation-usage"/><code value="display"/></use><value value="XCA RespondingGateway ITI-38 Cross Gateway Query Asynchronous"/></designation></concept><concept><code value="XCA-RespGateway-Retrieve-Async"/><display value="XCA RespondingGateway ITI-39 Cross Gateway Retrieve Asynchronous"/><designation><use><system value="http://terminology.hl7.org/CodeSystem/designation-usage"/><code value="display"/></use><value value="XCA RespondingGateway ITI-39 Cross Gateway Retrieve Asynchronous"/></designation></concept></concept><concept><code value="ihe-xcpd"/><display value="XCPD"/><designation><use><system value="http://terminology.hl7.org/CodeSystem/designation-usage"/><code value="display"/></use><value value="XCPD"/></designation><concept><code value="XCPD-InitGateway-PatientDiscovery-AsyncResponse"/><display value="XCPD InitiatingGateway ITI-55 Cross Gateway Patient Discovery Asynchronous Response"/><designation><use><system value="http://terminology.hl7.org/CodeSystem/designation-usage"/><code value="display"/></use><value value="XCPD InitiatingGateway ITI-55 Cross Gateway Patient Discovery Asynchronous Response"/></designation></concept><concept><code value="XCPD-RespGateway-PatientDiscovery"/><display value="XCPD RespondingGateway ITI-55 Cross Gateway Patient Discovery Synchronous"/><designation><use><system value="http://terminology.hl7.org/CodeSystem/designation-usage"/><code value="display"/></use><value value="XCPD RespondingGateway ITI-55 Cross Gateway Patient Discovery Synchronous"/></designation></concept><concept><code value="XCPD-RespGateway-PatientDiscovery-Async"/><display value="XCPD RespondingGateway ITI-55 Cross Gateway Patient Discovery Asynchronous"/><designation><use><system value="http://terminology.hl7.org/CodeSystem/designation-usage"/><code value="display"/></use><value value="XCPD RespondingGateway ITI-55 Cross Gateway Patient Discovery Asynchronous"/></designation></concept></concept><concept><code value="ihe-xds"/><display value="XDS"/><designation><use><system value="http://terminology.hl7.org/CodeSystem/designation-usage"/><code value="display"/></use><value value="XDS"/></designation><concept><code value="XDS-Registry-Feed"/><display value="XDS Registry ITI-8 Patient Identity Feed Synchronous"/><designation><use><system value="http://terminology.hl7.org/CodeSystem/designation-usage"/><code value="display"/></use><value value="XDS Registry ITI-8 Patient Identity Feed Synchronous"/></designation></concept><concept><code value="XDS-Registry-Feed-v3"/><display value="XDS Registry ITI-44 Patient Identity Feed HL7v3 Synchronous"/><designation><use><system value="http://terminology.hl7.org/CodeSystem/designation-usage"/><code value="display"/></use><value value="XDS Registry ITI-44 Patient Identity Feed HL7v3 Synchronous"/></designation></concept><concept><code value="XDS-Registry-Register"/><display value="XDS Registry ITI-42 Register Document Set-b Synchronous"/><designation><use><system value="http://terminology.hl7.org/CodeSystem/designation-usage"/><code value="display"/></use><value value="XDS Registry ITI-42 Register Document Set-b Synchronous"/></designation></concept><concept><code value="XDS-Registry-Query"/><display value="XDS Registry ITI-18 Registry Stored Query Synchronous"/><designation><use><system value="http://terminology.hl7.org/CodeSystem/designation-usage"/><code value="display"/></use><value value="XDS Registry ITI-18 Registry Stored Query Synchronous"/></designation></concept><concept><code value="XDS-Registry-RegOnDemand"/><display value="XDS Registry ITI-61 Register On-Demand Document Entry Synchronous"/><designation><use><system value="http://terminology.hl7.org/CodeSystem/designation-usage"/><code value="display"/></use><value value="XDS Registry ITI-61 Register On-Demand Document Entry Synchronous"/></designation></concept><concept><code value="XDS-Registry-Register-Async"/><display value="XDS Registry ITI-42 Register Document Set-b Asynchronous"/><designation><use><system value="http://terminology.hl7.org/CodeSystem/designation-usage"/><code value="display"/></use><value value="XDS Registry ITI-42 Register Document Set-b Asynchronous"/></designation></concept><concept><code value="XDS-Registry-Query-Async"/><display value="XDS Registry ITI-18 Registry Stored Query Asynchronous"/><designation><use><system value="http://terminology.hl7.org/CodeSystem/designation-usage"/><code value="display"/></use><value value="XDS Registry ITI-18 Registry Stored Query Asynchronous"/></designation></concept><concept><code value="XDS-Registry-RegOnDemand-Async"/><display value="XDS Registry ITI-61 Register On-Demand Document Entry Asynchronous"/><designation><use><system value="http://terminology.hl7.org/CodeSystem/designation-usage"/><code value="display"/></use><value value="XDS Registry ITI-61 Register On-Demand Document Entry Asynchronous"/></designation></concept><concept><code value="XDS-Repository-ProvideReg"/><display value="XDS Repository ITI-41 Provide&amp;Register Document Set-b Synchronous"/><designation><use><system value="http://terminology.hl7.org/CodeSystem/designation-usage"/><code value="display"/></use><value value="XDS Repository ITI-41 Provide&amp;Register Document Set-b Synchronous"/></designation></concept><concept><code value="XDS-Repository-Retrieve"/><display value="XDS Repository/IntegratedSourceRepository ITI-43 Retrieve Document Set Synchronous"/><designation><use><system value="http://terminology.hl7.org/CodeSystem/designation-usage"/><code value="display"/></use><value value="XDS Repository/IntegratedSourceRepository ITI-43 Retrieve Document Set Synchronous"/></designation></concept><concept><code value="XDS-Repository-ProvideReg-Async"/><display value="XDS Repository ITI-41 Provide&amp;Register Document Set-b Asynchronous"/><designation><use><system value="http://terminology.hl7.org/CodeSystem/designation-usage"/><code value="display"/></use><value value="XDS Repository ITI-41 Provide&amp;Register Document Set-b Asynchronous"/></designation></concept><concept><code value="XDS-Repository-Retrieve-Async"/><display value="XDS Repository/IntegratedSourceRepository ITI-43 Retrieve Document Set Asynchronous"/><designation><use><system value="http://terminology.hl7.org/CodeSystem/designation-usage"/><code value="display"/></use><value value="XDS Repository/IntegratedSourceRepository ITI-43 Retrieve Document Set Asynchronous"/></designation></concept><concept><code value="XDS-Repository-Register-AsyncResponse"/><display value="XDS Repository/IntegratedSourceRepository ITI-42 Register Document Set-b Asynchronous Response"/><designation><use><system value="http://terminology.hl7.org/CodeSystem/designation-usage"/><code value="display"/></use><value value="XDS Repository/IntegratedSourceRepository ITI-42 Register Document Set-b Asynchronous Response"/></designation></concept><concept><code value="XDS-OnDemandSource-Retrieve"/><display value="XDS OnDemandSource ITI-43 Retrieve Document Set Synchronous"/><designation><use><system value="http://terminology.hl7.org/CodeSystem/designation-usage"/><code value="display"/></use><value value="XDS OnDemandSource ITI-43 Retrieve Document Set Synchronous"/></designation></concept><concept><code value="XDS-OnDemandSource-Retrieve-Async"/><display value="XDS OnDemandSource ITI-43 Retrieve Document Set Asynchronous"/><designation><use><system value="http://terminology.hl7.org/CodeSystem/designation-usage"/><code value="display"/></use><value value="XDS OnDemandSource ITI-43 Retrieve Document Set Asynchronous"/></designation></concept><concept><code value="XDS-OnDemandSource-RegOnDemand-AsyncResponse"/><display value="XDS OnDemandSource ITI-61 Register On-Demand Document Entry Asynchronous Response"/><designation><use><system value="http://terminology.hl7.org/CodeSystem/designation-usage"/><code value="display"/></use><value value="XDS OnDemandSource ITI-61 Register On-Demand Document Entry Asynchronous Response"/></designation></concept><concept><code value="XDS-Source-ProvideReg-AsyncResponse"/><display value="XDS Document Source ITI-41 Provide&amp;Register Document Set-b Asynchronous Response"/><designation><use><system value="http://terminology.hl7.org/CodeSystem/designation-usage"/><code value="display"/></use><value value="XDS Document Source ITI-41 Provide&amp;Register Document Set-b Asynchronous Response"/></designation></concept><concept><code value="XDS-Consumer-Query-AsyncResponse"/><display value="XDS Document Consumer ITI-18 Registry Stored Query Asynchronous Response"/><designation><use><system value="http://terminology.hl7.org/CodeSystem/designation-usage"/><code value="display"/></use><value value="XDS Document Consumer ITI-18 Registry Stored Query Asynchronous Response"/></designation></concept><concept><code value="XDS-Consumer-Retrieve-AsyncResponse"/><display value="XDS Document Consumer ITI-43 Retrieve Document Set Asynchronous Response"/><designation><use><system value="http://terminology.hl7.org/CodeSystem/designation-usage"/><code value="display"/></use><value value="XDS Document Consumer ITI-43 Retrieve Document Set Asynchronous Response"/></designation></concept></concept><concept><code value="ihe-pdq"/><display value="PDQ"/><designation><use><system value="http://terminology.hl7.org/CodeSystem/designation-usage"/><code value="display"/></use><value value="PDQ"/></designation><concept><code value="PDQ-Supplier-Query"/><display value="PDQ Patient Demographics Supplier ITI-21 Patient Demographics Query Synchronous"/><designation><use><system value="http://terminology.hl7.org/CodeSystem/designation-usage"/><code value="display"/></use><value value="PDQ Patient Demographics Supplier ITI-21 Patient Demographics Query Synchronous"/></designation></concept><concept><code value="PDQ-Supplier-VisitQuery"/><display value="PDQ Patient Demographics Supplier ITI-22 Patient Demographics and Visit Query Synchronous"/><designation><use><system value="http://terminology.hl7.org/CodeSystem/designation-usage"/><code value="display"/></use><value value="PDQ Patient Demographics Supplier ITI-22 Patient Demographics and Visit Query Synchronous"/></designation></concept></concept><concept><code value="ihe-pix"/><display value="PIX"/><designation><use><system value="http://terminology.hl7.org/CodeSystem/designation-usage"/><code value="display"/></use><value value="PIX"/></designation><concept><code value="PIX-Xmanager-Feed"/><display value="PIX Patient Identity Cross-Reference Manager ITI-8 Patient Identity Feed Synchronous"/><designation><use><system value="http://terminology.hl7.org/CodeSystem/designation-usage"/><code value="display"/></use><value value="PIX Patient Identity Cross-Reference Manager ITI-8 Patient Identity Feed Synchronous"/></designation></concept><concept><code value="PIX-Xmanager-Feed-v3"/><display value="PIX Patient Identity Cross-Reference Manager ITI-30 Patient Identity Management Synchronous"/><designation><use><system value="http://terminology.hl7.org/CodeSystem/designation-usage"/><code value="display"/></use><value value="PIX Patient Identity Cross-Reference Manager ITI-30 Patient Identity Management Synchronous"/></designation></concept><concept><code value="PIX-Xmanager-Query"/><display value="PIX Patient Identity Cross-Reference Manager ITI-9 PIX Query Synchronous"/><designation><use><system value="http://terminology.hl7.org/CodeSystem/designation-usage"/><code value="display"/></use><value value="PIX Patient Identity Cross-Reference Manager ITI-9 PIX Query Synchronous"/></designation></concept><concept><code value="PIX-Consumer"/><display value="PIX Patient Identifier Cross-reference Consumer ITI-10 PIX Update Notification Synchronous"/><designation><use><system value="http://terminology.hl7.org/CodeSystem/designation-usage"/><code value="display"/></use><value value="PIX Patient Identifier Cross-reference Consumer ITI-10 PIX Update Notification Synchronous"/></designation></concept></concept><concept><code value="ihe-xdr"/><display value="XDR"/><designation><use><system value="http://terminology.hl7.org/CodeSystem/designation-usage"/><code value="display"/></use><value value="XDR"/></designation><concept><code value="XDR-Recipient-ProvideReg"/><display value="XDR Document Recipient ITI-41 Provide and Register Document Set-B Synchronous"/><designation><use><system value="http://terminology.hl7.org/CodeSystem/designation-usage"/><code value="display"/></use><value value="XDR Document Recipient ITI-41 Provide and Register Document Set-B Synchronous"/></designation></concept></concept><concept><code value="ihe-mhd"/><display value="MHD"/><designation><use><system value="http://terminology.hl7.org/CodeSystem/designation-usage"/><code value="display"/></use><value value="MHD"/></designation><concept><code value="MHD-Recipient-ProvideReg"/><display value="MHD Document Recipient ITI-65 Provide Document Bundle"/><designation><use><system value="http://terminology.hl7.org/CodeSystem/designation-usage"/><code value="display"/></use><value value="MHD Document Recipient ITI-65 Provide Document Bundle"/></designation></concept></concept></CodeSystem>