{
  "resourceType" : "Coverage",
  "id" : "ex-coverage-1",
  "text" : {
    "status" : "generated",
    "div" : "<div xmlns=\"http://www.w3.org/1999/xhtml\"><p class=\"res-header-id\"><b>Generated Narrative: Coverage ex-coverage-1</b></p><a name=\"ex-coverage-1\"> </a><a name=\"hcex-coverage-1\"> </a><a name=\"ex-coverage-1-en-US\"> </a><p><b>status</b>: Active</p><p><b>type</b>: <span title=\"Codes:{http://terminology.hl7.org/CodeSystem/v3-ActCode PUBLICPOL}\">public healthcare</span></p><p><b>policyHolder</b>: <a href=\"Patient-ex-beneficiary-1.html\">Purity Atieno  Female, DoB: 2000-05-04</a></p><p><b>subscriber</b>: <a href=\"Patient-ex-beneficiary-1.html\">Purity Atieno  Female, DoB: 2000-05-04</a></p><p><b>subscriberId</b>: 05710b56-4448-11ef-b676-774a043da147</p><p><b>beneficiary</b>: <a href=\"Patient-ex-beneficiary-1.html\">Purity Atieno  Female, DoB: 2000-05-04</a></p><p><b>relationship</b>: <span title=\"Codes:{http://terminology.hl7.org/CodeSystem/subscriber-relationship self}\">Self</span></p><p><b>period</b>: 2024-01-01 --&gt; 2024-12-31</p><p><b>payor</b>: <a href=\"Organization-ex-insurer-1.html\">Organization National Health Insurance Scheme</a></p></div>"
  },
  "status" : "active",
  "type" : {
    "coding" : [{
      "system" : "http://terminology.hl7.org/CodeSystem/v3-ActCode",
      "code" : "PUBLICPOL",
      "display" : "public healthcare"
    }]
  },
  "policyHolder" : {
    "reference" : "Patient/ex-beneficiary-1"
  },
  "subscriber" : {
    "reference" : "Patient/ex-beneficiary-1"
  },
  "subscriberId" : "05710b56-4448-11ef-b676-774a043da147",
  "beneficiary" : {
    "reference" : "Patient/ex-beneficiary-1"
  },
  "relationship" : {
    "coding" : [{
      "system" : "http://terminology.hl7.org/CodeSystem/subscriber-relationship",
      "code" : "self",
      "display" : "Self"
    }]
  },
  "period" : {
    "start" : "2024-01-01",
    "end" : "2024-12-31"
  },
  "payor" : [{
    "reference" : "Organization/ex-insurer-1"
  }]
}