{"resourceType":"ImplementationGuide","id":"ihe.iti.npfs","text":{"status":"extensions","div":"<div xmlns=\"http://www.w3.org/1999/xhtml\"><h2>IHE_ITI_NPFS</h2><p>The official URL for this implementation guide is: </p><pre>https://profiles.ihe.net/ITI/NPFS/ImplementationGuide/ihe.iti.npfs</pre><div><p>The Non-Patient File Sharing (NPFS) Profile defines how to share non-patient files such as clinical workflow definitions, domain policies, and stylesheets. Those files can be created and consumed by many different systems involved in a wide variety of data sharing workflows.</p>\n</div></div>"},"url":"https://profiles.ihe.net/ITI/NPFS/ImplementationGuide/ihe.iti.npfs","version":"2.2.0","name":"IHE_ITI_NPFS","title":"Non-patient File Sharing (NPFS)","status":"active","date":"2023-11-17","publisher":"IHE IT Infrastructure Technical Committee","contact":[{"telecom":[{"system":"url","value":"https://www.ihe.net/ihe_domains/it_infrastructure/"}]},{"telecom":[{"system":"email","value":"iti@ihe.net"}]},{"name":"IHE IT Infrastructure Technical Committee","telecom":[{"system":"email","value":"iti@ihe.net"}]}],"description":"The Non-Patient File Sharing (NPFS) Profile defines how to share non-patient files such as clinical workflow definitions, domain policies, and stylesheets. Those files can be created and consumed by many different systems involved in a wide variety of data sharing workflows.","jurisdiction":[{"coding":[{"system":"http://unstats.un.org/unsd/methods/m49/m49.htm","code":"001"}]}],"packageId":"ihe.iti.npfs","license":"CC-BY-4.0","fhirVersion":["4.0.1"],"dependsOn":[{"id":"hl7tx","extension":[{"url":"http://hl7.org/fhir/tools/StructureDefinition/implementationguide-dependency-comment","valueMarkdown":"Automatically added as a dependency - all IGs depend on HL7 Terminology"}],"uri":"http://terminology.hl7.org/ImplementationGuide/hl7.terminology","packageId":"hl7.terminology.r4","version":"5.3.0"},{"id":"hl7ext","extension":[{"url":"http://hl7.org/fhir/tools/StructureDefinition/implementationguide-dependency-comment","valueMarkdown":"Automatically added as a dependency - all IGs depend on the HL7 Extension Pack"}],"uri":"http://hl7.org/fhir/extensions/ImplementationGuide/hl7.fhir.uv.extensions","packageId":"hl7.fhir.uv.extensions.r4","version":"1.0.0"},{"id":"iheformatcodefhir","uri":"https://profiles.ihe.net/fhir/ihe.formatcode.fhir/ImplementationGuide/ihe.formatcode.fhir","packageId":"ihe.formatcode.fhir","version":"1.1.x"},{"id":"iheitibasicaudit","uri":"https://profiles.ihe.net/ITI/BALP/ImplementationGuide/ihe.iti.balp","packageId":"ihe.iti.balp","version":"1.1.x"}],"definition":{"extension":[{"extension":[{"url":"code","valueString":"copyrightyear"},{"url":"value","valueString":"2021+"}],"url":"http://hl7.org/fhir/tools/StructureDefinition/ig-parameter"},{"extension":[{"url":"code","valueString":"releaselabel"},{"url":"value","valueString":"Trial-Implementation"}],"url":"http://hl7.org/fhir/tools/StructureDefinition/ig-parameter"},{"extension":[{"url":"code","valueString":"show-inherited-invariants"},{"url":"value","valueString":"false"}],"url":"http://hl7.org/fhir/tools/StructureDefinition/ig-parameter"},{"extension":[{"url":"code","valueString":"usage-stats-opt-out"},{"url":"value","valueString":"false"}],"url":"http://hl7.org/fhir/tools/StructureDefinition/ig-parameter"},{"extension":[{"url":"code","valueString":"logging"},{"url":"value","valueString":"progress"}],"url":"http://hl7.org/fhir/tools/StructureDefinition/ig-parameter"},{"extension":[{"url":"code","valueString":"shownav"},{"url":"value","valueString":"true"}],"url":"http://hl7.org/fhir/tools/StructureDefinition/ig-parameter"},{"extension":[{"url":"code","valueString":"active-tables"},{"url":"value","valueString":"false"}],"url":"http://hl7.org/fhir/tools/StructureDefinition/ig-parameter"},{"extension":[{"url":"code","valueString":"apply-contact"},{"url":"value","valueString":"true"}],"url":"http://hl7.org/fhir/tools/StructureDefinition/ig-parameter"},{"extension":[{"url":"code","valueString":"apply-jurisdiction"},{"url":"value","valueString":"true"}],"url":"http://hl7.org/fhir/tools/StructureDefinition/ig-parameter"},{"extension":[{"url":"code","valueString":"apply-publisher"},{"url":"value","valueString":"true"}],"url":"http://hl7.org/fhir/tools/StructureDefinition/ig-parameter"},{"extension":[{"url":"code","valueString":"apply-version"},{"url":"value","valueString":"true"}],"url":"http://hl7.org/fhir/tools/StructureDefinition/ig-parameter"},{"extension":[{"url":"code","valueString":"autoload-resources"},{"url":"value","valueString":"true"}],"url":"http://hl7.org/fhir/tools/StructureDefinition/ig-parameter"},{"extension":[{"url":"code","valueString":"path-liquid"},{"url":"value","valueString":"template/liquid"}],"url":"http://hl7.org/fhir/tools/StructureDefinition/ig-parameter"},{"extension":[{"url":"code","valueString":"path-liquid"},{"url":"value","valueString":"input/liquid"}],"url":"http://hl7.org/fhir/tools/StructureDefinition/ig-parameter"},{"extension":[{"url":"code","valueString":"path-qa"},{"url":"value","valueString":"temp/qa"}],"url":"http://hl7.org/fhir/tools/StructureDefinition/ig-parameter"},{"extension":[{"url":"code","valueString":"path-temp"},{"url":"value","valueString":"temp/pages"}],"url":"http://hl7.org/fhir/tools/StructureDefinition/ig-parameter"},{"extension":[{"url":"code","valueString":"path-output"},{"url":"value","valueString":"output"}],"url":"http://hl7.org/fhir/tools/StructureDefinition/ig-parameter"},{"extension":[{"url":"code","valueString":"path-suppressed-warnings"},{"url":"value","valueString":"input/ignoreWarnings.txt"}],"url":"http://hl7.org/fhir/tools/StructureDefinition/ig-parameter"},{"extension":[{"url":"code","valueString":"path-history"},{"url":"value","valueString":"https://profiles.ihe.net/ITI/NPFS/history.html"}],"url":"http://hl7.org/fhir/tools/StructureDefinition/ig-parameter"},{"extension":[{"url":"code","valueString":"template-html"},{"url":"value","valueString":"template-page.html"}],"url":"http://hl7.org/fhir/tools/StructureDefinition/ig-parameter"},{"extension":[{"url":"code","valueString":"template-md"},{"url":"value","valueString":"template-page-md.html"}],"url":"http://hl7.org/fhir/tools/StructureDefinition/ig-parameter"},{"extension":[{"url":"code","valueString":"apply-context"},{"url":"value","valueString":"true"}],"url":"http://hl7.org/fhir/tools/StructureDefinition/ig-parameter"},{"extension":[{"url":"code","valueString":"apply-copyright"},{"url":"value","valueString":"true"}],"url":"http://hl7.org/fhir/tools/StructureDefinition/ig-parameter"},{"extension":[{"url":"code","valueString":"apply-license"},{"url":"value","valueString":"true"}],"url":"http://hl7.org/fhir/tools/StructureDefinition/ig-parameter"},{"extension":[{"url":"code","valueString":"apply-wg"},{"url":"value","valueString":"true"}],"url":"http://hl7.org/fhir/tools/StructureDefinition/ig-parameter"},{"extension":[{"url":"code","valueString":"fmm-definition"},{"url":"value","valueString":"http://hl7.org/fhir/versions.html#maturity"}],"url":"http://hl7.org/fhir/tools/StructureDefinition/ig-parameter"},{"extension":[{"url":"code","valueString":"propagate-status"},{"url":"value","valueString":"true"}],"url":"http://hl7.org/fhir/tools/StructureDefinition/ig-parameter"},{"extension":[{"url":"code","valueString":"excludelogbinaryformat"},{"url":"value","valueString":"true"}],"url":"http://hl7.org/fhir/tools/StructureDefinition/ig-parameter"},{"extension":[{"url":"code","valueString":"tabbed-snapshots"},{"url":"value","valueString":"true"}],"url":"http://hl7.org/fhir/tools/StructureDefinition/ig-parameter"},{"url":"http://hl7.org/fhir/tools/StructureDefinition/ig-internal-dependency","valueCode":"hl7.fhir.uv.tools#current"},{"extension":[{"url":"code","valueCode":"copyrightyear"},{"url":"value","valueString":"2021+"}],"url":"http://hl7.org/fhir/tools/StructureDefinition/ig-parameter"},{"extension":[{"url":"code","valueCode":"releaselabel"},{"url":"value","valueString":"Trial-Implementation"}],"url":"http://hl7.org/fhir/tools/StructureDefinition/ig-parameter"},{"extension":[{"url":"code","valueCode":"show-inherited-invariants"},{"url":"value","valueString":"false"}],"url":"http://hl7.org/fhir/tools/StructureDefinition/ig-parameter"},{"extension":[{"url":"code","valueCode":"usage-stats-opt-out"},{"url":"value","valueString":"false"}],"url":"http://hl7.org/fhir/tools/StructureDefinition/ig-parameter"},{"extension":[{"url":"code","valueCode":"logging"},{"url":"value","valueString":"progress"}],"url":"http://hl7.org/fhir/tools/StructureDefinition/ig-parameter"},{"extension":[{"url":"code","valueCode":"shownav"},{"url":"value","valueString":"true"}],"url":"http://hl7.org/fhir/tools/StructureDefinition/ig-parameter"},{"extension":[{"url":"code","valueCode":"active-tables"},{"url":"value","valueString":"false"}],"url":"http://hl7.org/fhir/tools/StructureDefinition/ig-parameter"},{"extension":[{"url":"code","valueCode":"apply-contact"},{"url":"value","valueString":"true"}],"url":"http://hl7.org/fhir/tools/StructureDefinition/ig-parameter"},{"extension":[{"url":"code","valueCode":"apply-jurisdiction"},{"url":"value","valueString":"true"}],"url":"http://hl7.org/fhir/tools/StructureDefinition/ig-parameter"},{"extension":[{"url":"code","valueCode":"apply-publisher"},{"url":"value","valueString":"true"}],"url":"http://hl7.org/fhir/tools/StructureDefinition/ig-parameter"},{"extension":[{"url":"code","valueCode":"apply-version"},{"url":"value","valueString":"true"}],"url":"http://hl7.org/fhir/tools/StructureDefinition/ig-parameter"},{"extension":[{"url":"code","valueCode":"autoload-resources"},{"url":"value","valueString":"true"}],"url":"http://hl7.org/fhir/tools/StructureDefinition/ig-parameter"},{"extension":[{"url":"code","valueCode":"path-liquid"},{"url":"value","valueString":"template/liquid"}],"url":"http://hl7.org/fhir/tools/StructureDefinition/ig-parameter"},{"extension":[{"url":"code","valueCode":"path-liquid"},{"url":"value","valueString":"input/liquid"}],"url":"http://hl7.org/fhir/tools/StructureDefinition/ig-parameter"},{"extension":[{"url":"code","valueCode":"path-qa"},{"url":"value","valueString":"temp/qa"}],"url":"http://hl7.org/fhir/tools/StructureDefinition/ig-parameter"},{"extension":[{"url":"code","valueCode":"path-temp"},{"url":"value","valueString":"temp/pages"}],"url":"http://hl7.org/fhir/tools/StructureDefinition/ig-parameter"},{"extension":[{"url":"code","valueCode":"path-output"},{"url":"value","valueString":"output"}],"url":"http://hl7.org/fhir/tools/StructureDefinition/ig-parameter"},{"extension":[{"url":"code","valueCode":"path-suppressed-warnings"},{"url":"value","valueString":"input/ignoreWarnings.txt"}],"url":"http://hl7.org/fhir/tools/StructureDefinition/ig-parameter"},{"extension":[{"url":"code","valueCode":"path-history"},{"url":"value","valueString":"https://profiles.ihe.net/ITI/NPFS/history.html"}],"url":"http://hl7.org/fhir/tools/StructureDefinition/ig-parameter"},{"extension":[{"url":"code","valueCode":"template-html"},{"url":"value","valueString":"template-page.html"}],"url":"http://hl7.org/fhir/tools/StructureDefinition/ig-parameter"},{"extension":[{"url":"code","valueCode":"template-md"},{"url":"value","valueString":"template-page-md.html"}],"url":"http://hl7.org/fhir/tools/StructureDefinition/ig-parameter"},{"extension":[{"url":"code","valueCode":"apply-context"},{"url":"value","valueString":"true"}],"url":"http://hl7.org/fhir/tools/StructureDefinition/ig-parameter"},{"extension":[{"url":"code","valueCode":"apply-copyright"},{"url":"value","valueString":"true"}],"url":"http://hl7.org/fhir/tools/StructureDefinition/ig-parameter"},{"extension":[{"url":"code","valueCode":"apply-license"},{"url":"value","valueString":"true"}],"url":"http://hl7.org/fhir/tools/StructureDefinition/ig-parameter"},{"extension":[{"url":"code","valueCode":"apply-wg"},{"url":"value","valueString":"true"}],"url":"http://hl7.org/fhir/tools/StructureDefinition/ig-parameter"},{"extension":[{"url":"code","valueCode":"fmm-definition"},{"url":"value","valueString":"http://hl7.org/fhir/versions.html#maturity"}],"url":"http://hl7.org/fhir/tools/StructureDefinition/ig-parameter"},{"extension":[{"url":"code","valueCode":"propagate-status"},{"url":"value","valueString":"true"}],"url":"http://hl7.org/fhir/tools/StructureDefinition/ig-parameter"},{"extension":[{"url":"code","valueCode":"excludelogbinaryformat"},{"url":"value","valueString":"true"}],"url":"http://hl7.org/fhir/tools/StructureDefinition/ig-parameter"},{"extension":[{"url":"code","valueCode":"tabbed-snapshots"},{"url":"value","valueString":"true"}],"url":"http://hl7.org/fhir/tools/StructureDefinition/ig-parameter"},{"extension":[{"url":"code","valueCode":"copyrightyear"},{"url":"value","valueString":"2021+"}],"url":"http://hl7.org/fhir/tools/StructureDefinition/ig-parameter"},{"extension":[{"url":"code","valueCode":"releaselabel"},{"url":"value","valueString":"Trial-Implementation"}],"url":"http://hl7.org/fhir/tools/StructureDefinition/ig-parameter"},{"extension":[{"url":"code","valueCode":"show-inherited-invariants"},{"url":"value","valueString":"false"}],"url":"http://hl7.org/fhir/tools/StructureDefinition/ig-parameter"},{"extension":[{"url":"code","valueCode":"usage-stats-opt-out"},{"url":"value","valueString":"false"}],"url":"http://hl7.org/fhir/tools/StructureDefinition/ig-parameter"},{"extension":[{"url":"code","valueCode":"logging"},{"url":"value","valueString":"progress"}],"url":"http://hl7.org/fhir/tools/StructureDefinition/ig-parameter"},{"extension":[{"url":"code","valueCode":"shownav"},{"url":"value","valueString":"true"}],"url":"http://hl7.org/fhir/tools/StructureDefinition/ig-parameter"},{"extension":[{"url":"code","valueCode":"active-tables"},{"url":"value","valueString":"false"}],"url":"http://hl7.org/fhir/tools/StructureDefinition/ig-parameter"},{"extension":[{"url":"code","valueCode":"apply-contact"},{"url":"value","valueString":"true"}],"url":"http://hl7.org/fhir/tools/StructureDefinition/ig-parameter"},{"extension":[{"url":"code","valueCode":"apply-jurisdiction"},{"url":"value","valueString":"true"}],"url":"http://hl7.org/fhir/tools/StructureDefinition/ig-parameter"},{"extension":[{"url":"code","valueCode":"apply-publisher"},{"url":"value","valueString":"true"}],"url":"http://hl7.org/fhir/tools/StructureDefinition/ig-parameter"},{"extension":[{"url":"code","valueCode":"apply-version"},{"url":"value","valueString":"true"}],"url":"http://hl7.org/fhir/tools/StructureDefinition/ig-parameter"},{"extension":[{"url":"code","valueCode":"autoload-resources"},{"url":"value","valueString":"true"}],"url":"http://hl7.org/fhir/tools/StructureDefinition/ig-parameter"},{"extension":[{"url":"code","valueCode":"path-liquid"},{"url":"value","valueString":"template/liquid"}],"url":"http://hl7.org/fhir/tools/StructureDefinition/ig-parameter"},{"extension":[{"url":"code","valueCode":"path-liquid"},{"url":"value","valueString":"input/liquid"}],"url":"http://hl7.org/fhir/tools/StructureDefinition/ig-parameter"},{"extension":[{"url":"code","valueCode":"path-qa"},{"url":"value","valueString":"temp/qa"}],"url":"http://hl7.org/fhir/tools/StructureDefinition/ig-parameter"},{"extension":[{"url":"code","valueCode":"path-temp"},{"url":"value","valueString":"temp/pages"}],"url":"http://hl7.org/fhir/tools/StructureDefinition/ig-parameter"},{"extension":[{"url":"code","valueCode":"path-output"},{"url":"value","valueString":"output"}],"url":"http://hl7.org/fhir/tools/StructureDefinition/ig-parameter"},{"extension":[{"url":"code","valueCode":"path-suppressed-warnings"},{"url":"value","valueString":"input/ignoreWarnings.txt"}],"url":"http://hl7.org/fhir/tools/StructureDefinition/ig-parameter"},{"extension":[{"url":"code","valueCode":"path-history"},{"url":"value","valueString":"https://profiles.ihe.net/ITI/NPFS/history.html"}],"url":"http://hl7.org/fhir/tools/StructureDefinition/ig-parameter"},{"extension":[{"url":"code","valueCode":"template-html"},{"url":"value","valueString":"template-page.html"}],"url":"http://hl7.org/fhir/tools/StructureDefinition/ig-parameter"},{"extension":[{"url":"code","valueCode":"template-md"},{"url":"value","valueString":"template-page-md.html"}],"url":"http://hl7.org/fhir/tools/StructureDefinition/ig-parameter"},{"extension":[{"url":"code","valueCode":"apply-context"},{"url":"value","valueString":"true"}],"url":"http://hl7.org/fhir/tools/StructureDefinition/ig-parameter"},{"extension":[{"url":"code","valueCode":"apply-copyright"},{"url":"value","valueString":"true"}],"url":"http://hl7.org/fhir/tools/StructureDefinition/ig-parameter"},{"extension":[{"url":"code","valueCode":"apply-license"},{"url":"value","valueString":"true"}],"url":"http://hl7.org/fhir/tools/StructureDefinition/ig-parameter"},{"extension":[{"url":"code","valueCode":"apply-wg"},{"url":"value","valueString":"true"}],"url":"http://hl7.org/fhir/tools/StructureDefinition/ig-parameter"},{"extension":[{"url":"code","valueCode":"fmm-definition"},{"url":"value","valueString":"http://hl7.org/fhir/versions.html#maturity"}],"url":"http://hl7.org/fhir/tools/StructureDefinition/ig-parameter"},{"extension":[{"url":"code","valueCode":"propagate-status"},{"url":"value","valueString":"true"}],"url":"http://hl7.org/fhir/tools/StructureDefinition/ig-parameter"},{"extension":[{"url":"code","valueCode":"excludelogbinaryformat"},{"url":"value","valueString":"true"}],"url":"http://hl7.org/fhir/tools/StructureDefinition/ig-parameter"},{"extension":[{"url":"code","valueCode":"tabbed-snapshots"},{"url":"value","valueString":"true"}],"url":"http://hl7.org/fhir/tools/StructureDefinition/ig-parameter"}],"grouping":[{"id":"-dyn-capabilitystatement","name":"Behavior: Capability Statements","description":"The following artifacts define the specific capabilities that different types of systems are expected to have in order to comply with this implementation guide.  Systems conforming to this implementation guide are expected to declare conformance to one or more of the following capability statements."},{"id":"-str-profile","name":"Structures: Resource Profiles","description":"These define constraints on FHIR resources for systems conforming to this implementation guide."},{"id":"-term-valueset","name":"Terminology: Value Sets","description":"These define sets of codes used by systems conforming to this implementation guide."},{"id":"-term-codesystem","name":"Terminology: Code Systems","description":"These define new code systems used by systems conforming to this implementation guide."},{"id":"-ex-example","name":"Example: Example Instances","description":"These are example instances that show what data produced and consumed by systems conforming with this implementation guide might look like."}],"resource":[{"extension":[{"url":"http://hl7.org/fhir/tools/StructureDefinition/resource-sort","valueInteger":999999999},{"url":"http://hl7.org/fhir/StructureDefinition/implementationguide-page","valueUri":"CapabilityStatement-IHE.NPFS.FileConsumer.html"}],"reference":{"reference":"CapabilityStatement/IHE.NPFS.FileConsumer"},"name":"File Consumer (client)","description":"IHE ITI Non-patient File Sharing (NPFS) - File Consumer (client)","exampleBoolean":false,"groupingId":"-dyn-capabilitystatement"},{"extension":[{"url":"http://hl7.org/fhir/tools/StructureDefinition/resource-sort","valueInteger":999999999},{"url":"http://hl7.org/fhir/StructureDefinition/implementationguide-page","valueUri":"CapabilityStatement-IHE.NPFS.FileConsumerOption.html"}],"reference":{"reference":"CapabilityStatement/IHE.NPFS.FileConsumerOption"},"name":"File Consumer (client) implementing Retrieve File","description":"IHE ITI Non-patient File Sharing (NPFS) - File Consumer (client) - with ITI-109 Retrieve File","exampleBoolean":false,"groupingId":"-dyn-capabilitystatement"},{"extension":[{"url":"http://hl7.org/fhir/tools/StructureDefinition/resource-sort","valueInteger":999999999},{"url":"http://hl7.org/fhir/StructureDefinition/implementationguide-page","valueUri":"CapabilityStatement-IHE.NPFS.FileManager.html"}],"reference":{"reference":"CapabilityStatement/IHE.NPFS.FileManager"},"name":"File Manager (server)","description":"IHE ITI Non-patient File Sharing (NPFS) - File Manager (server)","exampleBoolean":false,"groupingId":"-dyn-capabilitystatement"},{"extension":[{"url":"http://hl7.org/fhir/tools/StructureDefinition/resource-sort","valueInteger":999999999},{"url":"http://hl7.org/fhir/StructureDefinition/implementationguide-page","valueUri":"CapabilityStatement-IHE.NPFS.FileSource.html"}],"reference":{"reference":"CapabilityStatement/IHE.NPFS.FileSource"},"name":"File Source (client)","description":"IHE ITI Non-patient File Sharing (NPFS) - File Source (client)","exampleBoolean":false,"groupingId":"-dyn-capabilitystatement"},{"extension":[{"url":"http://hl7.org/fhir/tools/StructureDefinition/resource-sort","valueInteger":999999999},{"url":"http://hl7.org/fhir/StructureDefinition/implementationguide-page","valueUri":"CapabilityStatement-IHE.NPFS.FileSourceOption.html"}],"reference":{"reference":"CapabilityStatement/IHE.NPFS.FileSourceOption"},"name":"File Source (client) implementing Update DocumentReference","description":"IHE ITI Non-patient File Sharing (NPFS) - File Source (client) - with ITI-89 Update DocumentReference","exampleBoolean":false,"groupingId":"-dyn-capabilitystatement"},{"extension":[{"url":"http://hl7.org/fhir/tools/StructureDefinition/resource-sort","valueInteger":999999999},{"url":"http://hl7.org/fhir/StructureDefinition/implementationguide-page","valueUri":"StructureDefinition-IHE.NPFS.RetrieveFile.Audit.Consumer.html"}],"reference":{"reference":"StructureDefinition/IHE.NPFS.RetrieveFile.Audit.Consumer"},"name":"Audit Event for Retrieve File Transaction at File Consumer","description":"Defines constraints on the File Consumer AuditEvent Resource to record when a Retrieve File Transaction happens, as recorded by the File Consumer.\n- Build off of the IHE BasicAudit Read event\n- add the ITI-109 as a subtype\n- client is File Consumer\n- server is File Manager\n- entity slices for data\n- entity slice for transaction is available","exampleBoolean":false,"groupingId":"-str-profile"},{"extension":[{"url":"http://hl7.org/fhir/tools/StructureDefinition/resource-sort","valueInteger":999999999},{"url":"http://hl7.org/fhir/StructureDefinition/implementationguide-page","valueUri":"StructureDefinition-IHE.NPFS.RetrieveFile.Audit.Manager.html"}],"reference":{"reference":"StructureDefinition/IHE.NPFS.RetrieveFile.Audit.Manager"},"name":"Audit Event for Retrieve File Transaction at the File Manager","description":"Defines constraints on the File Manager AuditEvent Resource to record when a Retrieve File Transaction happens, as recorded by the File Manager.\n- Build off of the IHE BasicAudit Read event\n- add the ITI-109 as a subtype\n- client is File Consumer\n- server is File Manager\n- entity slices for data\n- entity slice for transaction is available","exampleBoolean":false,"groupingId":"-str-profile"},{"extension":[{"url":"http://hl7.org/fhir/tools/StructureDefinition/resource-sort","valueInteger":999999999},{"url":"http://hl7.org/fhir/StructureDefinition/implementationguide-page","valueUri":"StructureDefinition-IHE.NPFS.SearchFile.Audit.Manager.html"}],"reference":{"reference":"StructureDefinition/IHE.NPFS.SearchFile.Audit.Manager"},"name":"Audit Event for Search File Transaction at File Manager","description":"Defines constraints on the AuditEvent Resource to record when a Search File Transaction happens, as recorded by the File Manager.\n- Build off of the IHE BasicAudit Query event\n- add the ITI-88 as a subtype\n- client is File Consumer\n- server is File Manager\n- entity slices for query\n- entity slice for transaction is available","exampleBoolean":false,"groupingId":"-str-profile"},{"extension":[{"url":"http://hl7.org/fhir/tools/StructureDefinition/resource-sort","valueInteger":999999999},{"url":"http://hl7.org/fhir/StructureDefinition/implementationguide-page","valueUri":"StructureDefinition-IHE.NPFS.SearchFile.Audit.Consumer.html"}],"reference":{"reference":"StructureDefinition/IHE.NPFS.SearchFile.Audit.Consumer"},"name":"Audit Event for Search File Transaction by the File Consumer","description":"Defines constraints on the AuditEvent Resource to record when a Search File Transaction happens, as recorded by the File Consumer.\n- Build off of the IHE BasicAudit Query event\n- add the ITI-88 as a subtype\n- client is File Consumer\n- server is File Manager\n- entity slices for query\n- entity slice for transaction is available","exampleBoolean":false,"groupingId":"-str-profile"},{"extension":[{"url":"http://hl7.org/fhir/tools/StructureDefinition/resource-sort","valueInteger":999999999},{"url":"http://hl7.org/fhir/StructureDefinition/implementationguide-page","valueUri":"StructureDefinition-IHE.NPFS.SubmitFile.Audit.Manager.html"}],"reference":{"reference":"StructureDefinition/IHE.NPFS.SubmitFile.Audit.Manager"},"name":"Audit Event for Submit File Transaction at Manager","description":"Defines constraints on the AuditEvent Resource to record when a Submit File Transaction happens at the Manager.\r\n- Import event\r\n- shall have source of itself\r\n- shall have a File Source agent\r\n- shall have a File Manager agent\r\n- may have user, app, organization agent(s)\r\n- shall have a DocumentReference identity entity","exampleBoolean":false,"groupingId":"-str-profile"},{"extension":[{"url":"http://hl7.org/fhir/tools/StructureDefinition/resource-sort","valueInteger":999999999},{"url":"http://hl7.org/fhir/StructureDefinition/implementationguide-page","valueUri":"StructureDefinition-IHE.NPFS.SubmitFile.Audit.Source.html"}],"reference":{"reference":"StructureDefinition/IHE.NPFS.SubmitFile.Audit.Source"},"name":"Audit Event for Submit File Transaction at Source","description":"Defines constraints on the AuditEvent Resource to record when a Submit File Transaction happens at the Source.\r\n- Export event\r\n- shall have source of itself\r\n- shall have a File Source agent\r\n- shall have a File Manager agent\r\n- may have user, app, organization agent(s)\r\n- shall have a patient entity\r\n- shall have a submission set identity entity","exampleBoolean":false,"groupingId":"-str-profile"},{"extension":[{"url":"http://hl7.org/fhir/tools/StructureDefinition/resource-sort","valueInteger":999999999},{"url":"http://hl7.org/fhir/StructureDefinition/implementationguide-page","valueUri":"StructureDefinition-IHE.NPFS.UpdateDocumentReference.Audit.Source.html"}],"reference":{"reference":"StructureDefinition/IHE.NPFS.UpdateDocumentReference.Audit.Source"},"name":"Audit Event for Update DocumentReference Transaction at File Source","description":"Defines constraints on the File Source AuditEvent Resource to record when an Update DocumentReference Transaction happens, as recorded by the File Source.\n- Build off of the IHE BasicAudit Update event\n- add the ITI-89 as a subtype\n- client is File Source\n- server is File Manager\n- entity slices for the DocumentReference reference\n- entity slice for transaction is available","exampleBoolean":false,"groupingId":"-str-profile"},{"extension":[{"url":"http://hl7.org/fhir/tools/StructureDefinition/resource-sort","valueInteger":999999999},{"url":"http://hl7.org/fhir/StructureDefinition/implementationguide-page","valueUri":"StructureDefinition-IHE.NPFS.UpdateDocumentReference.Audit.Manager.html"}],"reference":{"reference":"StructureDefinition/IHE.NPFS.UpdateDocumentReference.Audit.Manager"},"name":"Audit Event for Update DocumentReference Transaction at the File Manager","description":"Defines constraints on the File Manager AuditEvent Resource to record when a Update DocumentReference Transaction happens, as recorded by the File Manager.\n- Build off of the IHE BasicAudit PatientRead event\n- add the ITI-89 as a subtype\n- client is File Source\n- server is File Manager\n- entity slices for DocumentReference reference\n- entity slice for transaction is available","exampleBoolean":false,"groupingId":"-str-profile"},{"extension":[{"url":"http://hl7.org/fhir/tools/StructureDefinition/resource-sort","valueInteger":999999999},{"url":"http://hl7.org/fhir/StructureDefinition/implementationguide-page","valueUri":"StructureDefinition-IHE.NPFS.CreateDocumentBundle.html"}],"reference":{"reference":"StructureDefinition/IHE.NPFS.CreateDocumentBundle"},"name":"NPFS Create Document Bundle","description":"A profile on the Bundle transaction for ITI-87 Submit File used to submit a new file and related metadata\r\n  - shall be a Transaction Bundle\r\n  - all resources shall be compliant with constraints\r\n  - may create one [DocumentReference](StructureDefinition-IHE.NPFS.DocumentReference.html)\r\n    - with a document as a [Binary](http://hl7.org/fhir/R4/binary.html)","exampleBoolean":false,"groupingId":"-str-profile"},{"extension":[{"url":"http://hl7.org/fhir/tools/StructureDefinition/resource-sort","valueInteger":999999999},{"url":"http://hl7.org/fhir/StructureDefinition/implementationguide-page","valueUri":"StructureDefinition-IHE.NPFS.DocumentReference.html"}],"reference":{"reference":"StructureDefinition/IHE.NPFS.DocumentReference"},"name":"NPFS DocumentReference","description":"A profile on the DocumentReference resource for NPFS.","exampleBoolean":false,"groupingId":"-str-profile"},{"extension":[{"url":"http://hl7.org/fhir/tools/StructureDefinition/resource-sort","valueInteger":999999999},{"url":"http://hl7.org/fhir/StructureDefinition/implementationguide-page","valueUri":"StructureDefinition-IHE.NPFS.ReplaceDocumentBundle.html"}],"reference":{"reference":"StructureDefinition/IHE.NPFS.ReplaceDocumentBundle"},"name":"NPFS Replace Document Bundle","description":"A profile on the Bundle transaction for ITI-87 Submit File used to replace a file and related metadata\r\n  - shall be a Transaction Bundle\r\n  - all resources shall be compliant with constraints\r\n  - may replace one [DocumentReference](StructureDefinition-IHE.NPFS.DocumentReference.html)\r\n    - with a document as a [Binary](http://hl7.org/fhir/R4/binary.html)","exampleBoolean":false,"groupingId":"-str-profile"},{"extension":[{"url":"http://hl7.org/fhir/tools/StructureDefinition/resource-sort","valueInteger":999999999},{"url":"http://hl7.org/fhir/StructureDefinition/implementationguide-page","valueUri":"StructureDefinition-IHE.NPFS.UpdateDocumentBundle.html"}],"reference":{"reference":"StructureDefinition/IHE.NPFS.UpdateDocumentBundle"},"name":"NPFS Update Document Bundle","description":"A profile on the Bundle transaction for ITI-87 Submit File used to update a file and related metadata\r\n  - shall be a Transaction Bundle\r\n  - all resources shall be compliant with constraints\r\n  - may update one [DocumentReference](StructureDefinition-IHE.NPFS.DocumentReference.html)\r\n    - with a document as a [Binary](http://hl7.org/fhir/R4/binary.html)","exampleBoolean":false,"groupingId":"-str-profile"},{"extension":[{"url":"http://hl7.org/fhir/tools/StructureDefinition/resource-sort","valueInteger":999999999},{"url":"http://hl7.org/fhir/StructureDefinition/implementationguide-page","valueUri":"ValueSet-DocumentReferenceCategory.html"}],"reference":{"reference":"ValueSet/DocumentReferenceCategory"},"name":"NPFS DocumentReference category","description":"ValueSet for the different values of element category","exampleBoolean":false,"groupingId":"-term-valueset"},{"extension":[{"url":"http://hl7.org/fhir/tools/StructureDefinition/resource-sort","valueInteger":999999999},{"url":"http://hl7.org/fhir/StructureDefinition/implementationguide-page","valueUri":"CodeSystem-NPFSclasscode.html"}],"reference":{"reference":"CodeSystem/NPFSclasscode"},"name":"NPFS classcode","description":"IHE Category (Class) Code set for use with Non-Patient File Sharing","exampleBoolean":false,"groupingId":"-term-codesystem"},{"extension":[{"url":"http://hl7.org/fhir/tools/StructureDefinition/resource-sort","valueInteger":999999999},{"url":"http://hl7.org/fhir/StructureDefinition/implementationguide-page","valueUri":"Bundle-ex-CreateDocumentBundle.html"}],"reference":{"reference":"Bundle/ex-CreateDocumentBundle"},"name":"Create Document Bundle","description":"Example of Bundle transaction for ITI-87 Submit File used to submit a new file and related metadata","exampleCanonical":"https://profiles.ihe.net/ITI/NPFS/StructureDefinition/IHE.NPFS.CreateDocumentBundle","groupingId":"-ex-example"},{"extension":[{"url":"http://hl7.org/fhir/tools/StructureDefinition/resource-sort","valueInteger":999999999},{"url":"http://hl7.org/fhir/StructureDefinition/implementationguide-page","valueUri":"DocumentReference-ex-DocumentReferenceMinimal.html"}],"reference":{"reference":"DocumentReference/ex-DocumentReferenceMinimal"},"name":"DocumentReference for Minimal metadata","description":"Example of a minimal DocumentReference resource. This is very unlikely to be acceptable anywhere, but it is the minimum required.","exampleCanonical":"https://profiles.ihe.net/ITI/NPFS/StructureDefinition/IHE.NPFS.DocumentReference","groupingId":"-ex-example"},{"extension":[{"url":"http://hl7.org/fhir/tools/StructureDefinition/resource-sort","valueInteger":999999999},{"url":"http://hl7.org/fhir/StructureDefinition/implementationguide-page","valueUri":"DocumentReference-12345.html"}],"reference":{"reference":"DocumentReference/12345"},"name":"DocumentReference for Update","description":"Example of a DocumentReference resource for Update. This is fully filled for all mandatory elements and all optional elements.","exampleCanonical":"https://profiles.ihe.net/ITI/NPFS/StructureDefinition/IHE.NPFS.DocumentReference","groupingId":"-ex-example"},{"extension":[{"url":"http://hl7.org/fhir/tools/StructureDefinition/resource-sort","valueInteger":999999999},{"url":"http://hl7.org/fhir/StructureDefinition/implementationguide-page","valueUri":"Patient-ex-patient.html"}],"reference":{"reference":"Patient/ex-patient"},"name":"Dummy Patient example","description":"Dummy patient example for completeness sake. No actual use of this resource other than an example target","exampleBoolean":true,"groupingId":"-ex-example"},{"extension":[{"url":"http://hl7.org/fhir/tools/StructureDefinition/resource-sort","valueInteger":999999999},{"url":"http://hl7.org/fhir/StructureDefinition/implementationguide-page","valueUri":"Practitioner-ex-practitioner.html"}],"reference":{"reference":"Practitioner/ex-practitioner"},"name":"Dummy Practitioner example","description":"Dummy Practitioner example for completeness sake. No actual use of this resource other than an example target","exampleBoolean":true,"groupingId":"-ex-example"},{"extension":[{"url":"http://hl7.org/fhir/tools/StructureDefinition/resource-sort","valueInteger":999999999},{"url":"http://hl7.org/fhir/StructureDefinition/implementationguide-page","valueUri":"Bundle-ex-ReplaceDocumentBundle.html"}],"reference":{"reference":"Bundle/ex-ReplaceDocumentBundle"},"name":"Replace Document Bundle","description":"Example of Bundle transaction for ITI-87 Submit File used to Replace a file and related metadata","exampleCanonical":"https://profiles.ihe.net/ITI/NPFS/StructureDefinition/IHE.NPFS.ReplaceDocumentBundle","groupingId":"-ex-example"},{"extension":[{"url":"http://hl7.org/fhir/tools/StructureDefinition/resource-sort","valueInteger":999999999},{"url":"http://hl7.org/fhir/StructureDefinition/implementationguide-page","valueUri":"Bundle-ex-UpdateDocumentBundle.html"}],"reference":{"reference":"Bundle/ex-UpdateDocumentBundle"},"name":"Update Document Bundle","description":"Example of Bundle transaction for ITI-87 Submit File used to update a file and related metadata","exampleCanonical":"https://profiles.ihe.net/ITI/NPFS/StructureDefinition/IHE.NPFS.UpdateDocumentBundle","groupingId":"-ex-example"}],"page":{"extension":[{"url":"http://hl7.org/fhir/tools/StructureDefinition/ig-page-name","valueUrl":"toc.html"}],"nameUrl":"toc.html","title":"Table of Contents","generation":"html","page":[{"extension":[{"url":"http://hl7.org/fhir/tools/StructureDefinition/ig-page-name","valueUrl":"index.html"}],"nameUrl":"index.html","title":"Non-patient File Sharing Home","generation":"markdown"},{"extension":[{"url":"http://hl7.org/fhir/tools/StructureDefinition/ig-page-name","valueUrl":"volume-1.html"}],"nameUrl":"volume-1.html","title":"1:47 Non-Patient File Sharing (NPFS) Profile","generation":"markdown"},{"extension":[{"url":"http://hl7.org/fhir/tools/StructureDefinition/ig-page-name","valueUrl":"ITI-87.html"}],"nameUrl":"ITI-87.html","title":"2:3.87 Submit File [ITI-87]","generation":"markdown"},{"extension":[{"url":"http://hl7.org/fhir/tools/StructureDefinition/ig-page-name","valueUrl":"ITI-88.html"}],"nameUrl":"ITI-88.html","title":"2:3.88 Search File [ITI-88]","generation":"markdown"},{"extension":[{"url":"http://hl7.org/fhir/tools/StructureDefinition/ig-page-name","valueUrl":"ITI-89.html"}],"nameUrl":"ITI-89.html","title":"2:3.89 Update DocumentReference [ITI-89]","generation":"markdown"},{"extension":[{"url":"http://hl7.org/fhir/tools/StructureDefinition/ig-page-name","valueUrl":"ITI-109.html"}],"nameUrl":"ITI-109.html","title":"2:3.109 Retrieve File [ITI-109]","generation":"markdown"},{"extension":[{"url":"http://hl7.org/fhir/tools/StructureDefinition/ig-page-name","valueUrl":"testplan.html"}],"nameUrl":"testplan.html","title":"Test Plan","generation":"markdown"},{"extension":[{"url":"http://hl7.org/fhir/tools/StructureDefinition/ig-page-name","valueUrl":"other.html"}],"nameUrl":"other.html","title":"Changes to Other IHE Specifications","generation":"markdown"},{"extension":[{"url":"http://hl7.org/fhir/tools/StructureDefinition/ig-page-name","valueUrl":"issues.html"}],"nameUrl":"issues.html","title":"Significant Changes & Issues","generation":"markdown"},{"extension":[{"url":"http://hl7.org/fhir/tools/StructureDefinition/ig-page-name","valueUrl":"download.html"}],"nameUrl":"download.html","title":"Download and Analysis","generation":"markdown"},{"extension":[{"url":"http://hl7.org/fhir/tools/StructureDefinition/ig-page-name","valueUrl":"artifacts.html"}],"nameUrl":"artifacts.html","title":"Artifacts Summary","generation":"html","page":[{"extension":[{"url":"http://hl7.org/fhir/tools/StructureDefinition/ig-page-name","valueUrl":"CapabilityStatement-IHE.NPFS.FileConsumer.html"}],"nameUrl":"CapabilityStatement-IHE.NPFS.FileConsumer.html","title":"File Consumer (client)","generation":"generated"},{"extension":[{"url":"http://hl7.org/fhir/tools/StructureDefinition/ig-page-name","valueUrl":"CapabilityStatement-IHE.NPFS.FileConsumerOption.html"}],"nameUrl":"CapabilityStatement-IHE.NPFS.FileConsumerOption.html","title":"File Consumer (client) implementing Retrieve File","generation":"generated"},{"extension":[{"url":"http://hl7.org/fhir/tools/StructureDefinition/ig-page-name","valueUrl":"CapabilityStatement-IHE.NPFS.FileManager.html"}],"nameUrl":"CapabilityStatement-IHE.NPFS.FileManager.html","title":"File Manager (server)","generation":"generated"},{"extension":[{"url":"http://hl7.org/fhir/tools/StructureDefinition/ig-page-name","valueUrl":"CapabilityStatement-IHE.NPFS.FileSource.html"}],"nameUrl":"CapabilityStatement-IHE.NPFS.FileSource.html","title":"File Source (client)","generation":"generated"},{"extension":[{"url":"http://hl7.org/fhir/tools/StructureDefinition/ig-page-name","valueUrl":"CapabilityStatement-IHE.NPFS.FileSourceOption.html"}],"nameUrl":"CapabilityStatement-IHE.NPFS.FileSourceOption.html","title":"File Source (client) implementing Update DocumentReference","generation":"generated"},{"extension":[{"url":"http://hl7.org/fhir/tools/StructureDefinition/ig-page-name","valueUrl":"StructureDefinition-IHE.NPFS.RetrieveFile.Audit.Consumer.html"}],"nameUrl":"StructureDefinition-IHE.NPFS.RetrieveFile.Audit.Consumer.html","title":"Audit Event for Retrieve File Transaction at File Consumer","generation":"generated"},{"extension":[{"url":"http://hl7.org/fhir/tools/StructureDefinition/ig-page-name","valueUrl":"StructureDefinition-IHE.NPFS.RetrieveFile.Audit.Manager.html"}],"nameUrl":"StructureDefinition-IHE.NPFS.RetrieveFile.Audit.Manager.html","title":"Audit Event for Retrieve File Transaction at the File Manager","generation":"generated"},{"extension":[{"url":"http://hl7.org/fhir/tools/StructureDefinition/ig-page-name","valueUrl":"StructureDefinition-IHE.NPFS.SearchFile.Audit.Manager.html"}],"nameUrl":"StructureDefinition-IHE.NPFS.SearchFile.Audit.Manager.html","title":"Audit Event for Search File Transaction at File Manager","generation":"generated"},{"extension":[{"url":"http://hl7.org/fhir/tools/StructureDefinition/ig-page-name","valueUrl":"StructureDefinition-IHE.NPFS.SearchFile.Audit.Consumer.html"}],"nameUrl":"StructureDefinition-IHE.NPFS.SearchFile.Audit.Consumer.html","title":"Audit Event for Search File Transaction by the File Consumer","generation":"generated"},{"extension":[{"url":"http://hl7.org/fhir/tools/StructureDefinition/ig-page-name","valueUrl":"StructureDefinition-IHE.NPFS.SubmitFile.Audit.Manager.html"}],"nameUrl":"StructureDefinition-IHE.NPFS.SubmitFile.Audit.Manager.html","title":"Audit Event for Submit File Transaction at Manager","generation":"generated"},{"extension":[{"url":"http://hl7.org/fhir/tools/StructureDefinition/ig-page-name","valueUrl":"StructureDefinition-IHE.NPFS.SubmitFile.Audit.Source.html"}],"nameUrl":"StructureDefinition-IHE.NPFS.SubmitFile.Audit.Source.html","title":"Audit Event for Submit File Transaction at Source","generation":"generated"},{"extension":[{"url":"http://hl7.org/fhir/tools/StructureDefinition/ig-page-name","valueUrl":"StructureDefinition-IHE.NPFS.UpdateDocumentReference.Audit.Source.html"}],"nameUrl":"StructureDefinition-IHE.NPFS.UpdateDocumentReference.Audit.Source.html","title":"Audit Event for Update DocumentReference Transaction at File Source","generation":"generated"},{"extension":[{"url":"http://hl7.org/fhir/tools/StructureDefinition/ig-page-name","valueUrl":"StructureDefinition-IHE.NPFS.UpdateDocumentReference.Audit.Manager.html"}],"nameUrl":"StructureDefinition-IHE.NPFS.UpdateDocumentReference.Audit.Manager.html","title":"Audit Event for Update DocumentReference Transaction at the File Manager","generation":"generated"},{"extension":[{"url":"http://hl7.org/fhir/tools/StructureDefinition/ig-page-name","valueUrl":"StructureDefinition-IHE.NPFS.CreateDocumentBundle.html"}],"nameUrl":"StructureDefinition-IHE.NPFS.CreateDocumentBundle.html","title":"NPFS Create Document Bundle","generation":"generated"},{"extension":[{"url":"http://hl7.org/fhir/tools/StructureDefinition/ig-page-name","valueUrl":"StructureDefinition-IHE.NPFS.DocumentReference.html"}],"nameUrl":"StructureDefinition-IHE.NPFS.DocumentReference.html","title":"NPFS DocumentReference","generation":"generated"},{"extension":[{"url":"http://hl7.org/fhir/tools/StructureDefinition/ig-page-name","valueUrl":"StructureDefinition-IHE.NPFS.ReplaceDocumentBundle.html"}],"nameUrl":"StructureDefinition-IHE.NPFS.ReplaceDocumentBundle.html","title":"NPFS Replace Document Bundle","generation":"generated"},{"extension":[{"url":"http://hl7.org/fhir/tools/StructureDefinition/ig-page-name","valueUrl":"StructureDefinition-IHE.NPFS.UpdateDocumentBundle.html"}],"nameUrl":"StructureDefinition-IHE.NPFS.UpdateDocumentBundle.html","title":"NPFS Update Document Bundle","generation":"generated"},{"extension":[{"url":"http://hl7.org/fhir/tools/StructureDefinition/ig-page-name","valueUrl":"ValueSet-DocumentReferenceCategory.html"}],"nameUrl":"ValueSet-DocumentReferenceCategory.html","title":"NPFS DocumentReference category","generation":"generated"},{"extension":[{"url":"http://hl7.org/fhir/tools/StructureDefinition/ig-page-name","valueUrl":"CodeSystem-NPFSclasscode.html"}],"nameUrl":"CodeSystem-NPFSclasscode.html","title":"NPFS classcode","generation":"generated"},{"extension":[{"url":"http://hl7.org/fhir/tools/StructureDefinition/ig-page-name","valueUrl":"Bundle-ex-CreateDocumentBundle.html"}],"nameUrl":"Bundle-ex-CreateDocumentBundle.html","title":"Create Document Bundle","generation":"generated"},{"extension":[{"url":"http://hl7.org/fhir/tools/StructureDefinition/ig-page-name","valueUrl":"DocumentReference-ex-DocumentReferenceMinimal.html"}],"nameUrl":"DocumentReference-ex-DocumentReferenceMinimal.html","title":"DocumentReference for Minimal metadata","generation":"generated"},{"extension":[{"url":"http://hl7.org/fhir/tools/StructureDefinition/ig-page-name","valueUrl":"DocumentReference-12345.html"}],"nameUrl":"DocumentReference-12345.html","title":"DocumentReference for Update","generation":"generated"},{"extension":[{"url":"http://hl7.org/fhir/tools/StructureDefinition/ig-page-name","valueUrl":"Patient-ex-patient.html"}],"nameUrl":"Patient-ex-patient.html","title":"Dummy Patient example","generation":"generated"},{"extension":[{"url":"http://hl7.org/fhir/tools/StructureDefinition/ig-page-name","valueUrl":"Practitioner-ex-practitioner.html"}],"nameUrl":"Practitioner-ex-practitioner.html","title":"Dummy Practitioner example","generation":"generated"},{"extension":[{"url":"http://hl7.org/fhir/tools/StructureDefinition/ig-page-name","valueUrl":"Bundle-ex-ReplaceDocumentBundle.html"}],"nameUrl":"Bundle-ex-ReplaceDocumentBundle.html","title":"Replace Document Bundle","generation":"generated"},{"extension":[{"url":"http://hl7.org/fhir/tools/StructureDefinition/ig-page-name","valueUrl":"Bundle-ex-UpdateDocumentBundle.html"}],"nameUrl":"Bundle-ex-UpdateDocumentBundle.html","title":"Update Document Bundle","generation":"generated"}]}]},"parameter":[{"code":"path-resource","value":"input/resources"},{"code":"path-resource","value":"fsh-generated/resources"},{"code":"path-resource","value":"input/examples"},{"code":"path-resource","value":"input/capabilities"},{"code":"path-resource","value":"input/extensions"},{"code":"path-resource","value":"input/models"},{"code":"path-resource","value":"input/operations"},{"code":"path-resource","value":"input/profiles"},{"code":"path-resource","value":"input/vocabulary"},{"code":"path-resource","value":"input/testing"},{"code":"path-resource","value":"input/history"},{"code":"path-pages","value":"template/config"},{"code":"path-pages","value":"input/images"},{"code":"path-tx-cache","value":"input-cache/txcache"}]}}