<?xml version="1.0" encoding="UTF-8"?><CapabilityStatement xmlns="http://hl7.org/fhir"><id value="IHE.NPFS.FileSource"/><text><status value="extensions"/><div xmlns="http://www.w3.org/1999/xhtml"><h2>IHE_NPFS_FileSource</h2><div><p>IHE ITI Non-patient File Sharing (NPFS) - File Source (client)</p>
</div><table><tr><td>Mode</td><td>CLIENT</td></tr><tr><td>Description</td><td><div><p>CapabilityStatement for File Source</p>
</div></td></tr><tr><td>Transaction</td><td>y</td></tr><tr><td>System History</td><td></td></tr><tr><td>System Search</td><td></td></tr></table><table><tr><th><b>Resource Type</b></th><th><b>Profile</b></th><th><b title="GET a resource (read interaction)">Read</b></th><th><b title="GET all set of resources of the type (search interaction)">Search</b></th><th><b title="PUT a new resource version (update interaction)">Update</b></th><th><b title="POST a new resource (create interaction)">Create</b></th></tr></table></div></text><url value="https://profiles.ihe.net/ITI/NPFS/CapabilityStatement/IHE.NPFS.FileSource"/><version value="2.2.0-comment"/><name value="IHE_NPFS_FileSource"/><title value="File Source (client)"/><status value="active"/><experimental value="false"/><date value="2022-10-27"/><publisher value="IHE IT Infrastructure Technical Committee"/><contact><telecom><system value="url"/><value value="https://www.ihe.net/ihe_domains/it_infrastructure/"/></telecom></contact><contact><telecom><system value="email"/><value value="iti@ihe.net"/></telecom></contact><contact><name value="IHE IT Infrastructure Technical Committee"/><telecom><system value="email"/><value value="iti@ihe.net"/></telecom></contact><description value="IHE ITI Non-patient File Sharing (NPFS) - File Source (client)"/><jurisdiction><coding><system value="http://unstats.un.org/unsd/methods/m49/m49.htm"/><code value="001"/></coding></jurisdiction><kind value="requirements"/><fhirVersion value="4.0.1"/><format value="application/fhir+xml"/><format value="application/fhir+json"/><rest><mode value="client"/><documentation value="CapabilityStatement for File Source"/><security><description value="Recommend [ATNA](https://profiles.ihe.net/ITI/TF/Volume1/ch-9.html), encouraged [IHE-IUA](https://profiles.ihe.net/ITI/IUA/index.html) or [SMART-app-launch](http://www.hl7.org/fhir/smart-app-launch/)"/></security><interaction><code value="transaction"/><documentation value="https://profiles.ihe.net/ITI/NPFS/StructureDefinition/IHE.NPFS.CreateDocumentBundle"/></interaction><interaction><code value="transaction"/><documentation value="https://profiles.ihe.net/ITI/NPFS/StructureDefinition/IHE.NPFS.UpdateDocumentBundle"/></interaction><interaction><code value="transaction"/><documentation value="https://profiles.ihe.net/ITI/NPFS/StructureDefinition/IHE.NPFS.ReplaceDocumentBundle"/></interaction></rest></CapabilityStatement>