<?xml version="1.0" encoding="UTF-8"?><ImplementationGuide xmlns="http://hl7.org/fhir"><id value="ihe.iti.mcsd"/><text><status value="extensions"/><div xmlns="http://www.w3.org/1999/xhtml"><h2>IHE_ITI_mCSD</h2><p>The official URL for this implementation guide is: </p><pre>https://profiles.ihe.net/ITI/mCSD/ImplementationGuide/ihe.iti.mcsd</pre><div><p>The IHE Mobile Care Services Discovery (mCSD) IG provides a transaction for mobile and lightweight browser-based applications to find and update care services resources.</p>
</div></div></text><url value="https://profiles.ihe.net/ITI/mCSD/ImplementationGuide/ihe.iti.mcsd"/><version value="3.5.0"/><name value="IHE_ITI_mCSD"/><title value="Mobile Care Services Discovery (mCSD)"/><status value="active"/><date value="2022-03-01"/><publisher value="IHE IT Infrastructure Technical Committee"/><contact><telecom><system value="url"/><value value="https://www.ihe.net/ihe_domains/it_infrastructure/"/></telecom></contact><contact><telecom><system value="email"/><value value="iti@ihe.net"/></telecom></contact><contact><name value="IHE IT Infrastructure Technical Committee"/><telecom><system value="email"/><value value="iti@ihe.net"/></telecom></contact><description value="The IHE Mobile Care Services Discovery (mCSD) IG provides a transaction for mobile and lightweight browser-based applications to find and update care services resources."/><jurisdiction><coding><system value="http://unstats.un.org/unsd/methods/m49/m49.htm"/><code value="001"/></coding></jurisdiction><copyright value="IHE http://www.ihe.net/Governance/#Intellectual_Property"/><packageId value="ihe.iti.mcsd"/><license value="CC-BY-SA-4.0"/><fhirVersion value="4.0.1"/><definition><extension url="http://hl7.org/fhir/tools/StructureDefinition/ig-parameter"><extension url="code"><valueString value="copyrightyear"/></extension><extension url="value"><valueString value="2020+"/></extension></extension><extension url="http://hl7.org/fhir/tools/StructureDefinition/ig-parameter"><extension url="code"><valueString value="releaselabel"/></extension><extension url="value"><valueString value="Trial-Implementation"/></extension></extension><extension url="http://hl7.org/fhir/tools/StructureDefinition/ig-parameter"><extension url="code"><valueString value="show-inherited-invariants"/></extension><extension url="value"><valueString value="false"/></extension></extension><extension url="http://hl7.org/fhir/tools/StructureDefinition/ig-parameter"><extension url="code"><valueString value="usage-stats-opt-out"/></extension><extension url="value"><valueString value="false"/></extension></extension><extension url="http://hl7.org/fhir/tools/StructureDefinition/ig-parameter"><extension url="code"><valueString value="logging"/></extension><extension url="value"><valueString value="progress"/></extension></extension><extension url="http://hl7.org/fhir/tools/StructureDefinition/ig-parameter"><extension url="code"><valueString value="shownav"/></extension><extension url="value"><valueString value="true"/></extension></extension><extension url="http://hl7.org/fhir/tools/StructureDefinition/ig-parameter"><extension url="code"><valueString value="active-tables"/></extension><extension url="value"><valueString value="false"/></extension></extension><extension url="http://hl7.org/fhir/tools/StructureDefinition/ig-parameter"><extension url="code"><valueString value="apply-contact"/></extension><extension url="value"><valueString value="true"/></extension></extension><extension url="http://hl7.org/fhir/tools/StructureDefinition/ig-parameter"><extension url="code"><valueString value="apply-jurisdiction"/></extension><extension url="value"><valueString value="true"/></extension></extension><extension url="http://hl7.org/fhir/tools/StructureDefinition/ig-parameter"><extension url="code"><valueString value="apply-publisher"/></extension><extension url="value"><valueString value="true"/></extension></extension><extension url="http://hl7.org/fhir/tools/StructureDefinition/ig-parameter"><extension url="code"><valueString value="apply-version"/></extension><extension url="value"><valueString value="true"/></extension></extension><extension url="http://hl7.org/fhir/tools/StructureDefinition/ig-parameter"><extension url="code"><valueString value="special-url"/></extension><extension url="value"><valueString value="urn:ihe:event-type-code"/></extension></extension><extension url="http://hl7.org/fhir/tools/StructureDefinition/ig-parameter"><extension url="code"><valueString value="autoload-resources"/></extension><extension url="value"><valueString value="true"/></extension></extension><extension url="http://hl7.org/fhir/tools/StructureDefinition/ig-parameter"><extension url="code"><valueString value="path-liquid"/></extension><extension url="value"><valueString value="template/liquid"/></extension></extension><extension url="http://hl7.org/fhir/tools/StructureDefinition/ig-parameter"><extension url="code"><valueString value="path-liquid"/></extension><extension url="value"><valueString value="input/liquid"/></extension></extension><extension url="http://hl7.org/fhir/tools/StructureDefinition/ig-parameter"><extension url="code"><valueString value="path-qa"/></extension><extension url="value"><valueString value="temp/qa"/></extension></extension><extension url="http://hl7.org/fhir/tools/StructureDefinition/ig-parameter"><extension url="code"><valueString value="path-temp"/></extension><extension url="value"><valueString value="temp/pages"/></extension></extension><extension url="http://hl7.org/fhir/tools/StructureDefinition/ig-parameter"><extension url="code"><valueString value="path-output"/></extension><extension url="value"><valueString value="output"/></extension></extension><extension url="http://hl7.org/fhir/tools/StructureDefinition/ig-parameter"><extension url="code"><valueString value="path-suppressed-warnings"/></extension><extension url="value"><valueString value="input/ignoreWarnings.txt"/></extension></extension><extension url="http://hl7.org/fhir/tools/StructureDefinition/ig-parameter"><extension url="code"><valueString value="path-history"/></extension><extension url="value"><valueString value="https://profiles.ihe.net/ITI/mCSD/history.html"/></extension></extension><extension url="http://hl7.org/fhir/tools/StructureDefinition/ig-parameter"><extension url="code"><valueString value="template-html"/></extension><extension url="value"><valueString value="template-page.html"/></extension></extension><extension url="http://hl7.org/fhir/tools/StructureDefinition/ig-parameter"><extension url="code"><valueString value="template-md"/></extension><extension url="value"><valueString value="template-page-md.html"/></extension></extension><extension url="http://hl7.org/fhir/tools/StructureDefinition/ig-parameter"><extension url="code"><valueString value="apply-context"/></extension><extension url="value"><valueString value="true"/></extension></extension><extension url="http://hl7.org/fhir/tools/StructureDefinition/ig-parameter"><extension url="code"><valueString value="apply-copyright"/></extension><extension url="value"><valueString value="true"/></extension></extension><extension url="http://hl7.org/fhir/tools/StructureDefinition/ig-parameter"><extension url="code"><valueString value="apply-license"/></extension><extension url="value"><valueString value="true"/></extension></extension><extension url="http://hl7.org/fhir/tools/StructureDefinition/ig-parameter"><extension url="code"><valueString value="fmm-definition"/></extension><extension url="value"><valueString value="http://hl7.org/fhir/versions.html#maturity"/></extension></extension><extension url="http://hl7.org/fhir/tools/StructureDefinition/ig-parameter"><extension url="code"><valueString value="propagate-status"/></extension><extension url="value"><valueString value="true"/></extension></extension><grouping id="-dyn-capabilitystatement"><name value="Behavior: Capability Statements"/><description value="The following artifacts define the specific capabilities that different types of systems are expected to have in order to comply with this implementation guide.  Systems conforming to this implementation guide are expected to declare conformance to one or more of the following capability statements."/></grouping><grouping id="-str-profile"><name value="Structures: Resource Profiles"/><description value="These define constraints on FHIR resources for systems conforming to this implementation guide"/></grouping><grouping id="-str-extension"><name value="Structures: Extension Definitions"/><description value="These define constraints on FHIR data types for systems conforming to this implementation guide"/></grouping><grouping id="-term-codesystem"><name value="Terminology: Code Systems"/><description value="These define new code systems used by systems conforming to this implementation guide"/></grouping><grouping id="-ex-example"><name value="Example: Example Instances"/><description value="These are example instances that show what data produced and consumed by systems conforming with this implementation guide might look like"/></grouping><resource><extension url="http://hl7.org/fhir/StructureDefinition/implementationguide-page"><valueUri value="StructureDefinition-IHE.mCSD.FacilityLocation.html"/></extension><reference><reference value="StructureDefinition/IHE.mCSD.FacilityLocation"/></reference><name value="mCSD Location for Facilities"/><description value="A profile on mCSD Location for mCSD Facilities.&#xA;&#xA;Facilities are physical care delivery sites such as hospitals, clinics, health outposts, physician offices,&#xA;labs, pharmacies, etc. A Facility has a unique identifier, geographic attributes (address, geocode), contact&#xA;attributes, attributes regarding its hours of operation, etc. Each Facility is defined by a pairing of &#xA;[Location](StructureDefinition-IHE.mCSD.FacilityLocation.html) and&#xA;[Organization](StructureDefinition-IHE.mCSD.FacilityOrganization.html).&#xA;&#xA;In addition to the base requirements of [mCSD Location](StructureDefinition-IHE.mCSD.Location.html),&#xA;one `type` must be set to `urn:ietf:rfc:3986#urn:ihe:iti:mcsd:2019:facility`."/><exampleBoolean value="false"/><groupingId value="-str-profile"/></resource><resource><extension url="http://hl7.org/fhir/StructureDefinition/implementationguide-page"><valueUri value="StructureDefinition-IHE.mCSD.FacilityOrganization.html"/></extension><reference><reference value="StructureDefinition/IHE.mCSD.FacilityOrganization"/></reference><name value="mCSD Organization for Facilities"/><description value="A profile on mCSD Organization for mCSD Facilities.&#xA;&#xA;Facilities are physical care delivery sites such as hospitals, clinics, health outposts, physician offices,&#xA;labs, pharmacies, etc. A Facility has a unique identifier, geographic attributes (address, geocode), contact&#xA;attributes, attributes regarding its hours of operation, etc. Each Facility is defined by a pairing of &#xA;[Location](StructureDefinition-IHE.mCSD.FacilityLocation.html) and&#xA;[Organization](StructureDefinition-IHE.mCSD.FacilityOrganization.html).&#xA;&#xA;In addition to the base requirements of [mCSD Organization](StructureDefinition-IHE.mCSD.Organization.html),&#xA;one `type` must be set to `urn:ietf:rfc:3986#urn:ihe:iti:mcsd:2019:facility`."/><exampleBoolean value="false"/><groupingId value="-str-profile"/></resource><resource><extension url="http://hl7.org/fhir/StructureDefinition/implementationguide-page"><valueUri value="StructureDefinition-IHE.mCSD.HealthcareService.html"/></extension><reference><reference value="StructureDefinition/IHE.mCSD.HealthcareService"/></reference><name value="mCSD HealthcareService"/><description value="A profile on the HealthcareService resource for mCSD.&#xA;&#xA;Each healthcare service has a unique identifier. Examples include surgical services, antenatal&#xA;care services, or primary care services. The combination of a Healthcare Service offered at a&#xA;[Location](StructureDefinition-IHE.mCSD.Location.html) may have specific attributes including&#xA;contact person, hours of operation, etc."/><exampleBoolean value="false"/><groupingId value="-str-profile"/></resource><resource><extension url="http://hl7.org/fhir/StructureDefinition/implementationguide-page"><valueUri value="StructureDefinition-IHE.mCSD.JurisdictionLocation.html"/></extension><reference><reference value="StructureDefinition/IHE.mCSD.JurisdictionLocation"/></reference><name value="mCSD Location for Jurisdictions"/><description value="A profile on the mCSD Location for mCSD Jurisdictions.&#xA;&#xA;Jurisdictions are political administrative units or other territories over which authority is exercised. A Jurisdiction&#xA;has a unique identifier, geographic attributes, etc. Jurisdictions include political administrative units such as village&#xA;districts or regions.  Each Jurisdiction is defined by a pairing of [Location](StructureDefinition-IHE.mCSD.JurisdictionLocation.html)&#xA;and [Organization](StructureDefinition-IHE.mCSD.JurisdictionOrganization.html)."/><exampleBoolean value="false"/><groupingId value="-str-profile"/></resource><resource><extension url="http://hl7.org/fhir/StructureDefinition/implementationguide-page"><valueUri value="StructureDefinition-IHE.mCSD.JurisdictionOrganization.html"/></extension><reference><reference value="StructureDefinition/IHE.mCSD.JurisdictionOrganization"/></reference><name value="mCSD Organization for Jurisdictions"/><description value="A profile on the mCSD Organization for mCSD Jurisdictions.&#xA;&#xA;Jurisdictions are political administrative units or other territories over which authority is exercised. A Jurisdiction&#xA;has a unique identifier, geographic attributes, etc. Jurisdictions include political administrative units such as village&#xA;districts or regions.  Each Jurisdiction is defined by a pairing of [Location](StructureDefinition-IHE.mCSD.JurisdictionLocation.html)&#xA;and [Organization](StructureDefinition-IHE.mCSD.JurisdictionOrganization.html)."/><exampleBoolean value="false"/><groupingId value="-str-profile"/></resource><resource><extension url="http://hl7.org/fhir/StructureDefinition/implementationguide-page"><valueUri value="StructureDefinition-IHE.mCSD.Location.html"/></extension><reference><reference value="StructureDefinition/IHE.mCSD.Location"/></reference><name value="mCSD Location"/><description value="A profile on the Location resource for mCSD.&#xA;&#xA;Locations are physical places where care can be delivered such as facilities, buildings, wards,&#xA;rooms, or vehicles. Locations also include jurisdictions such as a village districts or regions.&#xA;A Location has a unique identifier and may have geographic attributes (address, geocode),&#xA;attributes regarding its hours of operation, etc. Each Location may be related to one [Organization](StructureDefinition-IHE.mCSD.Organization.html).&#xA;A location may have a hierarchical relationship with other locations."/><exampleBoolean value="false"/><groupingId value="-str-profile"/></resource><resource><extension url="http://hl7.org/fhir/StructureDefinition/implementationguide-page"><valueUri value="StructureDefinition-IHE.mCSD.LocationDistance.html"/></extension><reference><reference value="StructureDefinition/IHE.mCSD.LocationDistance"/></reference><name value="mCSD Location with Distance"/><description value="A profile on the mCSD Location resource for distance searches.&#xA;&#xA;This profile is for when you want to allow distance based searches for an mCSD Location resource."/><exampleBoolean value="false"/><groupingId value="-str-profile"/></resource><resource><extension url="http://hl7.org/fhir/StructureDefinition/implementationguide-page"><valueUri value="StructureDefinition-IHE.mCSD.Organization.html"/></extension><reference><reference value="StructureDefinition/IHE.mCSD.Organization"/></reference><name value="mCSD Organization"/><description value="A profile on the Organization resource for mCSD.&#xA;&#xA;Organizations are “umbrella” entities; these may be consideredthe administrative bodies under whose auspices&#xA;care services are provided such as Healthcare Information Exchanges (HIEs), Integrated Delivery Networks&#xA;(IDNs), Non-Government Organizations (NGOs), Faith-Based Organizations (FBOs) or even a one-physician family&#xA;practice. An organization has a unique identifier and may have additional administrative attributes such as&#xA;contact person, mailing address, etc. Departments of an institution, or other administrative units, may be&#xA;represented as child Organizations of a parent Organization."/><exampleBoolean value="false"/><groupingId value="-str-profile"/></resource><resource><extension url="http://hl7.org/fhir/StructureDefinition/implementationguide-page"><valueUri value="StructureDefinition-IHE.mCSD.Practitioner.html"/></extension><reference><reference value="StructureDefinition/IHE.mCSD.Practitioner"/></reference><name value="mCSD Practitioner"/><description value="A profile on the Practitioner resource for mCSD.&#xA;&#xA;A Practitioner is a [health worker such as defined by WHO](http://www.who.int/whr/2006/06_chap1_en.pdf); a Practitioner &#xA;might be a physician, nurse, pharmacist, community health worker, district health manager, etc. Practitioners have&#xA;contact and demographic attributes. Each Practitioner may be related to one or more&#xA;[Organizations](StructureDefinition-IHE.mCSD.Organization.html), one or more&#xA;[Locations](StructureDefinition-IHE.mCSD.Location.html)&#xA;and one or more [Healthcare Services](StructureDefinition-IHE.mCSD.HealthcareService.html) through a&#xA;[Practitioner Role](StructureDefinition-IHE.mCSD.PractitionerRole.html). Specific attributes may be associated with&#xA;the Practitioner relationship with these other entities."/><exampleBoolean value="false"/><groupingId value="-str-profile"/></resource><resource><extension url="http://hl7.org/fhir/StructureDefinition/implementationguide-page"><valueUri value="StructureDefinition-IHE.mCSD.PractitionerRole.html"/></extension><reference><reference value="StructureDefinition/IHE.mCSD.PractitionerRole"/></reference><name value="mCSD PractitionerRole"/><description value="A profile on the PractitionerRole resource for mCSD.&#xA;&#xA;A PractitionerRole links a [Practitioner](StructureDefinition-IHE.mCSD.Practitioner.html) with a particular&#xA;health care role to perform [Healthcare Services](StructureDefinition-IHE.mCSD.HealthcareService.html)&#xA;at a particular [Location](StructureDefinition-IHE.mCSD.Location.html)&#xA;for an [Organization](StructureDefinition-IHE.mCSD.Organization.html)"/><exampleBoolean value="false"/><groupingId value="-str-profile"/></resource><resource><extension url="http://hl7.org/fhir/StructureDefinition/implementationguide-page"><valueUri value="StructureDefinition-IHE.mCSD.OrganizationHierarchy.html"/></extension><reference><reference value="StructureDefinition/IHE.mCSD.OrganizationHierarchy"/></reference><name value="mCSD Additional Hierarchies extension for mCSD Organization."/><description value="If there are additional hierarchies (such as funding source), then use this extension."/><exampleBoolean value="false"/><groupingId value="-str-extension"/></resource><resource><extension url="http://hl7.org/fhir/StructureDefinition/implementationguide-page"><valueUri value="CodeSystem-mcsd-example-hierarchy.html"/></extension><reference><reference value="CodeSystem/mcsd-example-hierarchy"/></reference><name value="mCSD Example Hierarchy Code System"/><description value="An example vocabulary of hierarchies."/><exampleBoolean value="false"/><groupingId value="-term-codesystem"/></resource><resource><extension url="http://hl7.org/fhir/StructureDefinition/implementationguide-page"><valueUri value="Bundle-Example-MCSD.html"/></extension><reference><reference value="Bundle/Example-MCSD"/></reference><name value="Example Bundle of mCSD Resources"/><description value="Example Bundle of Core mCSD Resources: Organization, Location, HealthcareService, Practitioner, and PractitionerRole with Facility and Jursidiction."/><exampleBoolean value="true"/><groupingId value="-ex-example"/></resource><resource><extension url="http://hl7.org/fhir/StructureDefinition/implementationguide-page"><valueUri value="SearchParameter-IHE.mCSD.Organization.HierarchyPartOf.html"/></extension><reference><reference value="SearchParameter/IHE.mCSD.Organization.HierarchyPartOf"/></reference><name value="Search on the IHE defined extension for hierarchy part of."/><description value="This Search Parameter enables finding [Organizations](StructureDefinition-IHE.mCSD.Organization.html)&#xA;by the hierarchy [mCSD extension](StructureDefinition-IHE.mCSD.OrganizationHierarchy.html) part of."/><exampleBoolean value="true"/><groupingId value="-ex-example"/></resource><resource><extension url="http://hl7.org/fhir/StructureDefinition/implementationguide-page"><valueUri value="SearchParameter-IHE.mCSD.Organization.HierarchyType.html"/></extension><reference><reference value="SearchParameter/IHE.mCSD.Organization.HierarchyType"/></reference><name value="Search on the IHE defined extension for hierarchy type."/><description value="This Search Parameter enables finding [Organizations](StructureDefinition-IHE.mCSD.Organization.html) by the&#xA;[mCSD extension](StructureDefinition-IHE.mCSD.OrganizationHierarchy.html) hierarchy type."/><exampleBoolean value="true"/><groupingId value="-ex-example"/></resource><resource><extension url="http://hl7.org/fhir/StructureDefinition/implementationguide-page"><valueUri value="Location-MCSDFacilityLocation-Example.html"/></extension><reference><reference value="Location/MCSDFacilityLocation-Example"/></reference><name value="Example mCSD Facility Location"/><description value="Location resource for an example mCSD Facility"/><exampleCanonical value="https://profiles.ihe.net/ITI/mCSD/StructureDefinition/IHE.mCSD.FacilityLocation"/><groupingId value="-ex-example"/></resource><resource><extension url="http://hl7.org/fhir/StructureDefinition/implementationguide-page"><valueUri value="Organization-MCSDFacilityOrganization-Example.html"/></extension><reference><reference value="Organization/MCSDFacilityOrganization-Example"/></reference><name value="Example mCSD Facility Organization"/><description value="Organization resource for an example mCSD Facility"/><exampleCanonical value="https://profiles.ihe.net/ITI/mCSD/StructureDefinition/IHE.mCSD.FacilityOrganization"/><groupingId value="-ex-example"/></resource><resource><extension url="http://hl7.org/fhir/StructureDefinition/implementationguide-page"><valueUri value="HealthcareService-MCSDHealthcareService-Example.html"/></extension><reference><reference value="HealthcareService/MCSDHealthcareService-Example"/></reference><name value="Example mCSD HealthcareService"/><description value="HealthcareService resource example for mCSD."/><exampleCanonical value="https://profiles.ihe.net/ITI/mCSD/StructureDefinition/IHE.mCSD.HealthcareService"/><groupingId value="-ex-example"/></resource><resource><extension url="http://hl7.org/fhir/StructureDefinition/implementationguide-page"><valueUri value="Location-MCSDJurisdictionLocation-Example.html"/></extension><reference><reference value="Location/MCSDJurisdictionLocation-Example"/></reference><name value="Example mCSD Jurisdiction Location"/><description value="Location resource for an example mCSD Jurisdiction"/><exampleCanonical value="https://profiles.ihe.net/ITI/mCSD/StructureDefinition/IHE.mCSD.JurisdictionLocation"/><groupingId value="-ex-example"/></resource><resource><extension url="http://hl7.org/fhir/StructureDefinition/implementationguide-page"><valueUri value="Organization-MCSDJurisdictionOrganization-Example.html"/></extension><reference><reference value="Organization/MCSDJurisdictionOrganization-Example"/></reference><name value="Example mCSD Jurisdiction Organization"/><description value="Organization resource for an example mCSD Jurisdiction"/><exampleCanonical value="https://profiles.ihe.net/ITI/mCSD/StructureDefinition/IHE.mCSD.JurisdictionOrganization"/><groupingId value="-ex-example"/></resource><resource><extension url="http://hl7.org/fhir/StructureDefinition/implementationguide-page"><valueUri value="Location-MCSDLocation-Example.html"/></extension><reference><reference value="Location/MCSDLocation-Example"/></reference><name value="Example mCSD Location"/><description value="Location resource for an example of an mCSD Location (Ward)"/><exampleCanonical value="https://profiles.ihe.net/ITI/mCSD/StructureDefinition/IHE.mCSD.Location"/><groupingId value="-ex-example"/></resource><resource><extension url="http://hl7.org/fhir/StructureDefinition/implementationguide-page"><valueUri value="Location-MCSDLocationDistance-Example.html"/></extension><reference><reference value="Location/MCSDLocationDistance-Example"/></reference><name value="Example mCSD Location with Distance Option"/><description value="Location resource for an example of an mCSD Location with Distance Option"/><exampleCanonical value="https://profiles.ihe.net/ITI/mCSD/StructureDefinition/IHE.mCSD.LocationDistance"/><groupingId value="-ex-example"/></resource><resource><extension url="http://hl7.org/fhir/StructureDefinition/implementationguide-page"><valueUri value="Organization-MCSDOrganization-ExamplePartner.html"/></extension><reference><reference value="Organization/MCSDOrganization-ExamplePartner"/></reference><name value="Example Partner Organization"/><description value="Example Organization for a Partner Organization"/><exampleCanonical value="https://profiles.ihe.net/ITI/mCSD/StructureDefinition/IHE.mCSD.Organization"/><groupingId value="-ex-example"/></resource><resource><extension url="http://hl7.org/fhir/StructureDefinition/implementationguide-page"><valueUri value="Practitioner-MCSDPractitioner-Example.html"/></extension><reference><reference value="Practitioner/MCSDPractitioner-Example"/></reference><name value="Example mCSD Practitioner"/><description value="Practitioner resource example for mCSD."/><exampleCanonical value="https://profiles.ihe.net/ITI/mCSD/StructureDefinition/IHE.mCSD.Practitioner"/><groupingId value="-ex-example"/></resource><resource><extension url="http://hl7.org/fhir/StructureDefinition/implementationguide-page"><valueUri value="PractitionerRole-MCSDPractitionerRole-Example.html"/></extension><reference><reference value="PractitionerRole/MCSDPractitionerRole-Example"/></reference><name value="Example mCSD PractitionerRole"/><description value="PractitionerRole resource example for mCSD."/><exampleCanonical value="https://profiles.ihe.net/ITI/mCSD/StructureDefinition/IHE.mCSD.PractitionerRole"/><groupingId value="-ex-example"/></resource><resource><extension url="http://hl7.org/fhir/StructureDefinition/implementationguide-page"><valueUri value="CapabilityStatement-IHE.mCSD.CareServicesSelectiveConsumer.LocationDistance.html"/></extension><reference><reference value="CapabilityStatement/IHE.mCSD.CareServicesSelectiveConsumer.LocationDistance"/></reference><name value="IHE ITI Mobile Care Services Discovery (mCSD) - Care Services Selective Consumer Location Distance Option"/><description value="CapabilityStatement for Care Services Selective Consumer Actor with the Location Distance Option in the IHE IT Infrastructure Technical Framework Supplement IHE mCSD. See https://profiles.ihe.net/ITI/mCSD."/><exampleBoolean value="false"/><groupingId value="-dyn-capabilitystatement"/></resource><resource><extension url="http://hl7.org/fhir/StructureDefinition/implementationguide-page"><valueUri value="CapabilityStatement-IHE.mCSD.CareServicesSelectiveConsumer.html"/></extension><reference><reference value="CapabilityStatement/IHE.mCSD.CareServicesSelectiveConsumer"/></reference><name value="IHE ITI Mobile Care Services Discovery (mCSD) - Care Services Selective Consumer"/><description value="CapabilityStatement for Care Services Selective Consumer Actor in the IHE IT Infrastructure Technical Framework Supplement IHE mCSD. See https://profiles.ihe.net/ITI/mCSD."/><exampleBoolean value="false"/><groupingId value="-dyn-capabilitystatement"/></resource><resource><extension url="http://hl7.org/fhir/StructureDefinition/implementationguide-page"><valueUri value="CapabilityStatement-IHE.mCSD.CareServicesSelectiveSupplier.LocationDistance.html"/></extension><reference><reference value="CapabilityStatement/IHE.mCSD.CareServicesSelectiveSupplier.LocationDistance"/></reference><name value="IHE ITI Mobile Care Services Discovery (mCSD) - Care Services Selective Supplier Location Distance Option"/><description value="CapabilityStatement for Care Services Selective Supplier Actor with the Location Distance option in the IHE IT Infrastructure Technical Framework Supplement IHE mCSD. See https://profiles.ihe.net/ITI/mCSD."/><exampleBoolean value="false"/><groupingId value="-dyn-capabilitystatement"/></resource><resource><extension url="http://hl7.org/fhir/StructureDefinition/implementationguide-page"><valueUri value="CapabilityStatement-IHE.mCSD.CareServicesSelectiveSupplier.html"/></extension><reference><reference value="CapabilityStatement/IHE.mCSD.CareServicesSelectiveSupplier"/></reference><name value="IHE ITI Mobile Care Services Discovery (mCSD) - Care Services Selective Supplier"/><description value="CapabilityStatement for Care Services Selective Supplier Actor in the IHE IT Infrastructure Technical Framework Supplement IHE mCSD. See https://profiles.ihe.net/ITI/mCSD."/><exampleBoolean value="false"/><groupingId value="-dyn-capabilitystatement"/></resource><resource><extension url="http://hl7.org/fhir/StructureDefinition/implementationguide-page"><valueUri value="CapabilityStatement-IHE.mCSD.CareServicesUpdateConsumer.LocationDistance.html"/></extension><reference><reference value="CapabilityStatement/IHE.mCSD.CareServicesUpdateConsumer.LocationDistance"/></reference><name value="IHE ITI Mobile Care Services Discovery (mCSD) - Care Services Update Consumer Location Distance Option"/><description value="CapabilityStatement for Care Services Update Consumer Actor with the Location Distance option in the IHE IT Infrastructure Technical Framework Supplement IHE mCSD. See https://profiles.ihe.net/ITI/mCSD."/><exampleBoolean value="false"/><groupingId value="-dyn-capabilitystatement"/></resource><resource><extension url="http://hl7.org/fhir/StructureDefinition/implementationguide-page"><valueUri value="CapabilityStatement-IHE.mCSD.CareServicesUpdateConsumer.html"/></extension><reference><reference value="CapabilityStatement/IHE.mCSD.CareServicesUpdateConsumer"/></reference><name value="IHE ITI Mobile Care Services Discovery (mCSD) - Care Services Update Consumer"/><description value="CapabilityStatement for Care Services Update Consumer Actor in the IHE IT Infrastructure Technical Framework Supplement IHE mCSD. See https://profiles.ihe.net/ITI/mCSD."/><exampleBoolean value="false"/><groupingId value="-dyn-capabilitystatement"/></resource><resource><extension url="http://hl7.org/fhir/StructureDefinition/implementationguide-page"><valueUri value="CapabilityStatement-IHE.mCSD.CareServicesUpdateSupplier.LocationDistance.html"/></extension><reference><reference value="CapabilityStatement/IHE.mCSD.CareServicesUpdateSupplier.LocationDistance"/></reference><name value="IHE ITI Mobile Care Services Discovery (mCSD) - Care Services Update Supplier Location Distance Option"/><description value="CapabilityStatement for Care Services Update Supplier Actor with the Location Distance option in the IHE IT Infrastructure Technical Framework Supplement IHE mCSD. See https://profiles.ihe.net/ITI/mCSD."/><exampleBoolean value="false"/><groupingId value="-dyn-capabilitystatement"/></resource><resource><extension url="http://hl7.org/fhir/StructureDefinition/implementationguide-page"><valueUri value="CapabilityStatement-IHE.mCSD.CareServicesUpdateSupplier.html"/></extension><reference><reference value="CapabilityStatement/IHE.mCSD.CareServicesUpdateSupplier"/></reference><name value="IHE ITI Mobile Care Services Discovery (mCSD) - Care Services Update Supplier"/><description value="CapabilityStatement for Care Services Update Supplier Actor in the IHE IT Infrastructure Technical Framework Supplement IHE mCSD. See https://profiles.ihe.net/ITI/mCSD."/><exampleBoolean value="false"/><groupingId value="-dyn-capabilitystatement"/></resource><page><nameUrl value="toc.html"/><title value="Table of Contents"/><generation value="html"/><page><nameUrl value="index.html"/><title value="Mobile Care Services Discovery (mCSD)"/><generation value="markdown"/></page><page><nameUrl value="volume-1.html"/><title value="1:46 Mobile Care Services Discovery (mCSD)"/><generation value="markdown"/></page><page><nameUrl value="ITI-90.html"/><title value="2:3.90 Find Matching Care Services [ITI-90]"/><generation value="markdown"/></page><page><nameUrl value="ITI-91.html"/><title value="2:3.91 Request Care Services Updates [ITI-91]"/><generation value="markdown"/></page><page><nameUrl value="testplan.html"/><title value="mCSD Test Plan"/><generation value="markdown"/></page><page><nameUrl value="issues.html"/><title value="mCSD Open and Closed issues"/><generation value="markdown"/></page><page><nameUrl value="other.html"/><title value="Changes to Other Documents"/><generation value="markdown"/></page><page><nameUrl value="artifacts.html"/><title value="Artifacts Summary"/><generation value="html"/><page><nameUrl value="CapabilityStatement-IHE.mCSD.CareServicesSelectiveConsumer.LocationDistance.html"/><title value="IHE ITI Mobile Care Services Discovery (mCSD) - Care Services Selective Consumer Location Distance Option"/><generation value="generated"/></page><page><nameUrl value="CapabilityStatement-IHE.mCSD.CareServicesSelectiveConsumer.html"/><title value="IHE ITI Mobile Care Services Discovery (mCSD) - Care Services Selective Consumer"/><generation value="generated"/></page><page><nameUrl value="CapabilityStatement-IHE.mCSD.CareServicesSelectiveSupplier.LocationDistance.html"/><title value="IHE ITI Mobile Care Services Discovery (mCSD) - Care Services Selective Supplier Location Distance Option"/><generation value="generated"/></page><page><nameUrl value="CapabilityStatement-IHE.mCSD.CareServicesSelectiveSupplier.html"/><title value="IHE ITI Mobile Care Services Discovery (mCSD) - Care Services Selective Supplier"/><generation value="generated"/></page><page><nameUrl value="CapabilityStatement-IHE.mCSD.CareServicesUpdateConsumer.LocationDistance.html"/><title value="IHE ITI Mobile Care Services Discovery (mCSD) - Care Services Update Consumer Location Distance Option"/><generation value="generated"/></page><page><nameUrl value="CapabilityStatement-IHE.mCSD.CareServicesUpdateConsumer.html"/><title value="IHE ITI Mobile Care Services Discovery (mCSD) - Care Services Update Consumer"/><generation value="generated"/></page><page><nameUrl value="CapabilityStatement-IHE.mCSD.CareServicesUpdateSupplier.LocationDistance.html"/><title value="IHE ITI Mobile Care Services Discovery (mCSD) - Care Services Update Supplier Location Distance Option"/><generation value="generated"/></page><page><nameUrl value="CapabilityStatement-IHE.mCSD.CareServicesUpdateSupplier.html"/><title value="IHE ITI Mobile Care Services Discovery (mCSD) - Care Services Update Supplier"/><generation value="generated"/></page><page><nameUrl value="StructureDefinition-IHE.mCSD.FacilityLocation.html"/><title value="mCSD Location for Facilities"/><generation value="generated"/></page><page><nameUrl value="StructureDefinition-IHE.mCSD.FacilityOrganization.html"/><title value="mCSD Organization for Facilities"/><generation value="generated"/></page><page><nameUrl value="StructureDefinition-IHE.mCSD.HealthcareService.html"/><title value="mCSD HealthcareService"/><generation value="generated"/></page><page><nameUrl value="StructureDefinition-IHE.mCSD.JurisdictionLocation.html"/><title value="mCSD Location for Jurisdictions"/><generation value="generated"/></page><page><nameUrl value="StructureDefinition-IHE.mCSD.JurisdictionOrganization.html"/><title value="mCSD Organization for Jurisdictions"/><generation value="generated"/></page><page><nameUrl value="StructureDefinition-IHE.mCSD.Location.html"/><title value="mCSD Location"/><generation value="generated"/></page><page><nameUrl value="StructureDefinition-IHE.mCSD.LocationDistance.html"/><title value="mCSD Location with Distance"/><generation value="generated"/></page><page><nameUrl value="StructureDefinition-IHE.mCSD.Organization.html"/><title value="mCSD Organization"/><generation value="generated"/></page><page><nameUrl value="StructureDefinition-IHE.mCSD.Practitioner.html"/><title value="mCSD Practitioner"/><generation value="generated"/></page><page><nameUrl value="StructureDefinition-IHE.mCSD.PractitionerRole.html"/><title value="mCSD PractitionerRole"/><generation value="generated"/></page><page><nameUrl value="StructureDefinition-IHE.mCSD.OrganizationHierarchy.html"/><title value="mCSD Additional Hierarchies extension for mCSD Organization."/><generation value="generated"/></page><page><nameUrl value="CodeSystem-mcsd-example-hierarchy.html"/><title value="mCSD Example Hierarchy Code System"/><generation value="generated"/></page><page><nameUrl value="Bundle-Example-MCSD.html"/><title value="Example Bundle of mCSD Resources"/><generation value="generated"/></page><page><nameUrl value="SearchParameter-IHE.mCSD.Organization.HierarchyPartOf.html"/><title value="Search on the IHE defined extension for hierarchy part of."/><generation value="generated"/></page><page><nameUrl value="SearchParameter-IHE.mCSD.Organization.HierarchyType.html"/><title value="Search on the IHE defined extension for hierarchy type."/><generation value="generated"/></page><page><nameUrl value="Location-MCSDFacilityLocation-Example.html"/><title value="Example mCSD Facility Location"/><generation value="generated"/></page><page><nameUrl value="Organization-MCSDFacilityOrganization-Example.html"/><title value="Example mCSD Facility Organization"/><generation value="generated"/></page><page><nameUrl value="HealthcareService-MCSDHealthcareService-Example.html"/><title value="Example mCSD HealthcareService"/><generation value="generated"/></page><page><nameUrl value="Location-MCSDJurisdictionLocation-Example.html"/><title value="Example mCSD Jurisdiction Location"/><generation value="generated"/></page><page><nameUrl value="Organization-MCSDJurisdictionOrganization-Example.html"/><title value="Example mCSD Jurisdiction Organization"/><generation value="generated"/></page><page><nameUrl value="Location-MCSDLocation-Example.html"/><title value="Example mCSD Location"/><generation value="generated"/></page><page><nameUrl value="Location-MCSDLocationDistance-Example.html"/><title value="Example mCSD Location with Distance Option"/><generation value="generated"/></page><page><nameUrl value="Organization-MCSDOrganization-ExamplePartner.html"/><title value="Example Partner Organization"/><generation value="generated"/></page><page><nameUrl value="Practitioner-MCSDPractitioner-Example.html"/><title value="Example mCSD Practitioner"/><generation value="generated"/></page><page><nameUrl value="PractitionerRole-MCSDPractitionerRole-Example.html"/><title value="Example mCSD PractitionerRole"/><generation value="generated"/></page></page></page><parameter><code value="path-resource"/><value value="input/resources"/></parameter><parameter><code value="path-resource"/><value value="fsh-generated/resources"/></parameter><parameter><code value="path-resource"/><value value="input/capabilities"/></parameter><parameter><code value="path-resource"/><value value="input/examples"/></parameter><parameter><code value="path-resource"/><value value="input/extensions"/></parameter><parameter><code value="path-resource"/><value value="input/models"/></parameter><parameter><code value="path-resource"/><value value="input/operations"/></parameter><parameter><code value="path-resource"/><value value="input/profiles"/></parameter><parameter><code value="path-resource"/><value value="input/vocabulary"/></parameter><parameter><code value="path-resource"/><value value="input/testing"/></parameter><parameter><code value="path-resource"/><value value="input/history"/></parameter><parameter><code value="path-pages"/><value value="template/config"/></parameter><parameter><code value="path-pages"/><value value="input/images"/></parameter><parameter><code value="path-tx-cache"/><value value="input-cache/txcache"/></parameter></definition></ImplementationGuide>