{
  "resourceType" : "ValueSet",
  "id" : "AllSearchVS",
  "text" : {
    "status" : "extensions",
    "div" : "<div xmlns=\"http://www.w3.org/1999/xhtml\"><ul><li>Include these codes as defined in <a href=\"http://hl7.org/fhir/R4/codesystem-restful-interaction.html\"><code>http://hl7.org/fhir/restful-interaction</code></a><table class=\"none\"><tr><td style=\"white-space:nowrap\"><b>Code</b></td><td><b>Display</b></td><td><b>Definition</b></td></tr><tr><td><a href=\"http://hl7.org/fhir/R4/codesystem-restful-interaction.html#restful-interaction-search\">search</a></td><td style=\"color: #cccccc\">search</td><td>Search a resource type or all resources based on some filter criteria.</td></tr><tr><td><a href=\"http://hl7.org/fhir/R4/codesystem-restful-interaction.html#restful-interaction-search-type\">search-type</a></td><td style=\"color: #cccccc\">search-type</td><td>Search all resources of the specified type based on some filter criteria.</td></tr><tr><td><a href=\"http://hl7.org/fhir/R4/codesystem-restful-interaction.html#restful-interaction-search-system\">search-system</a></td><td style=\"color: #cccccc\">search-system</td><td>Search all resources based on some filter criteria.</td></tr></table></li></ul></div>"
  },
  "url" : "https://profiles.ihe.net/ITI/BALP/ValueSet/AllSearchVS",
  "version" : "1.1.3",
  "name" : "AllSearchVS",
  "title" : "all Searches",
  "status" : "active",
  "experimental" : false,
  "date" : "2024-02-14T10:34:48-06:00",
  "publisher" : "IHE IT Infrastructure Technical Committee",
  "contact" : [{
    "name" : "IHE IT Infrastructure Technical Committee",
    "telecom" : [{
      "system" : "url",
      "value" : "https://www.ihe.net/ihe_domains/it_infrastructure/"
    },
    {
      "system" : "email",
      "value" : "iti@ihe.net"
    }]
  },
  {
    "name" : "IHE IT Infrastructure Technical Committee",
    "telecom" : [{
      "system" : "email",
      "value" : "iti@ihe.net"
    }]
  }],
  "description" : "ValueSet of the restful-interaction searches",
  "jurisdiction" : [{
    "coding" : [{
      "system" : "http://unstats.un.org/unsd/methods/m49/m49.htm",
      "code" : "001"
    }]
  }],
  "compose" : {
    "include" : [{
      "system" : "http://hl7.org/fhir/restful-interaction",
      "concept" : [{
        "code" : "search"
      },
      {
        "code" : "search-type"
      },
      {
        "code" : "search-system"
      }]
    }]
  }
}