{
  "resourceType" : "Bundle",
  "id" : "ex-minimalProvideDocumentBundleSimpleContained",
  "meta" : {
    "profile" : ["https://profiles.ihe.net/ITI/MHD/StructureDefinition/IHE.MHD.Minimal.ProvideBundle"],
    "security" : [{
      "system" : "http://terminology.hl7.org/CodeSystem/v3-ActReason",
      "code" : "HTEST"
    }]
  },
  "type" : "transaction",
  "timestamp" : "2004-10-25T23:50:50-05:00",
  "entry" : [{
    "fullUrl" : "urn:uuid:aaaaaaaa-bbbb-cccc-dddd-e00222200001",
    "resource" : {
      "resourceType" : "List",
      "id" : "aaaaaaaa-bbbb-cccc-dddd-e00222200001",
      "meta" : {
        "profile" : ["https://profiles.ihe.net/ITI/MHD/StructureDefinition/IHE.MHD.Minimal.SubmissionSet"],
        "security" : [{
          "system" : "http://terminology.hl7.org/CodeSystem/v3-ActReason",
          "code" : "HTEST"
        }]
      },
      "text" : {
        "status" : "extensions",
        "div" : "<div xmlns=\"http://www.w3.org/1999/xhtml\">SubmissionSet with Patient</div>"
      },
      "contained" : [{
        "resourceType" : "Practitioner",
        "id" : "in-practitioner",
        "telecom" : [{
          "system" : "email",
          "value" : "JohnMoehrke@gmail.com"
        }]
      }],
      "extension" : [{
        "url" : "https://profiles.ihe.net/ITI/MHD/StructureDefinition/ihe-sourceId",
        "valueIdentifier" : {
          "value" : "urn:oid:1.2.3.4"
        }
      },
      {
        "url" : "https://profiles.ihe.net/ITI/MHD/StructureDefinition/ihe-intendedRecipient",
        "valueReference" : {
          "reference" : "#in-practitioner"
        }
      }],
      "identifier" : [{
        "use" : "usual",
        "system" : "urn:ietf:rfc:3986",
        "value" : "urn:oid:1.2.840.113556.1.8000.2554.58783.21864.3474.19410.44358.58254.41281.46344"
      }],
      "status" : "current",
      "mode" : "working",
      "code" : {
        "coding" : [{
          "system" : "https://profiles.ihe.net/ITI/MHD/CodeSystem/MHDlistTypes",
          "code" : "submissionset"
        }]
      },
      "date" : "2004-10-25T23:50:50-05:00",
      "entry" : [{
        "item" : {
          "reference" : "urn:uuid:aaaaaaaa-bbbb-cccc-dddd-e00222200002"
        }
      }]
    },
    "request" : {
      "method" : "POST",
      "url" : "List"
    }
  },
  {
    "fullUrl" : "urn:uuid:aaaaaaaa-bbbb-cccc-dddd-e00222200002",
    "resource" : {
      "resourceType" : "DocumentReference",
      "id" : "aaaaaaaa-bbbb-cccc-dddd-e00222200002",
      "meta" : {
        "profile" : ["https://profiles.ihe.net/ITI/MHD/StructureDefinition/IHE.MHD.Minimal.DocumentReference"],
        "security" : [{
          "system" : "http://terminology.hl7.org/CodeSystem/v3-ActReason",
          "code" : "HTEST"
        }]
      },
      "text" : {
        "status" : "generated",
        "div" : "<div xmlns=\"http://www.w3.org/1999/xhtml\"><a name=\"DocumentReference_aaaaaaaa-bbbb-cccc-dddd-e00222200002\"> </a><p><b>Generated Narrative: DocumentReference</b><a name=\"aaaaaaaa-bbbb-cccc-dddd-e00222200002\"> </a><a name=\"hcaaaaaaaa-bbbb-cccc-dddd-e00222200002\"> </a></p><div style=\"display: inline-block; background-color: #d9e0e7; padding: 6px; margin: 4px; border: 1px solid #8da1b4; border-radius: 5px; line-height: 60%\"><p style=\"margin-bottom: 0px\">ResourceDocumentReference &quot;aaaaaaaa-bbbb-cccc-dddd-e00222200002&quot; </p><p style=\"margin-bottom: 0px\">Profile: <a href=\"StructureDefinition-IHE.MHD.Minimal.DocumentReference.html\">MHD DocumentReference Minimal</a></p><p style=\"margin-bottom: 0px\">Security Labels: <span title=\"{http://terminology.hl7.org/CodeSystem/v3-ActReason http://terminology.hl7.org/CodeSystem/v3-ActReason}\">http://terminology.hl7.org/CodeSystem/v3-ActReason</span></p></div><p><b>masterIdentifier</b>: <a href=\"http://terminology.hl7.org/5.3.0/NamingSystem-uri.html\" title=\"As defined by RFC 3986 (http://www.ietf.org/rfc/rfc3986.txt)(with many schemes defined in many RFCs). For OIDs and UUIDs, use the URN form (urn:oid:(note: lowercase) and urn:uuid:). See http://www.ietf.org/rfc/rfc3001.txt and http://www.ietf.org/rfc/rfc4122.txt \r\n\r\nThis oid is used as an identifier II.root to indicate the the extension is an absolute URI (technically, an IRI). Typically, this is used for OIDs and GUIDs. Note that when this OID is used with OIDs and GUIDs, the II.extension should start with urn:oid or urn:uuid: \r\n\r\nNote that this OID is created to aid with interconversion between CDA and FHIR - FHIR uses urn:ietf:rfc:3986 as equivalent to this OID. URIs as identifiers appear more commonly in FHIR.\r\n\r\nThis OID may also be used in CD.codeSystem.\">Uniform Resource Identifier (URI)</a>/urn:oid:1.2.840.113556.1.8000.2554.53432.348.12973.17740.34205.4355.50220.62012</p><p><b>status</b>: current</p><blockquote><p><b>content</b></p><h3>Attachments</h3><table class=\"grid\"><tr><td style=\"display: none\">-</td><td><b>ContentType</b></td><td><b>Url</b></td><td><b>Size</b></td><td><b>Hash</b></td></tr><tr><td style=\"display: none\">*</td><td>text/plain</td><td><code>urn:uuid:aaaaaaaa-bbbb-cccc-dddd-e00222200003</code></td><td>11</td><td>(base64 data - 40 bytes)</td></tr></table><p><b>format</b>: ITI XDS-SD TEXT (Details: IHE Format Code set for use with Document Sharing code urn:ihe:iti:xds-sd:text:2008 = 'ITI XDS-SD TEXT', stated as 'null')</p></blockquote><h3>Contexts</h3><table class=\"grid\"><tr><td style=\"display: none\">-</td><td><b>SourcePatientInfo</b></td></tr><tr><td style=\"display: none\">*</td><td><a name=\"hcaaaaaaaa-bbbb-cccc-dddd-e00222200004\"> </a><blockquote><p/><p><a name=\"aaaaaaaa-bbbb-cccc-dddd-e00222200004\"> </a></p><p><a name=\"hcaaaaaaaa-bbbb-cccc-dddd-e00222200004\"> </a></p><p><b>name</b>: Dee Schmidt </p></blockquote></td></tr></table><hr/><blockquote><p style=\"border: 1px #661aff solid; background-color: #e6e6ff; padding: 10px;\"><b>Dee Schmidt </b> (no stated gender), DoB Unknown</p><hr/></blockquote></div>"
      },
      "contained" : [{
        "resourceType" : "Patient",
        "id" : "aaaaaaaa-bbbb-cccc-dddd-e00222200004",
        "name" : [{
          "family" : "Schmidt",
          "given" : ["Dee"]
        }]
      }],
      "masterIdentifier" : {
        "system" : "urn:ietf:rfc:3986",
        "value" : "urn:oid:1.2.840.113556.1.8000.2554.53432.348.12973.17740.34205.4355.50220.62012"
      },
      "status" : "current",
      "content" : [{
        "attachment" : {
          "contentType" : "text/plain",
          "url" : "urn:uuid:aaaaaaaa-bbbb-cccc-dddd-e00222200003",
          "size" : 11,
          "hash" : "MGE0ZDU1YThkNzc4ZTUwMjJmYWI3MDE5NzdjNWQ4NDBiYmM0ODZkMA=="
        },
        "format" : {
          "system" : "http://ihe.net/fhir/ihe.formatcode.fhir/CodeSystem/formatcode",
          "code" : "urn:ihe:iti:xds-sd:text:2008"
        }
      }],
      "context" : {
        "sourcePatientInfo" : {
          "reference" : "#aaaaaaaa-bbbb-cccc-dddd-e00222200004"
        }
      }
    },
    "request" : {
      "method" : "POST",
      "url" : "DocumentReference"
    }
  },
  {
    "fullUrl" : "urn:uuid:aaaaaaaa-bbbb-cccc-dddd-e00222200003",
    "resource" : {
      "resourceType" : "Binary",
      "id" : "aaaaaaaa-bbbb-cccc-dddd-e00222200003",
      "meta" : {
        "security" : [{
          "system" : "http://terminology.hl7.org/CodeSystem/v3-ActReason",
          "code" : "HTEST"
        }]
      },
      "contentType" : "text/plain",
      "data" : "SGVsbG8gV29ybGQ="
    },
    "request" : {
      "method" : "POST",
      "url" : "Binary"
    }
  }]
}