{
  "resourceType" : "CodeSystem",
  "id" : "c3799d49-0c7f-4095-96bd-0b5e646e0f2f-12",
  "url" : "http://hl7.org/fhir/comparison/CodeSystem/c3799d49-0c7f-4095-96bd-0b5e646e0f2f-12",
  "name" : "IntersectionMCSDOrgAffTypesAndMCSDOrgAffTypes",
  "title" : "Intersection of mCSD Organization Affiliation Types And mCSD Organization Affiliation Types",
  "status" : "active",
  "date" : "2025-03-12T10:59:34-05:00",
  "jurisdiction" : [{
    "coding" : [{
      "system" : "http://unstats.un.org/unsd/methods/m49/m49.htm",
      "code" : "001"
    }]
  }],
  "concept" : [{
    "code" : "DocShare-federate",
    "display" : "Federation to any Document Sharing exchange"
  }]
}