{
  "resourceType" : "CodeSystem",
  "id" : "c3799d49-0c7f-4095-96bd-0b5e646e0f2f-15",
  "url" : "http://hl7.org/fhir/comparison/CodeSystem/c3799d49-0c7f-4095-96bd-0b5e646e0f2f-15",
  "name" : "IntersectionMCSDOrganizationIdentifierTypesAndMCSDOrganizationIdentifierTypes",
  "title" : "Intersection of mCSD Type codes for Organization.identifier And mCSD Type codes for Organization.identifier",
  "status" : "active",
  "date" : "2025-03-12T10:59:34-05:00",
  "jurisdiction" : [{
    "coding" : [{
      "system" : "http://unstats.un.org/unsd/methods/m49/m49.htm",
      "code" : "001"
    }]
  }],
  "concept" : [{
    "code" : "HCID",
    "display" : "Home Community Identifier"
  },
  {
    "code" : "AuthOrgId",
    "display" : "Organization identifier used in authentication or authorization transactions (e.g. IHE XUA, IUA)"
  }]
}