{
  "resourceType" : "Bundle",
  "id" : "ex-unContainedComprehensiveProvideDocumentBundleComplete",
  "meta" : {
    "profile" : ["https://profiles.ihe.net/ITI/MHD/StructureDefinition/IHE.MHD.UnContained.Comprehensive.ProvideBundle"],
    "security" : [{
      "system" : "http://terminology.hl7.org/CodeSystem/v3-ActReason",
      "code" : "HTEST"
    }]
  },
  "type" : "transaction",
  "timestamp" : "2004-10-05T11:50:50-05:00",
  "entry" : [{
    "fullUrl" : "urn:uuid:aaaaaaaa-bbbb-cccc-dddd-e00666600001",
    "resource" : {
      "resourceType" : "List",
      "id" : "aaaaaaaa-bbbb-cccc-dddd-e00666600001",
      "meta" : {
        "profile" : ["https://profiles.ihe.net/ITI/MHD/StructureDefinition/IHE.MHD.UnContained.Comprehensive.SubmissionSet"],
        "security" : [{
          "system" : "http://terminology.hl7.org/CodeSystem/v3-ActReason",
          "code" : "HTEST"
        }]
      },
      "text" : {
        "status" : "extensions",
        "div" : "<div xmlns=\"http://www.w3.org/1999/xhtml\"><a name=\"List_aaaaaaaa-bbbb-cccc-dddd-e00666600001\"> </a>SubmissionSet with Patient</div>"
      },
      "extension" : [{
        "url" : "https://profiles.ihe.net/ITI/MHD/StructureDefinition/ihe-designationType",
        "valueCodeableConcept" : {
          "coding" : [{
            "system" : "http://snomed.info/sct",
            "code" : "225728007"
          }]
        }
      },
      {
        "url" : "https://profiles.ihe.net/ITI/MHD/StructureDefinition/ihe-sourceId",
        "valueIdentifier" : {
          "value" : "urn:oid:1.2.3.4"
        }
      },
      {
        "url" : "https://profiles.ihe.net/ITI/MHD/StructureDefinition/ihe-intendedRecipient",
        "valueReference" : {
          "reference" : "Practitioner/ex-practitioner"
        }
      }],
      "identifier" : [{
        "use" : "usual",
        "system" : "urn:ietf:rfc:3986",
        "value" : "urn:oid:1.2.840.113556.1.8000.2554.58783.21864.3474.19410.44358.58254.41281.46351"
      }],
      "status" : "current",
      "mode" : "working",
      "title" : "Hello World SubmissionSet",
      "code" : {
        "coding" : [{
          "system" : "https://profiles.ihe.net/ITI/MHD/CodeSystem/MHDlistTypes",
          "code" : "submissionset"
        }]
      },
      "subject" : [{
        "reference" : "Patient/ex-patient"
      }],
      "date" : "2004-10-25T23:50:50-05:00",
      "source" : {
        "extension" : [{
          "url" : "https://profiles.ihe.net/ITI/MHD/StructureDefinition/ihe-authorOrg",
          "valueReference" : {
            "reference" : "Organization/ex-organization"
          }
        }],
        "reference" : "Practitioner/ex-practitioner"
      },
      "note" : [{
        "text" : "Comments about Hello World SubmissionSet"
      }],
      "entry" : [{
        "item" : {
          "reference" : "urn:uuid:aaaaaaaa-bbbb-cccc-dddd-e00666600002"
        }
      }]
    },
    "request" : {
      "method" : "POST",
      "url" : "List"
    }
  },
  {
    "fullUrl" : "urn:uuid:aaaaaaaa-bbbb-cccc-dddd-e00666600002",
    "resource" : {
      "resourceType" : "DocumentReference",
      "id" : "aaaaaaaa-bbbb-cccc-dddd-e00666600002",
      "meta" : {
        "profile" : ["https://profiles.ihe.net/ITI/MHD/StructureDefinition/IHE.MHD.UnContained.Comprehensive.DocumentReference"],
        "security" : [{
          "system" : "http://terminology.hl7.org/CodeSystem/v3-ActReason",
          "code" : "HTEST"
        }]
      },
      "text" : {
        "status" : "extensions",
        "div" : "<div xmlns=\"http://www.w3.org/1999/xhtml\"><a name=\"DocumentReference_aaaaaaaa-bbbb-cccc-dddd-e00666600002\"> </a><p class=\"res-header-id\"><b>Generated Narrative: DocumentReference aaaaaaaa-bbbb-cccc-dddd-e00666600002</b></p><a name=\"aaaaaaaa-bbbb-cccc-dddd-e00666600002\"> </a><a name=\"hcaaaaaaaa-bbbb-cccc-dddd-e00666600002\"> </a><div style=\"display: inline-block; background-color: #d9e0e7; padding: 6px; margin: 4px; border: 1px solid #8da1b4; border-radius: 5px; line-height: 60%\"><p style=\"margin-bottom: 0px\"/><p style=\"margin-bottom: 0px\">Profile: <a href=\"StructureDefinition-IHE.MHD.UnContained.Comprehensive.DocumentReference.html\">MHD DocumentReference Comprehensive UnContained References Option</a></p><p style=\"margin-bottom: 0px\">Security Label: test health data (Details: ActReason code HTEST = 'test health data')</p></div><p><b>DocumentReference Source Patient</b>: <a href=\"Patient-ex-patient.html\">John Schmidt  Other, DoB: 1923-07-25</a></p><p><b>Holds values from DocumentEntry.referenceIdList that are not appropriate for .context or .basedOn</b>: <a href=\"http://terminology.hl7.org/6.5.0/NamingSystem-uri.html\" title=\"As defined by RFC 3986 (http://www.ietf.org/rfc/rfc3986.txt)(with many schemes defined in many RFCs). For OIDs and UUIDs, use the URN form (urn:oid:(note: lowercase) and urn:uuid:). See http://www.ietf.org/rfc/rfc3001.txt and http://www.ietf.org/rfc/rfc4122.txt \r\n\r\nThis oid is used as an identifier II.root to indicate the the extension is an absolute URI (technically, an IRI). Typically, this is used for OIDs and GUIDs. Note that when this OID is used with OIDs and GUIDs, the II.extension should start with urn:oid or urn:uuid: \r\n\r\nNote that this OID is created to aid with interconversion between CDA and FHIR - FHIR uses urn:ietf:rfc:3986 as equivalent to this OID. URIs as identifiers appear more commonly in FHIR.\r\n\r\nThis OID may also be used in CD.codeSystem.\">Uniform Resource Identifier (URI)</a>/urn:uuid:7d5bb8ac-68ee-4926-85e7-baaaaaaaaaad</p><p><b>identifier</b>: <a href=\"http://terminology.hl7.org/6.5.0/NamingSystem-uri.html\" title=\"As defined by RFC 3986 (http://www.ietf.org/rfc/rfc3986.txt)(with many schemes defined in many RFCs). For OIDs and UUIDs, use the URN form (urn:oid:(note: lowercase) and urn:uuid:). See http://www.ietf.org/rfc/rfc3001.txt and http://www.ietf.org/rfc/rfc4122.txt \r\n\r\nThis oid is used as an identifier II.root to indicate the the extension is an absolute URI (technically, an IRI). Typically, this is used for OIDs and GUIDs. Note that when this OID is used with OIDs and GUIDs, the II.extension should start with urn:oid or urn:uuid: \r\n\r\nNote that this OID is created to aid with interconversion between CDA and FHIR - FHIR uses urn:ietf:rfc:3986 as equivalent to this OID. URIs as identifiers appear more commonly in FHIR.\r\n\r\nThis OID may also be used in CD.codeSystem.\">Uniform Resource Identifier (URI)</a>/urn:oid:1.2.840.113556.1.8000.2554.53432.348.12973.17740.34205.4355.50220.62012\u00a0(use:\u00a0usual,\u00a0)</p><p><b>status</b>: Current</p><p><b>type</b>: <span title=\"Codes:{http://loinc.org 60591-5}\">Patient summary Document</span></p><p><b>category</b>: <span title=\"Codes:{http://loinc.org 11369-6}\">History of Immunization note</span></p><p><b>subject</b>: <a href=\"Patient-ex-patient.html\">John Schmidt  Other, DoB: 1923-07-25</a></p><h3>Events</h3><table class=\"grid\"><tr><td style=\"display: none\">-</td><td><b>Concept</b></td></tr><tr><td style=\"display: none\">*</td><td><span title=\"Codes:{http://terminology.hl7.org/CodeSystem/v3-ActCode PATDOC}\">patient documentation task</span></td></tr></table><p><b>facilityType</b>: <span title=\"Codes:{http://snomed.info/sct 82242000}\">Children's hospital</span></p><p><b>practiceSetting</b>: <span title=\"Codes:{http://snomed.info/sct 408467006}\">Adult mental illness - specialty (qualifier value)</span></p><p><b>period</b>: 1990-02-01 23:50:50-0500 --&gt; 2020-02-01 23:50:50-0500</p><p><b>date</b>: 2020-02-01 23:50:50-0500</p><p><b>author</b>: </p><ul><li><a href=\"Organization-ex-organization.html\">Organization nowhere</a></li><li><a href=\"Practitioner-ex-practitioner.html\">Practitioner: telecom = JohnMoehrke@gmail.com</a></li></ul><h3>Attesters</h3><table class=\"grid\"><tr><td style=\"display: none\">-</td><td><b>Mode</b></td><td><b>Party</b></td></tr><tr><td style=\"display: none\">*</td><td><span title=\"Codes:{http://hl7.org/fhir/composition-attestation-mode professional}\">Professional</span></td><td><a href=\"Organization-ex-organization.html\">Organization nowhere</a></td></tr></table><h3>RelatesTos</h3><table class=\"grid\"><tr><td style=\"display: none\">-</td><td><b>Code</b></td><td><b>Target</b></td></tr><tr><td style=\"display: none\">*</td><td><span title=\"Codes:{http://hl7.org/fhir/document-relationship-type appends}\">Appends</span></td><td><a href=\"DocumentReference-ex-DocumentReferenceComprehensive.html\">DocumentReference: extension = -&gt;Anonymous Patient (no stated gender), DoB Unknown,OID:1.2.840.113556.1.8000.2554.17917.46600.21181.17878.33419.62048.57128.2759; identifier = OID:1.2.840.113556.1.8000.2554.58783.21864.3474.19410.44358.58254.41281.46340\u00a0(use:\u00a0usual,\u00a0),UUID:0c287d32-01e3-4d87-9953-9fcc9404eb21\u00a0(use:\u00a0official,\u00a0); status = current; type = Addendum Document; category = History of Immunization note; facilityType = Children's hospital; practiceSetting = Adult mental illness - specialty (qualifier value); period = 2020-12-31 23:50:50-0500 --&gt; 2020-12-31 23:50:50-0500; date = 2020-12-31 23:50:50-0500; description = Example of a Comprehensive DocumentReference resource. This is fully filled for all mandatory elements and all optional elements.; securityLabel = normal</a></td></tr></table><p><b>description</b>: </p><div><p>a complete comprehensive metadata document reference</p>\n</div><p><b>securityLabel</b>: <span title=\"Codes:{http://terminology.hl7.org/CodeSystem/v3-Confidentiality R}\">restricted</span></p><blockquote><p><b>content</b></p><h3>Attachments</h3><table class=\"grid\"><tr><td style=\"display: none\">-</td><td><b>ContentType</b></td><td><b>Language</b></td><td><b>Url</b></td><td><b>Size</b></td><td><b>Hash</b></td><td><b>Title</b></td><td><b>Creation</b></td></tr><tr><td style=\"display: none\">*</td><td>text/plain</td><td>English</td><td><a href=\"Bundle-ex-unContainedComprehensiveProvideDocumentBundleComplete.html#urn-uuid-aaaaaaaa-bbbb-cccc-dddd-e00666600003\">Binary: text/plain (16 bytes base64)</a></td><td>11</td><td><code>MGE0ZDU1YThkNzc4ZTUwMjJmYWI3MDE5NzdjNWQ4NDBiYmM0ODZkMA==</code></td><td>Hello World</td><td>2020-02-01 23:50:50-0500</td></tr></table><h3>Profiles</h3><table class=\"grid\"><tr><td style=\"display: none\">-</td><td><b>Value[x]</b></td></tr><tr><td style=\"display: none\">*</td><td><a href=\"http://tx.fhir.org/r5/ValueSet/formatcode#formatcode-urn.58ihe.58iti.58xds-sd.58text.582008\">IHE Format Code set for use with Document Sharing: urn:ihe:iti:xds-sd:text:2008</a> (ITI XDS-SD TEXT)</td></tr></table></blockquote></div>"
      },
      "extension" : [{
        "url" : "http://hl7.org/fhir/StructureDefinition/documentreference-sourcepatient",
        "valueReference" : {
          "reference" : "Patient/ex-patient"
        }
      },
      {
        "url" : "https://profiles.ihe.net/ITI/MHD/StructureDefinition/ihe-referenceId",
        "valueIdentifier" : {
          "system" : "urn:ietf:rfc:3986",
          "value" : "urn:uuid:7d5bb8ac-68ee-4926-85e7-baaaaaaaaaad"
        }
      }],
      "identifier" : [{
        "use" : "usual",
        "system" : "urn:ietf:rfc:3986",
        "value" : "urn:oid:1.2.840.113556.1.8000.2554.53432.348.12973.17740.34205.4355.50220.62012"
      }],
      "status" : "current",
      "type" : {
        "coding" : [{
          "system" : "http://loinc.org",
          "code" : "60591-5"
        }]
      },
      "category" : [{
        "coding" : [{
          "system" : "http://loinc.org",
          "code" : "11369-6"
        }]
      }],
      "subject" : {
        "reference" : "Patient/ex-patient"
      },
      "event" : [{
        "concept" : {
          "coding" : [{
            "system" : "http://terminology.hl7.org/CodeSystem/v3-ActCode",
            "code" : "PATDOC"
          }]
        }
      }],
      "facilityType" : {
        "coding" : [{
          "system" : "http://snomed.info/sct",
          "code" : "82242000"
        }]
      },
      "practiceSetting" : {
        "coding" : [{
          "system" : "http://snomed.info/sct",
          "code" : "408467006"
        }]
      },
      "period" : {
        "start" : "1990-02-01T23:50:50-05:00",
        "end" : "2020-02-01T23:50:50-05:00"
      },
      "date" : "2020-02-01T23:50:50-05:00",
      "author" : [{
        "reference" : "Organization/ex-organization"
      },
      {
        "reference" : "Practitioner/ex-practitioner"
      }],
      "attester" : [{
        "mode" : {
          "coding" : [{
            "system" : "http://hl7.org/fhir/composition-attestation-mode",
            "code" : "professional"
          }]
        },
        "party" : {
          "reference" : "Organization/ex-organization"
        }
      }],
      "relatesTo" : [{
        "code" : {
          "coding" : [{
            "system" : "http://hl7.org/fhir/document-relationship-type",
            "code" : "appends"
          }]
        },
        "target" : {
          "reference" : "DocumentReference/ex-DocumentReferenceComprehensive"
        }
      }],
      "description" : "a complete comprehensive metadata document reference",
      "securityLabel" : [{
        "coding" : [{
          "system" : "http://terminology.hl7.org/CodeSystem/v3-Confidentiality",
          "code" : "R"
        }]
      }],
      "content" : [{
        "attachment" : {
          "contentType" : "text/plain",
          "language" : "en",
          "url" : "urn:uuid:aaaaaaaa-bbbb-cccc-dddd-e00666600003",
          "size" : "11",
          "hash" : "MGE0ZDU1YThkNzc4ZTUwMjJmYWI3MDE5NzdjNWQ4NDBiYmM0ODZkMA==",
          "title" : "Hello World",
          "creation" : "2020-02-01T23:50:50-05:00"
        },
        "profile" : [{
          "valueCoding" : {
            "system" : "http://ihe.net/fhir/ihe.formatcode.fhir/CodeSystem/formatcode",
            "code" : "urn:ihe:iti:xds-sd:text:2008"
          }
        }]
      }]
    },
    "request" : {
      "method" : "POST",
      "url" : "DocumentReference"
    }
  },
  {
    "fullUrl" : "urn:uuid:aaaaaaaa-bbbb-cccc-dddd-e00666600003",
    "resource" : {
      "resourceType" : "Binary",
      "id" : "aaaaaaaa-bbbb-cccc-dddd-e00666600003",
      "meta" : {
        "security" : [{
          "system" : "http://terminology.hl7.org/CodeSystem/v3-ActReason",
          "code" : "HTEST"
        }]
      },
      "contentType" : "text/plain",
      "data" : "SGVsbG8gV29ybGQ="
    },
    "request" : {
      "method" : "POST",
      "url" : "Binary"
    }
  }]
}