<?xml version="1.0" encoding="UTF-8"?>

<DocumentReference xmlns="http://hl7.org/fhir">
  <id value="ex-DocumentReferenceComprehensiveWithBinary"/>
  <meta>
    <profile value="https://profiles.ihe.net/ITI/MHD/StructureDefinition/IHE.MHD.Comprehensive.DocumentReference"/>
    <security>
      <system value="http://terminology.hl7.org/CodeSystem/v3-ActReason"/>
      <code value="HTEST"/>
    </security>
  </meta>
  <text>
    <status value="extensions"/><div xmlns="http://www.w3.org/1999/xhtml"><p class="res-header-id"><b>Generated Narrative: DocumentReference ex-DocumentReferenceComprehensiveWithBinary</b></p><a name="ex-DocumentReferenceComprehensiveWithBinary"> </a><a name="hcex-DocumentReferenceComprehensiveWithBinary"> </a><div style="display: inline-block; background-color: #d9e0e7; padding: 6px; margin: 4px; border: 1px solid #8da1b4; border-radius: 5px; line-height: 60%"><p style="margin-bottom: 0px"/><p style="margin-bottom: 0px">Profile: <a href="StructureDefinition-IHE.MHD.Comprehensive.DocumentReference.html">MHD DocumentReference Comprehensive</a></p><p style="margin-bottom: 0px">Security Label: test health data (Details: ActReason code HTEST = 'test health data')</p></div><p><b>DocumentReference Source Patient</b>: <a href="#hcex-DocumentReferenceComprehensiveWithBinary/in-patient">Anonymous Patient (no stated gender), DoB Unknown</a></p><p><b>identifier</b>: <a href="http://terminology.hl7.org/7.0.1/NamingSystem-uri.html" title="As defined by RFC 3986 (http://www.ietf.org/rfc/rfc3986.txt)(with many schemes defined in many RFCs). For OIDs and UUIDs, use the URN form (urn:oid:(note: lowercase) and urn:uuid:). See http://www.ietf.org/rfc/rfc3001.txt and http://www.ietf.org/rfc/rfc4122.txt 

This oid is used as an identifier II.root to indicate the the extension is an absolute URI (technically, an IRI). Typically, this is used for OIDs and GUIDs. Note that when this OID is used with OIDs and GUIDs, the II.extension should start with urn:oid or urn:uuid: 

Note that this OID is created to aid with interconversion between CDA and FHIR - FHIR uses urn:ietf:rfc:3986 as equivalent to this OID. URIs as identifiers appear more commonly in FHIR.

This OID may also be used in CD.codeSystem.">Uniform Resource Identifier (URI)</a>/urn:oid:1.2.840.113556.1.8000.2554.58783.21864.3474.19410.44358.58254.41381.57340 (use: usual, ), <a href="http://terminology.hl7.org/7.0.1/NamingSystem-uri.html" title="As defined by RFC 3986 (http://www.ietf.org/rfc/rfc3986.txt)(with many schemes defined in many RFCs). For OIDs and UUIDs, use the URN form (urn:oid:(note: lowercase) and urn:uuid:). See http://www.ietf.org/rfc/rfc3001.txt and http://www.ietf.org/rfc/rfc4122.txt 

This oid is used as an identifier II.root to indicate the the extension is an absolute URI (technically, an IRI). Typically, this is used for OIDs and GUIDs. Note that when this OID is used with OIDs and GUIDs, the II.extension should start with urn:oid or urn:uuid: 

Note that this OID is created to aid with interconversion between CDA and FHIR - FHIR uses urn:ietf:rfc:3986 as equivalent to this OID. URIs as identifiers appear more commonly in FHIR.

This OID may also be used in CD.codeSystem.">Uniform Resource Identifier (URI)</a>/urn:uuid:0c287d32-01e3-4d87-9953-91c59407eb21 (use: official, )</p><p><b>status</b>: Current</p><p><b>type</b>: <span title="Codes:{http://loinc.org 60591-5}">Patient summary Document</span></p><p><b>category</b>: <span title="Codes:{http://loinc.org 11369-6}">History of Immunization note</span></p><p><b>subject</b>: <a href="Patient-ex-patient.html">John Schmidt  Other, DoB: 1923-07-25</a></p><p><b>facilityType</b>: <span title="Codes:{http://snomed.info/sct 82242000}">Children's hospital</span></p><p><b>practiceSetting</b>: <span title="Codes:{http://snomed.info/sct 408467006}">Adult mental illness - specialty (qualifier value)</span></p><p><b>date</b>: 2020-02-01 23:50:50-0500</p><p><b>securityLabel</b>: <span title="Codes:{http://terminology.hl7.org/CodeSystem/v3-Confidentiality R}">restricted</span></p><blockquote><p><b>content</b></p><h3>Attachments</h3><table class="grid"><tr><td style="display: none">-</td><td><b>ContentType</b></td><td><b>Language</b></td><td><b>Url</b></td><td><b>Size</b></td><td><b>Hash</b></td><td><b>Title</b></td><td><b>Creation</b></td></tr><tr><td style="display: none">*</td><td>text/plain</td><td>English</td><td><a href="Binary-ex-b-binary.html">Binary: text/plain (16 bytes base64)</a></td><td>11</td><td><code>MGE0ZDU1YThkNzc4ZTUwMjJmYWI3MDE5NzdjNWQ4NDBiYmM0ODZkMA==</code></td><td>Hello World</td><td>2020-02-01 23:50:50-0500</td></tr></table><h3>Profiles</h3><table class="grid"><tr><td style="display: none">-</td><td><b>Value[x]</b></td></tr><tr><td style="display: none">*</td><td><a href="http://tx.fhir.org/r5/ValueSet/formatcode#formatcode-urn.58ihe.58iti.58xds-sd.58text.582008">IHE Format Code set for use with Document Sharing: urn:ihe:iti:xds-sd:text:2008</a> (ITI XDS-SD TEXT)</td></tr></table></blockquote><hr/><blockquote><p class="res-header-id"><b>Generated Narrative: Patient #in-patient</b></p><a name="ex-DocumentReferenceComprehensiveWithBinary/in-patient"> </a><a name="hcex-DocumentReferenceComprehensiveWithBinary/in-patient"> </a><p style="border: 1px #661aff solid; background-color: #e6e6ff; padding: 10px;">Anonymous Patient (no stated gender), DoB Unknown</p><hr/></blockquote></div>
  </text>
  <contained>
    <Patient>
      <id value="in-patient"/>
    </Patient>
  </contained>
  <extension url="http://hl7.org/fhir/StructureDefinition/documentreference-sourcepatient">
    <valueReference>
      <reference value="#in-patient"/>
    </valueReference>
  </extension>
  <identifier>
    <use value="usual"/>
    <system value="urn:ietf:rfc:3986"/>
    <value value="urn:oid:1.2.840.113556.1.8000.2554.58783.21864.3474.19410.44358.58254.41381.57340"/>
  </identifier>
  <identifier>
    <use value="official"/>
    <system value="urn:ietf:rfc:3986"/>
    <value value="urn:uuid:0c287d32-01e3-4d87-9953-91c59407eb21"/>
  </identifier>
  <status value="current"/>
  <type>
    <coding>
      <system value="http://loinc.org"/>
      <code value="60591-5"/>
    </coding>
  </type>
  <category>
    <coding>
      <system value="http://loinc.org"/>
      <code value="11369-6"/>
    </coding>
  </category>
  <subject>
    <reference value="Patient/ex-patient"/>
  </subject>
  <facilityType>
    <coding>
      <system value="http://snomed.info/sct"/>
      <code value="82242000"/>
    </coding>
  </facilityType>
  <practiceSetting>
    <coding>
      <system value="http://snomed.info/sct"/>
      <code value="408467006"/>
    </coding>
  </practiceSetting>
  <date value="2020-02-01T23:50:50-05:00"/>
  <securityLabel>
    <coding>
      <system value="http://terminology.hl7.org/CodeSystem/v3-Confidentiality"/>
      <code value="R"/>
    </coding>
  </securityLabel>
  <content>
    <attachment>
      <contentType value="text/plain"/>
      <language value="en"/>
      <url value="Binary/ex-b-binary"/>
      <size value="11"/>
      <hash value="MGE0ZDU1YThkNzc4ZTUwMjJmYWI3MDE5NzdjNWQ4NDBiYmM0ODZkMA=="/>
      <title value="Hello World"/>
      <creation value="2020-02-01T23:50:50-05:00"/>
    </attachment>
    <profile>
      <valueCoding>
        <system value="http://ihe.net/fhir/ihe.formatcode.fhir/CodeSystem/formatcode"/>
        <code value="urn:ihe:iti:xds-sd:text:2008"/>
      </valueCoding>
    </profile>
  </content>
</DocumentReference>