<?xml version="1.0" encoding="UTF-8"?>

<Observation xmlns="http://hl7.org/fhir">
  <id value="ex-DurationOfMenstrualFlow"/>
  <meta>
    <profile value="https://profiles.ihe.net/PCC/mAPS/StructureDefinition/IHE.DurationOfMenstrualFlow"/>
  </meta>
  <text>
    <status value="generated"/><div xmlns="http://www.w3.org/1999/xhtml"><p><b>Generated Narrative: Observation </b><a name="ex-DurationOfMenstrualFlow"> </a><a name="hcex-DurationOfMenstrualFlow"> </a></p><div style="display: inline-block; background-color: #d9e0e7; padding: 6px; margin: 4px; border: 1px solid #8da1b4; border-radius: 5px; line-height: 60%"><p style="margin-bottom: 0px">ResourceObservation &quot;ex-DurationOfMenstrualFlow&quot; </p><p style="margin-bottom: 0px">Profile: <a href="StructureDefinition-IHE.DurationOfMenstrualFlow.html">Duration of Menstrual Flow</a></p></div><p><b>status</b>: final</p><p><b>category</b>: Survey <span style="background: LightGoldenRodYellow; margin: 4px; border: 1px solid khaki"> (<a href="http://terminology.hl7.org/5.5.0/CodeSystem-observation-category.html">Observation Category Codes</a>#survey)</span></p><p><b>code</b>: Frequency of menstruation <span style="background: LightGoldenRodYellow; margin: 4px; border: 1px solid khaki"> (<a href="https://browser.ihtsdotools.org/">SNOMED CT</a>#364306002)</span></p><p><b>subject</b>: <a href="Patient-ex-Patient-AmandaAlvarez.html">Patient/ex-Patient-AmandaAlvarez</a> &quot; ALVAREZ&quot;</p><p><b>effective</b>: 2021-10-06 10:52:30-0700</p><p><b>performer</b>: <a href="Practitioner-ex-Practitioner.html">Practitioner/ex-Practitioner</a> &quot; HEPS&quot;</p><p><b>value</b>: 6 d<span style="background: LightGoldenRodYellow"> (Details: UCUM  coded = 'd')</span></p></div>
  </text>
  <status value="final"/>
  <category>
    <coding>
      <system value="http://terminology.hl7.org/CodeSystem/observation-category"/>
      <code value="survey"/>
    </coding>
  </category>
  <code>
    <coding>
      <system value="http://snomed.info/sct"/>
      <code value="364306002"/>
    </coding>
  </code>
  <subject>
    <reference value="Patient/ex-Patient-AmandaAlvarez"/>
  </subject>
  <effectiveDateTime value="2021-10-06T10:52:30-07:00"/>
  <performer>
    <reference value="Practitioner/ex-Practitioner"/>
  </performer>
  <valueQuantity>
    <value value="6"/>
    <system value="http://unitsofmeasure.org"/>
    <code value="d"/>
  </valueQuantity>
</Observation>