<?xml version="1.0" encoding="UTF-8"?>

<ValueSet xmlns="http://hl7.org/fhir">
  <id value="Antepartum.History.of.Infection.VS"/>
  <text>
    <status value="generated"/><div xmlns="http://www.w3.org/1999/xhtml"><ul><li>Include these codes as defined in <a href="http://www.snomed.org/"><code>http://snomed.info/sct</code></a><table class="none"><tr><td style="white-space:nowrap"><b>Code</b></td><td><b>Display</b></td></tr><tr><td><a href="http://snomed.info/id/170464005">170464005</a></td><td>Live with someone with TB or exposed to TB</td></tr><tr><td><a href="http://snomed.info/id/402888002">402888002</a></td><td>History of Genital Herpes</td></tr><tr><td><a href="http://snomed.info/id/240480009">240480009</a></td><td>Exposed to Genital Herpes</td></tr><tr><td><a href="http://snomed.info/id/49882001">49882001</a></td><td>Rash since LMP</td></tr><tr><td><a href="http://snomed.info/id/34014006">34014006</a></td><td>Viral illness since LMP</td></tr><tr><td><a href="http://snomed.info/id/235871004">235871004</a></td><td>Hepatitis</td></tr><tr><td><a href="http://snomed.info/id/235872006">235872006</a></td><td>Hepatitis</td></tr><tr><td><a href="http://snomed.info/id/8098009">8098009</a></td><td>History of STD</td></tr><tr><td><a href="http://snomed.info/id/15628003">15628003</a></td><td>History of Gonorrhea</td></tr><tr><td><a href="http://snomed.info/id/312099009">312099009</a></td><td>History of Chlamydia</td></tr><tr><td><a href="http://snomed.info/id/302812006">302812006</a></td><td>History of HPV</td></tr><tr><td><a href="http://snomed.info/id/165816005">165816005</a></td><td>History of HIV</td></tr><tr><td><a href="http://snomed.info/id/76272004">76272004</a></td><td>History of Syphilis</td></tr></table></li></ul></div>
  </text>
  <url value="https://profiles.ihe.net/PCC/mAPS/ValueSet/Antepartum.History.of.Infection.VS"/>
  <version value="1.0.0-comment"/>
  <name value="Antepartum_History_of_Infection_VS"/>
  <title value="Antepartum History of Infection"/>
  <status value="active"/>
  <experimental value="false"/>
  <date value="2024-06-04T15:28:59-05:00"/>
  <publisher value="IHE Patient Care Coordination Committee"/>
  <contact>
    <telecom>
      <system value="url"/>
      <value value="https://www.ihe.net/ihe_domains/patient_care_coordination/"/>
    </telecom>
  </contact>
  <contact>
    <telecom>
      <system value="email"/>
      <value value="pcc@ihe.net"/>
    </telecom>
  </contact>
  <contact>
    <name value="IHE Patient Care Coordination Committee"/>
    <telecom>
      <system value="email"/>
      <value value="pcc@ihe.net"/>
    </telecom>
  </contact>
  <description value="This value set identifies the infections that may result in risk to the pregnancy or otherwise inform the birth plan."/>
  <jurisdiction>
    <coding>
      <system value="http://unstats.un.org/unsd/methods/m49/m49.htm"/>
      <code value="001"/>
    </coding>
  </jurisdiction>
  <compose>
    <include>
      <system value="http://snomed.info/sct"/>
      <concept>
        <code value="170464005"/>
        <display value="Live with someone with TB or exposed to TB"/>
      </concept>
      <concept>
        <code value="402888002"/>
        <display value="History of Genital Herpes"/>
      </concept>
      <concept>
        <code value="240480009"/>
        <display value="Exposed to Genital Herpes"/>
      </concept>
      <concept>
        <code value="49882001"/>
        <display value="Rash since LMP"/>
      </concept>
      <concept>
        <code value="34014006"/>
        <display value="Viral illness since LMP"/>
      </concept>
      <concept>
        <code value="235871004"/>
        <display value="Hepatitis"/>
      </concept>
      <concept>
        <code value="235872006"/>
        <display value="Hepatitis"/>
      </concept>
      <concept>
        <code value="8098009"/>
        <display value="History of STD"/>
      </concept>
      <concept>
        <code value="15628003"/>
        <display value="History of Gonorrhea"/>
      </concept>
      <concept>
        <code value="312099009"/>
        <display value="History of Chlamydia"/>
      </concept>
      <concept>
        <code value="302812006"/>
        <display value="History of HPV"/>
      </concept>
      <concept>
        <code value="165816005"/>
        <display value="History of HIV"/>
      </concept>
      <concept>
        <code value="76272004"/>
        <display value="History of Syphilis"/>
      </concept>
    </include>
  </compose>
</ValueSet>