<?xml version="1.0" encoding="UTF-8"?>

<ValueSet xmlns="http://hl7.org/fhir">
  <id value="Antepartum.Education.VS"/>
  <text>
    <status value="generated"/><div xmlns="http://www.w3.org/1999/xhtml"><ul><li>Include these codes as defined in <a href="http://www.snomed.org/"><code>http://snomed.info/sct</code></a><table class="none"><tr><td style="white-space:nowrap"><b>Code</b></td><td><b>Display</b></td></tr><tr><td><a href="http://snomed.info/id/440047008">440047008</a></td><td>Risk factors identified by prenatal history</td></tr><tr><td><a href="http://snomed.info/id/17629007">17629007</a></td><td>Anticipated course of prenatal care</td></tr><tr><td><a href="http://snomed.info/id/171054004">171054004</a></td><td>Nutrition and weight gain counseling</td></tr><tr><td><a href="http://snomed.info/id/439733009">439733009</a></td><td>Toxoplasmosis precautions (cats/raw meat)</td></tr><tr><td><a href="http://snomed.info/id/162169002">162169002</a></td><td>Sexual activity</td></tr><tr><td><a href="http://snomed.info/id/171056002">171056002</a></td><td>Exercise</td></tr><tr><td><a href="http://snomed.info/id/171055003">171055003</a></td><td>Smoking/tobacco counseling</td></tr><tr><td><a href="http://snomed.info/id/385872009">385872009</a></td><td>Environmental/work hazards</td></tr><tr><td><a href="http://snomed.info/id/439816006">439816006</a></td><td>Travel</td></tr><tr><td><a href="http://snomed.info/id/171057006">171057006</a></td><td>Alcohol</td></tr><tr><td><a href="http://snomed.info/id/425014005">425014005</a></td><td>Illicit/recreational drugs</td></tr><tr><td><a href="http://snomed.info/id/171058001">171058001</a></td><td>Use of any medications</td></tr><tr><td><a href="http://snomed.info/id/440227005">440227005</a></td><td>Indications for ultrasound</td></tr><tr><td><a href="http://snomed.info/id/413457006">413457006</a></td><td>Domestic violence</td></tr><tr><td><a href="http://snomed.info/id/440638004">440638004</a></td><td>Seatbelt use</td></tr><tr><td><a href="http://snomed.info/id/66961001">66961001</a></td><td>Childbirth classes/hospital facilities</td></tr><tr><td><a href="http://snomed.info/id/440669000">440669000</a></td><td>Signs and symptoms of preterm labor</td></tr><tr><td><a href="http://snomed.info/id/410299006">410299006</a></td><td>Abnormal Lab Values</td></tr><tr><td><a href="http://snomed.info/id/439908001">439908001</a></td><td>Selecting a newborn care provider</td></tr><tr><td><a href="http://snomed.info/id/54070000">54070000</a></td><td>Postpartum family planning</td></tr><tr><td><a href="http://snomed.info/id/243064009">243064009</a></td><td>Tubal sterilization</td></tr><tr><td><a href="http://snomed.info/id/243062008">243062008</a></td><td>Third Trimester Anesthesia/analgesia plans</td></tr><tr><td><a href="http://snomed.info/id/310585007">310585007</a></td><td>Intended Facility for Delivery plan</td></tr><tr><td><a href="http://snomed.info/id/440309009">440309009</a></td><td>Fetal movement monitoring</td></tr><tr><td><a href="http://snomed.info/id/440671000">440671000</a></td><td>Labor signs</td></tr><tr><td><a href="http://snomed.info/id/440073003">440073003</a></td><td>VBAC counseling</td></tr><tr><td><a href="http://snomed.info/id/184002001">184002001</a></td><td>Circumcision</td></tr><tr><td><a href="http://snomed.info/id/169644004">169644004</a></td><td>Bottle feeding</td></tr><tr><td><a href="http://snomed.info/id/169643005">169643005</a></td><td>Breast feeding</td></tr><tr><td><a href="http://snomed.info/id/439366005">439366005</a></td><td>Postpartum depression</td></tr><tr><td><a href="http://snomed.info/id/75461000">75461000</a></td><td>Newborn education (Newborn screening,jaundice, SIDS, car seat)</td></tr><tr><td><a href="http://snomed.info/id/40791000">40791000</a></td><td>Family medical leave or disability forms</td></tr><tr><td><a href="http://snomed.info/id/408835000">408835000</a></td><td>Tubal sterilization consent signed</td></tr></table></li></ul></div>
  </text>
  <url value="https://profiles.ihe.net/PCC/mAPS/ValueSet/Antepartum.Education.VS"/>
  <version value="1.0.0-comment"/>
  <name value="Antepartum_Education_VS"/>
  <title value="Antepartum Education"/>
  <status value="active"/>
  <experimental value="false"/>
  <date value="2024-06-04T15:28:59-05:00"/>
  <publisher value="IHE Patient Care Coordination Committee"/>
  <contact>
    <telecom>
      <system value="url"/>
      <value value="https://www.ihe.net/ihe_domains/patient_care_coordination/"/>
    </telecom>
  </contact>
  <contact>
    <telecom>
      <system value="email"/>
      <value value="pcc@ihe.net"/>
    </telecom>
  </contact>
  <contact>
    <name value="IHE Patient Care Coordination Committee"/>
    <telecom>
      <system value="email"/>
      <value value="pcc@ihe.net"/>
    </telecom>
  </contact>
  <description value="This value set identifies the types of pregnancy-related education that may be delivered to the patient. "/>
  <jurisdiction>
    <coding>
      <system value="http://unstats.un.org/unsd/methods/m49/m49.htm"/>
      <code value="001"/>
    </coding>
  </jurisdiction>
  <compose>
    <include>
      <system value="http://snomed.info/sct"/>
      <concept>
        <code value="440047008"/>
        <display value="Risk factors identified by prenatal history"/>
      </concept>
      <concept>
        <code value="17629007"/>
        <display value="Anticipated course of prenatal care"/>
      </concept>
      <concept>
        <code value="171054004"/>
        <display value="Nutrition and weight gain counseling"/>
      </concept>
      <concept>
        <code value="439733009"/>
        <display value="Toxoplasmosis precautions (cats/raw meat)"/>
      </concept>
      <concept>
        <code value="162169002"/>
        <display value="Sexual activity"/>
      </concept>
      <concept>
        <code value="171056002"/>
        <display value="Exercise"/>
      </concept>
      <concept>
        <code value="171055003"/>
        <display value="Smoking/tobacco counseling"/>
      </concept>
      <concept>
        <code value="385872009"/>
        <display value="Environmental/work hazards"/>
      </concept>
      <concept>
        <code value="439816006"/>
        <display value="Travel"/>
      </concept>
      <concept>
        <code value="171057006"/>
        <display value="Alcohol"/>
      </concept>
      <concept>
        <code value="425014005"/>
        <display value="Illicit/recreational drugs"/>
      </concept>
      <concept>
        <code value="171058001"/>
        <display value="Use of any medications"/>
      </concept>
      <concept>
        <code value="440227005"/>
        <display value="Indications for ultrasound"/>
      </concept>
      <concept>
        <code value="413457006"/>
        <display value="Domestic violence"/>
      </concept>
      <concept>
        <code value="440638004"/>
        <display value="Seatbelt use"/>
      </concept>
      <concept>
        <code value="66961001"/>
        <display value="Childbirth classes/hospital facilities"/>
      </concept>
      <concept>
        <code value="440669000"/>
        <display value="Signs and symptoms of preterm labor"/>
      </concept>
      <concept>
        <code value="410299006"/>
        <display value="Abnormal Lab Values"/>
      </concept>
      <concept>
        <code value="439908001"/>
        <display value="Selecting a newborn care provider"/>
      </concept>
      <concept>
        <code value="54070000"/>
        <display value="Postpartum family planning"/>
      </concept>
      <concept>
        <code value="243064009"/>
        <display value="Tubal sterilization"/>
      </concept>
      <concept>
        <code value="243062008"/>
        <display value="Third Trimester Anesthesia/analgesia plans"/>
      </concept>
      <concept>
        <code value="310585007"/>
        <display value="Intended Facility for Delivery plan"/>
      </concept>
      <concept>
        <code value="440309009"/>
        <display value="Fetal movement monitoring"/>
      </concept>
      <concept>
        <code value="440671000"/>
        <display value="Labor signs"/>
      </concept>
      <concept>
        <code value="440073003"/>
        <display value="VBAC counseling"/>
      </concept>
      <concept>
        <code value="184002001"/>
        <display value="Circumcision"/>
      </concept>
      <concept>
        <code value="169644004"/>
        <display value="Bottle feeding"/>
      </concept>
      <concept>
        <code value="169643005"/>
        <display value="Breast feeding"/>
      </concept>
      <concept>
        <code value="439366005"/>
        <display value="Postpartum depression"/>
      </concept>
      <concept>
        <code value="75461000"/>
        <display value="Newborn education (Newborn screening,jaundice, SIDS, car seat)"/>
      </concept>
      <concept>
        <code value="40791000"/>
        <display value="Family medical leave or disability forms"/>
      </concept>
      <concept>
        <code value="408835000"/>
        <display value="Tubal sterilization consent signed"/>
      </concept>
    </include>
  </compose>
</ValueSet>