<?xml version="1.0" encoding="UTF-8"?>

<CodeSystem xmlns="http://hl7.org/fhir">
  <id value="MHDlistTypes"/>
  <text>
    <status value="generated"/><div xmlns="http://www.w3.org/1999/xhtml"><p>This code system http://profiles.ihe.net/ITI/MHD/CodeSystem/MHDlistTypes defines the following codes:</p><table class="codes"><tr><td style="white-space:nowrap"><b>Code</b></td><td><b>Display</b></td></tr><tr><td style="white-space:nowrap">folder<a name="MHDlistTypes-folder"> </a></td><td>Folder as a FHIR List</td></tr><tr><td style="white-space:nowrap">submissionset<a name="MHDlistTypes-submissionset"> </a></td><td>SubmissionSet as a FHIR List</td></tr></table></div>
  </text>
  <url value="http://profiles.ihe.net/ITI/MHD/CodeSystem/MHDlistTypes"/>
  <version value="4.0.1"/>
  <name value="MHDlistTypes"/>
  <title value="MHD List Types"/>
  <status value="active"/>
  <date value="2021-06-04T16:04:45-05:00"/>
  <publisher value="Integrating the Healthcare Enterprise (IHE)"/>
  <contact>
    <name value="Integrating the Healthcare Enterprise (IHE)"/>
    <telecom>
      <system value="url"/>
      <value value="http://ihe.net"/>
    </telecom>
    <telecom>
      <system value="email"/>
      <value value="secretary@ihe.net"/>
    </telecom>
  </contact>
  <contact>
    <name value="John Moehrke"/>
    <telecom>
      <system value="email"/>
      <value value="JohnMoehrke@gmail.com"/>
      <use value="work"/>
    </telecom>
  </contact>
  <description value="To use the List resource for two different use-cases we define a code-system with the types of List needed in MHD"/>
  <jurisdiction>
    <coding>
      <system value="http://unstats.un.org/unsd/methods/m49/m49.htm"/>
      <code value="001"/>
    </coding>
  </jurisdiction>
  <copyright value="IHE http://www.ihe.net/Governance/#Intellectual_Property"/>
  <content value="complete"/>
  <count value="2"/>
  <concept>
    <code value="folder"/>
    <display value="Folder as a FHIR List"/>
  </concept>
  <concept>
    <code value="submissionset"/>
    <display value="SubmissionSet as a FHIR List"/>
  </concept>
</CodeSystem>