<?xml version="1.0" encoding="UTF-8"?><CodeSystem xmlns="http://hl7.org/fhir"><id value="IHE.mCSD.Organization.Location.Types"/><text><status value="generated"/><div xmlns="http://www.w3.org/1999/xhtml"><p class="res-header-id"><b>Generated Narrative: CodeSystem IHE.mCSD.Organization.Location.Types</b></p><a name="IHE.mCSD.Organization.Location.Types"> </a><a name="hcIHE.mCSD.Organization.Location.Types"> </a><a name="IHE.mCSD.Organization.Location.Types-en-US"> </a><p>This case-sensitive code system <code>https://profiles.ihe.net/ITI/mCSD/CodeSystem/IHE.mCSD.Organization.Location.Types</code> defines the following codes:</p><table class="codes"><tr><td style="white-space:nowrap"><b>Code</b></td><td><b>Display</b></td></tr><tr><td style="white-space:nowrap">facility<a name="IHE.mCSD.Organization.Location.Types-facility"> </a></td><td>Facility</td></tr><tr><td style="white-space:nowrap">jurisdiction<a name="IHE.mCSD.Organization.Location.Types-jurisdiction"> </a></td><td>Jurisdiction</td></tr></table></div></text><url value="https://profiles.ihe.net/ITI/mCSD/CodeSystem/IHE.mCSD.Organization.Location.Types"/><version value="4.0.0"/><name value="MCSDOrganizationLocationTypes"/><title value="mCSD Type codes for Organizations and Locations"/><status value="active"/><experimental value="false"/><date value="2025-05-21T13:38:01-05:00"/><publisher value="IHE IT Infrastructure Technical Committee"/><contact><telecom><system value="url"/><value value="https://www.ihe.net/ihe_domains/it_infrastructure/"/></telecom></contact><contact><telecom><system value="email"/><value value="iti@ihe.net"/></telecom></contact><contact><name value="IHE IT Infrastructure Technical Committee"/><telecom><system value="email"/><value value="iti@ihe.net"/></telecom></contact><description value="mCSD Type codes for specialized Organization and Location resources."/><jurisdiction><coding><system value="http://unstats.un.org/unsd/methods/m49/m49.htm"/><code value="001"/></coding></jurisdiction><caseSensitive value="true"/><content value="complete"/><count value="2"/><concept><code value="facility"/><display value="Facility"/><designation><use><system value="http://terminology.hl7.org/CodeSystem/designation-usage"/><code value="display"/></use><value value="Facility"/></designation></concept><concept><code value="jurisdiction"/><display value="Jurisdiction"/><designation><use><system value="http://terminology.hl7.org/CodeSystem/designation-usage"/><code value="display"/></use><value value="Jurisdiction"/></designation></concept></CodeSystem>