<?xml version="1.0" encoding="UTF-8"?>

<Bundle xmlns="http://hl7.org/fhir">
  <id value="ex-match-output-empty"/>
  <meta>
    <profile value="https://profiles.ihe.net/ITI/PDQm/StructureDefinition/IHE.PDQm.MatchParametersOut"/>
    <security>
      <system value="http://terminology.hl7.org/CodeSystem/v3-ActReason"/>
      <code value="HTEST"/>
    </security>
  </meta>
  <type value="searchset"/>
  <link>
    <relation value="self"/>
    <url value="http://example.com/fhir/Bundle-ex-match-output-empty.html"/>
  </link>
</Bundle>