<?xml version="1.0" encoding="UTF-8"?>

<OperationDefinition xmlns="http://hl7.org/fhir">
  <id value="PDQmMatch"/>
  <text>
    <status value="generated"/><div xmlns="http://www.w3.org/1999/xhtml"><p class="res-header-id"><b>Generated Narrative: OperationDefinition PDQmMatch</b></p><a name="PDQmMatch"> </a><a name="hcPDQmMatch"> </a><p>URL: [base]/Patient/$match</p><h3>Parameters</h3><table class="grid"><tr><td><b>Use</b></td><td><b>Name</b></td><td><b>Scope</b></td><td><b>Cardinality</b></td><td><b>Type</b></td><td><b>Binding</b></td><td><b>Documentation</b></td></tr><tr><td>IN</td><td>resource</td><td/><td>1..1</td><td><a href="http://hl7.org/fhir/R4/patient.html">Patient</a> (<a href="StructureDefinition-IHE.PDQm.MatchInputPatient.html" title="https://profiles.ihe.net/ITI/PDQm/StructureDefinition/IHE.PDQm.MatchInputPatient">PDQm Patient Profile for $match Input</a>)</td><td/><td><div><p>Use this to provide an entire set of patient details for the MPI to match against (e.g. POST a patient record to Patient/$match).</p>
</div></td></tr><tr><td>IN</td><td>onlyCertainMatches</td><td/><td>0..1</td><td><a href="http://hl7.org/fhir/R4/datatypes.html#boolean">boolean</a></td><td/><td><div><p>If there are multiple potential matches, then the match SHOULD not return the results with this flag set to true. When false, the server MAY return multiple results with each result graded accordingly.</p>
</div></td></tr><tr><td>IN</td><td>count</td><td/><td>0..1</td><td><a href="http://hl7.org/fhir/R4/datatypes.html#integer">integer</a></td><td/><td><div><p>The maximum number of records to return. If no value is provided, the server decides how many matches to return. Note that clients SHOULD be careful when using this, as it MAY prevent probable - and valid - matches from being returned.</p>
</div></td></tr><tr><td>OUT</td><td>return</td><td/><td>1..1</td><td><a href="http://hl7.org/fhir/R4/bundle.html">Bundle</a> (<a href="StructureDefinition-IHE.PDQm.MatchParametersOut.html" title="https://profiles.ihe.net/ITI/PDQm/StructureDefinition/IHE.PDQm.MatchParametersOut">PDQm Match Output Bundle Profile</a>)</td><td/><td><div><p>A bundle contain a set of Patient records that represent possible matches, optionally it MAY also contain an OperationOutcome with further information about the search results (such as warnings or information messages, such as a count of records that were close but eliminated) If the operation was unsuccessful, then an OperationOutcome MAY be returned along with a BadRequest status Code (e.g. security issue, or insufficient properties in patient fragment - check against profile).</p>
<p>Note: as this is the only out parameter, it is a resource, and it has the name 'return', the result of this operation is returned directly as a resource</p>
</div></td></tr></table></div>
  </text>
  <url value="https://profiles.ihe.net/ITI/PDQm/OperationDefinition/PDQmMatch"/>
  <version value="3.2.0"/>
  <name value="Find_Patient_Matches_PDQm"/>
  <title value="PDQm $Match"/>
  <status value="draft"/>
  <kind value="operation"/>
  <date value="2025-11-04T12:09:52-06:00"/>
  <publisher value="IHE IT Infrastructure Technical Committee"/>
  <contact>
    <telecom>
      <system value="url"/>
      <value value="https://www.ihe.net/ihe_domains/it_infrastructure/"/>
    </telecom>
  </contact>
  <contact>
    <telecom>
      <system value="email"/>
      <value value="iti@ihe.net"/>
    </telecom>
  </contact>
  <contact>
    <name value="IHE IT Infrastructure Technical Committee"/>
    <telecom>
      <system value="email"/>
      <value value="iti@ihe.net"/>
    </telecom>
  </contact>
  <description value="This operation implements the [Patient Demographics Match \[ITI-119\]](ITI-119.html) transaction.&#xA;It is fully compatible with the [$match Operation on Patient](http://hl7.org/fhir/R4/patient-operation-match.html). &#xA;The only changes are to constrain the input parameters to use the [PDQm Patient Profile for $match Input](StructureDefinition-IHE.PDQm.MatchInputPatient.html) profile&#xA;and to constring the output parameters to use the [PDQm Patient Profile](StructureDefinition-IHE.PDQm.Patient.html) profile."/>
  <jurisdiction>
    <coding>
      <system value="http://unstats.un.org/unsd/methods/m49/m49.htm"/>
      <code value="001"/>
    </coding>
  </jurisdiction>
  <affectsState value="false"/>
  <code value="match"/>
  <base value="http://hl7.org/fhir/OperationDefinition/Patient-match"/>
  <resource value="Patient"/>
  <system value="false"/>
  <type value="true"/>
  <instance value="false"/>
  <parameter>
    <name value="resource"/>
    <use value="in"/>
    <min value="1"/>
    <max value="1"/>
    <documentation value="Use this to provide an entire set of patient details for the MPI to match against (e.g. POST a patient record to Patient/$match)."/>
    <type value="Patient"/>
    <targetProfile value="https://profiles.ihe.net/ITI/PDQm/StructureDefinition/IHE.PDQm.MatchInputPatient"/>
  </parameter>
  <parameter>
    <name value="onlyCertainMatches"/>
    <use value="in"/>
    <min value="0"/>
    <max value="1"/>
    <documentation value="If there are multiple potential matches, then the match SHOULD not return the results with this flag set to true. When false, the server MAY return multiple results with each result graded accordingly."/>
    <type value="boolean"/>
  </parameter>
  <parameter>
    <name value="count"/>
    <use value="in"/>
    <min value="0"/>
    <max value="1"/>
    <documentation value="The maximum number of records to return. If no value is provided, the server decides how many matches to return. Note that clients SHOULD be careful when using this, as it MAY prevent probable - and valid - matches from being returned."/>
    <type value="integer"/>
  </parameter>
  <parameter>
    <name value="return"/>
    <use value="out"/>
    <min value="1"/>
    <max value="1"/>
    <documentation value="A bundle contain a set of Patient records that represent possible matches, optionally it MAY also contain an OperationOutcome with further information about the search results (such as warnings or information messages, such as a count of records that were close but eliminated) If the operation was unsuccessful, then an OperationOutcome MAY be returned along with a BadRequest status Code (e.g. security issue, or insufficient properties in patient fragment - check against profile).&#xA;&#xA;Note: as this is the only out parameter, it is a resource, and it has the name 'return', the result of this operation is returned directly as a resource"/>
    <type value="Bundle"/>
    <targetProfile value="https://profiles.ihe.net/ITI/PDQm/StructureDefinition/IHE.PDQm.MatchParametersOut"/>
  </parameter>
</OperationDefinition>