<?xml version="1.0" encoding="UTF-8"?><CapabilityStatement xmlns="http://hl7.org/fhir"><id value="IHE.MHD.DocumentSource"/><text><status value="additional"/><div xmlns="http://www.w3.org/1999/xhtml">
	This CapabilityStatement describes the Document Source actor in the  
    IHE <a href="http://wiki.ihe.net/index.php/Mobile_access_to_Health_Documents_(MHD)">Mobile access to Health Documents (MHD) Rev. 3.1</a> Profile. 
	The IHE MHD Profile text is Normative, this conformance resource is Informative.
		</div></text><url value="http://ihe.net/fhir/ihe.mhd.fhir/CapabilityStatement/IHE.MHD.DocumentSource"/><version value="0.1.0"/><name value="IHE_MHD_DocumentSource"/><title value="Document Source (publisher)"/><status value="active"/><experimental value="false"/><date value="2019-09-13T05:00:00+00:00"/><publisher value="IHE"/><contact><name value="John Moehrke"/><telecom><system value="email"/><value value="john.moehrke@gmail.com"/></telecom></contact><description value="IHE ITI Mobile access to Health Documents (MHD) - Document Source (publisher)."/><copyright value="IHE http://www.ihe.net/Governance/#Intellectual_Property"/><kind value="requirements"/><fhirVersion value="4.0.0"/><format value="application/fhir+xml"/><format value="application/fhir+json"/><rest><mode value="client"/><security><description value="Recommend IUA or SMART"/></security><interaction><code value="transaction"/><documentation value="http://ihe.net/fhir/ihe.mhd.fhir/StructureDefinition/IHE.MHD.ProvideDocumentBundle.Minimal"/></interaction><interaction><code value="transaction"/><documentation value="http://ihe.net/fhir/ihe.mhd.fhir/StructureDefinition/IHE.MHD.ProvideDocumentBundle.Comprehensive"/></interaction></rest></CapabilityStatement>