<?xml version="1.0" encoding="UTF-8"?><ImplementationGuide xmlns="http://hl7.org/fhir"><id value="IHE.ITI.MHD"/><text><status value="generated"/><div xmlns="http://www.w3.org/1999/xhtml"><h2>MHDSushiImplementationGuide</h2><p>The official URL for this implementation guide is: </p><pre>http://ihe.net/fhir/ITI.MHD/ImplementationGuide/IHE.ITI.MHD</pre><div><p>An example of how FSH can be used to create an IG about fish</p>
</div></div></text><url value="http://ihe.net/fhir/ITI.MHD/ImplementationGuide/IHE.ITI.MHD"/><version value="0.1.0"/><name value="MHDSushiImplementationGuide"/><title value="MHD Sushi Implementation Guide"/><status value="active"/><date value="2020-05-03T13:51:04+00:00"/><publisher value="IHE"/><contact><name value="John Moehrke"/><telecom><system value="email"/><value value="john.moehrke@gmail.com"/></telecom></contact><description value="An example of how FSH can be used to create an IG about fish"/><packageId value="IHE.ITI.MHD"/><license value="CC0-1.0"/><fhirVersion value="4.0.1"/><definition><extension url="http://hl7.org/fhir/tools/StructureDefinition/ig-parameter"><extension url="code"><valueString value="copyrightyear"/></extension><extension url="value"><valueString value="2020+"/></extension></extension><extension url="http://hl7.org/fhir/tools/StructureDefinition/ig-parameter"><extension url="code"><valueString value="releaselabel"/></extension><extension url="value"><valueString value="CI Build"/></extension></extension><extension url="http://hl7.org/fhir/tools/StructureDefinition/ig-parameter"><extension url="code"><valueString value="show-inherited-invariants"/></extension><extension url="value"><valueString value="false"/></extension></extension><extension url="http://hl7.org/fhir/tools/StructureDefinition/ig-parameter"><extension url="code"><valueString value="path-qa"/></extension><extension url="value"><valueString value="temp/qa"/></extension></extension><extension url="http://hl7.org/fhir/tools/StructureDefinition/ig-parameter"><extension url="code"><valueString value="path-temp"/></extension><extension url="value"><valueString value="temp/pages"/></extension></extension><extension url="http://hl7.org/fhir/tools/StructureDefinition/ig-parameter"><extension url="code"><valueString value="path-output"/></extension><extension url="value"><valueString value="output"/></extension></extension><extension url="http://hl7.org/fhir/tools/StructureDefinition/ig-parameter"><extension url="code"><valueString value="path-suppressed-warnings"/></extension><extension url="value"><valueString value="input/ignoreWarnings.txt"/></extension></extension><extension url="http://hl7.org/fhir/tools/StructureDefinition/ig-parameter"><extension url="code"><valueString value="template-html"/></extension><extension url="value"><valueString value="template-page.html"/></extension></extension><extension url="http://hl7.org/fhir/tools/StructureDefinition/ig-parameter"><extension url="code"><valueString value="template-md"/></extension><extension url="value"><valueString value="template-page-md.html"/></extension></extension><extension url="http://hl7.org/fhir/tools/StructureDefinition/ig-parameter"><extension url="code"><valueString value="apply-contact"/></extension><extension url="value"><valueString value="true"/></extension></extension><extension url="http://hl7.org/fhir/tools/StructureDefinition/ig-parameter"><extension url="code"><valueString value="apply-context"/></extension><extension url="value"><valueString value="true"/></extension></extension><extension url="http://hl7.org/fhir/tools/StructureDefinition/ig-parameter"><extension url="code"><valueString value="apply-copyright"/></extension><extension url="value"><valueString value="true"/></extension></extension><extension url="http://hl7.org/fhir/tools/StructureDefinition/ig-parameter"><extension url="code"><valueString value="apply-jurisdiction"/></extension><extension url="value"><valueString value="true"/></extension></extension><extension url="http://hl7.org/fhir/tools/StructureDefinition/ig-parameter"><extension url="code"><valueString value="apply-license"/></extension><extension url="value"><valueString value="true"/></extension></extension><extension url="http://hl7.org/fhir/tools/StructureDefinition/ig-parameter"><extension url="code"><valueString value="apply-publisher"/></extension><extension url="value"><valueString value="true"/></extension></extension><extension url="http://hl7.org/fhir/tools/StructureDefinition/ig-parameter"><extension url="code"><valueString value="apply-version"/></extension><extension url="value"><valueString value="true"/></extension></extension><grouping id="_dyn_capabilitystatement"><name value="Behavior: Capability Statements"/><description value="The following artifacts define the specwhenic capabilities that dwhenferent types of systems complying with this implementation guide are expected to have.  Systems complying with the implementation guide are expected to declare conformance to one or more of the following capability statements."/></grouping><grouping id="_str_profile"><name value="Structures: Resource Profiles"/><description value="These define constraints on FHIR resources that need to be complied with by conformant implementations"/></grouping><grouping id="_term_codesystem"><name value="Terminology: Code Systems"/><description value="These define new code systems used by systems conforming with this implementation guide"/></grouping><grouping id="_ex_example"><name value="Example: Example Instances"/><description value="These are example instances that show what data produced and consumed by systems conforming with this implementation guide might look like"/></grouping><resource><extension url="http://hl7.org/fhir/StructureDefinition/implementationguide-page"><valueUri value="IHE.MHD.ProvideBundle.Audit.Dest.html"/></extension><reference><reference value="StructureDefinition/IHE.MHD.ProvideBundle.Audit.Dest"/></reference><name value="Audit Event for Provide Bundle Transaction"/><description value="Defines constraints on the AuditEvent Resource to record when a Provide Bundle Transaction happens."/><exampleBoolean value="false"/><groupingId value="_str_profile"/></resource><resource><extension url="http://hl7.org/fhir/StructureDefinition/implementationguide-page"><valueUri value="IHE.MHD.ProvideBundle.Audit.Source.html"/></extension><reference><reference value="StructureDefinition/IHE.MHD.ProvideBundle.Audit.Source"/></reference><name value="Audit Event for Provide Bundle Transaction"/><description value="Defines constraints on the AuditEvent Resource to record when a Provide Bundle Transaction happens."/><exampleBoolean value="false"/><groupingId value="_str_profile"/></resource><resource><extension url="http://hl7.org/fhir/StructureDefinition/implementationguide-page"><valueUri value="IHE.MHD.Comprenensive.DocumentReference.html"/></extension><reference><reference value="StructureDefinition/IHE.MHD.Comprenensive.DocumentReference"/></reference><name value="MHD Comprehensive DocumentReference"/><description value="A profile on the DocumentReference resource for MHD Comprehensive."/><exampleBoolean value="false"/><groupingId value="_str_profile"/></resource><resource><extension url="http://hl7.org/fhir/StructureDefinition/implementationguide-page"><valueUri value="IHE.MHD.Minimal.ListFolder.html"/></extension><reference><reference value="StructureDefinition/IHE.MHD.Minimal.ListFolder"/></reference><name value="MHD Folder in List"/><description value="A profile on the List resource for MHD Folder."/><exampleBoolean value="false"/><groupingId value="_str_profile"/></resource><resource><extension url="http://hl7.org/fhir/StructureDefinition/implementationguide-page"><valueUri value="IHE.MHD.Comprehensive.ListFolder.html"/></extension><reference><reference value="StructureDefinition/IHE.MHD.Comprehensive.ListFolder"/></reference><name value="MHD Comprehensive Folder in List"/><description value="A profile on the List resource for MHD Comphrehensive Metadata Folder."/><exampleBoolean value="false"/><groupingId value="_str_profile"/></resource><resource><extension url="http://hl7.org/fhir/StructureDefinition/implementationguide-page"><valueUri value="IHE.MHD.Minimal.DocumentReference.html"/></extension><reference><reference value="StructureDefinition/IHE.MHD.Minimal.DocumentReference"/></reference><name value="MHD Minimal DocumentReference"/><description value="A profile on the DocumentReference resource for MHD."/><exampleBoolean value="false"/><groupingId value="_str_profile"/></resource><resource><extension url="http://hl7.org/fhir/StructureDefinition/implementationguide-page"><valueUri value="IHE.MHD.Minimal.ProvideBundle.html"/></extension><reference><reference value="StructureDefinition/IHE.MHD.Minimal.ProvideBundle"/></reference><name value="MHD Minimal Provide Document Bundle"/><description value="A profile on the Bundle transaction for Provide Document resources for MHD."/><exampleBoolean value="false"/><groupingId value="_str_profile"/></resource><resource><extension url="http://hl7.org/fhir/StructureDefinition/implementationguide-page"><valueUri value="IHE.MHD.Minimal.ListManifest.html"/></extension><reference><reference value="StructureDefinition/IHE.MHD.Minimal.ListManifest"/></reference><name value="MHD SubmissionSet in List"/><description value="A profile on the List resource for MHD SubmissionSet."/><exampleBoolean value="false"/><groupingId value="_str_profile"/></resource><resource><extension url="http://hl7.org/fhir/StructureDefinition/implementationguide-page"><valueUri value="IHE.MHD.Comprehensive.ListManifest.html"/></extension><reference><reference value="StructureDefinition/IHE.MHD.Comprehensive.ListManifest"/></reference><name value="MHD Comphrehensive SubmissionSet in List"/><description value="A profile on the List resource for MHD Comphrehensive SubmissionSet."/><exampleBoolean value="false"/><groupingId value="_str_profile"/></resource><resource><extension url="http://hl7.org/fhir/StructureDefinition/implementationguide-page"><valueUri value="MHDlistTypes.html"/></extension><reference><reference value="CodeSystem/MHDlistTypes"/></reference><name value="MHD List Types"/><description value="To use the List resource for two different use-cases we define a code-system with the types of List needed in MHD"/><exampleBoolean value="false"/><groupingId value="_term_codesystem"/></resource><resource><extension url="http://hl7.org/fhir/StructureDefinition/implementationguide-page"><valueUri value="compSubmissionSetList.html"/></extension><reference><reference value="List/compSubmissionSetList"/></reference><name value="SubmissionSet in List resource conforming only to Comprehensive metadata"/><exampleCanonical value="http://ihe.net/fhir/ITI.MHD/StructureDefinition/IHE.MHD.Comprehensive.ListManifest"/><groupingId value="_ex_example"/></resource><resource><extension url="http://hl7.org/fhir/StructureDefinition/implementationguide-page"><valueUri value="ex-auditProvideBundle-dest.html"/></extension><reference><reference value="AuditEvent/ex-auditProvideBundle-dest"/></reference><name value="Audit Example for a Provide Bundle Transaction as recorded at the destination"/><exampleCanonical value="http://ihe.net/fhir/ITI.MHD/StructureDefinition/IHE.MHD.ProvideBundle.Audit.Dest"/><groupingId value="_ex_example"/></resource><resource><extension url="http://hl7.org/fhir/StructureDefinition/implementationguide-page"><valueUri value="ex-auditProvideBundle-source.html"/></extension><reference><reference value="AuditEvent/ex-auditProvideBundle-source"/></reference><name value="Audit Example for a Provide Bundle Transaction from source perspective"/><exampleCanonical value="http://ihe.net/fhir/ITI.MHD/StructureDefinition/IHE.MHD.ProvideBundle.Audit.Source"/><groupingId value="_ex_example"/></resource><resource><extension url="http://hl7.org/fhir/StructureDefinition/implementationguide-page"><valueUri value="minimalFolderList.html"/></extension><reference><reference value="List/minimalFolderList"/></reference><name value="Folder in List resource conforming only to Comphrensive metadata"/><exampleCanonical value="http://ihe.net/fhir/ITI.MHD/StructureDefinition/IHE.MHD.Comprehensive.ListFolder"/><groupingId value="_ex_example"/></resource><resource><extension url="http://hl7.org/fhir/StructureDefinition/implementationguide-page"><valueUri value="minimalSubmissionSetList.html"/></extension><reference><reference value="List/minimalSubmissionSetList"/></reference><name value="SubmissionSet in List resource conforming only to Minimal metadata"/><exampleCanonical value="http://ihe.net/fhir/ITI.MHD/StructureDefinition/IHE.MHD.Minimal.ListManifest"/><groupingId value="_ex_example"/></resource><resource><extension url="http://hl7.org/fhir/StructureDefinition/implementationguide-page"><valueUri value="IHE.MHD.DocumentConsumer.html"/></extension><reference><reference value="CapabilityStatement/IHE.MHD.DocumentConsumer"/></reference><name value="Document Consumer (client)"/><description value="IHE ITI Mobile access to Health Documents (MHD) - Document Consumer (client)."/><exampleBoolean value="false"/><groupingId value="_dyn_capabilitystatement"/></resource><resource><extension url="http://hl7.org/fhir/StructureDefinition/implementationguide-page"><valueUri value="IHE.MHD.DocumentRecipient.html"/></extension><reference><reference value="CapabilityStatement/IHE.MHD.DocumentRecipient"/></reference><name value="Document Recipient"/><description value="IHE ITI Mobile access to Health Documents (MHD) - Document Recipient."/><exampleBoolean value="false"/><groupingId value="_dyn_capabilitystatement"/></resource><resource><extension url="http://hl7.org/fhir/StructureDefinition/implementationguide-page"><valueUri value="IHE.MHD.DocumentResponder.html"/></extension><reference><reference value="CapabilityStatement/IHE.MHD.DocumentResponder"/></reference><name value="Document Responder (server)"/><description value="IHE ITI Mobile access to Health Documents (MHD) - Document Responder (server)."/><exampleBoolean value="false"/><groupingId value="_dyn_capabilitystatement"/></resource><resource><extension url="http://hl7.org/fhir/StructureDefinition/implementationguide-page"><valueUri value="IHE.MHD.DocumentSource.html"/></extension><reference><reference value="CapabilityStatement/IHE.MHD.DocumentSource"/></reference><name value="Document Source (publisher)"/><description value="IHE ITI Mobile access to Health Documents (MHD) - Document Source (publisher)."/><exampleBoolean value="false"/><groupingId value="_dyn_capabilitystatement"/></resource><page><nameUrl value="toc.html"/><title value="Table of Contents"/><generation value="html"/><page><nameUrl value="index.html"/><title value="Home"/><generation value="markdown"/></page><page><nameUrl value="overview.html"/><title value="Overview"/><generation value="markdown"/></page><page><nameUrl value="actors_and_transactions.html"/><title value="Actors and Transactions"/><generation value="markdown"/></page><page><nameUrl value="security_considerations.html"/><title value="Security Considerations"/><generation value="markdown"/></page><page><nameUrl value="grouping.html"/><title value="Grouping"/><generation value="markdown"/></page><page><nameUrl value="a_issues.html"/><title value="A Issues"/><generation value="markdown"/></page><page><nameUrl value="appendix_e.html"/><title value="Appendix E"/><generation value="markdown"/></page><page><nameUrl value="appendix_z.html"/><title value="Appendix Z"/><generation value="markdown"/></page><page><nameUrl value="metadata_maps.html"/><title value="Metadata Maps"/><generation value="markdown"/></page><page><nameUrl value="testplan.html"/><title value="Testplan"/><generation value="markdown"/></page><page><nameUrl value="transaction-65.html"/><title value="Transaction 65"/><generation value="markdown"/></page><page><nameUrl value="transaction-66.html"/><title value="Transaction 66"/><generation value="markdown"/></page><page><nameUrl value="transaction-67.html"/><title value="Transaction 67"/><generation value="markdown"/></page><page><nameUrl value="transaction-68.html"/><title value="Transaction 68"/><generation value="markdown"/></page><page><nameUrl value="artifacts.html"/><title value="Artifacts Summary"/><generation value="html"/><page><nameUrl value="IHE.MHD.DocumentConsumer.html"/><title value="Document Consumer (client)"/><generation value="generated"/></page><page><nameUrl value="IHE.MHD.DocumentRecipient.html"/><title value="Document Recipient"/><generation value="generated"/></page><page><nameUrl value="IHE.MHD.DocumentResponder.html"/><title value="Document Responder (server)"/><generation value="generated"/></page><page><nameUrl value="IHE.MHD.DocumentSource.html"/><title value="Document Source (publisher)"/><generation value="generated"/></page><page><nameUrl value="IHE.MHD.ProvideBundle.Audit.Dest.html"/><title value="Audit Event for Provide Bundle Transaction"/><generation value="generated"/></page><page><nameUrl value="IHE.MHD.ProvideBundle.Audit.Source.html"/><title value="Audit Event for Provide Bundle Transaction"/><generation value="generated"/></page><page><nameUrl value="IHE.MHD.Comprenensive.DocumentReference.html"/><title value="MHD Comprehensive DocumentReference"/><generation value="generated"/></page><page><nameUrl value="IHE.MHD.Minimal.ListFolder.html"/><title value="MHD Folder in List"/><generation value="generated"/></page><page><nameUrl value="IHE.MHD.Comprehensive.ListFolder.html"/><title value="MHD Comprehensive Folder in List"/><generation value="generated"/></page><page><nameUrl value="IHE.MHD.Minimal.DocumentReference.html"/><title value="MHD Minimal DocumentReference"/><generation value="generated"/></page><page><nameUrl value="IHE.MHD.Minimal.ProvideBundle.html"/><title value="MHD Minimal Provide Document Bundle"/><generation value="generated"/></page><page><nameUrl value="IHE.MHD.Minimal.ListManifest.html"/><title value="MHD SubmissionSet in List"/><generation value="generated"/></page><page><nameUrl value="IHE.MHD.Comprehensive.ListManifest.html"/><title value="MHD Comphrehensive SubmissionSet in List"/><generation value="generated"/></page><page><nameUrl value="MHDlistTypes.html"/><title value="MHD List Types"/><generation value="generated"/></page><page><nameUrl value="compSubmissionSetList.html"/><title value="SubmissionSet in List resource conforming only to Comprehensive metadata"/><generation value="generated"/></page><page><nameUrl value="ex-auditProvideBundle-dest.html"/><title value="Audit Example for a Provide Bundle Transaction as recorded at the destination"/><generation value="generated"/></page><page><nameUrl value="ex-auditProvideBundle-source.html"/><title value="Audit Example for a Provide Bundle Transaction from source perspective"/><generation value="generated"/></page><page><nameUrl value="minimalFolderList.html"/><title value="Folder in List resource conforming only to Comphrensive metadata"/><generation value="generated"/></page><page><nameUrl value="minimalSubmissionSetList.html"/><title value="SubmissionSet in List resource conforming only to Minimal metadata"/><generation value="generated"/></page></page></page><parameter><code value="path-resource"/><value value="input/capabilities"/></parameter><parameter><code value="path-resource"/><value value="input/examples"/></parameter><parameter><code value="path-resource"/><value value="input/extensions"/></parameter><parameter><code value="path-resource"/><value value="input/models"/></parameter><parameter><code value="path-resource"/><value value="input/operations"/></parameter><parameter><code value="path-resource"/><value value="input/profiles"/></parameter><parameter><code value="path-resource"/><value value="input/resources"/></parameter><parameter><code value="path-resource"/><value value="input/vocabulary"/></parameter><parameter><code value="path-pages"/><value value="input/pagecontent"/></parameter><parameter><code value="path-pages"/><value value="input/images"/></parameter><parameter><code value="path-tx-cache"/><value value="input-cache/txcache"/></parameter></definition></ImplementationGuide>