<?xml version="1.0" encoding="UTF-8"?>

<OrganizationAffiliation xmlns="http://hl7.org/fhir">
  <id value="ex-OrgAff"/>
  <meta>
    <profile value="https://profiles.ihe.net/ITI/mCSD/StructureDefinition/IHE.mCSD.OrganizationAffiliation"/>
    <security>
      <system value="http://terminology.hl7.org/CodeSystem/v3-ActReason"/>
      <code value="HTEST"/>
    </security>
  </meta>
  <text>
    <status value="generated"/><div xmlns="http://www.w3.org/1999/xhtml"><p><b>Generated Narrative</b></p><div style="display: inline-block; background-color: #d9e0e7; padding: 6px; margin: 4px; border: 1px solid #8da1b4; border-radius: 5px; line-height: 60%"><p style="margin-bottom: 0px">Resource "ex-OrgAff" </p><p style="margin-bottom: 0px">Profile: <a href="StructureDefinition-IHE.mCSD.OrganizationAffiliation.html">mCSD Organization Affiliation</a></p><p style="margin-bottom: 0px">Security Labels: <span title="{http://terminology.hl7.org/CodeSystem/v3-ActReason http://terminology.hl7.org/CodeSystem/v3-ActReason}">http://terminology.hl7.org/CodeSystem/v3-ActReason</span></p></div><p><b>active</b>: true</p><p><b>period</b>: 2022-02-10 --&gt; (ongoing)</p><p><b>organization</b>: <a href="Organization-MCSDOrganization-ExamplePartner.html">Organization/MCSDOrganization-ExamplePartner</a> "Organization-ExamplePartner"</p><p><b>participatingOrganization</b>: <a href="Organization-ex-OrgA.html">Organization/ex-OrgA</a> "OrgA"</p><p><b>code</b>: HIE/HIO <span style="background: LightGoldenRodYellow; margin: 4px; border: 1px solid khaki"> (<a href="http://hl7.org/fhir/R4/codesystem-organization-role.html">Organization Affiliation Role</a>#HIE/HIO)</span></p></div>
  </text>
  <active value="true"/>
  <period>
    <start value="2022-02-10"/>
  </period>
  <organization>
    <reference value="Organization/MCSDOrganization-ExamplePartner"/>
  </organization>
  <participatingOrganization>
    <reference value="Organization/ex-OrgA"/>
  </participatingOrganization>
  <code>
    <coding>
      <system value="http://hl7.org/fhir/organization-role"/>
      <code value="HIE/HIO"/>
    </coding>
  </code>
</OrganizationAffiliation>