<?xml version="1.0" encoding="UTF-8"?>

<ValueSet xmlns="http://hl7.org/fhir">
  <id value="ihe-acdc-questionnaireresponse-status"/>
  <text>
    <status value="generated"/><div xmlns="http://www.w3.org/1999/xhtml"><h2>Status Values allowed in a QuestionnaireResponse resource</h2><div><p>Defines the Status Values allowed in a QuestionnaireResponse resource used withe IHE ACDC Profile</p>
</div><ul><li>Include these codes as defined in <a href="http://hl7.org/fhir/R4/codesystem-questionnaire-answers-status.html"><code>http://hl7.org/fhir/questionnaire-answers-status</code></a><table class="none"><tr><td style="white-space:nowrap"><b>Code</b></td><td><b>Display</b></td></tr><tr><td><a href="http://hl7.org/fhir/R4/codesystem-questionnaire-answers-status.html#questionnaire-answers-status-completed">completed</a></td><td>Completed</td><td>This QuestionnaireResponse has been filled out with answers and the current content is regarded as definitive.</td></tr><tr><td><a href="http://hl7.org/fhir/R4/codesystem-questionnaire-answers-status.html#questionnaire-answers-status-amended">amended</a></td><td>Amended</td><td>This QuestionnaireResponse has been filled out with answers, then marked as complete, yet changes or additions have been made to it afterwards.</td></tr><tr><td><a href="http://hl7.org/fhir/R4/codesystem-questionnaire-answers-status.html#questionnaire-answers-status-entered-in-error">entered-in-error</a></td><td>Entered in Error</td><td>This QuestionnaireResponse was entered in error and voided.</td></tr><tr><td><a href="http://hl7.org/fhir/R4/codesystem-questionnaire-answers-status.html#questionnaire-answers-status-stopped">stopped</a></td><td>Stopped</td><td>This QuestionnaireResponse has been partially filled out with answers but has been abandoned. It is unknown whether changes or additions are expected to be made to it.</td></tr></table></li></ul></div>
  </text>
  <url value="http://ihe.net/fhir/ACDC/ValueSet/ihe-acdc-questionnaireresponse-status"/>
  <version value="0.1.0"/>
  <name value="ACDCQuestionnaireResponseStatus"/>
  <title value="Status Values allowed in a QuestionnaireResponse resource"/>
  <status value="active"/>
  <date value="2020-05-03T14:08:35+00:00"/>
  <publisher value="Integrating the Healthcare Enterprise (IHE)"/>
  <contact>
    <name value="IHE Patient Care Coordination"/>
    <telecom>
      <system value="url"/>
      <value value="https://www.ihe.net/ihe_domains/patient_care_coordination/"/>
    </telecom>
    <telecom>
      <system value="email"/>
      <value value="pcc@ihe.net"/>
    </telecom>
  </contact>
  <contact>
    <name value="Keith W. Boone"/>
    <telecom>
      <system value="email"/>
      <value value="kboone@ainq.com"/>
    </telecom>
    <telecom>
      <system value="url"/>
      <value value="https://motorcycleguy.blogspot.com"/>
    </telecom>
  </contact>
  <description value="Defines the Status Values allowed in a QuestionnaireResponse resource used withe IHE ACDC Profile"/>
  <compose>
    <include>
      <system value="http://hl7.org/fhir/questionnaire-answers-status"/>
      <concept>
        <code value="completed"/>
        <display value="Completed"/>
      </concept>
      <concept>
        <code value="amended"/>
        <display value="Amended"/>
      </concept>
      <concept>
        <code value="entered-in-error"/>
        <display value="Entered in Error"/>
      </concept>
      <concept>
        <code value="stopped"/>
        <display value="Stopped"/>
      </concept>
    </include>
  </compose>
</ValueSet>