<?xml version="1.0" encoding="UTF-8"?><ValueSet xmlns="http://hl7.org/fhir"><id value="MHDprovideFolderActions"/><text><status value="extensions"/><div xmlns="http://www.w3.org/1999/xhtml"><ul><li>Include these codes as defined in <a href="http://hl7.org/fhir/R4/codesystem-http-verb.html"><code>http://hl7.org/fhir/http-verb</code></a><table class="none"><tr><td style="white-space:nowrap"><b>Code</b></td><td><b>Display</b></td><td><b>Definition</b></td></tr><tr><td><a href="http://hl7.org/fhir/R4/codesystem-http-verb.html#http-verb-POST">POST</a></td><td>POST</td><td>HTTP POST Command.</td></tr><tr><td><a href="http://hl7.org/fhir/R4/codesystem-http-verb.html#http-verb-PUT">PUT</a></td><td>PUT</td><td>HTTP PUT Command.</td></tr></table></li></ul></div></text><url value="http://profiles.ihe.net/ITI/MHD/ValueSet/MHDprovideFolderActions"/><version value="4.0.2"/><name value="MHDprovideFolderActions"/><title value="MHD Folder List Types ValueSet"/><status value="active"/><date value="2021-11-08T19:10:05-06:00"/><publisher value="Integrating the Healthcare Enterprise (IHE)"/><contact><name value="Integrating the Healthcare Enterprise (IHE)"/><telecom><system value="url"/><value value="http://ihe.net"/></telecom><telecom><system value="email"/><value value="secretary@ihe.net"/></telecom></contact><contact><name value="John Moehrke"/><telecom><system value="email"/><value value="JohnMoehrke@gmail.com"/><use value="work"/></telecom></contact><description value="A ValueSet of the allowed actions in a ITI-65 Provide Document Bundle for the Folder List type Resources. Where Folders are allowed to be Updated in addition to Created."/><jurisdiction><coding><system value="http://unstats.un.org/unsd/methods/m49/m49.htm"/><code value="001"/></coding></jurisdiction><copyright value="IHE http://www.ihe.net/Governance/#Intellectual_Property"/><compose><include><system value="http://hl7.org/fhir/http-verb"/><concept><code value="POST"/></concept><concept><code value="PUT"/></concept></include></compose></ValueSet>