{
  "resourceType" : "AllergyIntolerance",
  "id" : "ex-Allergy-Fish",
  "meta" : {
    "profile" : ["http://hl7.org/fhir/us/core/StructureDefinition/us-core-allergyintolerance"],
    "security" : [{
      "system" : "http://terminology.hl7.org/CodeSystem/v3-ActReason",
      "code" : "HTEST"
    }]
  },
  "text" : {
    "status" : "generated",
    "div" : "<div xmlns=\"http://www.w3.org/1999/xhtml\"><p><b>Generated Narrative: AllergyIntolerance </b><a name=\"ex-Allergy-Fish\"> </a><a name=\"hcex-Allergy-Fish\"> </a></p><div style=\"display: inline-block; background-color: #d9e0e7; padding: 6px; margin: 4px; border: 1px solid #8da1b4; border-radius: 5px; line-height: 60%\"><p style=\"margin-bottom: 0px\">ResourceAllergyIntolerance &quot;ex-Allergy-Fish&quot; </p><p style=\"margin-bottom: 0px\">Profile: <a href=\"http://hl7.org/fhir/us/core/STU6.1/StructureDefinition-us-core-allergyintolerance.html\">US Core AllergyIntolerance Profile</a></p><p style=\"margin-bottom: 0px\">Security Labels: <span title=\"{http://terminology.hl7.org/CodeSystem/v3-ActReason http://terminology.hl7.org/CodeSystem/v3-ActReason}\">http://terminology.hl7.org/CodeSystem/v3-ActReason</span></p></div><p><b>identifier</b>: <code>http://acme.com/ids/patients/risks</code>/49476535</p><p><b>clinicalStatus</b>: Active <span style=\"background: LightGoldenRodYellow; margin: 4px; border: 1px solid khaki\"> (<a href=\"http://terminology.hl7.org/5.5.0/CodeSystem-allergyintolerance-clinical.html\">AllergyIntolerance Clinical Status Codes</a>#active)</span></p><p><b>verificationStatus</b>: Confirmed <span style=\"background: LightGoldenRodYellow; margin: 4px; border: 1px solid khaki\"> (<a href=\"http://terminology.hl7.org/5.5.0/CodeSystem-allergyintolerance-verification.html\">AllergyIntolerance Verification Status</a>#confirmed)</span></p><p><b>category</b>: food</p><p><b>code</b>: Allergy to fish <span style=\"background: LightGoldenRodYellow; margin: 4px; border: 1px solid khaki\"> (<a href=\"https://browser.ihtsdotools.org/\">SNOMED CT</a>#417532002)</span></p><p><b>patient</b>: <a href=\"Patient-ex-Patient-AmandaAlvarez.html\">Patient/ex-Patient-AmandaAlvarez</a> &quot; ALVAREZ&quot;</p><p><b>recordedDate</b>: 2015-08-06 15:37:31-0600</p><p><b>recorder</b>: <a href=\"Practitioner-ex-Practitioner.html\">Practitioner/ex-Practitioner</a> &quot; HEPS&quot;</p><p><b>asserter</b>: <a href=\"Patient-ex-Patient-AmandaAlvarez.html\">Patient/ex-Patient-AmandaAlvarez</a> &quot; ALVAREZ&quot;</p><p><b>note</b>: allergy is to fresh fish. Tolerates canned fish</p></div>"
  },
  "identifier" : [{
    "system" : "http://acme.com/ids/patients/risks",
    "value" : "49476535"
  }],
  "clinicalStatus" : {
    "coding" : [{
      "system" : "http://terminology.hl7.org/CodeSystem/allergyintolerance-clinical",
      "code" : "active"
    }]
  },
  "verificationStatus" : {
    "coding" : [{
      "system" : "http://terminology.hl7.org/CodeSystem/allergyintolerance-verification",
      "code" : "confirmed"
    }]
  },
  "category" : ["food"],
  "code" : {
    "coding" : [{
      "system" : "http://snomed.info/sct",
      "code" : "417532002"
    }]
  },
  "patient" : {
    "reference" : "Patient/ex-Patient-AmandaAlvarez"
  },
  "recordedDate" : "2015-08-06T15:37:31-06:00",
  "recorder" : {
    "reference" : "Practitioner/ex-Practitioner"
  },
  "asserter" : {
    "reference" : "Patient/ex-Patient-AmandaAlvarez"
  },
  "note" : [{
    "text" : "allergy is to fresh fish. Tolerates canned fish"
  }]
}