{
  "resourceType" : "ActivityDefinition",
  "id" : "activity-example-orderservice-ref-ad",
  "meta" : {
    "profile" : ["https://profiles.ihe.net/QRPH/CCG/StructureDefinition/ccg-card-reqrefserv-ad",
    "http://hl7.org/fhir/uv/cpg/StructureDefinition/cpg-servicerequestactivity",
    "http://hl7.org/fhir/uv/cpg/StructureDefinition/cpg-computableactivity"]
  },
  "text" : {
    "status" : "extensions",
    "div" : "<div xmlns=\"http://www.w3.org/1999/xhtml\"><p class=\"res-header-id\"><b>Generated Narrative: ActivityDefinition activity-example-orderservice-ref-ad</b></p><a name=\"activity-example-orderservice-ref-ad\"> </a><a name=\"hcactivity-example-orderservice-ref-ad\"> </a><a name=\"activity-example-orderservice-ref-ad-en-US\"> </a><div style=\"display: inline-block; background-color: #d9e0e7; padding: 6px; margin: 4px; border: 1px solid #8da1b4; border-radius: 5px; line-height: 60%\"><p style=\"margin-bottom: 0px\"/><p style=\"margin-bottom: 0px\">Profiles: <a href=\"StructureDefinition-ccg-card-reqrefserv-ad.html\">Activity Definition for the Request a Service (Referral) CARD</a>, <a href=\"http://hl7.org/fhir/uv/cpg/STU2/StructureDefinition-cpg-servicerequestactivity.html\">CPG Service Request Activity</a>, <a href=\"http://hl7.org/fhir/uv/cpg/STU2/StructureDefinition-cpg-computableactivity.html\">CPG Computable Activity Definition</a></p></div><p><b>CQF Knowledge capability</b>: shareable</p><p><b>CQF Knowledge capability</b>: computable</p><p><b>CQF Knowledge capability</b>: publishable</p><p><b>url</b>: <a href=\"ActivityDefinition-activity-example-orderservice-ref-ad.html\">ActivityDefinition Activity Example Order Service (Referral) AD</a></p><p><b>identifier</b>: <a href=\"http://terminology.hl7.org/5.5.0/NamingSystem-uri.html\" title=\"As defined by RFC 3986 (http://www.ietf.org/rfc/rfc3986.txt)(with many schemes defined in many RFCs). For OIDs and UUIDs, use the URN form (urn:oid:(note: lowercase) and urn:uuid:). See http://www.ietf.org/rfc/rfc3001.txt and http://www.ietf.org/rfc/rfc4122.txt \r\n\r\nThis oid is used as an identifier II.root to indicate the the extension is an absolute URI (technically, an IRI). Typically, this is used for OIDs and GUIDs. Note that when this OID is used with OIDs and GUIDs, the II.extension should start with urn:oid or urn:uuid: \r\n\r\nNote that this OID is created to aid with interconversion between CDA and FHIR - FHIR uses urn:ietf:rfc:3986 as equivalent to this OID. URIs as identifiers appear more commonly in FHIR.\r\n\r\nThis OID may also be used in CD.codeSystem.\">Uniform Resource Identifier (URI)</a>/urn:oid:2.16.840.1.113883.4.642.40.48.11.93</p><p><b>version</b>: 1.0.0-comment</p><p><b>name</b>: ActivityExampleOrderServiceRefAD</p><p><b>title</b>: Activity Example Order Service (Referral) AD</p><p><b>status</b>: Active</p><p><b>experimental</b>: true</p><p><b>date</b>: 2024-11-26 16:34:39+0000</p><p><b>publisher</b>: IHE QRPH Technical Committee</p><p><b>contact</b>: <a href=\"https://www.ihe.net/ihe_domains/quality_research_and_public_health/\">https://www.ihe.net/ihe_domains/quality_research_and_public_health/</a>, <a href=\"mailto:qrph@ihe.net\">qrph@ihe.net</a>, IHE QRPH Technical Committee: <a href=\"mailto:qrph@ihe.net\">qrph@ihe.net</a></p><p><b>description</b>: </p><div><p>IHE CCG example for Referral Order ActivityDefinition (based on HL7 CPG example)</p>\n</div><p><b>jurisdiction</b>: <span title=\"Codes:{http://unstats.un.org/unsd/methods/m49/m49.htm 001}\">Global (Whole world)</span></p><p><b>topic</b>: <span title=\"Codes:{https://profiles.ihe.net/QRPH/CCG/CodeSystem/ccg-card-type-cs reqref}\">Request a Service (Referral)</span></p><p><b>kind</b>: ServiceRequest</p><p><b>profile</b>: <a href=\"http://hl7.org/fhir/uv/cpg/STU2/StructureDefinition-cpg-servicerequest.html\">CPG Service Request</a></p><p><b>code</b>: <span title=\"Codes:{http://hl7.org/fhir/uv/cpg/CodeSystem/cpg-activity-type-cs order-service}\">Order a service</span></p><p><b>intent</b>: Proposal</p><p><b>doNotPerform</b>: false</p><blockquote><p><b>dynamicValue</b></p><p><b>path</b>: status</p><h3>Expressions</h3><table class=\"grid\"><tr><td style=\"display: none\">-</td><td><b>Language</b></td><td><b>Expression</b></td></tr><tr><td style=\"display: none\">*</td><td>CQL</td><td>'draft referral order'</td></tr></table></blockquote></div>"
  },
  "extension" : [{
    "url" : "http://hl7.org/fhir/StructureDefinition/cqf-knowledgeCapability",
    "valueCode" : "shareable"
  },
  {
    "url" : "http://hl7.org/fhir/StructureDefinition/cqf-knowledgeCapability",
    "valueCode" : "computable"
  },
  {
    "url" : "http://hl7.org/fhir/StructureDefinition/cqf-knowledgeCapability",
    "valueCode" : "publishable"
  }],
  "url" : "http://example.org/fhir/uv/cpg/ActivityDefinition/activity-example-orderservice-ref-ad",
  "identifier" : [{
    "system" : "urn:ietf:rfc:3986",
    "value" : "urn:oid:2.16.840.1.113883.4.642.40.48.11.93"
  }],
  "version" : "1.0.0-comment",
  "name" : "ActivityExampleOrderServiceRefAD",
  "title" : "Activity Example Order Service (Referral) AD",
  "status" : "active",
  "experimental" : true,
  "date" : "2024-11-26T16:34:39+00:00",
  "publisher" : "IHE QRPH Technical Committee",
  "contact" : [{
    "telecom" : [{
      "system" : "url",
      "value" : "https://www.ihe.net/ihe_domains/quality_research_and_public_health/"
    }]
  },
  {
    "telecom" : [{
      "system" : "email",
      "value" : "qrph@ihe.net"
    }]
  },
  {
    "name" : "IHE QRPH Technical Committee",
    "telecom" : [{
      "system" : "email",
      "value" : "qrph@ihe.net"
    }]
  }],
  "description" : "IHE CCG example for Referral Order ActivityDefinition (based on HL7 CPG example)",
  "jurisdiction" : [{
    "coding" : [{
      "system" : "http://unstats.un.org/unsd/methods/m49/m49.htm",
      "code" : "001"
    }]
  }],
  "topic" : [{
    "coding" : [{
      "system" : "https://profiles.ihe.net/QRPH/CCG/CodeSystem/ccg-card-type-cs",
      "code" : "reqref"
    }]
  }],
  "kind" : "ServiceRequest",
  "profile" : "http://hl7.org/fhir/uv/cpg/StructureDefinition/cpg-servicerequest",
  "code" : {
    "coding" : [{
      "system" : "http://hl7.org/fhir/uv/cpg/CodeSystem/cpg-activity-type-cs",
      "code" : "order-service",
      "display" : "Order a service"
    }]
  },
  "intent" : "proposal",
  "doNotPerform" : false,
  "dynamicValue" : [{
    "path" : "status",
    "expression" : {
      "language" : "text/cql",
      "expression" : "'draft referral order'"
    }
  }]
}