{
  "resourceType" : "PlanDefinition",
  "id" : "card-example-propdx",
  "meta" : {
    "profile" : ["https://profiles.ihe.net/QRPH/CCG/StructureDefinition/ccg-card-proposedx"]
  },
  "text" : {
    "status" : "generated",
    "div" : "<div xmlns=\"http://www.w3.org/1999/xhtml\"><p class=\"res-header-id\"><b>Generated Narrative: PlanDefinition card-example-propdx</b></p><a name=\"card-example-propdx\"> </a><a name=\"hccard-example-propdx\"> </a><a name=\"card-example-propdx-en-US\"> </a><div style=\"display: inline-block; background-color: #d9e0e7; padding: 6px; margin: 4px; border: 1px solid #8da1b4; border-radius: 5px; line-height: 60%\"><p style=\"margin-bottom: 0px\"/><p style=\"margin-bottom: 0px\">Profile: <a href=\"StructureDefinition-ccg-card-proposedx.html\">CCG CARD type - Propose a Diagnosis</a></p></div><p><b>url</b>: <a href=\"PlanDefinition-card-example-propdx.html\">PlanDefinition CCG CARD example - propose a diagnosis</a></p><p><b>version</b>: 1.0.0-comment</p><p><b>name</b>: ExampleCARDpropdx</p><p><b>title</b>: CCG CARD example - propose a diagnosis</p><p><b>type</b>: <span title=\"Codes:{http://terminology.hl7.org/CodeSystem/plan-definition-type eca-rule}\">ECA Rule</span></p><p><b>status</b>: Active</p><p><b>experimental</b>: true</p><p><b>date</b>: 2024-11-18 17:56:55+0000</p><p><b>publisher</b>: IHE QRPH Technical Committee</p><p><b>contact</b>: <a href=\"https://www.ihe.net/ihe_domains/quality_research_and_public_health/\">https://www.ihe.net/ihe_domains/quality_research_and_public_health/</a>, <a href=\"mailto:qrph@ihe.net\">qrph@ihe.net</a>, IHE QRPH Technical Committee: <a href=\"mailto:qrph@ihe.net\">qrph@ihe.net</a></p><p><b>description</b>: </p><div><p>IHE CCG example for Propose Diagnosis CARD (based on HL7 CPG example)</p>\n</div><p><b>jurisdiction</b>: <span title=\"Codes:{http://unstats.un.org/unsd/methods/m49/m49.htm 001}\">Global (Whole world)</span></p><p><b>topic</b>: <span title=\"Codes:{https://profiles.ihe.net/QRPH/CCG/CodeSystem/ccg-card-type-cs propdx}\">Propose a Diagnosis</span></p><blockquote><p><b>relatedArtifact</b></p><p><b>type</b>: Documentation</p><p><b>url</b>: <a href=\"https://www.who.int/southeastasia/publications/i/item/who-ucn-ncd-20.1\">https://www.who.int/southeastasia/publications/i/item/who-ucn-ncd-20.1</a></p><h3>Documents</h3><table class=\"grid\"><tr><td style=\"display: none\">-</td><td><b>Url</b></td></tr><tr><td style=\"display: none\">*</td><td><a href=\"https://www.who.int/southeastasia/publications/i/item/who-ucn-ncd-20.1\">https://www.who.int/southeastasia/publications/i/item/who-ucn-ncd-20.1</a></td></tr></table></blockquote><p><b>library</b>: <code>http://example.org/Library/propdx</code></p><blockquote><p><b>action</b></p><blockquote><p><b>condition</b></p><p><b>kind</b>: Applicability</p><h3>Expressions</h3><table class=\"grid\"><tr><td style=\"display: none\">-</td><td><b>Language</b></td><td><b>Expression</b></td></tr><tr><td style=\"display: none\">*</td><td>CQL</td><td>HbA1C results indicate Diabetes</td></tr></table></blockquote><p><b>definition</b>: <a href=\"ActivityDefinition-activity-example-proposediagnosis-ad.html\">Activity Example Propose Diagnosis AD</a></p></blockquote></div>"
  },
  "url" : "http://example.org/PlanDefinition/card-example-propdx",
  "version" : "1.0.0-comment",
  "name" : "ExampleCARDpropdx",
  "title" : "CCG CARD example - propose a diagnosis",
  "type" : {
    "coding" : [{
      "system" : "http://terminology.hl7.org/CodeSystem/plan-definition-type",
      "code" : "eca-rule"
    }]
  },
  "status" : "active",
  "experimental" : true,
  "date" : "2024-11-18T17:56:55+00:00",
  "publisher" : "IHE QRPH Technical Committee",
  "contact" : [{
    "telecom" : [{
      "system" : "url",
      "value" : "https://www.ihe.net/ihe_domains/quality_research_and_public_health/"
    }]
  },
  {
    "telecom" : [{
      "system" : "email",
      "value" : "qrph@ihe.net"
    }]
  },
  {
    "name" : "IHE QRPH Technical Committee",
    "telecom" : [{
      "system" : "email",
      "value" : "qrph@ihe.net"
    }]
  }],
  "description" : "IHE CCG example for Propose Diagnosis CARD (based on HL7 CPG example)",
  "jurisdiction" : [{
    "coding" : [{
      "system" : "http://unstats.un.org/unsd/methods/m49/m49.htm",
      "code" : "001"
    }]
  }],
  "topic" : [{
    "coding" : [{
      "system" : "https://profiles.ihe.net/QRPH/CCG/CodeSystem/ccg-card-type-cs",
      "code" : "propdx"
    }]
  }],
  "relatedArtifact" : [{
    "type" : "documentation",
    "url" : "https://www.who.int/southeastasia/publications/i/item/who-ucn-ncd-20.1",
    "document" : {
      "url" : "https://www.who.int/southeastasia/publications/i/item/who-ucn-ncd-20.1"
    }
  }],
  "library" : ["http://example.org/Library/propdx"],
  "action" : [{
    "condition" : [{
      "kind" : "applicability",
      "expression" : {
        "language" : "text/cql",
        "expression" : "HbA1C results indicate Diabetes"
      }
    }],
    "definitionCanonical" : "http://example.org/fhir/uv/cpg/ActivityDefinition/activity-example-proposediagnosis-ad"
  }]
}