{
  "resourceType" : "ValueSet",
  "id" : "51867ec9-d41f-4e03-a363-3e84d91740d9-209",
  "url" : "http://hl7.org/fhir/comparison/ValueSet/51867ec9-d41f-4e03-a363-3e84d91740d9-209",
  "name" : "UnionCCG_Card_TypeAndCCG_Card_Type",
  "title" : "Union of ValueSet of all Current CCG Card Types And ValueSet of all Current CCG Card Types",
  "status" : "active",
  "date" : "2025-10-02T10:22:00-05:00",
  "jurisdiction" : [{
    "coding" : [{
      "system" : "http://unstats.un.org/unsd/methods/m49/m49.htm",
      "code" : "001"
    }]
  }]
}