{
  "resourceType": "StructureDefinition",
  "id": "ihe-assuranceLevel",
  "text": {
    "status": "extensions",
    "div": "<div xmlns=\"http://www.w3.org/1999/xhtml\"><table border=\"0\" cellpadding=\"0\" cellspacing=\"0\" style=\"border: 0px #F0F0F0 solid; font-size: 11px; font-family: verdana; vertical-align: top;\"><tr style=\"border: 1px #F0F0F0 solid; font-size: 11px; font-family: verdana; vertical-align: top\"><th style=\"vertical-align: top; text-align : left; background-color: white; border: 0px #F0F0F0 solid; padding:0px 4px 0px 4px\" class=\"hierarchy\"><a href=\"http://hl7.org/fhir/R4/formats.html#table\" title=\"The logical name of the element\">Name</a></th><th style=\"vertical-align: top; text-align : left; background-color: white; border: 0px #F0F0F0 solid; padding:0px 4px 0px 4px\" class=\"hierarchy\"><a href=\"http://hl7.org/fhir/R4/formats.html#table\" title=\"Information about the use of the element\">Flags</a></th><th style=\"vertical-align: top; text-align : left; background-color: white; border: 0px #F0F0F0 solid; padding:0px 4px 0px 4px\" class=\"hierarchy\"><a href=\"http://hl7.org/fhir/R4/formats.html#table\" title=\"Minimum and Maximum # of times the the element can appear in the instance\">Card.</a></th><th style=\"width: 100px\" class=\"hierarchy\"><a href=\"http://hl7.org/fhir/R4/formats.html#table\" title=\"Reference to the type of the element\">Type</a></th><th style=\"vertical-align: top; text-align : left; background-color: white; border: 0px #F0F0F0 solid; padding:0px 4px 0px 4px\" class=\"hierarchy\"><a href=\"http://hl7.org/fhir/R4/formats.html#table\" title=\"Additional information about the element\">Description &amp; Constraints</a><span style=\"float: right\"><a href=\"http://hl7.org/fhir/R4/formats.html#table\" title=\"Legend for this format\"><img src=\"http://hl7.org/fhir/R4/help16.png\" alt=\"doco\" style=\"background-color: inherit\"/></a></span></th></tr><tr style=\"border: 0px #F0F0F0 solid; padding:0px; vertical-align: top; background-color: white\"><td style=\"vertical-align: top; text-align : left; background-color: white; border: 0px #F0F0F0 solid; padding:0px 4px 0px 4px; white-space: nowrap; background-image: url(tbl_bck1.png)\" class=\"hierarchy\"><img src=\"tbl_spacer.png\" alt=\".\" style=\"background-color: inherit\" class=\"hierarchy\"/><img src=\"icon_element.gif\" alt=\".\" style=\"background-color: white; background-color: inherit\" title=\"Element\" class=\"hierarchy\"/> <a href=\"StructureDefinition-ihe-assuranceLevel-definitions.html#Extension\" title=\"The assuranceLevel element carries various types of Assurance level. May be an Identity Assurance (IAL), an Authentication Assurance Level (AAL), a Federation Assurance Level (FAL), or other. \n\nIn SAML this is [defined to be carried](https://docs.oasis-open.org/security/saml/v2.0/saml-authn-context-2.0-os.pdf) in the `saml:AuthnContextClassRef`, but may be carried elsewhere based on the use-case and profiling of SAML.\n\nThe Vocabulary is not defined here. Some sources of vocabulary:\n- HL7 v3 [Security Trust Assurance ValueSet](https://terminology.hl7.org/3.0.0/ValueSet-v3-SecurityTrustAssuranceObservationValue.html). These include ISO-7498-2, NIST 800-63-1, and NIST-800-63-2.\n- [idmanagement.gov](https://developers.login.gov/saml/#specifying-attributes-and-assurance-levels) published on login.gov\n  - this is defined to be carried in the saml:AuthnContextClassRef\n- OASIS [Authentication Context for SAML](https://docs.oasis-open.org/security/saml/v2.0/saml-authn-context-2.0-os.pdf)\n- An example of a customized and purpose defined small set of codes can be found in the HL7 [SMART Health Cards](http://hl7.org/fhir/uv/shc-vaccination/2021Sep/) defines a [valueset](http://hl7.org/fhir/uv/shc-vaccination/ValueSet/identity-assurance-level)\">Extension</a><a name=\"Extension\"> </a></td><td style=\"vertical-align: top; text-align : left; background-color: white; border: 0px #F0F0F0 solid; padding:0px 4px 0px 4px\" class=\"hierarchy\"/><td style=\"vertical-align: top; text-align : left; background-color: white; border: 0px #F0F0F0 solid; padding:0px 4px 0px 4px\" class=\"hierarchy\"><span style=\"opacity: 0.5\">0</span><span style=\"opacity: 0.5\">..</span><span style=\"opacity: 0.5\">*</span></td><td style=\"vertical-align: top; text-align : left; background-color: white; border: 0px #F0F0F0 solid; padding:0px 4px 0px 4px\" class=\"hierarchy\"><a href=\"http://hl7.org/fhir/R4/extensibility.html#Extension\">Extension</a></td><td style=\"vertical-align: top; text-align : left; background-color: white; border: 0px #F0F0F0 solid; padding:0px 4px 0px 4px\" class=\"hierarchy\">AuditEvent.agent Assurance Level</td></tr>\r\n<tr style=\"border: 0px #F0F0F0 solid; padding:0px; vertical-align: top; background-color: #F7F7F7\"><td style=\"vertical-align: top; text-align : left; background-color: #F7F7F7; border: 0px #F0F0F0 solid; padding:0px 4px 0px 4px; white-space: nowrap; background-image: url(tbl_bck10.png)\" class=\"hierarchy\"><img src=\"tbl_spacer.png\" alt=\".\" style=\"background-color: inherit\" class=\"hierarchy\"/><img src=\"tbl_vjoin.png\" alt=\".\" style=\"background-color: inherit\" class=\"hierarchy\"/><img src=\"icon_extension_simple.png\" alt=\".\" style=\"background-color: #F7F7F7; background-color: inherit\" title=\"Simple Extension\" class=\"hierarchy\"/> <span style=\"text-decoration:line-through\">extension</span><a name=\"Extension.extension\"> </a></td><td style=\"vertical-align: top; text-align : left; background-color: #F7F7F7; border: 0px #F0F0F0 solid; padding:0px 4px 0px 4px\" class=\"hierarchy\"/><td style=\"vertical-align: top; text-align : left; background-color: #F7F7F7; border: 0px #F0F0F0 solid; padding:0px 4px 0px 4px\" class=\"hierarchy\"><span style=\"text-decoration:line-through\"/><span style=\"text-decoration:line-through\">0</span><span style=\"text-decoration:line-through\">..</span><span style=\"text-decoration:line-through\">0</span></td><td style=\"vertical-align: top; text-align : left; background-color: #F7F7F7; border: 0px #F0F0F0 solid; padding:0px 4px 0px 4px\" class=\"hierarchy\"/><td style=\"vertical-align: top; text-align : left; background-color: #F7F7F7; border: 0px #F0F0F0 solid; padding:0px 4px 0px 4px\" class=\"hierarchy\"/></tr>\r\n<tr style=\"border: 0px #F0F0F0 solid; padding:0px; vertical-align: top; background-color: white\"><td style=\"vertical-align: top; text-align : left; background-color: white; border: 0px #F0F0F0 solid; padding:0px 4px 0px 4px; white-space: nowrap; background-image: url(tbl_bck10.png)\" class=\"hierarchy\"><img src=\"tbl_spacer.png\" alt=\".\" style=\"background-color: inherit\" class=\"hierarchy\"/><img src=\"tbl_vjoin.png\" alt=\".\" style=\"background-color: inherit\" class=\"hierarchy\"/><img src=\"icon_element.gif\" alt=\".\" style=\"background-color: white; background-color: inherit\" title=\"Element\" class=\"hierarchy\"/> <a href=\"StructureDefinition-ihe-assuranceLevel-definitions.html#Extension.url\">url</a><a name=\"Extension.url\"> </a></td><td style=\"vertical-align: top; text-align : left; background-color: white; border: 0px #F0F0F0 solid; padding:0px 4px 0px 4px\" class=\"hierarchy\"/><td style=\"vertical-align: top; text-align : left; background-color: white; border: 0px #F0F0F0 solid; padding:0px 4px 0px 4px\" class=\"hierarchy\"><span style=\"opacity: 0.5\">1</span><span style=\"opacity: 0.5\">..</span><span style=\"opacity: 0.5\">1</span></td><td style=\"vertical-align: top; text-align : left; background-color: white; border: 0px #F0F0F0 solid; padding:0px 4px 0px 4px\" class=\"hierarchy\"><a style=\"opacity: 0.5\" href=\"http://hl7.org/fhir/R4/datatypes.html#uri\">uri</a></td><td style=\"vertical-align: top; text-align : left; background-color: white; border: 0px #F0F0F0 solid; padding:0px 4px 0px 4px\" class=\"hierarchy\"><span style=\"color: darkgreen\">&quot;https://profiles.ihe.net/ITI/BALP/StructureDefinition/ihe-assuranceLevel&quot;</span></td></tr>\r\n<tr style=\"border: 0px #F0F0F0 solid; padding:0px; vertical-align: top; background-color: #F7F7F7\"><td style=\"vertical-align: top; text-align : left; background-color: #F7F7F7; border: 0px #F0F0F0 solid; padding:0px 4px 0px 4px; white-space: nowrap; background-image: url(tbl_bck12.png)\" class=\"hierarchy\"><img src=\"tbl_spacer.png\" alt=\".\" style=\"background-color: inherit\" class=\"hierarchy\"/><img src=\"tbl_vjoin.png\" alt=\".\" style=\"background-color: inherit\" class=\"hierarchy\"/><img src=\"icon_slice.png\" alt=\".\" style=\"background-color: #F7F7F7; background-color: inherit\" title=\"Slice Definition\" class=\"hierarchy\"/> <a style=\"font-style: italic\" href=\"StructureDefinition-ihe-assuranceLevel-definitions.html#Extension.value[x]\">value[x]</a><a name=\"Extension.value_x_\"> </a></td><td style=\"vertical-align: top; text-align : left; background-color: #F7F7F7; border: 0px #F0F0F0 solid; padding:0px 4px 0px 4px\" class=\"hierarchy\"/><td style=\"vertical-align: top; text-align : left; background-color: #F7F7F7; border: 0px #F0F0F0 solid; padding:0px 4px 0px 4px\" class=\"hierarchy\"><span style=\"font-style: italic\"/><span style=\"font-style: italic\">1</span><span style=\"font-style: italic\">..</span><span style=\"opacity: 0.5; font-style: italic\">1</span></td><td style=\"vertical-align: top; text-align : left; background-color: #F7F7F7; border: 0px #F0F0F0 solid; padding:0px 4px 0px 4px\" class=\"hierarchy\"><a style=\"font-style: italic\" href=\"http://hl7.org/fhir/R4/datatypes.html#CodeableConcept\">CodeableConcept</a></td><td style=\"vertical-align: top; text-align : left; background-color: #F7F7F7; border: 0px #F0F0F0 solid; padding:0px 4px 0px 4px\" class=\"hierarchy\"><span style=\"opacity: 0.5; font-style: italic\">Value of extension</span><br style=\"font-style: italic\"/><span style=\"font-weight:bold; font-style: italic\">Slice: </span><span style=\"font-style: italic\">Unordered, Open by type:$this</span></td></tr>\r\n<tr style=\"border: 0px #F0F0F0 solid; padding:0px; vertical-align: top; background-color: white\"><td style=\"vertical-align: top; text-align : left; background-color: white; border: 0px #F0F0F0 solid; padding:0px 4px 0px 4px; white-space: nowrap; background-image: url(tbl_bck00.png)\" class=\"hierarchy\"><img src=\"tbl_spacer.png\" alt=\".\" style=\"background-color: inherit\" class=\"hierarchy\"/><img src=\"tbl_vjoin_end.png\" alt=\".\" style=\"background-color: inherit\" class=\"hierarchy\"/><img src=\"icon_element.gif\" alt=\".\" style=\"background-color: white; background-color: inherit\" title=\"Element\" class=\"hierarchy\"/> <a href=\"StructureDefinition-ihe-assuranceLevel-definitions.html#Extension.valueCodeableConcept\">valueCodeableConcept</a><a name=\"Extension.valueCodeableConcept\"> </a></td><td style=\"vertical-align: top; text-align : left; background-color: white; border: 0px #F0F0F0 solid; padding:0px 4px 0px 4px\" class=\"hierarchy\"/><td style=\"vertical-align: top; text-align : left; background-color: white; border: 0px #F0F0F0 solid; padding:0px 4px 0px 4px\" class=\"hierarchy\">1..1</td><td style=\"vertical-align: top; text-align : left; background-color: white; border: 0px #F0F0F0 solid; padding:0px 4px 0px 4px\" class=\"hierarchy\"><a style=\"opacity: 0.5\" href=\"http://hl7.org/fhir/R4/datatypes.html#CodeableConcept\">CodeableConcept</a></td><td style=\"vertical-align: top; text-align : left; background-color: white; border: 0px #F0F0F0 solid; padding:0px 4px 0px 4px\" class=\"hierarchy\"><span style=\"opacity: 0.5\">Value of extension</span><br/><span style=\"font-weight:bold\">Binding: </span><a href=\"http://terminology.hl7.org/4.0.0/ValueSet-v3-SecurityTrustAssuranceObservationValue.html\">SecurityTrustAssuranceObservationValue</a> (<a href=\"http://hl7.org/fhir/R4/terminologies.html#preferred\" title=\"Instances are encouraged to draw from the specified codes for interoperability purposes but are not required to do so to be considered conformant.\">preferred</a>)</td></tr>\r\n<tr><td colspan=\"5\" class=\"hierarchy\"><br/><a href=\"http://hl7.org/fhir/R4/formats.html#table\" title=\"Legend for this format\"><img src=\"http://hl7.org/fhir/R4/help16.png\" alt=\"doco\" style=\"background-color: inherit\"/> Documentation for this format</a></td></tr></table></div>"
  },
  "url": "https://profiles.ihe.net/ITI/BALP/StructureDefinition/ihe-assuranceLevel",
  "version": "1.1.1",
  "name": "AssuranceLevel",
  "title": "AuditEvent.agent Assurance Level",
  "status": "active",
  "date": "2022-10-21T08:59:33-05:00",
  "publisher": "IHE IT Infrastructure Technical Committee",
  "contact": [
    {
      "telecom": [
        {
          "system": "url",
          "value": "https://www.ihe.net/ihe_domains/it_infrastructure/"
        }
      ]
    },
    {
      "telecom": [
        {
          "system": "email",
          "value": "iti@ihe.net"
        }
      ]
    },
    {
      "name": "IHE IT Infrastructure Technical Committee",
      "telecom": [
        {
          "system": "email",
          "value": "iti@ihe.net"
        }
      ]
    }
  ],
  "description": "The assuranceLevel element carries various types of Assurance level. May be an Identity Assurance (IAL), an Authentication Assurance Level (AAL), a Federation Assurance Level (FAL), or other. \n\nIn SAML this is [defined to be carried](https://docs.oasis-open.org/security/saml/v2.0/saml-authn-context-2.0-os.pdf) in the `saml:AuthnContextClassRef`, but may be carried elsewhere based on the use-case and profiling of SAML.\n\nThe Vocabulary is not defined here. Some sources of vocabulary:\n- HL7 v3 [Security Trust Assurance ValueSet](https://terminology.hl7.org/3.0.0/ValueSet-v3-SecurityTrustAssuranceObservationValue.html). These include ISO-7498-2, NIST 800-63-1, and NIST-800-63-2.\n- [idmanagement.gov](https://developers.login.gov/saml/#specifying-attributes-and-assurance-levels) published on login.gov\n  - this is defined to be carried in the saml:AuthnContextClassRef\n- OASIS [Authentication Context for SAML](https://docs.oasis-open.org/security/saml/v2.0/saml-authn-context-2.0-os.pdf)\n- An example of a customized and purpose defined small set of codes can be found in the HL7 [SMART Health Cards](http://hl7.org/fhir/uv/shc-vaccination/2021Sep/) defines a [valueset](http://hl7.org/fhir/uv/shc-vaccination/ValueSet/identity-assurance-level)",
  "jurisdiction": [
    {
      "coding": [
        {
          "system": "http://unstats.un.org/unsd/methods/m49/m49.htm",
          "code": "001"
        }
      ]
    }
  ],
  "fhirVersion": "4.0.1",
  "mapping": [
    {
      "identity": "rim",
      "uri": "http://hl7.org/v3",
      "name": "RIM Mapping"
    }
  ],
  "kind": "complex-type",
  "abstract": false,
  "context": [
    {
      "type": "element",
      "expression": "Element"
    }
  ],
  "type": "Extension",
  "baseDefinition": "http://hl7.org/fhir/StructureDefinition/Extension",
  "derivation": "constraint",
  "snapshot": {
    "element": [
      {
        "id": "Extension",
        "path": "Extension",
        "short": "AuditEvent.agent Assurance Level",
        "definition": "The assuranceLevel element carries various types of Assurance level. May be an Identity Assurance (IAL), an Authentication Assurance Level (AAL), a Federation Assurance Level (FAL), or other. \n\nIn SAML this is [defined to be carried](https://docs.oasis-open.org/security/saml/v2.0/saml-authn-context-2.0-os.pdf) in the `saml:AuthnContextClassRef`, but may be carried elsewhere based on the use-case and profiling of SAML.\n\nThe Vocabulary is not defined here. Some sources of vocabulary:\n- HL7 v3 [Security Trust Assurance ValueSet](https://terminology.hl7.org/3.0.0/ValueSet-v3-SecurityTrustAssuranceObservationValue.html). These include ISO-7498-2, NIST 800-63-1, and NIST-800-63-2.\n- [idmanagement.gov](https://developers.login.gov/saml/#specifying-attributes-and-assurance-levels) published on login.gov\n  - this is defined to be carried in the saml:AuthnContextClassRef\n- OASIS [Authentication Context for SAML](https://docs.oasis-open.org/security/saml/v2.0/saml-authn-context-2.0-os.pdf)\n- An example of a customized and purpose defined small set of codes can be found in the HL7 [SMART Health Cards](http://hl7.org/fhir/uv/shc-vaccination/2021Sep/) defines a [valueset](http://hl7.org/fhir/uv/shc-vaccination/ValueSet/identity-assurance-level)",
        "min": 0,
        "max": "*",
        "base": {
          "path": "Extension",
          "min": 0,
          "max": "*"
        },
        "condition": [
          "ele-1"
        ],
        "constraint": [
          {
            "key": "ele-1",
            "severity": "error",
            "human": "All FHIR elements must have a @value or children",
            "expression": "hasValue() or (children().count() > id.count())",
            "xpath": "@value|f:*|h:div",
            "source": "http://hl7.org/fhir/StructureDefinition/Element"
          },
          {
            "key": "ext-1",
            "severity": "error",
            "human": "Must have either extensions or value[x], not both",
            "expression": "extension.exists() != value.exists()",
            "xpath": "exists(f:extension)!=exists(f:*[starts-with(local-name(.), 'value')])",
            "source": "http://hl7.org/fhir/StructureDefinition/Extension"
          }
        ],
        "isModifier": false
      },
      {
        "id": "Extension.id",
        "path": "Extension.id",
        "representation": [
          "xmlAttr"
        ],
        "short": "Unique id for inter-element referencing",
        "definition": "Unique id for the element within a resource (for internal references). This may be any string value that does not contain spaces.",
        "min": 0,
        "max": "1",
        "base": {
          "path": "Element.id",
          "min": 0,
          "max": "1"
        },
        "type": [
          {
            "extension": [
              {
                "url": "http://hl7.org/fhir/StructureDefinition/structuredefinition-fhir-type",
                "valueUrl": "string"
              }
            ],
            "code": "http://hl7.org/fhirpath/System.String"
          }
        ],
        "isModifier": false,
        "isSummary": false,
        "mapping": [
          {
            "identity": "rim",
            "map": "n/a"
          }
        ]
      },
      {
        "id": "Extension.extension",
        "path": "Extension.extension",
        "slicing": {
          "discriminator": [
            {
              "type": "value",
              "path": "url"
            }
          ],
          "description": "Extensions are always sliced by (at least) url",
          "rules": "open"
        },
        "short": "Extension",
        "definition": "An Extension",
        "min": 0,
        "max": "0",
        "base": {
          "path": "Element.extension",
          "min": 0,
          "max": "*"
        },
        "type": [
          {
            "code": "Extension"
          }
        ],
        "constraint": [
          {
            "key": "ele-1",
            "severity": "error",
            "human": "All FHIR elements must have a @value or children",
            "expression": "hasValue() or (children().count() > id.count())",
            "xpath": "@value|f:*|h:div",
            "source": "http://hl7.org/fhir/StructureDefinition/Element"
          },
          {
            "key": "ext-1",
            "severity": "error",
            "human": "Must have either extensions or value[x], not both",
            "expression": "extension.exists() != value.exists()",
            "xpath": "exists(f:extension)!=exists(f:*[starts-with(local-name(.), \"value\")])",
            "source": "http://hl7.org/fhir/StructureDefinition/Extension"
          }
        ],
        "isModifier": false,
        "isSummary": false
      },
      {
        "id": "Extension.url",
        "path": "Extension.url",
        "representation": [
          "xmlAttr"
        ],
        "short": "identifies the meaning of the extension",
        "definition": "Source of the definition for the extension code - a logical name or a URL.",
        "comment": "The definition may point directly to a computable or human-readable definition of the extensibility codes, or it may be a logical URI as declared in some other specification. The definition SHALL be a URI for the Structure Definition defining the extension.",
        "min": 1,
        "max": "1",
        "base": {
          "path": "Extension.url",
          "min": 1,
          "max": "1"
        },
        "type": [
          {
            "extension": [
              {
                "url": "http://hl7.org/fhir/StructureDefinition/structuredefinition-fhir-type",
                "valueUrl": "uri"
              }
            ],
            "code": "http://hl7.org/fhirpath/System.String"
          }
        ],
        "fixedUri": "https://profiles.ihe.net/ITI/BALP/StructureDefinition/ihe-assuranceLevel",
        "isModifier": false,
        "isSummary": false,
        "mapping": [
          {
            "identity": "rim",
            "map": "N/A"
          }
        ]
      },
      {
        "id": "Extension.value[x]",
        "path": "Extension.value[x]",
        "slicing": {
          "discriminator": [
            {
              "type": "type",
              "path": "$this"
            }
          ],
          "ordered": false,
          "rules": "closed"
        },
        "short": "Value of extension",
        "definition": "Value of extension - must be one of a constrained set of the data types (see [Extensibility](http://hl7.org/fhir/R4/extensibility.html) for a list).",
        "min": 1,
        "max": "1",
        "base": {
          "path": "Extension.value[x]",
          "min": 0,
          "max": "1"
        },
        "type": [
          {
            "code": "CodeableConcept"
          }
        ],
        "constraint": [
          {
            "key": "ele-1",
            "severity": "error",
            "human": "All FHIR elements must have a @value or children",
            "expression": "hasValue() or (children().count() > id.count())",
            "xpath": "@value|f:*|h:div",
            "source": "http://hl7.org/fhir/StructureDefinition/Element"
          }
        ],
        "isModifier": false,
        "isSummary": false,
        "mapping": [
          {
            "identity": "rim",
            "map": "N/A"
          }
        ]
      },
      {
        "id": "Extension.value[x]:valueCodeableConcept",
        "path": "Extension.value[x]",
        "sliceName": "valueCodeableConcept",
        "short": "Value of extension",
        "definition": "Value of extension - must be one of a constrained set of the data types (see [Extensibility](http://hl7.org/fhir/R4/extensibility.html) for a list).",
        "min": 1,
        "max": "1",
        "base": {
          "path": "Extension.value[x]",
          "min": 0,
          "max": "1"
        },
        "type": [
          {
            "code": "CodeableConcept"
          }
        ],
        "constraint": [
          {
            "key": "ele-1",
            "severity": "error",
            "human": "All FHIR elements must have a @value or children",
            "expression": "hasValue() or (children().count() > id.count())",
            "xpath": "@value|f:*|h:div",
            "source": "http://hl7.org/fhir/StructureDefinition/Element"
          }
        ],
        "isModifier": false,
        "isSummary": false,
        "binding": {
          "strength": "preferred",
          "valueSet": "http://terminology.hl7.org/ValueSet/v3-SecurityTrustAssuranceObservationValue"
        },
        "mapping": [
          {
            "identity": "rim",
            "map": "N/A"
          }
        ]
      }
    ]
  },
  "differential": {
    "element": [
      {
        "id": "Extension",
        "path": "Extension",
        "short": "AuditEvent.agent Assurance Level",
        "definition": "The assuranceLevel element carries various types of Assurance level. May be an Identity Assurance (IAL), an Authentication Assurance Level (AAL), a Federation Assurance Level (FAL), or other. \n\nIn SAML this is [defined to be carried](https://docs.oasis-open.org/security/saml/v2.0/saml-authn-context-2.0-os.pdf) in the `saml:AuthnContextClassRef`, but may be carried elsewhere based on the use-case and profiling of SAML.\n\nThe Vocabulary is not defined here. Some sources of vocabulary:\n- HL7 v3 [Security Trust Assurance ValueSet](https://terminology.hl7.org/3.0.0/ValueSet-v3-SecurityTrustAssuranceObservationValue.html). These include ISO-7498-2, NIST 800-63-1, and NIST-800-63-2.\n- [idmanagement.gov](https://developers.login.gov/saml/#specifying-attributes-and-assurance-levels) published on login.gov\n  - this is defined to be carried in the saml:AuthnContextClassRef\n- OASIS [Authentication Context for SAML](https://docs.oasis-open.org/security/saml/v2.0/saml-authn-context-2.0-os.pdf)\n- An example of a customized and purpose defined small set of codes can be found in the HL7 [SMART Health Cards](http://hl7.org/fhir/uv/shc-vaccination/2021Sep/) defines a [valueset](http://hl7.org/fhir/uv/shc-vaccination/ValueSet/identity-assurance-level)"
      },
      {
        "id": "Extension.extension",
        "path": "Extension.extension",
        "max": "0"
      },
      {
        "id": "Extension.url",
        "path": "Extension.url",
        "fixedUri": "https://profiles.ihe.net/ITI/BALP/StructureDefinition/ihe-assuranceLevel"
      },
      {
        "id": "Extension.value[x]",
        "path": "Extension.value[x]",
        "slicing": {
          "discriminator": [
            {
              "type": "type",
              "path": "$this"
            }
          ],
          "ordered": false,
          "rules": "open"
        },
        "min": 1,
        "type": [
          {
            "code": "CodeableConcept"
          }
        ]
      },
      {
        "id": "Extension.valueCodeableConcept",
        "path": "Extension.valueCodeableConcept",
        "min": 1,
        "max": "1",
        "binding": {
          "strength": "preferred",
          "valueSet": "http://terminology.hl7.org/ValueSet/v3-SecurityTrustAssuranceObservationValue"
        }
      }
    ]
  }
}