{
  "resourceType" : "CodeSystem",
  "id" : "MCSDEndpointIdentifierTypes",
  "text" : {
    "status" : "generated",
    "div" : "<div xmlns=\"http://www.w3.org/1999/xhtml\"><p class=\"res-header-id\"><b>Generated Narrative: CodeSystem MCSDEndpointIdentifierTypes</b></p><a name=\"MCSDEndpointIdentifierTypes\"> </a><a name=\"hcMCSDEndpointIdentifierTypes\"> </a><a name=\"MCSDEndpointIdentifierTypes-en-US\"> </a><p>This case-sensitive code system <code>https://profiles.ihe.net/ITI/mCSD/CodeSystem/MCSDEndpointIdentifierTypes</code> defines the following codes:</p><table class=\"codes\"><tr><td style=\"white-space:nowrap\"><b>Code</b></td><td><b>Display</b></td></tr><tr><td style=\"white-space:nowrap\">HCID<a name=\"MCSDEndpointIdentifierTypes-HCID\"> </a></td><td>Home Community Identifier: Identifies an Endpoint to an IHE community.</td></tr><tr><td style=\"white-space:nowrap\">DocRepoId<a name=\"MCSDEndpointIdentifierTypes-DocRepoId\"> </a></td><td>Identifies an Endpoint that is a source or repository of clinical documents.</td></tr></table></div>"
  },
  "url" : "https://profiles.ihe.net/ITI/mCSD/CodeSystem/MCSDEndpointIdentifierTypes",
  "version" : "3.9.0",
  "name" : "MCSDEndpointIdentifierTypes",
  "title" : "mCSD Type codes for Endpoint.identifier",
  "status" : "active",
  "experimental" : false,
  "date" : "2024-12-02T17:05:26-06:00",
  "publisher" : "IHE IT Infrastructure Technical Committee",
  "contact" : [{
    "telecom" : [{
      "system" : "url",
      "value" : "https://www.ihe.net/ihe_domains/it_infrastructure/"
    }]
  },
  {
    "telecom" : [{
      "system" : "email",
      "value" : "iti@ihe.net"
    }]
  },
  {
    "name" : "IHE IT Infrastructure Technical Committee",
    "telecom" : [{
      "system" : "email",
      "value" : "iti@ihe.net"
    }]
  }],
  "description" : "mCSD Type codes for specific business identifiers for Endpoint resources.",
  "jurisdiction" : [{
    "coding" : [{
      "system" : "http://unstats.un.org/unsd/methods/m49/m49.htm",
      "code" : "001"
    }]
  }],
  "caseSensitive" : true,
  "content" : "complete",
  "count" : 2,
  "concept" : [{
    "code" : "HCID",
    "display" : "Home Community Identifier: Identifies an Endpoint to an IHE community."
  },
  {
    "code" : "DocRepoId",
    "display" : "Identifies an Endpoint that is a source or repository of clinical documents."
  }]
}