{
  "resourceType" : "ValueSet",
  "id" : "Antepartum.Education.VS",
  "text" : {
    "status" : "generated",
    "div" : "<div xmlns=\"http://www.w3.org/1999/xhtml\"><ul><li>Include these codes as defined in <a href=\"http://www.snomed.org/\"><code>http://snomed.info/sct</code></a><table class=\"none\"><tr><td style=\"white-space:nowrap\"><b>Code</b></td><td><b>Display</b></td></tr><tr><td><a href=\"http://snomed.info/id/440047008\">440047008</a></td><td>Risk factors identified by prenatal history</td></tr><tr><td><a href=\"http://snomed.info/id/17629007\">17629007</a></td><td>Anticipated course of prenatal care</td></tr><tr><td><a href=\"http://snomed.info/id/171054004\">171054004</a></td><td>Nutrition and weight gain counseling</td></tr><tr><td><a href=\"http://snomed.info/id/439733009\">439733009</a></td><td>Toxoplasmosis precautions (cats/raw meat)</td></tr><tr><td><a href=\"http://snomed.info/id/162169002\">162169002</a></td><td>Sexual activity</td></tr><tr><td><a href=\"http://snomed.info/id/171056002\">171056002</a></td><td>Exercise</td></tr><tr><td><a href=\"http://snomed.info/id/171055003\">171055003</a></td><td>Smoking/tobacco counseling</td></tr><tr><td><a href=\"http://snomed.info/id/385872009\">385872009</a></td><td>Environmental/work hazards</td></tr><tr><td><a href=\"http://snomed.info/id/439816006\">439816006</a></td><td>Travel</td></tr><tr><td><a href=\"http://snomed.info/id/171057006\">171057006</a></td><td>Alcohol</td></tr><tr><td><a href=\"http://snomed.info/id/425014005\">425014005</a></td><td>Illicit/recreational drugs</td></tr><tr><td><a href=\"http://snomed.info/id/171058001\">171058001</a></td><td>Use of any medications</td></tr><tr><td><a href=\"http://snomed.info/id/440227005\">440227005</a></td><td>Indications for ultrasound</td></tr><tr><td><a href=\"http://snomed.info/id/413457006\">413457006</a></td><td>Domestic violence</td></tr><tr><td><a href=\"http://snomed.info/id/440638004\">440638004</a></td><td>Seatbelt use</td></tr><tr><td><a href=\"http://snomed.info/id/66961001\">66961001</a></td><td>Childbirth classes/hospital facilities</td></tr><tr><td><a href=\"http://snomed.info/id/440669000\">440669000</a></td><td>Signs and symptoms of preterm labor</td></tr><tr><td><a href=\"http://snomed.info/id/410299006\">410299006</a></td><td>Abnormal Lab Values</td></tr><tr><td><a href=\"http://snomed.info/id/439908001\">439908001</a></td><td>Selecting a newborn care provider</td></tr><tr><td><a href=\"http://snomed.info/id/54070000\">54070000</a></td><td>Postpartum family planning</td></tr><tr><td><a href=\"http://snomed.info/id/243064009\">243064009</a></td><td>Tubal sterilization</td></tr><tr><td><a href=\"http://snomed.info/id/243062008\">243062008</a></td><td>Third Trimester Anesthesia/analgesia plans</td></tr><tr><td><a href=\"http://snomed.info/id/310585007\">310585007</a></td><td>Intended Facility for Delivery plan</td></tr><tr><td><a href=\"http://snomed.info/id/440309009\">440309009</a></td><td>Fetal movement monitoring</td></tr><tr><td><a href=\"http://snomed.info/id/440671000\">440671000</a></td><td>Labor signs</td></tr><tr><td><a href=\"http://snomed.info/id/440073003\">440073003</a></td><td>VBAC counseling</td></tr><tr><td><a href=\"http://snomed.info/id/184002001\">184002001</a></td><td>Circumcision</td></tr><tr><td><a href=\"http://snomed.info/id/169644004\">169644004</a></td><td>Bottle feeding</td></tr><tr><td><a href=\"http://snomed.info/id/169643005\">169643005</a></td><td>Breast feeding</td></tr><tr><td><a href=\"http://snomed.info/id/439366005\">439366005</a></td><td>Postpartum depression</td></tr><tr><td><a href=\"http://snomed.info/id/75461000\">75461000</a></td><td>Newborn education (Newborn screening,jaundice, SIDS, car seat)</td></tr><tr><td><a href=\"http://snomed.info/id/40791000\">40791000</a></td><td>Family medical leave or disability forms</td></tr><tr><td><a href=\"http://snomed.info/id/408835000\">408835000</a></td><td>Tubal sterilization consent signed</td></tr></table></li></ul></div>"
  },
  "url" : "https://profiles.ihe.net/PCC/mAPS/ValueSet/Antepartum.Education.VS",
  "version" : "1.0.0-comment",
  "name" : "Antepartum_Education_VS",
  "title" : "Antepartum Education",
  "status" : "active",
  "experimental" : false,
  "date" : "2024-06-04T15:40:08-05:00",
  "publisher" : "IHE Patient Care Coordination Committee",
  "contact" : [{
    "telecom" : [{
      "system" : "url",
      "value" : "https://www.ihe.net/ihe_domains/patient_care_coordination/"
    }]
  },
  {
    "telecom" : [{
      "system" : "email",
      "value" : "pcc@ihe.net"
    }]
  },
  {
    "name" : "IHE Patient Care Coordination Committee",
    "telecom" : [{
      "system" : "email",
      "value" : "pcc@ihe.net"
    }]
  }],
  "description" : "This value set identifies the types of pregnancy-related education that may be delivered to the patient. ",
  "jurisdiction" : [{
    "coding" : [{
      "system" : "http://unstats.un.org/unsd/methods/m49/m49.htm",
      "code" : "001"
    }]
  }],
  "compose" : {
    "include" : [{
      "system" : "http://snomed.info/sct",
      "concept" : [{
        "code" : "440047008",
        "display" : "Risk factors identified by prenatal history"
      },
      {
        "code" : "17629007",
        "display" : "Anticipated course of prenatal care"
      },
      {
        "code" : "171054004",
        "display" : "Nutrition and weight gain counseling"
      },
      {
        "code" : "439733009",
        "display" : "Toxoplasmosis precautions (cats/raw meat)"
      },
      {
        "code" : "162169002",
        "display" : "Sexual activity"
      },
      {
        "code" : "171056002",
        "display" : "Exercise"
      },
      {
        "code" : "171055003",
        "display" : "Smoking/tobacco counseling"
      },
      {
        "code" : "385872009",
        "display" : "Environmental/work hazards"
      },
      {
        "code" : "439816006",
        "display" : "Travel"
      },
      {
        "code" : "171057006",
        "display" : "Alcohol"
      },
      {
        "code" : "425014005",
        "display" : "Illicit/recreational drugs"
      },
      {
        "code" : "171058001",
        "display" : "Use of any medications"
      },
      {
        "code" : "440227005",
        "display" : "Indications for ultrasound"
      },
      {
        "code" : "413457006",
        "display" : "Domestic violence"
      },
      {
        "code" : "440638004",
        "display" : "Seatbelt use"
      },
      {
        "code" : "66961001",
        "display" : "Childbirth classes/hospital facilities"
      },
      {
        "code" : "440669000",
        "display" : "Signs and symptoms of preterm labor"
      },
      {
        "code" : "410299006",
        "display" : "Abnormal Lab Values"
      },
      {
        "code" : "439908001",
        "display" : "Selecting a newborn care provider"
      },
      {
        "code" : "54070000",
        "display" : "Postpartum family planning"
      },
      {
        "code" : "243064009",
        "display" : "Tubal sterilization"
      },
      {
        "code" : "243062008",
        "display" : "Third Trimester Anesthesia/analgesia plans"
      },
      {
        "code" : "310585007",
        "display" : "Intended Facility for Delivery plan"
      },
      {
        "code" : "440309009",
        "display" : "Fetal movement monitoring"
      },
      {
        "code" : "440671000",
        "display" : "Labor signs"
      },
      {
        "code" : "440073003",
        "display" : "VBAC counseling"
      },
      {
        "code" : "184002001",
        "display" : "Circumcision"
      },
      {
        "code" : "169644004",
        "display" : "Bottle feeding"
      },
      {
        "code" : "169643005",
        "display" : "Breast feeding"
      },
      {
        "code" : "439366005",
        "display" : "Postpartum depression"
      },
      {
        "code" : "75461000",
        "display" : "Newborn education (Newborn screening,jaundice, SIDS, car seat)"
      },
      {
        "code" : "40791000",
        "display" : "Family medical leave or disability forms"
      },
      {
        "code" : "408835000",
        "display" : "Tubal sterilization consent signed"
      }]
    }]
  }
}