<?xml version="1.0" encoding="UTF-8"?>

<Observation xmlns="http://hl7.org/fhir">
  <id value="ex-GlucosePresenceinUrineTestStrip"/>
  <meta>
    <profile value="https://profiles.ihe.net/PCC/mAPS/StructureDefinition/IHE.GlucosePresenceinUrineTestStrip"/>
  </meta>
  <text>
    <status value="generated"/><div xmlns="http://www.w3.org/1999/xhtml"><p><b>Generated Narrative: Observation </b><a name="ex-GlucosePresenceinUrineTestStrip"> </a><a name="hcex-GlucosePresenceinUrineTestStrip"> </a></p><div style="display: inline-block; background-color: #d9e0e7; padding: 6px; margin: 4px; border: 1px solid #8da1b4; border-radius: 5px; line-height: 60%"><p style="margin-bottom: 0px">ResourceObservation &quot;ex-GlucosePresenceinUrineTestStrip&quot; </p><p style="margin-bottom: 0px">Profile: <a href="https://build.fhir.org/ig/IHE/PCC.mAPS/StructureDefinition-IHE.GlucosePresenceinUrineTestStrip.html">Albumin Presence In Urine test by strip</a></p></div><p><b>status</b>: final</p><p><b>category</b>: Exam <span style="background: LightGoldenRodYellow; margin: 4px; border: 1px solid khaki"> (<a href="http://terminology.hl7.org/5.5.0/CodeSystem-observation-category.html">Observation Category Codes</a>#exam)</span></p><p><b>code</b>: Glucose [Presence] in Urine <span style="background: LightGoldenRodYellow; margin: 4px; border: 1px solid khaki"> (<a href="https://loinc.org/">LOINC</a>#2349-9)</span></p><p><b>subject</b>: <a href="Patient-ex-Patient-AmandaAlvarez.html">Patient/ex-Patient-AmandaAlvarez</a> &quot; ALVAREZ&quot;</p><p><b>effective</b>: 2021-10-06 10:52:30-0700</p><p><b>performer</b>: <a href="Practitioner-ex-Practitioner.html">Practitioner/ex-Practitioner</a> &quot; HEPS&quot;</p><p><b>value</b>: Urine protein test negative <span style="background: LightGoldenRodYellow; margin: 4px; border: 1px solid khaki"> (<a href="https://browser.ihtsdotools.org/">SNOMED CT</a>#167273002)</span></p></div>
  </text>
  <status value="final"/>
  <category>
    <coding>
      <system value="http://terminology.hl7.org/CodeSystem/observation-category"/>
      <code value="exam"/>
    </coding>
  </category>
  <code>
    <coding>
      <system value="http://loinc.org"/>
      <code value="2349-9"/>
    </coding>
  </code>
  <subject>
    <reference value="Patient/ex-Patient-AmandaAlvarez"/>
  </subject>
  <effectiveDateTime value="2021-10-06T10:52:30-07:00"/>
  <performer>
    <reference value="Practitioner/ex-Practitioner"/>
  </performer>
  <valueCodeableConcept>
    <coding>
      <system value="http://snomed.info/sct"/>
      <code value="167273002"/>
    </coding>
  </valueCodeableConcept>
</Observation>