{
  "resourceType" : "Bundle",
  "id" : "3153e96a-3d5f-46c3-9e9b-c08fd1931b78",
  "meta" : {
    "lastUpdated" : "2025-10-31T10:59:52.944-05:00"
  },
  "type" : "collection",
  "entry" : [{
    "fullUrl" : "https://profiles.ihe.net/ITI/MHD/ValueSet/DocumentReferenceStats",
    "resource" : {
      "resourceType" : "ValueSet",
      "text" : {
        "status" : "generated",
        "div" : "<div xmlns=\"http://www.w3.org/1999/xhtml\"><p class=\"res-header-id\"/><p style=\"border: black 1px dotted; background-color: #EEEEEE; padding: 8px; margin-bottom: 8px\">Expansion performed internally based on <a href=\"http://hl7.org/fhir/R4/codesystem-document-reference-status.html\">codesystem DocumentReferenceStatus v4.0.1 (CodeSystem)</a><span class=\"copy-text-inline\"><button data-clipboard-text=\"http://hl7.org/fhir/document-reference-status|4.0.1\" title=\"Click to Copy URL\" class=\"btn-copy\"> </button></span></p><p>This value set contains 2 concepts</p><table class=\"codes\" data-fhir=\"generated\"><tr><td><b>System</b></td><td style=\"white-space:nowrap\"><b>Code</b></td><td><b>Display (en)</b></td><td><b>JSON</b></td><td><b>XML</b></td></tr><tr><td><a name=\"x-http://hl7.org/fhir/document-reference-status-current\"> </a><code>http://hl7.org/fhir/document-reference-status</code></td><td style=\"white-space:nowrap\">\u00a0\u00a0<a href=\"http://hl7.org/fhir/R4/codesystem-document-reference-status.html#document-reference-status-current\">current</a></td><td>Current</td><td><span class=\"copy-text-inline\"><button data-clipboard-text=\"{&quot;system&quot;: &quot;http://hl7.org/fhir/document-reference-status&quot;, &quot;version&quot;: &quot;4.0.1&quot;, &quot;code&quot;: &quot;current&quot;, &quot;display&quot;: &quot;Current&quot;}\" title=\"Click to Copy as Coding\" class=\"btn-copy\"> </button></span></td><td><span class=\"copy-text-inline\"><button data-clipboard-text=\"&lt;coding&gt;&lt;system value=&quot;http://hl7.org/fhir/document-reference-status&quot;&gt;&lt;version value=&quot;4.0.1&quot;&gt;&lt;code value=&quot;current&quot;&gt;&lt;display value=&quot;Current&quot;&gt;&lt;/coding&gt;\" title=\"Click to Copy as Coding\" class=\"btn-copy\"> </button></span></td></tr><tr><td><a name=\"x-http://hl7.org/fhir/document-reference-status-superseded\"> </a><code>http://hl7.org/fhir/document-reference-status</code></td><td style=\"white-space:nowrap\">\u00a0\u00a0<a href=\"http://hl7.org/fhir/R4/codesystem-document-reference-status.html#document-reference-status-superseded\">superseded</a></td><td>Superseded</td><td><span class=\"copy-text-inline\"><button data-clipboard-text=\"{&quot;system&quot;: &quot;http://hl7.org/fhir/document-reference-status&quot;, &quot;version&quot;: &quot;4.0.1&quot;, &quot;code&quot;: &quot;superseded&quot;, &quot;display&quot;: &quot;Superseded&quot;}\" title=\"Click to Copy as Coding\" class=\"btn-copy\"> </button></span></td><td><span class=\"copy-text-inline\"><button data-clipboard-text=\"&lt;coding&gt;&lt;system value=&quot;http://hl7.org/fhir/document-reference-status&quot;&gt;&lt;version value=&quot;4.0.1&quot;&gt;&lt;code value=&quot;superseded&quot;&gt;&lt;display value=&quot;Superseded&quot;&gt;&lt;/coding&gt;\" title=\"Click to Copy as Coding\" class=\"btn-copy\"> </button></span></td></tr></table></div>"
      },
      "url" : "https://profiles.ihe.net/ITI/MHD/ValueSet/DocumentReferenceStats",
      "version" : "4.2.3",
      "name" : "DocumentReferenceStats",
      "title" : "MHD DocumentReference status codes",
      "status" : "active",
      "experimental" : false,
      "date" : "2025-10-31T10:59:52-05:00",
      "jurisdiction" : [{
        "coding" : [{
          "system" : "http://unstats.un.org/unsd/methods/m49/m49.htm",
          "code" : "001",
          "display" : "World"
        }]
      }],
      "expansion" : {
        "identifier" : "urn:uuid:5fe8603b-00b4-4a17-9647-00f7aab2b418",
        "timestamp" : "2025-10-31T11:01:47-05:00",
        "total" : 2,
        "offset" : 0,
        "parameter" : [{
          "name" : "displayLanguage",
          "valueCode" : "en"
        },
        {
          "name" : "count",
          "valueInteger" : 1000
        },
        {
          "name" : "offset",
          "valueInteger" : 0
        },
        {
          "name" : "excludeNested",
          "valueBoolean" : false
        },
        {
          "name" : "warning-draft",
          "valueUri" : "http://hl7.org/fhir/document-reference-status|4.0.1"
        },
        {
          "name" : "used-codesystem",
          "valueUri" : "http://hl7.org/fhir/document-reference-status|4.0.1"
        }],
        "contains" : [{
          "system" : "http://hl7.org/fhir/document-reference-status",
          "code" : "current",
          "display" : "Current"
        },
        {
          "system" : "http://hl7.org/fhir/document-reference-status",
          "code" : "superseded",
          "display" : "Superseded"
        }]
      }
    }
  },
  {
    "fullUrl" : "https://profiles.ihe.net/ITI/MHD/ValueSet/MHDlistTypesVS",
    "resource" : {
      "resourceType" : "ValueSet",
      "text" : {
        "status" : "generated",
        "div" : "<div xmlns=\"http://www.w3.org/1999/xhtml\"><p class=\"res-header-id\"/><p style=\"border: black 1px dotted; background-color: #EEEEEE; padding: 8px; margin-bottom: 8px\">Expansion performed internally based on <a href=\"CodeSystem-MHDlistTypes.html\">codesystem MHD List Types v4.2.3 (CodeSystem)</a><span class=\"copy-text-inline\"><button data-clipboard-text=\"https://profiles.ihe.net/ITI/MHD/CodeSystem/MHDlistTypes|4.2.3\" title=\"Click to Copy URL\" class=\"btn-copy\"> </button></span></p><p>This value set contains 2 concepts</p><table class=\"codes\" data-fhir=\"generated\"><tr><td><b>System</b></td><td style=\"white-space:nowrap\"><b>Code</b></td><td><b>Display (en)</b></td><td><b>Definition</b></td><td><b>JSON</b></td><td><b>XML</b></td></tr><tr><td><a name=\"x-https://profiles.ihe.net/ITI/MHD/CodeSystem/MHDlistTypes-folder\"> </a><code>https://profiles.ihe.net/ITI/MHD/CodeSystem/MHDlistTypes</code></td><td style=\"white-space:nowrap\">\u00a0\u00a0<a href=\"CodeSystem-MHDlistTypes.html#MHDlistTypes-folder\">folder</a></td><td>Folder as a FHIR List</td><td/><td><span class=\"copy-text-inline\"><button data-clipboard-text=\"{&quot;system&quot;: &quot;https://profiles.ihe.net/ITI/MHD/CodeSystem/MHDlistTypes&quot;, &quot;version&quot;: &quot;4.2.3&quot;, &quot;code&quot;: &quot;folder&quot;, &quot;display&quot;: &quot;Folder as a FHIR List&quot;}\" title=\"Click to Copy as Coding\" class=\"btn-copy\"> </button></span></td><td><span class=\"copy-text-inline\"><button data-clipboard-text=\"&lt;coding&gt;&lt;system value=&quot;https://profiles.ihe.net/ITI/MHD/CodeSystem/MHDlistTypes&quot;&gt;&lt;version value=&quot;4.2.3&quot;&gt;&lt;code value=&quot;folder&quot;&gt;&lt;display value=&quot;Folder as a FHIR List&quot;&gt;&lt;/coding&gt;\" title=\"Click to Copy as Coding\" class=\"btn-copy\"> </button></span></td></tr><tr><td><a name=\"x-https://profiles.ihe.net/ITI/MHD/CodeSystem/MHDlistTypes-submissionset\"> </a><code>https://profiles.ihe.net/ITI/MHD/CodeSystem/MHDlistTypes</code></td><td style=\"white-space:nowrap\">\u00a0\u00a0<a href=\"CodeSystem-MHDlistTypes.html#MHDlistTypes-submissionset\">submissionset</a></td><td>SubmissionSet as a FHIR List</td><td/><td><span class=\"copy-text-inline\"><button data-clipboard-text=\"{&quot;system&quot;: &quot;https://profiles.ihe.net/ITI/MHD/CodeSystem/MHDlistTypes&quot;, &quot;version&quot;: &quot;4.2.3&quot;, &quot;code&quot;: &quot;submissionset&quot;, &quot;display&quot;: &quot;SubmissionSet as a FHIR List&quot;}\" title=\"Click to Copy as Coding\" class=\"btn-copy\"> </button></span></td><td><span class=\"copy-text-inline\"><button data-clipboard-text=\"&lt;coding&gt;&lt;system value=&quot;https://profiles.ihe.net/ITI/MHD/CodeSystem/MHDlistTypes&quot;&gt;&lt;version value=&quot;4.2.3&quot;&gt;&lt;code value=&quot;submissionset&quot;&gt;&lt;display value=&quot;SubmissionSet as a FHIR List&quot;&gt;&lt;/coding&gt;\" title=\"Click to Copy as Coding\" class=\"btn-copy\"> </button></span></td></tr></table></div>"
      },
      "url" : "https://profiles.ihe.net/ITI/MHD/ValueSet/MHDlistTypesVS",
      "version" : "4.2.3",
      "name" : "MHDlistTypesVS",
      "title" : "MHD List Types ValueSet",
      "status" : "active",
      "experimental" : false,
      "date" : "2025-10-31T10:59:52-05:00",
      "jurisdiction" : [{
        "coding" : [{
          "system" : "http://unstats.un.org/unsd/methods/m49/m49.htm",
          "code" : "001",
          "display" : "World"
        }]
      }],
      "expansion" : {
        "identifier" : "urn:uuid:cf97ec30-c019-4c3c-aebe-a9b6d7b15858",
        "timestamp" : "2025-10-31T11:01:47-05:00",
        "total" : 2,
        "offset" : 0,
        "parameter" : [{
          "name" : "displayLanguage",
          "valueCode" : "en"
        },
        {
          "name" : "count",
          "valueInteger" : 1000
        },
        {
          "name" : "offset",
          "valueInteger" : 0
        },
        {
          "name" : "excludeNested",
          "valueBoolean" : false
        },
        {
          "name" : "used-codesystem",
          "valueUri" : "https://profiles.ihe.net/ITI/MHD/CodeSystem/MHDlistTypes|4.2.3"
        }],
        "contains" : [{
          "system" : "https://profiles.ihe.net/ITI/MHD/CodeSystem/MHDlistTypes",
          "code" : "folder",
          "display" : "Folder as a FHIR List"
        },
        {
          "system" : "https://profiles.ihe.net/ITI/MHD/CodeSystem/MHDlistTypes",
          "code" : "submissionset",
          "display" : "SubmissionSet as a FHIR List"
        }]
      }
    }
  },
  {
    "fullUrl" : "https://profiles.ihe.net/ITI/MHD/ValueSet/MHDprovideFolderActions",
    "resource" : {
      "resourceType" : "ValueSet",
      "text" : {
        "status" : "generated",
        "div" : "<div xmlns=\"http://www.w3.org/1999/xhtml\"><p class=\"res-header-id\"/><p style=\"border: black 1px dotted; background-color: #EEEEEE; padding: 8px; margin-bottom: 8px\">Expansion performed internally based on <a href=\"http://hl7.org/fhir/R4/codesystem-http-verb.html\">codesystem HTTPVerb v4.0.1 (CodeSystem)</a><span class=\"copy-text-inline\"><button data-clipboard-text=\"http://hl7.org/fhir/http-verb|4.0.1\" title=\"Click to Copy URL\" class=\"btn-copy\"> </button></span></p><p>This value set contains 2 concepts</p><table class=\"codes\" data-fhir=\"generated\"><tr><td><b>System</b></td><td style=\"white-space:nowrap\"><b>Code</b></td><td><b>Display (en)</b></td><td><b>JSON</b></td><td><b>XML</b></td></tr><tr><td><a name=\"x-http://hl7.org/fhir/http-verb-POST\"> </a><code>http://hl7.org/fhir/http-verb</code></td><td style=\"white-space:nowrap\">\u00a0\u00a0<a href=\"http://hl7.org/fhir/R4/codesystem-http-verb.html#http-verb-POST\">POST</a></td><td>POST</td><td><span class=\"copy-text-inline\"><button data-clipboard-text=\"{&quot;system&quot;: &quot;http://hl7.org/fhir/http-verb&quot;, &quot;version&quot;: &quot;4.0.1&quot;, &quot;code&quot;: &quot;POST&quot;, &quot;display&quot;: &quot;POST&quot;}\" title=\"Click to Copy as Coding\" class=\"btn-copy\"> </button></span></td><td><span class=\"copy-text-inline\"><button data-clipboard-text=\"&lt;coding&gt;&lt;system value=&quot;http://hl7.org/fhir/http-verb&quot;&gt;&lt;version value=&quot;4.0.1&quot;&gt;&lt;code value=&quot;POST&quot;&gt;&lt;display value=&quot;POST&quot;&gt;&lt;/coding&gt;\" title=\"Click to Copy as Coding\" class=\"btn-copy\"> </button></span></td></tr><tr><td><a name=\"x-http://hl7.org/fhir/http-verb-PUT\"> </a><code>http://hl7.org/fhir/http-verb</code></td><td style=\"white-space:nowrap\">\u00a0\u00a0<a href=\"http://hl7.org/fhir/R4/codesystem-http-verb.html#http-verb-PUT\">PUT</a></td><td>PUT</td><td><span class=\"copy-text-inline\"><button data-clipboard-text=\"{&quot;system&quot;: &quot;http://hl7.org/fhir/http-verb&quot;, &quot;version&quot;: &quot;4.0.1&quot;, &quot;code&quot;: &quot;PUT&quot;, &quot;display&quot;: &quot;PUT&quot;}\" title=\"Click to Copy as Coding\" class=\"btn-copy\"> </button></span></td><td><span class=\"copy-text-inline\"><button data-clipboard-text=\"&lt;coding&gt;&lt;system value=&quot;http://hl7.org/fhir/http-verb&quot;&gt;&lt;version value=&quot;4.0.1&quot;&gt;&lt;code value=&quot;PUT&quot;&gt;&lt;display value=&quot;PUT&quot;&gt;&lt;/coding&gt;\" title=\"Click to Copy as Coding\" class=\"btn-copy\"> </button></span></td></tr></table></div>"
      },
      "url" : "https://profiles.ihe.net/ITI/MHD/ValueSet/MHDprovideFolderActions",
      "version" : "4.2.3",
      "name" : "MHDprovideFolderActions",
      "title" : "MHD Folder List Types ValueSet",
      "status" : "active",
      "experimental" : false,
      "date" : "2025-10-31T10:59:52-05:00",
      "jurisdiction" : [{
        "coding" : [{
          "system" : "http://unstats.un.org/unsd/methods/m49/m49.htm",
          "code" : "001",
          "display" : "World"
        }]
      }],
      "expansion" : {
        "identifier" : "urn:uuid:70b67bf9-3f32-443d-980a-d1489dbd7139",
        "timestamp" : "2025-10-31T11:01:47-05:00",
        "total" : 2,
        "offset" : 0,
        "parameter" : [{
          "name" : "displayLanguage",
          "valueCode" : "en"
        },
        {
          "name" : "count",
          "valueInteger" : 1000
        },
        {
          "name" : "offset",
          "valueInteger" : 0
        },
        {
          "name" : "excludeNested",
          "valueBoolean" : false
        },
        {
          "name" : "used-codesystem",
          "valueUri" : "http://hl7.org/fhir/http-verb|4.0.1"
        }],
        "contains" : [{
          "system" : "http://hl7.org/fhir/http-verb",
          "code" : "POST",
          "display" : "POST"
        },
        {
          "system" : "http://hl7.org/fhir/http-verb",
          "code" : "PUT",
          "display" : "PUT"
        }]
      }
    }
  },
  {
    "fullUrl" : "https://profiles.ihe.net/ITI/MHD/ValueSet/MHDprovidePatientActions",
    "resource" : {
      "resourceType" : "ValueSet",
      "text" : {
        "status" : "generated",
        "div" : "<div xmlns=\"http://www.w3.org/1999/xhtml\"><p class=\"res-header-id\"/><p style=\"border: black 1px dotted; background-color: #EEEEEE; padding: 8px; margin-bottom: 8px\">Expansion performed internally based on <a href=\"http://hl7.org/fhir/R4/codesystem-http-verb.html\">codesystem HTTPVerb v4.0.1 (CodeSystem)</a><span class=\"copy-text-inline\"><button data-clipboard-text=\"http://hl7.org/fhir/http-verb|4.0.1\" title=\"Click to Copy URL\" class=\"btn-copy\"> </button></span></p><p>This value set contains 3 concepts</p><table class=\"codes\" data-fhir=\"generated\"><tr><td><b>System</b></td><td style=\"white-space:nowrap\"><b>Code</b></td><td><b>Display (en)</b></td><td><b>JSON</b></td><td><b>XML</b></td></tr><tr><td><a name=\"x-http://hl7.org/fhir/http-verb-GET\"> </a><code>http://hl7.org/fhir/http-verb</code></td><td style=\"white-space:nowrap\">\u00a0\u00a0<a href=\"http://hl7.org/fhir/R4/codesystem-http-verb.html#http-verb-GET\">GET</a></td><td>GET</td><td><span class=\"copy-text-inline\"><button data-clipboard-text=\"{&quot;system&quot;: &quot;http://hl7.org/fhir/http-verb&quot;, &quot;version&quot;: &quot;4.0.1&quot;, &quot;code&quot;: &quot;GET&quot;, &quot;display&quot;: &quot;GET&quot;}\" title=\"Click to Copy as Coding\" class=\"btn-copy\"> </button></span></td><td><span class=\"copy-text-inline\"><button data-clipboard-text=\"&lt;coding&gt;&lt;system value=&quot;http://hl7.org/fhir/http-verb&quot;&gt;&lt;version value=&quot;4.0.1&quot;&gt;&lt;code value=&quot;GET&quot;&gt;&lt;display value=&quot;GET&quot;&gt;&lt;/coding&gt;\" title=\"Click to Copy as Coding\" class=\"btn-copy\"> </button></span></td></tr><tr><td><a name=\"x-http://hl7.org/fhir/http-verb-POST\"> </a><code>http://hl7.org/fhir/http-verb</code></td><td style=\"white-space:nowrap\">\u00a0\u00a0<a href=\"http://hl7.org/fhir/R4/codesystem-http-verb.html#http-verb-POST\">POST</a></td><td>POST</td><td><span class=\"copy-text-inline\"><button data-clipboard-text=\"{&quot;system&quot;: &quot;http://hl7.org/fhir/http-verb&quot;, &quot;version&quot;: &quot;4.0.1&quot;, &quot;code&quot;: &quot;POST&quot;, &quot;display&quot;: &quot;POST&quot;}\" title=\"Click to Copy as Coding\" class=\"btn-copy\"> </button></span></td><td><span class=\"copy-text-inline\"><button data-clipboard-text=\"&lt;coding&gt;&lt;system value=&quot;http://hl7.org/fhir/http-verb&quot;&gt;&lt;version value=&quot;4.0.1&quot;&gt;&lt;code value=&quot;POST&quot;&gt;&lt;display value=&quot;POST&quot;&gt;&lt;/coding&gt;\" title=\"Click to Copy as Coding\" class=\"btn-copy\"> </button></span></td></tr><tr><td><a name=\"x-http://hl7.org/fhir/http-verb-PUT\"> </a><code>http://hl7.org/fhir/http-verb</code></td><td style=\"white-space:nowrap\">\u00a0\u00a0<a href=\"http://hl7.org/fhir/R4/codesystem-http-verb.html#http-verb-PUT\">PUT</a></td><td>PUT</td><td><span class=\"copy-text-inline\"><button data-clipboard-text=\"{&quot;system&quot;: &quot;http://hl7.org/fhir/http-verb&quot;, &quot;version&quot;: &quot;4.0.1&quot;, &quot;code&quot;: &quot;PUT&quot;, &quot;display&quot;: &quot;PUT&quot;}\" title=\"Click to Copy as Coding\" class=\"btn-copy\"> </button></span></td><td><span class=\"copy-text-inline\"><button data-clipboard-text=\"&lt;coding&gt;&lt;system value=&quot;http://hl7.org/fhir/http-verb&quot;&gt;&lt;version value=&quot;4.0.1&quot;&gt;&lt;code value=&quot;PUT&quot;&gt;&lt;display value=&quot;PUT&quot;&gt;&lt;/coding&gt;\" title=\"Click to Copy as Coding\" class=\"btn-copy\"> </button></span></td></tr></table></div>"
      },
      "url" : "https://profiles.ihe.net/ITI/MHD/ValueSet/MHDprovidePatientActions",
      "version" : "4.2.3",
      "name" : "MHDprovidePatientActions",
      "title" : "MHD Patient Types ValueSet",
      "status" : "active",
      "experimental" : false,
      "date" : "2025-10-31T10:59:52-05:00",
      "jurisdiction" : [{
        "coding" : [{
          "system" : "http://unstats.un.org/unsd/methods/m49/m49.htm",
          "code" : "001",
          "display" : "World"
        }]
      }],
      "expansion" : {
        "identifier" : "urn:uuid:f7b088f8-2ebe-4f4f-a8e9-7ad7d6d02597",
        "timestamp" : "2025-10-31T11:01:47-05:00",
        "total" : 3,
        "offset" : 0,
        "parameter" : [{
          "name" : "displayLanguage",
          "valueCode" : "en"
        },
        {
          "name" : "count",
          "valueInteger" : 1000
        },
        {
          "name" : "offset",
          "valueInteger" : 0
        },
        {
          "name" : "excludeNested",
          "valueBoolean" : false
        },
        {
          "name" : "used-codesystem",
          "valueUri" : "http://hl7.org/fhir/http-verb|4.0.1"
        }],
        "contains" : [{
          "system" : "http://hl7.org/fhir/http-verb",
          "code" : "GET",
          "display" : "GET"
        },
        {
          "system" : "http://hl7.org/fhir/http-verb",
          "code" : "POST",
          "display" : "POST"
        },
        {
          "system" : "http://hl7.org/fhir/http-verb",
          "code" : "PUT",
          "display" : "PUT"
        }]
      }
    }
  }]
}