{
  "resourceType": "CapabilityStatement",
  "id": "IHE.MHD.DocumentConsumer",
  "text": {
    "status": "additional",
    "div": "<div xmlns=\"http://www.w3.org/1999/xhtml\">\n\tThis Requirements CapabilityStatement describes the <a href=\"2_actors_and_transactions.html#document-consumer\">Document Consumer actor</a>.\n\t</div>"
  },
  "url": "http://profiles.ihe.net/ITI/MHD/CapabilityStatement/IHE.MHD.DocumentConsumer",
  "version": "4.0.0-comment",
  "name": "IHE_MHD_DocumentConsumer",
  "title": "Document Consumer (client)",
  "status": "active",
  "experimental": false,
  "date": "2019-09-13T00:00:00-05:00",
  "publisher": "Integrating the Healthcare Enterprise (IHE)",
  "contact": [
    {
      "name": "IHE",
      "telecom": [
        {
          "system": "url",
          "value": "http://ihe.net"
        }
      ]
    },
    {
      "name": "IHE Secretary",
      "telecom": [
        {
          "system": "email",
          "value": "secretary@ihe.net"
        }
      ]
    }
  ],
  "description": "IHE ITI Mobile access to Health Documents (MHD) - Document Consumer (client).",
  "jurisdiction": [
    {
      "coding": [
        {
          "system": "http://unstats.un.org/unsd/methods/m49/m49.htm",
          "code": "001"
        }
      ]
    }
  ],
  "copyright": "IHE http://www.ihe.net/Governance/#Intellectual_Property",
  "kind": "requirements",
  "fhirVersion": "4.0.0",
  "format": [
    "application/fhir+xml",
    "application/fhir+json"
  ],
  "rest": [
    {
      "mode": "client",
      "resource": [
        {
          "type": "DocumentReference",
          "profile": "http://profiles.ihe.net/ITI/MHD/StructureDefinition/IHE.MHD.Query.Minimal.DocumentReference",
          "interaction": [
            {
              "code": "read"
            },
            {
              "code": "search-type"
            }
          ],
          "searchParam": [
            {
              "name": "_id",
              "definition": "http://hl7.org/fhir/SearchParameter/Resource-id",
              "type": "token",
              "documentation": "Logical id of this artifact"
            },
            {
              "name": "_lastupdated",
              "definition": "http://hl7.org/fhir/SearchParameter/Resource-lastUpdated",
              "type": "date",
              "documentation": "When the resource version last changed"
            },
            {
              "name": "author",
              "definition": "http://hl7.org/fhir/SearchParameter/DocumentReference-author",
              "type": "reference",
              "documentation": "Who and/or what authored the document"
            },
            {
              "name": "category",
              "definition": "http://hl7.org/fhir/SearchParameter/DocumentReference-category",
              "type": "token",
              "documentation": "Categorization of document"
            },
            {
              "name": "date",
              "definition": "http://hl7.org/fhir/SearchParameter/DocumentReference-date",
              "type": "date",
              "documentation": "When this document reference was created"
            },
            {
              "name": "event",
              "definition": "http://hl7.org/fhir/SearchParameter/DocumentReference-event",
              "type": "token",
              "documentation": "Main clinical acts documented"
            },
            {
              "name": "facility",
              "definition": "http://hl7.org/fhir/SearchParameter/DocumentReference-facility",
              "type": "token",
              "documentation": "Kind of facility where patient was seen"
            },
            {
              "name": "format",
              "definition": "http://hl7.org/fhir/SearchParameter/DocumentReference-format",
              "type": "token",
              "documentation": "Format/content rules for the document"
            },
            {
              "name": "identifier",
              "definition": "http://hl7.org/fhir/SearchParameter/clinical-identifier",
              "type": "token",
              "documentation": "The identifier for this DocumentReference"
            },
            {
              "name": "patient",
              "definition": "http://hl7.org/fhir/SearchParameter/clinical-patient",
              "type": "reference",
              "documentation": "Who/what is the subject of the document"
            },
            {
              "name": "period",
              "definition": "http://hl7.org/fhir/SearchParameter/DocumentReference-period",
              "type": "date",
              "documentation": "Time of service that is being documented"
            },
            {
              "name": "related",
              "definition": "http://hl7.org/fhir/SearchParameter/DocumentReference-related",
              "type": "reference",
              "documentation": "Related Resource"
            },
            {
              "name": "security-label",
              "definition": "http://hl7.org/fhir/SearchParameter/DocumentReference-security-label",
              "type": "token",
              "documentation": "Document security-tags"
            },
            {
              "name": "setting",
              "definition": "http://hl7.org/fhir/SearchParameter/DocumentReference-setting",
              "type": "token",
              "documentation": "Additional details about where the content was created (e.g. clinical specialty)"
            },
            {
              "name": "status",
              "definition": "http://hl7.org/fhir/SearchParameter/DocumentReference-status",
              "type": "token",
              "documentation": "current | superseded | entered-in-error"
            },
            {
              "name": "type",
              "definition": "http://hl7.org/fhir/SearchParameter/clinical-patient",
              "type": "reference",
              "documentation": "Kind of document (LOINC if possible)"
            }
          ]
        },
        {
          "type": "List",
          "profile": "http://profiles.ihe.net/ITI/MHD/StructureDefinition/IHE.MHD.List",
          "interaction": [
            {
              "code": "read"
            },
            {
              "code": "search-type"
            }
          ],
          "searchParam": [
            {
              "name": "_id",
              "definition": "http://hl7.org/fhir/SearchParameter/Resource-id",
              "type": "token",
              "documentation": "Logical id of this artifact"
            },
            {
              "name": "_lastupdated",
              "definition": "http://hl7.org/fhir/SearchParameter/Resource-lastUpdated",
              "type": "date",
              "documentation": "When the resource version last changed"
            },
            {
              "name": "code",
              "definition": "http://hl7.org/fhir/SearchParameter/clinical-code",
              "type": "token",
              "documentation": "This parameter, of type token, specifies the code.coding value supplied in the List Resource. The value of the code element indicates the List of type SubmissionSet or Folder as indicated."
            },
            {
              "name": "date",
              "definition": "http://hl7.org/fhir/SearchParameter/clinical-date",
              "type": "date",
              "documentation": "This parameter, of type date, specifies the time when the List was created."
            },
            {
              "name": "identifier",
              "definition": "http://hl7.org/fhir/SearchParameter/clinical-identifier",
              "type": "token",
              "documentation": "This parameter, of type token, specifies an identifier for this List. The search results represent the results of a search on List.masterIdentifier and List.identifier. See ITI TF-2x: Appendix Z.2 for additional constraints on the use of the token search parameter type."
            },
            {
              "name": "subject",
              "definition": "http://hl7.org/fhir/SearchParameter/clinical-patient",
              "type": "reference",
              "documentation": "This parameter is of type Reference(Patient). The Document Consumer may get this reference through the use of the PDQm or PIXm Profiles, or by some other method. When the patient parameter is used, the Patient reference would need to be accessible to both the Document Consumer and the Document Responder."
            },
            {
              "name": "source",
              "definition": "http://hl7.org/fhir/SearchParameter/List-source",
              "type": "reference",
              "documentation": "These parameters, of type string, specify the name parts of the author person which is associated with the List. See ITI TF-2x: Appendix Z.2 for use of the string data type."
            },
            {
              "name": "status",
              "definition": "http://hl7.org/fhir/SearchParameter/List-status",
              "type": "token",
              "documentation": "This parameter, of type token, specifies the status of the List. If included in the query, the Document Consumer shall populate the code portion of the token with one of the codes in the following Table 3.66.4.1.2.1-1: Values for code for status of List. The system portion of the token shall not be populated."
            },
            {
              "name": "designationType",
              "definition": "http://profiles.ihe.net/ITI/MHD/SearchParameter/List-DesignationType",
              "type": "token",
              "documentation": "This IHE extension on parameters defined as SearchParameter/List-DesignationType, of type token, specifies the designation type of the List. The value of the designation type element indicates the clinical purpose of the SubmissionSet or Folder. Note that servers that do not support this extended search parameter will ignore it, and thus return more results than expected."
            },
            {
              "name": "sourceId",
              "definition": "http://profiles.ihe.net/ITI/MHD/SearchParameter/List-SourceId",
              "type": "reference",
              "documentation": "This IHE extension on parameters defined as SearchParameter/List-SourceId, of type reference, specifies the source (author) value supplied in the List Resource."
            }
          ]
        },
        {
          "type": "Binary",
          "interaction": [
            {
              "code": "read"
            }
          ]
        }
      ],
      "interaction": [
        {
          "code": "search-system"
        }
      ]
    }
  ]
}