<?xml version="1.0" encoding="UTF-8"?>

<Patient xmlns="http://hl7.org/fhir">
  <id value="Patient-MohrAlice-Green"/>
  <meta>
    <profile value="https://profiles.ihe.net/ITI/PIXm/StructureDefinition/IHE.PIXm.Patient"/>
  </meta>
  <text>
    <status value="generated"/><div xmlns="http://www.w3.org/1999/xhtml"><p style="border: 1px #661aff solid; background-color: #e6e6ff; padding: 10px;"><b>ALICE MOHR (OFFICIAL)</b> female, DoB: 1958-01-30 ( <code>urn:oid:1.3.6.1.4.1.21367.13.20.2000</code>/IHEGREEN-994)</p><hr/><table class="grid"><tr><td style="background-color: #f3f5da" title="Record is active">Active:</td><td colspan="3">true</td></tr><tr><td style="background-color: #f3f5da" title="Ways to contact the Patient">Contact Detail:</td><td colspan="3">820 JORIE BLVD. OAK BROOK IL 60523 (HOME)</td></tr></table></div>
  </text>
  <identifier>
    <system value="urn:oid:1.3.6.1.4.1.21367.13.20.2000"/>
    <value value="IHEGREEN-994"/>
  </identifier>
  <active value="true"/>
  <name>
    <use value="official"/>
    <family value="MOHR"/>
    <given value="ALICE"/>
  </name>
  <gender value="female"/>
  <birthDate value="1958-01-30"/>
  <address>
    <use value="home"/>
    <line value="820 JORIE BLVD."/>
    <city value="OAK BROOK"/>
    <state value="IL"/>
    <postalCode value="60523"/>
  </address>
</Patient>