<?xml version="1.0" encoding="UTF-8"?>

<Consent xmlns="http://hl7.org/fhir">
  <id value="ex-consent-advanced-normal-focused-psy"/>
  <meta>
    <profile value="https://profiles.ihe.net/ITI/PCF/StructureDefinition/IHE.PCF.consentAdvanced"/>
    <security>
      <system value="http://terminology.hl7.org/CodeSystem/v3-ActReason"/>
      <code value="HTEST"/>
    </security>
  </meta>
  <text>
    <status value="generated"/><div xmlns="http://www.w3.org/1999/xhtml"><p><b>Generated Narrative: Consent</b><a name="ex-consent-advanced-normal-focused-psy"> </a></p><div style="display: inline-block; background-color: #d9e0e7; padding: 6px; margin: 4px; border: 1px solid #8da1b4; border-radius: 5px; line-height: 60%"><p style="margin-bottom: 0px">Resource Consent &quot;ex-consent-advanced-normal-focused-psy&quot; </p><p style="margin-bottom: 0px">Profile: <a href="StructureDefinition-IHE.PCF.consentAdvanced.html">IHE PCF Explicit Advanced Consent</a></p><p style="margin-bottom: 0px">Security Labels: <span title="{http://terminology.hl7.org/CodeSystem/v3-ActReason http://terminology.hl7.org/CodeSystem/v3-ActReason}">http://terminology.hl7.org/CodeSystem/v3-ActReason</span></p></div><p><b>status</b>: active</p><p><b>scope</b>: Privacy Consent <span style="background: LightGoldenRodYellow; margin: 4px; border: 1px solid khaki"> (<a href="http://terminology.hl7.org/5.0.0/CodeSystem-consentscope.html">Consent Scope Codes</a>#patient-privacy)</span></p><p><b>category</b>: Consent <span style="background: LightGoldenRodYellow; margin: 4px; border: 1px solid khaki"> (<a href="https://loinc.org/">LOINC</a>#59284-0)</span></p><p><b>patient</b>: <a href="Patient-ex-patient.html">Patient/ex-patient</a> &quot; SMITH&quot;</p><p><b>dateTime</b>: 2022-06-13</p><p><b>performer</b>: <a href="Patient-ex-patient.html">Patient/ex-patient</a> &quot; SMITH&quot;</p><p><b>organization</b>: <a href="Organization-ex-organization.html">Organization/ex-organization</a> &quot;somewhere org&quot;</p><p><b>source</b>: <a href="DocumentReference-ex-documentreference.html">DocumentReference/ex-documentreference</a></p><h3>Policies</h3><table class="grid"><tr><td style="display: none">-</td><td><b>Uri</b></td></tr><tr><td style="display: none">*</td><td><a href="http://example.org/policies/basePrivacyConsentPolicy.txt">http://example.org/policies/basePrivacyConsentPolicy.txt</a></td></tr></table><blockquote><p><b>provision</b></p><p><b>type</b>: permit</p><p><b>securityLabel</b>: normal (Details: http://terminology.hl7.org/CodeSystem/v3-Confidentiality code N = 'normal', stated as 'null')</p><p><b>purpose</b>: treatment (Details: http://terminology.hl7.org/CodeSystem/v3-ActReason code TREAT = 'treatment', stated as 'null'), healthcare payment (Details: http://terminology.hl7.org/CodeSystem/v3-ActReason code HPAYMT = 'healthcare payment', stated as 'null'), healthcare operations (Details: http://terminology.hl7.org/CodeSystem/v3-ActReason code HOPERAT = 'healthcare operations', stated as 'null')</p><blockquote><p><b>provision</b></p><p><b>type</b>: permit</p><blockquote><p><b>actor</b></p></blockquote><p><b>securityLabel</b>: psychiatry disorder information sensitivity (Details: http://terminology.hl7.org/CodeSystem/v3-ActCode code PSY = 'psychiatry disorder information sensitivity', stated as 'null')</p></blockquote></blockquote></div>
  </text>
  <status value="active"/>
  <scope>
    <coding>
      <system value="http://terminology.hl7.org/CodeSystem/consentscope"/>
      <code value="patient-privacy"/>
    </coding>
  </scope>
  <category>
    <coding>
      <system value="http://loinc.org"/>
      <code value="59284-0"/>
      <display value="Consent"/>
    </coding>
  </category>
  <patient>
    <reference value="Patient/ex-patient"/>
  </patient>
  <dateTime value="2022-06-13"/>
  <performer>
    <reference value="Patient/ex-patient"/>
  </performer>
  <organization>
    <reference value="Organization/ex-organization"/>
  </organization>
  <sourceReference>
    <reference value="DocumentReference/ex-documentreference"/>
  </sourceReference>
  <policy>
    <uri value="http://example.org/policies/basePrivacyConsentPolicy.txt"/>
  </policy>
  <provision>
    <type value="permit"/>
    <securityLabel>
      <system value="http://terminology.hl7.org/CodeSystem/v3-Confidentiality"/>
      <code value="N"/>
    </securityLabel>
    <purpose>
      <system value="http://terminology.hl7.org/CodeSystem/v3-ActReason"/>
      <code value="TREAT"/>
    </purpose>
    <purpose>
      <system value="http://terminology.hl7.org/CodeSystem/v3-ActReason"/>
      <code value="HPAYMT"/>
    </purpose>
    <purpose>
      <system value="http://terminology.hl7.org/CodeSystem/v3-ActReason"/>
      <code value="HOPERAT"/>
    </purpose>
    <provision>
      <type value="permit"/>
      <actor>
        <role>
          <coding>
            <system value="http://terminology.hl7.org/CodeSystem/v3-ParticipationType"/>
            <code value="IRCP"/>
          </coding>
        </role>
        <reference>
          <reference value="Practitioner/ex-practitioner"/>
        </reference>
      </actor>
      <securityLabel>
        <system value="http://terminology.hl7.org/CodeSystem/v3-ActCode"/>
        <code value="PSY"/>
      </securityLabel>
    </provision>
  </provision>
</Consent>