<?xml version="1.0" encoding="UTF-8"?>

<ValueSet xmlns="http://hl7.org/fhir">
  <id value="IHE.mCSD.Organization.Location.Types"/>
  <text>
    <status value="generated"/><div xmlns="http://www.w3.org/1999/xhtml"><p class="res-header-id"><b>Generated Narrative: ValueSet IHE.mCSD.Organization.Location.Types</b></p><a name="IHE.mCSD.Organization.Location.Types"> </a><a name="hcIHE.mCSD.Organization.Location.Types"> </a><a name="IHE.mCSD.Organization.Location.Types-en-US"> </a><ul><li>Include all codes defined in <a href="CodeSystem-IHE.mCSD.Organization.Location.Types.html"><code>https://profiles.ihe.net/ITI/mCSD/CodeSystem/IHE.mCSD.Organization.Location.Types</code></a></li></ul></div>
  </text>
  <url value="https://profiles.ihe.net/ITI/mCSD/ValueSet/IHE.mCSD.Organization.Location.Types"/>
  <version value="3.9.0"/>
  <name value="MCSDOrganizationLocationTypeValueSet"/>
  <title value="mCSD Types for Organizations and Locations"/>
  <status value="active"/>
  <experimental value="false"/>
  <date value="2024-12-02T17:00:13-06:00"/>
  <publisher value="IHE IT Infrastructure Technical Committee"/>
  <contact>
    <telecom>
      <system value="url"/>
      <value value="https://www.ihe.net/ihe_domains/it_infrastructure/"/>
    </telecom>
  </contact>
  <contact>
    <telecom>
      <system value="email"/>
      <value value="iti@ihe.net"/>
    </telecom>
  </contact>
  <contact>
    <name value="IHE IT Infrastructure Technical Committee"/>
    <telecom>
      <system value="email"/>
      <value value="iti@ihe.net"/>
    </telecom>
  </contact>
  <description value="mCSD Types for specialized Organization and Location resources."/>
  <jurisdiction>
    <coding>
      <system value="http://unstats.un.org/unsd/methods/m49/m49.htm"/>
      <code value="001"/>
    </coding>
  </jurisdiction>
  <compose>
    <include>
      <system value="https://profiles.ihe.net/ITI/mCSD/CodeSystem/IHE.mCSD.Organization.Location.Types"/>
    </include>
  </compose>
</ValueSet>