<?xml version="1.0" encoding="UTF-8"?><CodeSystem xmlns="http://hl7.org/fhir"><id value="BasicAuditEntityType"/><text><status value="generated"/><div xmlns="http://www.w3.org/1999/xhtml"><p>This code system <code>https://profiles.ihe.net/ITI/BALP/CodeSystem/BasicAuditEntityType</code> defines the following code:</p><table class="codes"><tr><td style="white-space:nowrap"><b>Code</b></td><td><b>Display</b></td></tr><tr><td style="white-space:nowrap">XrequestId<a name="BasicAuditEntityType-XrequestId"> </a></td><td>transport specific unique identifier where http X-Request-Id is used</td></tr></table></div></text><url value="https://profiles.ihe.net/ITI/BALP/CodeSystem/BasicAuditEntityType"/><version value="1.1.2"/><name value="BasicAuditEntityType"/><title value="Entity Types that are defined in IHE BasicAudit"/><status value="active"/><experimental value="false"/><date value="2023-08-01T08:55:24-05:00"/><publisher value="IHE IT Infrastructure Technical Committee"/><contact><name value="IHE IT Infrastructure Technical Committee"/><telecom><system value="url"/><value value="https://www.ihe.net/ihe_domains/it_infrastructure/"/></telecom><telecom><system value="email"/><value value="iti@ihe.net"/></telecom></contact><contact><name value="IHE IT Infrastructure Technical Committee"/><telecom><system value="email"/><value value="iti@ihe.net"/></telecom></contact><description value="These are new codes used in BasicAudit IG, where AuditEvent.entity is used to hold a specific kind of data that is not covered by the existing valueSet."/><jurisdiction><coding><system value="http://unstats.un.org/unsd/methods/m49/m49.htm"/><code value="001"/></coding></jurisdiction><caseSensitive value="true"/><content value="complete"/><count value="1"/><concept><code value="XrequestId"/><display value="transport specific unique identifier where http X-Request-Id is used"/></concept></CodeSystem>