<?xml version="1.0" encoding="UTF-8"?><ValueSet xmlns="http://hl7.org/fhir"><id value="AuthZsubTypeVS"/><text><status value="generated"/><div xmlns="http://www.w3.org/1999/xhtml"><ul><li>Include all codes defined in <a href="CodeSystem-AuthZsubType.html"><code>https://profiles.ihe.net/ITI/BALP/CodeSystem/AuthZsubType</code></a></li></ul></div></text><url value="https://profiles.ihe.net/ITI/BALP/ValueSet/AuthZsubTypeVS"/><version value="1.1.2"/><name value="AuthZsubTypeVS"/><title value="Authorization subType events valueset"/><status value="active"/><experimental value="false"/><date value="2023-08-01T08:55:24-05:00"/><publisher value="IHE IT Infrastructure Technical Committee"/><contact><name value="IHE IT Infrastructure Technical Committee"/><telecom><system value="url"/><value value="https://www.ihe.net/ihe_domains/it_infrastructure/"/></telecom><telecom><system value="email"/><value value="iti@ihe.net"/></telecom></contact><contact><name value="IHE IT Infrastructure Technical Committee"/><telecom><system value="email"/><value value="iti@ihe.net"/></telecom></contact><description value="ValueSet of the Authorization AuditEvent types"/><jurisdiction><coding><system value="http://unstats.un.org/unsd/methods/m49/m49.htm"/><code value="001"/></coding></jurisdiction><compose><include><system value="https://profiles.ihe.net/ITI/BALP/CodeSystem/AuthZsubType"/></include></compose></ValueSet>