<?xml version="1.0" encoding="UTF-8"?>

<ValueSet xmlns="http://hl7.org/fhir">
  <id value="imr-servicerequest-intent-vs"/>
  <text>
    <status value="extensions"/><div xmlns="http://www.w3.org/1999/xhtml"><ul><li>Include these codes as defined in <a href="http://hl7.org/fhir/R4/codesystem-request-intent.html"><code>http://hl7.org/fhir/request-intent</code></a><table class="none"><tr><td style="white-space:nowrap"><b>Code</b></td><td><b>Display</b></td><td><b>Definition</b></td></tr><tr><td><a href="http://hl7.org/fhir/R4/codesystem-request-intent.html#request-intent-order">order</a></td><td>Order</td><td>The request represents a request/demand and authorization for action by a Practitioner.</td></tr><tr><td><a href="http://hl7.org/fhir/R4/codesystem-request-intent.html#request-intent-original-order">original-order</a></td><td>Original Order</td><td>The request represents an original authorization for action.</td></tr><tr><td><a href="http://hl7.org/fhir/R4/codesystem-request-intent.html#request-intent-reflex-order">reflex-order</a></td><td>Reflex Order</td><td>The request represents an automatically generated supplemental authorization for action based on a parent authorization together with initial results of the action taken against that parent authorization.</td></tr><tr><td><a href="http://hl7.org/fhir/R4/codesystem-request-intent.html#request-intent-filler-order">filler-order</a></td><td>Filler Order</td><td>The request represents the view of an authorization instantiated by a fulfilling system representing the details of the fulfiller's intention to act upon a submitted order.</td></tr><tr><td><a href="http://hl7.org/fhir/R4/codesystem-request-intent.html#request-intent-instance-order">instance-order</a></td><td>Instance Order</td><td>An order created in fulfillment of a broader order that represents the authorization for a single activity occurrence.  E.g. The administration of a single dose of a drug.</td></tr></table></li></ul></div>
  </text>
  <url value="https://profiles.ihe.net/RAD/IMR/ValueSet/imr-servicerequest-intent-vs"/>
  <version value="1.0.0-comment"/>
  <name value="IMRServiceRequestIntentVS"/>
  <title value="IMR ServiceRequest intent Value Set"/>
  <status value="active"/>
  <date value="2022-03-18T08:53:35-05:00"/>
  <publisher value="IHE Radiology Technical Committee"/>
  <contact>
    <telecom>
      <system value="url"/>
      <value value="https://www.ihe.net/ihe_domains/radiology/"/>
    </telecom>
  </contact>
  <contact>
    <telecom>
      <system value="email"/>
      <value value="radiology@ihe.net"/>
    </telecom>
  </contact>
  <contact>
    <name value="IHE Radiology Technical Committee"/>
    <telecom>
      <system value="email"/>
      <value value="radiology@ihe.net"/>
    </telecom>
  </contact>
  <description value="Codes representing the applicable intent for a ServiceRequestd."/>
  <jurisdiction>
    <coding>
      <system value="http://unstats.un.org/unsd/methods/m49/m49.htm"/>
      <code value="001"/>
    </coding>
  </jurisdiction>
  <copyright value="IHE http://www.ihe.net/Governance/#Intellectual_Property"/>
  <compose>
    <include>
      <system value="http://hl7.org/fhir/request-intent"/>
      <concept>
        <code value="order"/>
        <display value="Order"/>
      </concept>
      <concept>
        <code value="original-order"/>
        <display value="Original Order"/>
      </concept>
      <concept>
        <code value="reflex-order"/>
        <display value="Reflex Order"/>
      </concept>
      <concept>
        <code value="filler-order"/>
        <display value="Filler Order"/>
      </concept>
      <concept>
        <code value="instance-order"/>
        <display value="Instance Order"/>
      </concept>
    </include>
  </compose>
</ValueSet>