{
  "resourceType" : "ValueSet",
  "id" : "0700eb29-9006-4139-8981-47fab7e00536-83",
  "url" : "http://hl7.org/fhir/comparison/ValueSet/0700eb29-9006-4139-8981-47fab7e00536-83",
  "name" : "UnionMCSDEndpointTypesCoreDocShareVSAndMCSDEndpointTypesCoreDocShareVS",
  "title" : "Union of mCSD Endpoint Core Document Sharing Types ValueSet And mCSD Endpoint Core Document Sharing Types ValueSet",
  "status" : "active",
  "date" : "2024-12-02T17:05:45-06:00",
  "jurisdiction" : [{
    "coding" : [{
      "system" : "http://unstats.un.org/unsd/methods/m49/m49.htm",
      "code" : "001"
    }]
  }],
  "compose" : {
    "include" : [{
      "system" : "http://terminology.hl7.org/CodeSystem/endpoint-connection-type",
      "concept" : [{
        "code" : "ihe-xcpd"
      },
      {
        "code" : "ihe-xca"
      },
      {
        "code" : "ihe-xds"
      },
      {
        "code" : "ihe-xdr"
      }]
    },
    {
      "concept" : [{
        "code" : "ihe-pdq"
      },
      {
        "code" : "ihe-pix"
      },
      {
        "code" : "ihe-mhd"
      },
      {
        "code" : "ihe-xcpd"
      },
      {
        "code" : "ihe-xca"
      },
      {
        "code" : "ihe-xds"
      },
      {
        "code" : "ihe-xdr"
      }]
    }]
  }
}