{
  "resourceType" : "Observation",
  "id" : "ex-AntepartumLabs",
  "meta" : {
    "profile" : ["https://profiles.ihe.net/PCC/mAPS/StructureDefinition/IHE.AntepartumLabs"]
  },
  "text" : {
    "status" : "generated",
    "div" : "<div xmlns=\"http://www.w3.org/1999/xhtml\"><p><b>Generated Narrative: Observation </b><a name=\"ex-AntepartumLabs\"> </a><a name=\"hcex-AntepartumLabs\"> </a></p><div style=\"display: inline-block; background-color: #d9e0e7; padding: 6px; margin: 4px; border: 1px solid #8da1b4; border-radius: 5px; line-height: 60%\"><p style=\"margin-bottom: 0px\">ResourceObservation &quot;ex-AntepartumLabs&quot; </p><p style=\"margin-bottom: 0px\">Profile: <a href=\"StructureDefinition-IHE.AntepartumLabs.html\">Antepartum Labs</a></p></div><p><b>status</b>: final</p><p><b>code</b>: Rh [Type] in Blood <span style=\"background: LightGoldenRodYellow; margin: 4px; border: 1px solid khaki\"> (<a href=\"https://loinc.org/\">LOINC</a>#10331-7)</span></p><p><b>subject</b>: <a href=\"Patient-ex-Patient-AmandaAlvarez.html\">Patient/ex-Patient-AmandaAlvarez</a> &quot; ALVAREZ&quot;</p><p><b>effective</b>: 2021-10-06 10:52:30-0700</p><p><b>performer</b>: <a href=\"Practitioner-ex-Practitioner.html\">Practitioner/ex-Practitioner</a> &quot; HEPS&quot;</p><p><b>value</b>: Positive <span style=\"background: LightGoldenRodYellow; margin: 4px; border: 1px solid khaki\"> (<a href=\"https://browser.ihtsdotools.org/\">SNOMED CT</a>#10828004)</span></p></div>"
  },
  "status" : "final",
  "code" : {
    "coding" : [{
      "system" : "http://loinc.org",
      "code" : "10331-7"
    }]
  },
  "subject" : {
    "reference" : "Patient/ex-Patient-AmandaAlvarez"
  },
  "effectiveDateTime" : "2021-10-06T10:52:30-07:00",
  "performer" : [{
    "reference" : "Practitioner/ex-Practitioner"
  }],
  "valueCodeableConcept" : {
    "coding" : [{
      "system" : "http://snomed.info/sct",
      "code" : "10828004"
    }]
  }
}