{
  "resourceType": "Bundle",
  "id": "ex-findDocumentReferencesResponse",
  "meta": {
    "profile": [
      "http://profiles.ihe.net/ITI/MHD/StructureDefinition/IHE.MHD.FindDocumentReferencesResponseMessage"
    ],
    "security": [
      {
        "system": "http://terminology.hl7.org/CodeSystem/v3-ActReason",
        "code": "HTEST"
      }
    ]
  },
  "type": "searchset",
  "timestamp": "2021-04-16T11:32:24Z",
  "total": 1,
  "link": [
    {
      "relation": "self",
      "url": "test.fhir.net/R4/fhir/DocumentReference?patient=9876&status=current"
    }
  ],
  "entry": [
    {
      "fullUrl": "http://example.org/DocumentReference/ex-DocumentReferenceMinimal",
      "resource": {
        "resourceType": "DocumentReference",
        "id": "in-DocumentReferenceMinimal",
        "meta": {
          "profile": [
            "http://profiles.ihe.net/ITI/MHD/StructureDefinition/IHE.MHD.Minimal.DocumentReference"
          ],
          "security": [
            {
              "system": "http://terminology.hl7.org/CodeSystem/v3-ActReason",
              "code": "HTEST"
            }
          ]
        },
        "text": {
          "status": "generated",
          "div": "<div xmlns=\"http://www.w3.org/1999/xhtml\"><p><b>Generated Narrative</b></p><p><b>masterIdentifier</b>: id: urn:oid:1.2.840.113556.1.8000.2554.53432.348.12973.17740.34205.4355.50220.62012</p><p><b>identifier</b>: id: urn:uuid:7d5bb8ac-68ee-4926-85e7-b8aac8e1f09d</p><p><b>status</b>: current</p><blockquote><p><b>content</b></p></blockquote></div>"
        },
        "masterIdentifier": {
          "system": "urn:ietf:rfc:3986",
          "value": "urn:oid:1.2.840.113556.1.8000.2554.53432.348.12973.17740.34205.4355.50220.62012"
        },
        "identifier": [
          {
            "system": "urn:ietf:rfc:3986",
            "value": "urn:uuid:7d5bb8ac-68ee-4926-85e7-b8aac8e1f09d"
          }
        ],
        "status": "current",
        "content": [
          {
            "attachment": {
              "contentType": "text/plain",
              "url": "http://example.com/nowhere.txt"
            }
          }
        ]
      }
    }
  ]
}