{
  "resourceType": "CodeSystem",
  "id": "MHDlistTypes",
  "text": {
    "status": "generated",
    "div": "<div xmlns=\"http://www.w3.org/1999/xhtml\"><p>This code system http://profiles.ihe.net/ITI/MHD/CodeSystem/MHDlistTypes defines the following codes:</p><table class=\"codes\"><tr><td style=\"white-space:nowrap\"><b>Code</b></td><td><b>Display</b></td></tr><tr><td style=\"white-space:nowrap\">folder<a name=\"MHDlistTypes-folder\"> </a></td><td>Folder as a FHIR List</td></tr><tr><td style=\"white-space:nowrap\">submissionset<a name=\"MHDlistTypes-submissionset\"> </a></td><td>SubmissionSet as a FHIR List</td></tr></table></div>"
  },
  "url": "http://profiles.ihe.net/ITI/MHD/CodeSystem/MHDlistTypes",
  "version": "4.0.2",
  "name": "MHDlistTypes",
  "title": "MHD List Types",
  "status": "active",
  "date": "2021-11-01T17:09:55-05:00",
  "publisher": "Integrating the Healthcare Enterprise (IHE)",
  "contact": [
    {
      "name": "Integrating the Healthcare Enterprise (IHE)",
      "telecom": [
        {
          "system": "url",
          "value": "http://ihe.net"
        },
        {
          "system": "email",
          "value": "secretary@ihe.net"
        }
      ]
    },
    {
      "name": "John Moehrke",
      "telecom": [
        {
          "system": "email",
          "value": "JohnMoehrke@gmail.com",
          "use": "work"
        }
      ]
    }
  ],
  "description": "To use the List resource for two different use-cases we define a code-system with the types of List needed in MHD",
  "jurisdiction": [
    {
      "coding": [
        {
          "system": "http://unstats.un.org/unsd/methods/m49/m49.htm",
          "code": "001"
        }
      ]
    }
  ],
  "copyright": "IHE http://www.ihe.net/Governance/#Intellectual_Property",
  "content": "complete",
  "count": 2,
  "concept": [
    {
      "code": "folder",
      "display": "Folder as a FHIR List"
    },
    {
      "code": "submissionset",
      "display": "SubmissionSet as a FHIR List"
    }
  ]
}