<?xml version="1.0" encoding="UTF-8"?><ImplementationGuide xmlns="http://hl7.org/fhir"><id value="ihe.iti.scheduling"/><text><status value="generated"/><div xmlns="http://www.w3.org/1999/xhtml"><p class="res-header-id"><b>Generated Narrative: ImplementationGuide ihe.iti.scheduling</b></p><a name="ihe.iti.scheduling"> </a><a name="hcihe.iti.scheduling"> </a><a name="ihe.iti.scheduling-en-US"> </a><h2>IHE_ITI_Scheduling</h2><p>The official URL for this implementation guide is: </p><pre>https://profiles.ihe.net/ITI/Scheduling/ImplementationGuide/ihe.iti.scheduling</pre><div><p>The IHE FHIR Scheduling Profile is a specification providing FHIR APIs and guidance for access to and booking of appointments for patients by both patient and practitioner end users. This specification is based on FHIR Version 4 and specifically the Schedule, Slot, and Appointment resources, and on the previous work of the <a href="https://fhir.org/guides/argonaut/scheduling/release1/">Argonaut Project</a>.</p>
</div></div></text><url value="https://profiles.ihe.net/ITI/Scheduling/ImplementationGuide/ihe.iti.scheduling"/><version value="1.0.0"/><name value="IHE_ITI_Scheduling"/><title value="Scheduling"/><status value="active"/><date value="2024-12-12"/><publisher value="IHE IT Infrastructure Technical Committee"/><contact><telecom><system value="url"/><value value="https://www.ihe.net/ihe_domains/it_infrastructure/"/></telecom></contact><contact><telecom><system value="email"/><value value="iti@ihe.net"/></telecom></contact><contact><name value="IHE IT Infrastructure Technical Committee"/><telecom><system value="email"/><value value="iti@ihe.net"/></telecom></contact><description value="The IHE FHIR Scheduling Profile is a specification providing FHIR APIs and guidance for access to and booking of appointments for patients by both patient and practitioner end users. This specification is based on FHIR Version 4 and specifically the Schedule, Slot, and Appointment resources, and on the previous work of the [Argonaut Project](https://fhir.org/guides/argonaut/scheduling/release1/)."/><jurisdiction><coding><system value="http://unstats.un.org/unsd/methods/m49/m49.htm"/><code value="001"/></coding></jurisdiction><packageId value="ihe.iti.scheduling"/><license value="CC-BY-4.0"/><fhirVersion value="4.0.1"/><dependsOn id="hl7tx"><extension url="http://hl7.org/fhir/tools/StructureDefinition/implementationguide-dependency-comment"><valueMarkdown value="Automatically added as a dependency - all IGs depend on HL7 Terminology"/></extension><uri value="http://terminology.hl7.org/ImplementationGuide/hl7.terminology"/><packageId value="hl7.terminology.r4"/><version value="6.1.0"/></dependsOn><dependsOn id="hl7ext"><extension url="http://hl7.org/fhir/tools/StructureDefinition/implementationguide-dependency-comment"><valueMarkdown value="Automatically added as a dependency - all IGs depend on the HL7 Extension Pack"/></extension><uri value="http://hl7.org/fhir/extensions/ImplementationGuide/hl7.fhir.uv.extensions"/><packageId value="hl7.fhir.uv.extensions.r4"/><version value="5.1.0"/></dependsOn><dependsOn id="iheitibasicaudit"><uri value="https://profiles.ihe.net/ITI/BALP/ImplementationGuide/ihe.iti.balp"/><packageId value="ihe.iti.balp"/><version value="1.1.x"/></dependsOn><definition><extension url="http://hl7.org/fhir/tools/StructureDefinition/ig-parameter"><extension url="code"><valueString value="copyrightyear"/></extension><extension url="value"><valueString value="2024+"/></extension></extension><extension url="http://hl7.org/fhir/tools/StructureDefinition/ig-parameter"><extension url="code"><valueString value="releaselabel"/></extension><extension url="value"><valueString value="Trial-Implementation"/></extension></extension><extension url="http://hl7.org/fhir/tools/StructureDefinition/ig-parameter"><extension url="code"><valueString value="show-inherited-invariants"/></extension><extension url="value"><valueString value="false"/></extension></extension><extension url="http://hl7.org/fhir/tools/StructureDefinition/ig-parameter"><extension url="code"><valueString value="usage-stats-opt-out"/></extension><extension url="value"><valueString value="false"/></extension></extension><extension url="http://hl7.org/fhir/tools/StructureDefinition/ig-parameter"><extension url="code"><valueString value="logging"/></extension><extension url="value"><valueString value="progress"/></extension></extension><extension url="http://hl7.org/fhir/tools/StructureDefinition/ig-parameter"><extension url="code"><valueString value="shownav"/></extension><extension url="value"><valueString value="true"/></extension></extension><extension url="http://hl7.org/fhir/tools/StructureDefinition/ig-parameter"><extension url="code"><valueString value="active-tables"/></extension><extension url="value"><valueString value="false"/></extension></extension><extension url="http://hl7.org/fhir/tools/StructureDefinition/ig-parameter"><extension url="code"><valueString value="apply-contact"/></extension><extension url="value"><valueString value="true"/></extension></extension><extension url="http://hl7.org/fhir/tools/StructureDefinition/ig-parameter"><extension url="code"><valueString value="apply-jurisdiction"/></extension><extension url="value"><valueString value="true"/></extension></extension><extension url="http://hl7.org/fhir/tools/StructureDefinition/ig-parameter"><extension url="code"><valueString value="apply-publisher"/></extension><extension url="value"><valueString value="true"/></extension></extension><extension url="http://hl7.org/fhir/tools/StructureDefinition/ig-parameter"><extension url="code"><valueString value="apply-version"/></extension><extension url="value"><valueString value="true"/></extension></extension><extension url="http://hl7.org/fhir/tools/StructureDefinition/ig-parameter"><extension url="code"><valueString value="autoload-resources"/></extension><extension url="value"><valueString value="true"/></extension></extension><extension url="http://hl7.org/fhir/tools/StructureDefinition/ig-parameter"><extension url="code"><valueString value="path-liquid"/></extension><extension url="value"><valueString value="template/liquid"/></extension></extension><extension url="http://hl7.org/fhir/tools/StructureDefinition/ig-parameter"><extension url="code"><valueString value="path-liquid"/></extension><extension url="value"><valueString value="input/liquid"/></extension></extension><extension url="http://hl7.org/fhir/tools/StructureDefinition/ig-parameter"><extension url="code"><valueString value="path-qa"/></extension><extension url="value"><valueString value="temp/qa"/></extension></extension><extension url="http://hl7.org/fhir/tools/StructureDefinition/ig-parameter"><extension url="code"><valueString value="path-temp"/></extension><extension url="value"><valueString value="temp/pages"/></extension></extension><extension url="http://hl7.org/fhir/tools/StructureDefinition/ig-parameter"><extension url="code"><valueString value="path-output"/></extension><extension url="value"><valueString value="output"/></extension></extension><extension url="http://hl7.org/fhir/tools/StructureDefinition/ig-parameter"><extension url="code"><valueString value="path-suppressed-warnings"/></extension><extension url="value"><valueString value="input/ignoreWarnings.txt"/></extension></extension><extension url="http://hl7.org/fhir/tools/StructureDefinition/ig-parameter"><extension url="code"><valueString value="path-history"/></extension><extension url="value"><valueString value="https://profiles.ihe.net/ITI/Scheduling/history.html"/></extension></extension><extension url="http://hl7.org/fhir/tools/StructureDefinition/ig-parameter"><extension url="code"><valueString value="template-html"/></extension><extension url="value"><valueString value="template-page.html"/></extension></extension><extension url="http://hl7.org/fhir/tools/StructureDefinition/ig-parameter"><extension url="code"><valueString value="template-md"/></extension><extension url="value"><valueString value="template-page-md.html"/></extension></extension><extension url="http://hl7.org/fhir/tools/StructureDefinition/ig-parameter"><extension url="code"><valueString value="apply-context"/></extension><extension url="value"><valueString value="true"/></extension></extension><extension url="http://hl7.org/fhir/tools/StructureDefinition/ig-parameter"><extension url="code"><valueString value="apply-copyright"/></extension><extension url="value"><valueString value="true"/></extension></extension><extension url="http://hl7.org/fhir/tools/StructureDefinition/ig-parameter"><extension url="code"><valueString value="apply-license"/></extension><extension url="value"><valueString value="true"/></extension></extension><extension url="http://hl7.org/fhir/tools/StructureDefinition/ig-parameter"><extension url="code"><valueString value="apply-wg"/></extension><extension url="value"><valueString value="true"/></extension></extension><extension url="http://hl7.org/fhir/tools/StructureDefinition/ig-parameter"><extension url="code"><valueString value="fmm-definition"/></extension><extension url="value"><valueString value="http://hl7.org/fhir/versions.html#maturity"/></extension></extension><extension url="http://hl7.org/fhir/tools/StructureDefinition/ig-parameter"><extension url="code"><valueString value="propagate-status"/></extension><extension url="value"><valueString value="true"/></extension></extension><extension url="http://hl7.org/fhir/tools/StructureDefinition/ig-parameter"><extension url="code"><valueString value="excludelogbinaryformat"/></extension><extension url="value"><valueString value="true"/></extension></extension><extension url="http://hl7.org/fhir/tools/StructureDefinition/ig-parameter"><extension url="code"><valueString value="tabbed-snapshots"/></extension><extension url="value"><valueString value="true"/></extension></extension><extension url="http://hl7.org/fhir/tools/StructureDefinition/ig-internal-dependency"><valueCode value="hl7.fhir.uv.tools.r4#0.3.0"/></extension><extension url="http://hl7.org/fhir/tools/StructureDefinition/ig-parameter"><extension url="code"><valueCode value="copyrightyear"/></extension><extension url="value"><valueString value="2024+"/></extension></extension><extension url="http://hl7.org/fhir/tools/StructureDefinition/ig-parameter"><extension url="code"><valueCode value="releaselabel"/></extension><extension url="value"><valueString value="Trial-Implementation"/></extension></extension><extension url="http://hl7.org/fhir/tools/StructureDefinition/ig-parameter"><extension url="code"><valueCode value="show-inherited-invariants"/></extension><extension url="value"><valueString value="false"/></extension></extension><extension url="http://hl7.org/fhir/tools/StructureDefinition/ig-parameter"><extension url="code"><valueCode value="usage-stats-opt-out"/></extension><extension url="value"><valueString value="false"/></extension></extension><extension url="http://hl7.org/fhir/tools/StructureDefinition/ig-parameter"><extension url="code"><valueCode value="logging"/></extension><extension url="value"><valueString value="progress"/></extension></extension><extension url="http://hl7.org/fhir/tools/StructureDefinition/ig-parameter"><extension url="code"><valueCode value="shownav"/></extension><extension url="value"><valueString value="true"/></extension></extension><extension url="http://hl7.org/fhir/tools/StructureDefinition/ig-parameter"><extension url="code"><valueCode value="active-tables"/></extension><extension url="value"><valueString value="false"/></extension></extension><extension url="http://hl7.org/fhir/tools/StructureDefinition/ig-parameter"><extension url="code"><valueCode value="apply-contact"/></extension><extension url="value"><valueString value="true"/></extension></extension><extension url="http://hl7.org/fhir/tools/StructureDefinition/ig-parameter"><extension url="code"><valueCode value="apply-jurisdiction"/></extension><extension url="value"><valueString value="true"/></extension></extension><extension url="http://hl7.org/fhir/tools/StructureDefinition/ig-parameter"><extension url="code"><valueCode value="apply-publisher"/></extension><extension url="value"><valueString value="true"/></extension></extension><extension url="http://hl7.org/fhir/tools/StructureDefinition/ig-parameter"><extension url="code"><valueCode value="apply-version"/></extension><extension url="value"><valueString value="true"/></extension></extension><extension url="http://hl7.org/fhir/tools/StructureDefinition/ig-parameter"><extension url="code"><valueCode value="autoload-resources"/></extension><extension url="value"><valueString value="true"/></extension></extension><extension url="http://hl7.org/fhir/tools/StructureDefinition/ig-parameter"><extension url="code"><valueCode value="path-liquid"/></extension><extension url="value"><valueString value="template/liquid"/></extension></extension><extension url="http://hl7.org/fhir/tools/StructureDefinition/ig-parameter"><extension url="code"><valueCode value="path-liquid"/></extension><extension url="value"><valueString value="input/liquid"/></extension></extension><extension url="http://hl7.org/fhir/tools/StructureDefinition/ig-parameter"><extension url="code"><valueCode value="path-qa"/></extension><extension url="value"><valueString value="temp/qa"/></extension></extension><extension url="http://hl7.org/fhir/tools/StructureDefinition/ig-parameter"><extension url="code"><valueCode value="path-temp"/></extension><extension url="value"><valueString value="temp/pages"/></extension></extension><extension url="http://hl7.org/fhir/tools/StructureDefinition/ig-parameter"><extension url="code"><valueCode value="path-output"/></extension><extension url="value"><valueString value="output"/></extension></extension><extension url="http://hl7.org/fhir/tools/StructureDefinition/ig-parameter"><extension url="code"><valueCode value="path-suppressed-warnings"/></extension><extension url="value"><valueString value="input/ignoreWarnings.txt"/></extension></extension><extension url="http://hl7.org/fhir/tools/StructureDefinition/ig-parameter"><extension url="code"><valueCode value="path-history"/></extension><extension url="value"><valueString value="https://profiles.ihe.net/ITI/Scheduling/history.html"/></extension></extension><extension url="http://hl7.org/fhir/tools/StructureDefinition/ig-parameter"><extension url="code"><valueCode value="template-html"/></extension><extension url="value"><valueString value="template-page.html"/></extension></extension><extension url="http://hl7.org/fhir/tools/StructureDefinition/ig-parameter"><extension url="code"><valueCode value="template-md"/></extension><extension url="value"><valueString value="template-page-md.html"/></extension></extension><extension url="http://hl7.org/fhir/tools/StructureDefinition/ig-parameter"><extension url="code"><valueCode value="apply-context"/></extension><extension url="value"><valueString value="true"/></extension></extension><extension url="http://hl7.org/fhir/tools/StructureDefinition/ig-parameter"><extension url="code"><valueCode value="apply-copyright"/></extension><extension url="value"><valueString value="true"/></extension></extension><extension url="http://hl7.org/fhir/tools/StructureDefinition/ig-parameter"><extension url="code"><valueCode value="apply-license"/></extension><extension url="value"><valueString value="true"/></extension></extension><extension url="http://hl7.org/fhir/tools/StructureDefinition/ig-parameter"><extension url="code"><valueCode value="apply-wg"/></extension><extension url="value"><valueString value="true"/></extension></extension><extension url="http://hl7.org/fhir/tools/StructureDefinition/ig-parameter"><extension url="code"><valueCode value="fmm-definition"/></extension><extension url="value"><valueString value="http://hl7.org/fhir/versions.html#maturity"/></extension></extension><extension url="http://hl7.org/fhir/tools/StructureDefinition/ig-parameter"><extension url="code"><valueCode value="propagate-status"/></extension><extension url="value"><valueString value="true"/></extension></extension><extension url="http://hl7.org/fhir/tools/StructureDefinition/ig-parameter"><extension url="code"><valueCode value="excludelogbinaryformat"/></extension><extension url="value"><valueString value="true"/></extension></extension><extension url="http://hl7.org/fhir/tools/StructureDefinition/ig-parameter"><extension url="code"><valueCode value="tabbed-snapshots"/></extension><extension url="value"><valueString value="true"/></extension></extension><extension url="http://hl7.org/fhir/tools/StructureDefinition/ig-parameter"><extension url="code"><valueCode value="copyrightyear"/></extension><extension url="value"><valueString value="2024+"/></extension></extension><extension url="http://hl7.org/fhir/tools/StructureDefinition/ig-parameter"><extension url="code"><valueCode value="releaselabel"/></extension><extension url="value"><valueString value="Trial-Implementation"/></extension></extension><extension url="http://hl7.org/fhir/tools/StructureDefinition/ig-parameter"><extension url="code"><valueCode value="show-inherited-invariants"/></extension><extension url="value"><valueString value="false"/></extension></extension><extension url="http://hl7.org/fhir/tools/StructureDefinition/ig-parameter"><extension url="code"><valueCode value="usage-stats-opt-out"/></extension><extension url="value"><valueString value="false"/></extension></extension><extension url="http://hl7.org/fhir/tools/StructureDefinition/ig-parameter"><extension url="code"><valueCode value="logging"/></extension><extension url="value"><valueString value="progress"/></extension></extension><extension url="http://hl7.org/fhir/tools/StructureDefinition/ig-parameter"><extension url="code"><valueCode value="shownav"/></extension><extension url="value"><valueString value="true"/></extension></extension><extension url="http://hl7.org/fhir/tools/StructureDefinition/ig-parameter"><extension url="code"><valueCode value="active-tables"/></extension><extension url="value"><valueString value="false"/></extension></extension><extension url="http://hl7.org/fhir/tools/StructureDefinition/ig-parameter"><extension url="code"><valueCode value="apply-contact"/></extension><extension url="value"><valueString value="true"/></extension></extension><extension url="http://hl7.org/fhir/tools/StructureDefinition/ig-parameter"><extension url="code"><valueCode value="apply-jurisdiction"/></extension><extension url="value"><valueString value="true"/></extension></extension><extension url="http://hl7.org/fhir/tools/StructureDefinition/ig-parameter"><extension url="code"><valueCode value="apply-publisher"/></extension><extension url="value"><valueString value="true"/></extension></extension><extension url="http://hl7.org/fhir/tools/StructureDefinition/ig-parameter"><extension url="code"><valueCode value="apply-version"/></extension><extension url="value"><valueString value="true"/></extension></extension><extension url="http://hl7.org/fhir/tools/StructureDefinition/ig-parameter"><extension url="code"><valueCode value="autoload-resources"/></extension><extension url="value"><valueString value="true"/></extension></extension><extension url="http://hl7.org/fhir/tools/StructureDefinition/ig-parameter"><extension url="code"><valueCode value="path-liquid"/></extension><extension url="value"><valueString value="template/liquid"/></extension></extension><extension url="http://hl7.org/fhir/tools/StructureDefinition/ig-parameter"><extension url="code"><valueCode value="path-liquid"/></extension><extension url="value"><valueString value="input/liquid"/></extension></extension><extension url="http://hl7.org/fhir/tools/StructureDefinition/ig-parameter"><extension url="code"><valueCode value="path-qa"/></extension><extension url="value"><valueString value="temp/qa"/></extension></extension><extension url="http://hl7.org/fhir/tools/StructureDefinition/ig-parameter"><extension url="code"><valueCode value="path-temp"/></extension><extension url="value"><valueString value="temp/pages"/></extension></extension><extension url="http://hl7.org/fhir/tools/StructureDefinition/ig-parameter"><extension url="code"><valueCode value="path-output"/></extension><extension url="value"><valueString value="output"/></extension></extension><extension url="http://hl7.org/fhir/tools/StructureDefinition/ig-parameter"><extension url="code"><valueCode value="path-suppressed-warnings"/></extension><extension url="value"><valueString value="input/ignoreWarnings.txt"/></extension></extension><extension url="http://hl7.org/fhir/tools/StructureDefinition/ig-parameter"><extension url="code"><valueCode value="path-history"/></extension><extension url="value"><valueString value="https://profiles.ihe.net/ITI/Scheduling/history.html"/></extension></extension><extension url="http://hl7.org/fhir/tools/StructureDefinition/ig-parameter"><extension url="code"><valueCode value="template-html"/></extension><extension url="value"><valueString value="template-page.html"/></extension></extension><extension url="http://hl7.org/fhir/tools/StructureDefinition/ig-parameter"><extension url="code"><valueCode value="template-md"/></extension><extension url="value"><valueString value="template-page-md.html"/></extension></extension><extension url="http://hl7.org/fhir/tools/StructureDefinition/ig-parameter"><extension url="code"><valueCode value="apply-context"/></extension><extension url="value"><valueString value="true"/></extension></extension><extension url="http://hl7.org/fhir/tools/StructureDefinition/ig-parameter"><extension url="code"><valueCode value="apply-copyright"/></extension><extension url="value"><valueString value="true"/></extension></extension><extension url="http://hl7.org/fhir/tools/StructureDefinition/ig-parameter"><extension url="code"><valueCode value="apply-license"/></extension><extension url="value"><valueString value="true"/></extension></extension><extension url="http://hl7.org/fhir/tools/StructureDefinition/ig-parameter"><extension url="code"><valueCode value="apply-wg"/></extension><extension url="value"><valueString value="true"/></extension></extension><extension url="http://hl7.org/fhir/tools/StructureDefinition/ig-parameter"><extension url="code"><valueCode value="fmm-definition"/></extension><extension url="value"><valueString value="http://hl7.org/fhir/versions.html#maturity"/></extension></extension><extension url="http://hl7.org/fhir/tools/StructureDefinition/ig-parameter"><extension url="code"><valueCode value="propagate-status"/></extension><extension url="value"><valueString value="true"/></extension></extension><extension url="http://hl7.org/fhir/tools/StructureDefinition/ig-parameter"><extension url="code"><valueCode value="excludelogbinaryformat"/></extension><extension url="value"><valueString value="true"/></extension></extension><extension url="http://hl7.org/fhir/tools/StructureDefinition/ig-parameter"><extension url="code"><valueCode value="tabbed-snapshots"/></extension><extension url="value"><valueString value="true"/></extension></extension><grouping id="-dyn-capabilitystatement"><name value="Behavior: Capability Statements"/><description value="The following artifacts define the specific capabilities that different types of systems are expected to have in order to comply with this implementation guide.  Systems conforming to this implementation guide are expected to declare conformance to one or more of the following capability statements."/></grouping><grouping id="-dyn-operationdefinition"><name value="Behavior: Operation Definitions"/><description value="These are custom operations that can be supported by and/or invoked by systems conforming to this implementation guide."/></grouping><grouping id="-str-profile"><name value="Structures: Resource Profiles"/><description value="These define constraints on FHIR resources for systems conforming to this implementation guide."/></grouping><grouping id="-str-extension"><name value="Structures: Extension Definitions"/><description value="These define constraints on FHIR data types for systems conforming to this implementation guide."/></grouping><grouping id="-term-valueset"><name value="Terminology: Value Sets"/><description value="These define sets of codes used by systems conforming to this implementation guide."/></grouping><grouping id="-term-codesystem"><name value="Terminology: Code Systems"/><description value="These define new code systems used by systems conforming to this implementation guide."/></grouping><grouping id="-ex-example"><name value="Example: Example Instances"/><description value="These are example instances that show what data produced and consumed by systems conforming with this implementation guide might look like."/></grouping><resource><extension url="http://hl7.org/fhir/tools/StructureDefinition/resource-sort"><valueInteger value="999999999"/></extension><extension url="http://hl7.org/fhir/StructureDefinition/implementationguide-page"><valueUri value="CapabilityStatement-IHE.Scheduling.client.html"/></extension><reference><reference value="CapabilityStatement/IHE.Scheduling.client"/></reference><name value="IHE Scheduling Client"/><description value="CapabilityStatement for Client Actor in the IHE IT Infrastructure Technical Framework Supplement IHE FHIR Scheduling. See https://profiles.ihe.net/ITI/TF/Volume1/ch-38.html."/><exampleBoolean value="false"/><groupingId value="-dyn-capabilitystatement"/></resource><resource><extension url="http://hl7.org/fhir/tools/StructureDefinition/resource-sort"><valueInteger value="999999999"/></extension><extension url="http://hl7.org/fhir/StructureDefinition/implementationguide-page"><valueUri value="CapabilityStatement-IHE.Scheduling.server.html"/></extension><reference><reference value="CapabilityStatement/IHE.Scheduling.server"/></reference><name value="IHE Scheduling Server"/><description value="CapabilityStatement for Server Actor in the IHE IT Infrastructure Technical Framework Supplement IHE FHIR Scheduling. See https://profiles.ihe.net/ITI/TF/Volume1/ch-38.html."/><exampleBoolean value="false"/><groupingId value="-dyn-capabilitystatement"/></resource><resource><extension url="http://hl7.org/fhir/tools/StructureDefinition/resource-sort"><valueInteger value="999999999"/></extension><extension url="http://hl7.org/fhir/StructureDefinition/implementationguide-page"><valueUri value="OperationDefinition-appointment-book.html"/></extension><reference><reference value="OperationDefinition/appointment-book"/></reference><name value="Book_Appointment_Operation"/><description value="Request to book a selected Appointment. This operation follows the appointment availability and optional hold interactions.  This operation completes the booking of an appointment.  The server determines if the nominated appointment is still available (i.e., all the required actors and physical assets needed for the appointment are still available) and either accepts or rejects the book request and updates the resource status accordingly. &#xA;&#xA; In addition to the booking an appointment, this operation can also request to modify or cancel an existing appointment. &#xA;&#xA;### Book a New Appointment&#xA; When booking a new appoint, the operation SHALL have either an `appointment-reference` or an `appointment-resource` parameter. If the `appointment-resource` parameter is used, the value of `Appointment.status` SHALL have the value of `pending`.&#xA;&#xA;A successful new appointment `$book` operation returns an [IHE ITI Appointment](./StructureDefinition-ihe-sched-appt.html) resource with the the value of `Appointment.status` set to `booked`.&#xA;&#xA;### Modify an Existing Appointment&#xA; When requesting a modification of an existing appointment, the operation SHALL have an `appointment-resource` parameter and the value of `Appointment.status` SHALL have the value of `booked`.&#xA;&#xA;A successful request to modify an existing modification returns an [IHE ITI Appointment](./StructureDefinition-ihe-sched-appt.html) resource with the the value of `Appointment.status` set to `booked` and the changes that were requested correspondingly reflected in the resource.&#xA;&#xA;### Cancel an Existing Appointment  &#xA; When requesting a cancellation of an existing appointment, the operation SHALL have an `appointment-resource` parameter and the value of `Appointment.status` SHALL have the value of `cancelled`.&#xA;&#xA;A successful request to cancel an existing modification returns an [IHE ITI Appointment](./StructureDefinition-ihe-sched-appt.html) resource with the the value of `Appointment.status` set to `cancelled`"/><exampleBoolean value="false"/><groupingId value="-dyn-operationdefinition"/></resource><resource><extension url="http://hl7.org/fhir/tools/StructureDefinition/resource-sort"><valueInteger value="999999999"/></extension><extension url="http://hl7.org/fhir/StructureDefinition/implementationguide-page"><valueUri value="OperationDefinition-appointment-find.html"/></extension><reference><reference value="OperationDefinition/appointment-find"/></reference><name value="Find_Appointments_Operation"/><description value="Searches for availability for a future appointment(s) within a time period of defined by date range input parameters.  If neither a start or end date is given then the maximum period as defined by local business rules and starting from when the  operation was transacted will be used.   Other input parameters further refine the search and include  practitioner references, specialties, visit type, locations, patient and referral information. From these criteria, a system determines which schedulable resources ( e.g., people, rooms, equipment) are needed for the visit, and provides proposed appointments for the time slots where all required resources are available."/><exampleBoolean value="false"/><groupingId value="-dyn-operationdefinition"/></resource><resource><extension url="http://hl7.org/fhir/tools/StructureDefinition/resource-sort"><valueInteger value="999999999"/></extension><extension url="http://hl7.org/fhir/StructureDefinition/implementationguide-page"><valueUri value="OperationDefinition-appointment-hold.html"/></extension><reference><reference value="OperationDefinition/appointment-hold"/></reference><name value="Hold_Appointment_Operation"/><description value="Request for a hold on a selected Appointment in order for the user to complete entering data for booking an appointment.  This operation precedes the booking and follows the appointment availability interaction.  The server determines if the nominated appointment is still available (i.e., all the required actors and physical assets needed for the appointment are still available) and either accepts or rejects the hold request and updates the resource status accordingly."/><exampleBoolean value="false"/><groupingId value="-dyn-operationdefinition"/></resource><resource><extension url="http://hl7.org/fhir/tools/StructureDefinition/resource-sort"><valueInteger value="999999999"/></extension><extension url="http://hl7.org/fhir/StructureDefinition/implementationguide-page"><valueUri value="StructureDefinition-IHE.Scheduling.Book.Audit.Recipient.html"/></extension><reference><reference value="StructureDefinition/IHE.Scheduling.Book.Audit.Recipient"/></reference><name value="Audit Event for the Book Appointment Transaction at Recipient"/><description value="Defines constraints on the AuditEvent Resource to record when a Book Appointment \[ITI-117\] Transaction happens at the Recipient.&#xA;- Build off of the IHE Basic Audit Patient Create event&#xA;- add the ITI-117 as a subtype&#xA;- client is the Scheduling Client&#xA;- Server is the Scheduling Server&#xA;- may have user, app, organization agent(s)&#xA;- shall have a patient entity&#xA;- shall have an appointment identity entity"/><exampleBoolean value="false"/><groupingId value="-str-profile"/></resource><resource><extension url="http://hl7.org/fhir/tools/StructureDefinition/resource-sort"><valueInteger value="999999999"/></extension><extension url="http://hl7.org/fhir/StructureDefinition/implementationguide-page"><valueUri value="StructureDefinition-IHE.Scheduling.Book.Audit.Source.html"/></extension><reference><reference value="StructureDefinition/IHE.Scheduling.Book.Audit.Source"/></reference><name value="Audit Event for the Book Appointment Transaction at Source"/><description value="Defines constraints on the AuditEvent Resource to record when a Book Appointment \[ITI-117\] Transaction happens at the Source.&#xA;- Build off of the IHE Basic Audit Patient Create event&#xA;- add the ITI-117 as a subtype&#xA;- client is the Scheduling Client&#xA;- Server is the Scheduling Server&#xA;- may have user, app, organization agent(s)&#xA;- shall have a patient entity&#xA;- shall have an appointment identity entity"/><exampleBoolean value="false"/><groupingId value="-str-profile"/></resource><resource><extension url="http://hl7.org/fhir/tools/StructureDefinition/resource-sort"><valueInteger value="999999999"/></extension><extension url="http://hl7.org/fhir/StructureDefinition/implementationguide-page"><valueUri value="StructureDefinition-IHE.Scheduling.FindPotential.Audit.Recipient.html"/></extension><reference><reference value="StructureDefinition/IHE.Scheduling.FindPotential.Audit.Recipient"/></reference><name value="Audit Event for the Find Potential Appointments Transaction at Recipient"/><description value="Defines constraints on the AuditEvent Resource to record when a Find Potential Appointments \[ITI-115\] Transaction happens at the Recipient, and the transaction contains a Patient resource.&#xA;- Build off of the IHE Basic Audit Patient Create event&#xA;- add the ITI-115 as a subtype&#xA;- client is the Scheduling Client&#xA;- Server is the Scheduling Server&#xA;- may have user, app, organization agent(s)&#xA;- shall have a patient entity"/><exampleBoolean value="false"/><groupingId value="-str-profile"/></resource><resource><extension url="http://hl7.org/fhir/tools/StructureDefinition/resource-sort"><valueInteger value="999999999"/></extension><extension url="http://hl7.org/fhir/StructureDefinition/implementationguide-page"><valueUri value="StructureDefinition-IHE.Scheduling.FindPotential.Audit.Source.html"/></extension><reference><reference value="StructureDefinition/IHE.Scheduling.FindPotential.Audit.Source"/></reference><name value="Audit Event for the Find Potential Appointments Transaction at Source"/><description value="Defines constraints on the AuditEvent Resource to record when a Find Potential Appointments \[ITI-115\] Transaction happens at the Source.&#xA;- Build off of the IHE Basic Audit Patient Create event&#xA;- add the ITI-115 as a subtype&#xA;- client is the Scheduling Client&#xA;- Server is the Scheduling Server&#xA;- may have user, app, organization agent(s)&#xA;- shall have a patient entity&#xA;- shall have an appointment identity entity"/><exampleBoolean value="false"/><groupingId value="-str-profile"/></resource><resource><extension url="http://hl7.org/fhir/tools/StructureDefinition/resource-sort"><valueInteger value="999999999"/></extension><extension url="http://hl7.org/fhir/StructureDefinition/implementationguide-page"><valueUri value="StructureDefinition-IHE.Scheduling.Hold.Audit.Recipient.html"/></extension><reference><reference value="StructureDefinition/IHE.Scheduling.Hold.Audit.Recipient"/></reference><name value="Audit Event for the Hold Appointment Transaction at Recipient"/><description value="Defines constraints on the AuditEvent Resource to record when a hold Appointment \[ITI-116\] Transaction happens at the Recipient.&#xA;- Build off of the IHE Basic Audit Patient Create event&#xA;- add the ITI-116 as a subtype&#xA;- client is the Scheduling Client&#xA;- Server is the Scheduling Server&#xA;- may have user, app, organization agent(s)&#xA;- shall have a patient entity&#xA;- shall have an appointment identity entity"/><exampleBoolean value="false"/><groupingId value="-str-profile"/></resource><resource><extension url="http://hl7.org/fhir/tools/StructureDefinition/resource-sort"><valueInteger value="999999999"/></extension><extension url="http://hl7.org/fhir/StructureDefinition/implementationguide-page"><valueUri value="StructureDefinition-IHE.Scheduling.Hold.Audit.Source.html"/></extension><reference><reference value="StructureDefinition/IHE.Scheduling.Hold.Audit.Source"/></reference><name value="Audit Event for the Hold Appointment Transaction at Source"/><description value="Defines constraints on the AuditEvent Resource to record when a Hold Appointment \[ITI-116\] Transaction happens at the Source.&#xA;- Build off of the IHE Basic Audit Patient Create event&#xA;- add the ITI-116 as a subtype&#xA;- client is the Scheduling Client&#xA;- Server is the Scheduling Server&#xA;- may have user, app, organization agent(s)&#xA;- shall have a patient entity&#xA;- shall have an appointment identity entity"/><exampleBoolean value="false"/><groupingId value="-str-profile"/></resource><resource><extension url="http://hl7.org/fhir/tools/StructureDefinition/resource-sort"><valueInteger value="999999999"/></extension><extension url="http://hl7.org/fhir/StructureDefinition/implementationguide-page"><valueUri value="StructureDefinition-ihe-sched-appt.html"/></extension><reference><reference value="StructureDefinition/ihe-sched-appt"/></reference><name value="IHE ITI Appointment Profile"/><description value="The IHE ITI Scheduling Appointment Profile is used with the '$find', '$hold', and '$book' operations and when fetching appointments."/><exampleBoolean value="false"/><groupingId value="-str-profile"/></resource><resource><extension url="http://hl7.org/fhir/tools/StructureDefinition/resource-sort"><valueInteger value="999999999"/></extension><extension url="http://hl7.org/fhir/StructureDefinition/implementationguide-page"><valueUri value="StructureDefinition-ihe-sched-avail-bundle.html"/></extension><reference><reference value="StructureDefinition/ihe-sched-avail-bundle"/></reference><name value="IHE ITI Scheduling Bundle Profile"/><description value="The IHE ITI Appointment Bundle Profile is returned as a result of the '$find' operation and Appointment search."/><exampleBoolean value="false"/><groupingId value="-str-profile"/></resource><resource><extension url="http://hl7.org/fhir/tools/StructureDefinition/resource-sort"><valueInteger value="999999999"/></extension><extension url="http://hl7.org/fhir/StructureDefinition/implementationguide-page"><valueUri value="StructureDefinition-extension-status-reason.html"/></extension><reference><reference value="StructureDefinition/extension-status-reason"/></reference><name value="Reason For Current Status"/><description value="Captures the reason for the current state of the Appointment."/><exampleBoolean value="false"/><groupingId value="-str-extension"/></resource><resource><extension url="http://hl7.org/fhir/tools/StructureDefinition/resource-sort"><valueInteger value="999999999"/></extension><extension url="http://hl7.org/fhir/StructureDefinition/implementationguide-page"><valueUri value="ValueSet-iti-sched-status-reason.html"/></extension><reference><reference value="ValueSet/iti-sched-status-reason"/></reference><name value="IHE ITI Sched Status Reason Codes"/><description value="This value set is the full expansion of the ITI Scheduking Status Reason code system."/><exampleBoolean value="false"/><groupingId value="-term-valueset"/></resource><resource><extension url="http://hl7.org/fhir/tools/StructureDefinition/resource-sort"><valueInteger value="999999999"/></extension><extension url="http://hl7.org/fhir/StructureDefinition/implementationguide-page"><valueUri value="ValueSet-sct-services.html"/></extension><reference><reference value="ValueSet/sct-services"/></reference><name value="IHE ITI Scheduling Snomed CT Services"/><description value="The Snomed CT services and procedures concepts that represent visit types for scheduling appointments. These concepts are mapped to the [IHE ITI Scheduling Visit Types](http://fhir.org/guides/argonaut-scheduling/ConceptMap/visit-snomed-map)."/><exampleBoolean value="false"/><groupingId value="-term-valueset"/></resource><resource><extension url="http://hl7.org/fhir/tools/StructureDefinition/resource-sort"><valueInteger value="999999999"/></extension><extension url="http://hl7.org/fhir/StructureDefinition/implementationguide-page"><valueUri value="ValueSet-specialty.html"/></extension><reference><reference value="ValueSet/specialty"/></reference><name value="IHE ITI Scheduling Specialties"/><description value="The specialties offered by providers and  that would be required to perform the service requested in this appointment."/><exampleBoolean value="false"/><groupingId value="-term-valueset"/></resource><resource><extension url="http://hl7.org/fhir/tools/StructureDefinition/resource-sort"><valueInteger value="999999999"/></extension><extension url="http://hl7.org/fhir/StructureDefinition/implementationguide-page"><valueUri value="CodeSystem-status-reason.html"/></extension><reference><reference value="CodeSystem/status-reason"/></reference><name value="ITI Appointment Status Reason Codes"/><description value="The reason for the current state of the Appointment."/><exampleBoolean value="false"/><groupingId value="-term-codesystem"/></resource><resource><extension url="http://hl7.org/fhir/tools/StructureDefinition/resource-sort"><valueInteger value="999999999"/></extension><extension url="http://hl7.org/fhir/StructureDefinition/implementationguide-page"><valueUri value="AuditEvent-ex-auditSchedulingBook-source.html"/></extension><reference><reference value="AuditEvent/ex-auditSchedulingBook-source"/></reference><name value="Audit Example of ITI-1017 at source"/><description value="Audit Example for a Simplified Publish Transaction from source perspective"/><exampleCanonical value="https://profiles.ihe.net/ITI/Scheduling/StructureDefinition/IHE.Scheduling.Book.Audit.Source"/><groupingId value="-ex-example"/></resource><resource><extension url="http://hl7.org/fhir/tools/StructureDefinition/resource-sort"><valueInteger value="999999999"/></extension><extension url="http://hl7.org/fhir/StructureDefinition/implementationguide-page"><valueUri value="AuditEvent-ex-auditSchedulingFindPotential-recipient.html"/></extension><reference><reference value="AuditEvent/ex-auditSchedulingFindPotential-recipient"/></reference><name value="Audit Example of ITI-115 at recipient"/><description value="Audit Example for a Book Appointment Transaction as recorded at the recipient"/><exampleCanonical value="https://profiles.ihe.net/ITI/Scheduling/StructureDefinition/IHE.Scheduling.FindPotential.Audit.Recipient"/><groupingId value="-ex-example"/></resource><resource><extension url="http://hl7.org/fhir/tools/StructureDefinition/resource-sort"><valueInteger value="999999999"/></extension><extension url="http://hl7.org/fhir/StructureDefinition/implementationguide-page"><valueUri value="AuditEvent-ex-auditSchedulingFindPotential-source.html"/></extension><reference><reference value="AuditEvent/ex-auditSchedulingFindPotential-source"/></reference><name value="Audit Example of ITI-115 at source"/><description value="Audit Example for a Simplified Publish Transaction from source perspective"/><exampleCanonical value="https://profiles.ihe.net/ITI/Scheduling/StructureDefinition/IHE.Scheduling.FindPotential.Audit.Source"/><groupingId value="-ex-example"/></resource><resource><extension url="http://hl7.org/fhir/tools/StructureDefinition/resource-sort"><valueInteger value="999999999"/></extension><extension url="http://hl7.org/fhir/StructureDefinition/implementationguide-page"><valueUri value="AuditEvent-ex-auditSchedulingHold-recipient.html"/></extension><reference><reference value="AuditEvent/ex-auditSchedulingHold-recipient"/></reference><name value="Audit Example of ITI-116 at recipient"/><description value="Audit Example for a Book Appointment Transaction as recorded at the recipient"/><exampleCanonical value="https://profiles.ihe.net/ITI/Scheduling/StructureDefinition/IHE.Scheduling.Hold.Audit.Recipient"/><groupingId value="-ex-example"/></resource><resource><extension url="http://hl7.org/fhir/tools/StructureDefinition/resource-sort"><valueInteger value="999999999"/></extension><extension url="http://hl7.org/fhir/StructureDefinition/implementationguide-page"><valueUri value="AuditEvent-ex-auditSchedulingHold-source.html"/></extension><reference><reference value="AuditEvent/ex-auditSchedulingHold-source"/></reference><name value="Audit Example of ITI-116 at source"/><description value="Audit Example for a Simplified Publish Transaction from source perspective"/><exampleCanonical value="https://profiles.ihe.net/ITI/Scheduling/StructureDefinition/IHE.Scheduling.Hold.Audit.Source"/><groupingId value="-ex-example"/></resource><resource><extension url="http://hl7.org/fhir/tools/StructureDefinition/resource-sort"><valueInteger value="999999999"/></extension><extension url="http://hl7.org/fhir/StructureDefinition/implementationguide-page"><valueUri value="AuditEvent-ex-auditSchedulingBook-recipient.html"/></extension><reference><reference value="AuditEvent/ex-auditSchedulingBook-recipient"/></reference><name value="Audit Example of ITI-117 at recipient"/><description value="Audit Example for a Book Appointment Transaction as recorded at the recipient"/><exampleCanonical value="https://profiles.ihe.net/ITI/Scheduling/StructureDefinition/IHE.Scheduling.Book.Audit.Recipient"/><groupingId value="-ex-example"/></resource><resource><extension url="http://hl7.org/fhir/tools/StructureDefinition/resource-sort"><valueInteger value="999999999"/></extension><extension url="http://hl7.org/fhir/StructureDefinition/implementationguide-page"><valueUri value="Device-ex-device.html"/></extension><reference><reference value="Device/ex-device"/></reference><name value="Dummy Device example"/><description value="Dummy Device example for completeness sake. No actual use of this resource other than an example target"/><exampleBoolean value="true"/><groupingId value="-ex-example"/></resource><resource><extension url="http://hl7.org/fhir/tools/StructureDefinition/resource-sort"><valueInteger value="999999999"/></extension><extension url="http://hl7.org/fhir/StructureDefinition/implementationguide-page"><valueUri value="Appointment-appt1-1.html"/></extension><reference><reference value="Appointment/appt1-1"/></reference><name value="Example appointment with Dr. Y"/><description value="Example appointment"/><exampleBoolean value="true"/><groupingId value="-ex-example"/></resource><resource><extension url="http://hl7.org/fhir/tools/StructureDefinition/resource-sort"><valueInteger value="999999999"/></extension><extension url="http://hl7.org/fhir/StructureDefinition/implementationguide-page"><valueUri value="Patient-pat1.html"/></extension><reference><reference value="Patient/pat1"/></reference><name value="Meiko Lufhir Jr., PhD"/><description value="Example patient"/><exampleBoolean value="true"/><groupingId value="-ex-example"/></resource><resource><extension url="http://hl7.org/fhir/tools/StructureDefinition/resource-sort"><valueInteger value="999999999"/></extension><extension url="http://hl7.org/fhir/StructureDefinition/implementationguide-page"><valueUri value="Bundle-example-appt-bundle-1.html"/></extension><reference><reference value="Bundle/example-appt-bundle-1"/></reference><name value="Potential Appointment List"/><description value="Response to a $find operation example"/><exampleBoolean value="true"/><groupingId value="-ex-example"/></resource><resource><extension url="http://hl7.org/fhir/tools/StructureDefinition/resource-sort"><valueInteger value="999999999"/></extension><extension url="http://hl7.org/fhir/StructureDefinition/implementationguide-page"><valueUri value="Practitioner-dr-y.html"/></extension><reference><reference value="Practitioner/dr-y"/></reference><name value="Practitioner Dr. Y"/><description value="Example practitioner"/><exampleBoolean value="true"/><groupingId value="-ex-example"/></resource><page><extension url="http://hl7.org/fhir/tools/StructureDefinition/ig-page-name"><valueUrl value="toc.html"/></extension><nameUrl value="toc.html"/><title value="Table of Contents"/><generation value="html"/><page><extension url="http://hl7.org/fhir/tools/StructureDefinition/ig-page-name"><valueUrl value="index.html"/></extension><nameUrl value="index.html"/><title value="Scheduling Home"/><generation value="markdown"/></page><page><extension url="http://hl7.org/fhir/tools/StructureDefinition/ig-page-name"><valueUrl value="volume-1.html"/></extension><nameUrl value="volume-1.html"/><title value="1:55 Scheduling"/><generation value="markdown"/></page><page><extension url="http://hl7.org/fhir/tools/StructureDefinition/ig-page-name"><valueUrl value="ITI-115.html"/></extension><nameUrl value="ITI-115.html"/><title value="2:3.115 Find Potential Appointments [ITI-115]"/><generation value="markdown"/></page><page><extension url="http://hl7.org/fhir/tools/StructureDefinition/ig-page-name"><valueUrl value="ITI-116.html"/></extension><nameUrl value="ITI-116.html"/><title value="2:3.116 Hold Appointment [ITI-116]"/><generation value="markdown"/></page><page><extension url="http://hl7.org/fhir/tools/StructureDefinition/ig-page-name"><valueUrl value="ITI-117.html"/></extension><nameUrl value="ITI-117.html"/><title value="2:3.117 Book Appointment [ITI-117]"/><generation value="markdown"/></page><page><extension url="http://hl7.org/fhir/tools/StructureDefinition/ig-page-name"><valueUrl value="ITI-118.html"/></extension><nameUrl value="ITI-118.html"/><title value="2:3.118 Find Existing Appointments [ITI-118]"/><generation value="markdown"/></page><page><extension url="http://hl7.org/fhir/tools/StructureDefinition/ig-page-name"><valueUrl value="testplan.html"/></extension><nameUrl value="testplan.html"/><title value="Test Plan"/><generation value="markdown"/></page><page><extension url="http://hl7.org/fhir/tools/StructureDefinition/ig-page-name"><valueUrl value="other.html"/></extension><nameUrl value="other.html"/><title value="Changes to Other IHE Specifications"/><generation value="markdown"/></page><page><extension url="http://hl7.org/fhir/tools/StructureDefinition/ig-page-name"><valueUrl value="download.html"/></extension><nameUrl value="download.html"/><title value="Download and Analysis"/><generation value="markdown"/></page><page><extension url="http://hl7.org/fhir/tools/StructureDefinition/ig-page-name"><valueUrl value="issues.html"/></extension><nameUrl value="issues.html"/><title value="Significant Changes and Issues"/><generation value="markdown"/></page><page><extension url="http://hl7.org/fhir/tools/StructureDefinition/ig-page-name"><valueUrl value="artifacts.html"/></extension><nameUrl value="artifacts.html"/><title value="Artifacts Summary"/><generation value="html"/><page><extension url="http://hl7.org/fhir/tools/StructureDefinition/ig-page-name"><valueUrl value="CapabilityStatement-IHE.Scheduling.client.html"/></extension><nameUrl value="CapabilityStatement-IHE.Scheduling.client.html"/><title value="IHE Scheduling Client"/><generation value="generated"/></page><page><extension url="http://hl7.org/fhir/tools/StructureDefinition/ig-page-name"><valueUrl value="CapabilityStatement-IHE.Scheduling.server.html"/></extension><nameUrl value="CapabilityStatement-IHE.Scheduling.server.html"/><title value="IHE Scheduling Server"/><generation value="generated"/></page><page><extension url="http://hl7.org/fhir/tools/StructureDefinition/ig-page-name"><valueUrl value="OperationDefinition-appointment-book.html"/></extension><nameUrl value="OperationDefinition-appointment-book.html"/><title value="Book_Appointment_Operation"/><generation value="generated"/></page><page><extension url="http://hl7.org/fhir/tools/StructureDefinition/ig-page-name"><valueUrl value="OperationDefinition-appointment-find.html"/></extension><nameUrl value="OperationDefinition-appointment-find.html"/><title value="Find_Appointments_Operation"/><generation value="generated"/></page><page><extension url="http://hl7.org/fhir/tools/StructureDefinition/ig-page-name"><valueUrl value="OperationDefinition-appointment-hold.html"/></extension><nameUrl value="OperationDefinition-appointment-hold.html"/><title value="Hold_Appointment_Operation"/><generation value="generated"/></page><page><extension url="http://hl7.org/fhir/tools/StructureDefinition/ig-page-name"><valueUrl value="StructureDefinition-IHE.Scheduling.Book.Audit.Recipient.html"/></extension><nameUrl value="StructureDefinition-IHE.Scheduling.Book.Audit.Recipient.html"/><title value="Audit Event for the Book Appointment Transaction at Recipient"/><generation value="generated"/></page><page><extension url="http://hl7.org/fhir/tools/StructureDefinition/ig-page-name"><valueUrl value="StructureDefinition-IHE.Scheduling.Book.Audit.Source.html"/></extension><nameUrl value="StructureDefinition-IHE.Scheduling.Book.Audit.Source.html"/><title value="Audit Event for the Book Appointment Transaction at Source"/><generation value="generated"/></page><page><extension url="http://hl7.org/fhir/tools/StructureDefinition/ig-page-name"><valueUrl value="StructureDefinition-IHE.Scheduling.FindPotential.Audit.Recipient.html"/></extension><nameUrl value="StructureDefinition-IHE.Scheduling.FindPotential.Audit.Recipient.html"/><title value="Audit Event for the Find Potential Appointments Transaction at Recipient"/><generation value="generated"/></page><page><extension url="http://hl7.org/fhir/tools/StructureDefinition/ig-page-name"><valueUrl value="StructureDefinition-IHE.Scheduling.FindPotential.Audit.Source.html"/></extension><nameUrl value="StructureDefinition-IHE.Scheduling.FindPotential.Audit.Source.html"/><title value="Audit Event for the Find Potential Appointments Transaction at Source"/><generation value="generated"/></page><page><extension url="http://hl7.org/fhir/tools/StructureDefinition/ig-page-name"><valueUrl value="StructureDefinition-IHE.Scheduling.Hold.Audit.Recipient.html"/></extension><nameUrl value="StructureDefinition-IHE.Scheduling.Hold.Audit.Recipient.html"/><title value="Audit Event for the Hold Appointment Transaction at Recipient"/><generation value="generated"/></page><page><extension url="http://hl7.org/fhir/tools/StructureDefinition/ig-page-name"><valueUrl value="StructureDefinition-IHE.Scheduling.Hold.Audit.Source.html"/></extension><nameUrl value="StructureDefinition-IHE.Scheduling.Hold.Audit.Source.html"/><title value="Audit Event for the Hold Appointment Transaction at Source"/><generation value="generated"/></page><page><extension url="http://hl7.org/fhir/tools/StructureDefinition/ig-page-name"><valueUrl value="StructureDefinition-ihe-sched-appt.html"/></extension><nameUrl value="StructureDefinition-ihe-sched-appt.html"/><title value="IHE ITI Appointment Profile"/><generation value="generated"/></page><page><extension url="http://hl7.org/fhir/tools/StructureDefinition/ig-page-name"><valueUrl value="StructureDefinition-ihe-sched-avail-bundle.html"/></extension><nameUrl value="StructureDefinition-ihe-sched-avail-bundle.html"/><title value="IHE ITI Scheduling Bundle Profile"/><generation value="generated"/></page><page><extension url="http://hl7.org/fhir/tools/StructureDefinition/ig-page-name"><valueUrl value="StructureDefinition-extension-status-reason.html"/></extension><nameUrl value="StructureDefinition-extension-status-reason.html"/><title value="Reason For Current Status"/><generation value="generated"/></page><page><extension url="http://hl7.org/fhir/tools/StructureDefinition/ig-page-name"><valueUrl value="ValueSet-iti-sched-status-reason.html"/></extension><nameUrl value="ValueSet-iti-sched-status-reason.html"/><title value="IHE ITI Sched Status Reason Codes"/><generation value="generated"/></page><page><extension url="http://hl7.org/fhir/tools/StructureDefinition/ig-page-name"><valueUrl value="ValueSet-sct-services.html"/></extension><nameUrl value="ValueSet-sct-services.html"/><title value="IHE ITI Scheduling Snomed CT Services"/><generation value="generated"/></page><page><extension url="http://hl7.org/fhir/tools/StructureDefinition/ig-page-name"><valueUrl value="ValueSet-specialty.html"/></extension><nameUrl value="ValueSet-specialty.html"/><title value="IHE ITI Scheduling Specialties"/><generation value="generated"/></page><page><extension url="http://hl7.org/fhir/tools/StructureDefinition/ig-page-name"><valueUrl value="CodeSystem-status-reason.html"/></extension><nameUrl value="CodeSystem-status-reason.html"/><title value="ITI Appointment Status Reason Codes"/><generation value="generated"/></page><page><extension url="http://hl7.org/fhir/tools/StructureDefinition/ig-page-name"><valueUrl value="AuditEvent-ex-auditSchedulingBook-source.html"/></extension><nameUrl value="AuditEvent-ex-auditSchedulingBook-source.html"/><title value="Audit Example of ITI-1017 at source"/><generation value="generated"/></page><page><extension url="http://hl7.org/fhir/tools/StructureDefinition/ig-page-name"><valueUrl value="AuditEvent-ex-auditSchedulingFindPotential-recipient.html"/></extension><nameUrl value="AuditEvent-ex-auditSchedulingFindPotential-recipient.html"/><title value="Audit Example of ITI-115 at recipient"/><generation value="generated"/></page><page><extension url="http://hl7.org/fhir/tools/StructureDefinition/ig-page-name"><valueUrl value="AuditEvent-ex-auditSchedulingFindPotential-source.html"/></extension><nameUrl value="AuditEvent-ex-auditSchedulingFindPotential-source.html"/><title value="Audit Example of ITI-115 at source"/><generation value="generated"/></page><page><extension url="http://hl7.org/fhir/tools/StructureDefinition/ig-page-name"><valueUrl value="AuditEvent-ex-auditSchedulingHold-recipient.html"/></extension><nameUrl value="AuditEvent-ex-auditSchedulingHold-recipient.html"/><title value="Audit Example of ITI-116 at recipient"/><generation value="generated"/></page><page><extension url="http://hl7.org/fhir/tools/StructureDefinition/ig-page-name"><valueUrl value="AuditEvent-ex-auditSchedulingHold-source.html"/></extension><nameUrl value="AuditEvent-ex-auditSchedulingHold-source.html"/><title value="Audit Example of ITI-116 at source"/><generation value="generated"/></page><page><extension url="http://hl7.org/fhir/tools/StructureDefinition/ig-page-name"><valueUrl value="AuditEvent-ex-auditSchedulingBook-recipient.html"/></extension><nameUrl value="AuditEvent-ex-auditSchedulingBook-recipient.html"/><title value="Audit Example of ITI-117 at recipient"/><generation value="generated"/></page><page><extension url="http://hl7.org/fhir/tools/StructureDefinition/ig-page-name"><valueUrl value="Device-ex-device.html"/></extension><nameUrl value="Device-ex-device.html"/><title value="Dummy Device example"/><generation value="generated"/></page><page><extension url="http://hl7.org/fhir/tools/StructureDefinition/ig-page-name"><valueUrl value="Appointment-appt1-1.html"/></extension><nameUrl value="Appointment-appt1-1.html"/><title value="Example appointment with Dr. Y"/><generation value="generated"/></page><page><extension url="http://hl7.org/fhir/tools/StructureDefinition/ig-page-name"><valueUrl value="Patient-pat1.html"/></extension><nameUrl value="Patient-pat1.html"/><title value="Meiko Lufhir Jr., PhD"/><generation value="generated"/></page><page><extension url="http://hl7.org/fhir/tools/StructureDefinition/ig-page-name"><valueUrl value="Bundle-example-appt-bundle-1.html"/></extension><nameUrl value="Bundle-example-appt-bundle-1.html"/><title value="Potential Appointment List"/><generation value="generated"/></page><page><extension url="http://hl7.org/fhir/tools/StructureDefinition/ig-page-name"><valueUrl value="Practitioner-dr-y.html"/></extension><nameUrl value="Practitioner-dr-y.html"/><title value="Practitioner Dr. Y"/><generation value="generated"/></page></page></page><parameter><code value="path-resource"/><value value="input/resources"/></parameter><parameter><code value="path-resource"/><value value="fsh-generated/resources"/></parameter><parameter><code value="path-resource"/><value value="input/examples"/></parameter><parameter><code value="path-resource"/><value value="input/capabilities"/></parameter><parameter><code value="path-resource"/><value value="input/extensions"/></parameter><parameter><code value="path-resource"/><value value="input/models"/></parameter><parameter><code value="path-resource"/><value value="input/operations"/></parameter><parameter><code value="path-resource"/><value value="input/profiles"/></parameter><parameter><code value="path-resource"/><value value="input/vocabulary"/></parameter><parameter><code value="path-resource"/><value value="input/testing"/></parameter><parameter><code value="path-resource"/><value value="input/history"/></parameter><parameter><code value="path-pages"/><value value="template/config"/></parameter><parameter><code value="path-pages"/><value value="input/images"/></parameter><parameter><code value="path-tx-cache"/><value value="input-cache/txcache"/></parameter></definition></ImplementationGuide>