<?xml version="1.0" encoding="UTF-8"?><ValueSet xmlns="http://hl7.org/fhir"><id value="sct-services"/><text><status value="generated"/><div xmlns="http://www.w3.org/1999/xhtml"><p class="res-header-id"><b>Generated Narrative: ValueSet sct-services</b></p><a name="sct-services"> </a><a name="hcsct-services"> </a><a name="sct-services-en-US"> </a><p>This value set includes codes based on the following rules:</p><ul><li>Include codes from<a href="http://www.snomed.org/"><code>http://snomed.info/sct</code></a> where concept  is-a 224891009 (Healthcare services)</li><li>Include these codes as defined in <a href="http://www.snomed.org/"><code>http://snomed.info/sct</code></a><table class="none"><tr><td style="white-space:nowrap"><b>Code</b></td><td><b>Display</b></td></tr><tr><td><a href="http://snomed.info/id/241686001">241686001</a></td><td style="color: #cccccc">Dual energy X-ray absorptiometry (procedure)</td></tr><tr><td><a href="http://snomed.info/id/40701008">40701008</a></td><td style="color: #cccccc">Echocardiography</td></tr><tr><td><a href="http://snomed.info/id/433233004">433233004</a></td><td style="color: #cccccc">Exercise stress echocardiography (procedure)</td></tr><tr><td><a href="http://snomed.info/id/409073007">409073007</a></td><td style="color: #cccccc">Education</td></tr><tr><td><a href="http://snomed.info/id/54550000">54550000</a></td><td style="color: #cccccc">Electroencephalogram</td></tr><tr><td><a href="http://snomed.info/id/29303009">29303009</a></td><td style="color: #cccccc">Electrocardiographic procedure</td></tr><tr><td><a href="http://snomed.info/id/386053000">386053000</a></td><td style="color: #cccccc">Investigations</td></tr><tr><td><a href="http://snomed.info/id/86198006">86198006</a></td><td style="color: #cccccc">Influenza vaccination</td></tr><tr><td><a href="http://snomed.info/id/44491008">44491008</a></td><td style="color: #cccccc">Fluoroscopy</td></tr><tr><td><a href="http://snomed.info/id/185389009">185389009</a></td><td style="color: #cccccc">Follow-up visit</td></tr><tr><td><a href="http://snomed.info/id/439708006">439708006</a></td><td style="color: #cccccc">Home visit (procedure)</td></tr><tr><td><a href="http://snomed.info/id/59108006">59108006</a></td><td style="color: #cccccc">Injection</td></tr><tr><td><a href="http://snomed.info/id/185387006">185387006</a></td><td style="color: #cccccc">New patient consultation</td></tr><tr><td><a href="http://snomed.info/id/310058008">310058008</a></td><td style="color: #cccccc">Nuclear medicine service</td></tr><tr><td><a href="http://snomed.info/id/5880005">5880005</a></td><td style="color: #cccccc">Clinical examination</td></tr><tr><td><a href="http://snomed.info/id/439740005">439740005</a></td><td style="color: #cccccc">Postoperative follow-up visit (procedure)</td></tr><tr><td><a href="http://snomed.info/id/406153003">406153003</a></td><td style="color: #cccccc">Pre-admission assessment</td></tr><tr><td><a href="http://snomed.info/id/262068006">262068006</a></td><td style="color: #cccccc">Preoperative</td></tr><tr><td><a href="http://snomed.info/id/71388002">71388002</a></td><td style="color: #cccccc">Procedure</td></tr><tr><td><a href="http://snomed.info/id/76746007">76746007</a></td><td style="color: #cccccc">Cardiovascular stress testing</td></tr><tr><td><a href="http://snomed.info/id/277132007">277132007</a></td><td style="color: #cccccc">Therapeutic procedure</td></tr><tr><td><a href="http://snomed.info/id/103391001">103391001</a></td><td style="color: #cccccc">Urgency</td></tr><tr><td><a href="http://snomed.info/id/127785005">127785005</a></td><td style="color: #cccccc">Active or passive immunization</td></tr><tr><td><a href="http://snomed.info/id/410620009">410620009</a></td><td style="color: #cccccc">Well child visit (procedure)</td></tr></table></li></ul></div></text><url value="https://profiles.ihe.net/ITI/Scheduling/ValueSet/sct-services"/><version value="1.0.0"/><name value="IHE_ITI_Scheduling_Snomed_CT_Services"/><title value="IHE ITI Scheduling Snomed CT Services"/><status value="active"/><experimental value="false"/><date value="2018-03-14T19:40:10Z"/><publisher value="IHE IT Infrastructure Technical Committee"/><contact><telecom><system value="url"/><value value="https://www.ihe.net/ihe_domains/it_infrastructure/"/></telecom></contact><contact><telecom><system value="email"/><value value="iti@ihe.net"/></telecom></contact><contact><name value="IHE IT Infrastructure Technical Committee"/><telecom><system value="email"/><value value="iti@ihe.net"/></telecom></contact><description value="The Snomed CT services and procedures concepts that represent visit types for scheduling appointments. These concepts are mapped to the [IHE ITI Scheduling Visit Types](http://fhir.org/guides/argonaut-scheduling/ConceptMap/visit-snomed-map)."/><jurisdiction><coding><system value="http://unstats.un.org/unsd/methods/m49/m49.htm"/><code value="001"/></coding></jurisdiction><copyright value="This value set includes content from SNOMED CT, which is copyright © 2002+ International Health Terminology Standards Development Organisation (IHTSDO), and distributed by agreement between IHTSDO and HL7. Implementer use of SNOMED CT is not covered by this agreement"/><compose><include><system value="http://snomed.info/sct"/><filter><property value="concept"/><op value="is-a"/><value value="224891009"/></filter></include><include><system value="http://snomed.info/sct"/><concept><code value="241686001"/></concept><concept><code value="40701008"/></concept><concept><code value="433233004"/></concept><concept><code value="409073007"/></concept><concept><code value="54550000"/></concept><concept><code value="29303009"/></concept><concept><code value="386053000"/></concept><concept><code value="86198006"/></concept><concept><code value="44491008"/></concept><concept><code value="185389009"/></concept><concept><code value="439708006"/></concept><concept><code value="59108006"/></concept><concept><code value="185387006"/></concept><concept><code value="310058008"/></concept><concept><code value="5880005"/></concept><concept><code value="439740005"/></concept><concept><code value="406153003"/></concept><concept><code value="262068006"/></concept><concept><code value="71388002"/></concept><concept><code value="76746007"/></concept><concept><code value="277132007"/></concept><concept><code value="103391001"/></concept><concept><code value="127785005"/></concept><concept><code value="410620009"/></concept></include></compose></ValueSet>