<?xml version="1.0" encoding="UTF-8"?>

<AuditEvent xmlns="http://hl7.org/fhir">
  <id value="ex-auditProvideBundle-source"/>
  <meta>
    <profile value="http://ihe.net/fhir/ITI.MHD/StructureDefinition/IHE.MHD.ProvideBundle.Audit.Source"/>
    <security>
      <system value="http://terminology.hl7.org/CodeSystem/v3-ActReason"/>
      <code value="HTEST"/>
    </security>
  </meta>
  <text>
    <status value="generated"/><div xmlns="http://www.w3.org/1999/xhtml"><p><b>Generated Narrative with Details</b></p><p><b>id</b>: ex-auditProvideBundle-source</p><p><b>meta</b>: </p><p><b>type</b>: Export (Details: DICOM code 110106 = 'Export', stated as 'Export')</p><p><b>subtype</b>: Provide Document Bundle (Details: urn:ihe:event-type-code code ITI-65 = 'ITI-65', stated as 'Provide Document Bundle')</p><p><b>action</b>: R</p><p><b>recorded</b>: Apr 29, 2020, 9:49:00 AM</p><p><b>outcome</b>: 0</p><blockquote><p><b>agent</b></p><p><b>type</b>: Patient <span style="background: LightGoldenRodYellow">(Details : {http://terminology.hl7.org/CodeSystem/v3-RoleClass code 'PAT' = 'patient', given as 'Patient'})</span></p><p><b>who</b>: <a href="Patient/example">Patient/example</a></p><p><b>requestor</b>: true</p></blockquote><blockquote><p><b>agent</b></p><p><b>type</b>: Source <span style="background: LightGoldenRodYellow">(Details : {DICOM code '110153' = 'Source Role ID', given as 'Source'})</span></p><p><b>who</b>: model number ABC, serial number 1234</p><p><b>requestor</b>: false</p><h3>Networks</h3><table class="grid"><tr><td>-</td><td><b>Address</b></td><td><b>Type</b></td></tr><tr><td>*</td><td>myDevice.example.com</td><td>1</td></tr></table></blockquote><blockquote><p><b>agent</b></p><p><b>type</b>: Destination <span style="background: LightGoldenRodYellow">(Details : {DICOM code '110152' = 'Destination Role ID', given as 'Destination'})</span></p><p><b>requestor</b>: false</p><h3>Networks</h3><table class="grid"><tr><td>-</td><td><b>Address</b></td><td><b>Type</b></td></tr><tr><td>*</td><td>http://server.example.com/fhir</td><td>5</td></tr></table></blockquote><h3>Sources</h3><table class="grid"><tr><td>-</td><td><b>Site</b></td><td><b>Observer</b></td><td><b>Type</b></td></tr><tr><td>*</td><td>mobile app foo-bar</td><td>model number ABC, serial number 1234</td><td>User Device (Details: [not stated] code 1 = '1', stated as 'User Device')</td></tr></table><blockquote><p><b>entity</b></p><p><b>what</b>: <a href="Patient/example">Patient/example</a></p><p><b>type</b>: Person (Details: http://terminology.hl7.org/CodeSystem/audit-entity-type code 1 = 'Person', stated as 'Person')</p><p><b>role</b>: Patient (Details: http://hl7.org/fhir/resource-types code Patient = 'Patient', stated as 'null')</p></blockquote><blockquote><p><b>entity</b></p><p><b>what</b>: <a href="minimalSubmissionSetList.html">Generated Summary: id: minimalSubmissionSetList; urn:oid:1.2.129.6.58.92.88337.4 (OFFICIAL), 23425234-23470 (USUAL); status: current; mode: working; title: Physical; <span title="Codes: {http://ihe.net/fhir/ITI.MHD/CodeSystem/MHDlistTypes submissionset}">SubmissionSet as a FHIR List</span>; date: Dec 26, 2004, 4:50:50 AM</a></p><p><b>type</b>: System (Details: http://terminology.hl7.org/CodeSystem/audit-entity-type code 2 = 'System Object', stated as 'System')</p><p><b>role</b>: Job (Details: http://terminology.hl7.org/CodeSystem/object-role code 20 = 'Job', stated as 'Job')</p></blockquote></div>
  </text>
  <type>
    <system value="http://dicom.nema.org/resources/ontology/DCM"/>
    <code value="110106"/>
    <display value="Export"/>
  </type>
  <subtype>
    <system value="urn:ihe:event-type-code"/>
    <code value="ITI-65"/>
    <display value="Provide Document Bundle"/>
  </subtype>
  <action value="R"/>
  <recorded value="2020-04-29T09:49:00.000Z"/>
  <outcome value="0"/>
  <agent>
    <type>
      <coding>
        <system value="http://terminology.hl7.org/CodeSystem/v3-RoleClass"/>
        <code value="PAT"/>
        <display value="Patient"/>
      </coding>
    </type>
    <who>
      <reference value="Patient/example"/>
    </who>
    <requestor value="true"/>
  </agent>
  <agent>
    <type>
      <coding>
        <system value="http://dicom.nema.org/resources/ontology/DCM"/>
        <code value="110153"/>
        <display value="Source"/>
      </coding>
    </type>
    <who>
      <display value="model number ABC, serial number 1234"/>
    </who>
    <requestor value="false"/>
    <network>
      <address value="myDevice.example.com"/>
      <type value="1"/>
    </network>
  </agent>
  <agent>
    <type>
      <coding>
        <system value="http://dicom.nema.org/resources/ontology/DCM"/>
        <code value="110152"/>
        <display value="Destination"/>
      </coding>
    </type>
    <requestor value="false"/>
    <network>
      <address value="http://server.example.com/fhir"/>
      <type value="5"/>
    </network>
  </agent>
  <source>
    <site value="mobile app foo-bar"/>
    <observer>
      <display value="model number ABC, serial number 1234"/>
    </observer>
    <type>
      <code value="1"/>
      <display value="User Device"/>
    </type>
  </source>
  <entity>
    <what>
      <reference value="Patient/example"/>
    </what>
    <type>
      <system value="http://terminology.hl7.org/CodeSystem/audit-entity-type"/>
      <code value="1"/>
      <display value="Person"/>
    </type>
    <role>
      <system value="http://hl7.org/fhir/resource-types"/>
      <code value="Patient"/>
    </role>
  </entity>
  <entity>
    <what>
      <reference value="List/minimalSubmissionSetList"/>
    </what>
    <type>
      <system value="http://terminology.hl7.org/CodeSystem/audit-entity-type"/>
      <code value="2"/>
      <display value="System"/>
    </type>
    <role>
      <system value="http://terminology.hl7.org/CodeSystem/object-role"/>
      <code value="20"/>
      <display value="Job"/>
    </role>
  </entity>
</AuditEvent>