<?xml version="1.0" encoding="UTF-8"?>

<CodeSystem xmlns="http://hl7.org/fhir">
  <id value="MHDlistTypes"/>
  <text>
    <status value="generated"/><div xmlns="http://www.w3.org/1999/xhtml"><h2>MHD List Types</h2><div><p>To use the List resource for two different use-cases we define a code-system with the types of List needed in MHD</p>
</div><p>This code system http://ihe.net/fhir/ITI.MHD/CodeSystem/MHDlistTypes defines the following codes:</p><table class="codes"><tr><td style="white-space:nowrap"><b>Code</b></td><td><b>Display</b></td><td><b>Definition</b></td></tr><tr><td style="white-space:nowrap">folder<a name="MHDlistTypes-folder"> </a></td><td>Folder as a FHIR List</td><td/></tr><tr><td style="white-space:nowrap">submissionset<a name="MHDlistTypes-submissionset"> </a></td><td>SubmissionSet as a FHIR List</td><td/></tr></table></div>
  </text>
  <url value="http://ihe.net/fhir/ITI.MHD/CodeSystem/MHDlistTypes"/>
  <version value="0.1.0"/>
  <name value="MHDlistTypes"/>
  <title value="MHD List Types"/>
  <status value="active"/>
  <date value="2020-05-03T13:51:04+00:00"/>
  <publisher value="IHE"/>
  <contact>
    <name value="John Moehrke"/>
    <telecom>
      <system value="email"/>
      <value value="john.moehrke@gmail.com"/>
    </telecom>
  </contact>
  <description value="To use the List resource for two different use-cases we define a code-system with the types of List needed in MHD"/>
  <content value="complete"/>
  <concept>
    <code value="folder"/>
    <display value="Folder as a FHIR List"/>
  </concept>
  <concept>
    <code value="submissionset"/>
    <display value="SubmissionSet as a FHIR List"/>
  </concept>
</CodeSystem>