<?xml version="1.0" encoding="UTF-8"?>

<DocumentReference xmlns="http://hl7.org/fhir">
  <id value="ex-DocumentReferenceUnContained"/>
  <meta>
    <profile value="https://profiles.ihe.net/ITI/MHD/StructureDefinition/IHE.MHD.UnContained.Comprehensive.DocumentReference"/>
    <security>
      <system value="http://terminology.hl7.org/CodeSystem/v3-ActReason"/>
      <code value="HTEST"/>
    </security>
  </meta>
  <text>
    <status value="generated"/><div xmlns="http://www.w3.org/1999/xhtml"><p><b>Generated Narrative: DocumentReference</b><a name="ex-DocumentReferenceUnContained"> </a></p><div style="display: inline-block; background-color: #d9e0e7; padding: 6px; margin: 4px; border: 1px solid #8da1b4; border-radius: 5px; line-height: 60%"><p style="margin-bottom: 0px">Resource DocumentReference &quot;ex-DocumentReferenceUnContained&quot; </p><p style="margin-bottom: 0px">Profile: <a href="StructureDefinition-IHE.MHD.UnContained.Comprehensive.DocumentReference.html">MHD DocumentReference Comprehensive UnContained References Option</a></p><p style="margin-bottom: 0px">Security Labels: <span title="{http://terminology.hl7.org/CodeSystem/v3-ActReason http://terminology.hl7.org/CodeSystem/v3-ActReason}">http://terminology.hl7.org/CodeSystem/v3-ActReason</span></p></div><p><b>masterIdentifier</b>: id: urn:oid:1.2.840.113556.1.8000.2554.58783.21864.3474.19410.44358.58254.41281.46340</p><p><b>identifier</b>: id: urn:uuid:0c287d32-01e3-4d87-9953-9fcc9404eb21 (use: OFFICIAL)</p><p><b>status</b>: current</p><p><b>type</b>: Addendum Document <span style="background: LightGoldenRodYellow; margin: 4px; border: 1px solid khaki"> (<a href="https://loinc.org/">LOINC</a>#55107-7)</span></p><p><b>category</b>: History of Immunization Narrative <span style="background: LightGoldenRodYellow; margin: 4px; border: 1px solid khaki"> (<a href="https://loinc.org/">LOINC</a>#11369-6)</span></p><p><b>subject</b>: <a href="Patient-ex-patient.html">Patient/ex-patient</a> &quot; SCHMIDT&quot;</p><p><b>date</b>: Dec 31, 2020, 10:50:50 PM</p><p><b>securityLabel</b>: normal <span style="background: LightGoldenRodYellow; margin: 4px; border: 1px solid khaki"> (<a href="http://terminology.hl7.org/5.0.0/CodeSystem-v3-Confidentiality.html">Confidentiality</a>#N)</span></p><blockquote><p><b>content</b></p><h3>Attachments</h3><table class="grid"><tr><td style="display: none">-</td><td><b>ContentType</b></td><td><b>Language</b></td><td><b>Url</b></td><td><b>Creation</b></td></tr><tr><td style="display: none">*</td><td>text/plain</td><td>en</td><td><a href="http://example.com/nowhere.txt">http://example.com/nowhere.txt</a></td><td>2020-12-31 23:50:50-0500</td></tr></table><p><b>format</b>: ITI XDS-SD TEXT (Details: http://ihe.net/fhir/ihe.formatcode.fhir/CodeSystem/formatcode code urn:ihe:iti:xds-sd:text:2008 = 'ITI XDS-SD TEXT', stated as 'null')</p></blockquote><h3>Contexts</h3><table class="grid"><tr><td style="display: none">-</td><td><b>FacilityType</b></td><td><b>PracticeSetting</b></td><td><b>SourcePatientInfo</b></td></tr><tr><td style="display: none">*</td><td>Children's hospital <span style="background: LightGoldenRodYellow; margin: 4px; border: 1px solid khaki"> (<a href="https://browser.ihtsdotools.org/">SNOMED CT</a>#82242000)</span></td><td>Adult mental illness - specialty (qualifier value) <span style="background: LightGoldenRodYellow; margin: 4px; border: 1px solid khaki"> (<a href="https://browser.ihtsdotools.org/">SNOMED CT</a>#408467006)</span></td><td><a href="Patient-ex-patient.html">Patient/ex-patient</a> &quot; SCHMIDT&quot;</td></tr></table></div>
  </text>
  <masterIdentifier>
    <system value="urn:ietf:rfc:3986"/>
    <value value="urn:oid:1.2.840.113556.1.8000.2554.58783.21864.3474.19410.44358.58254.41281.46340"/>
  </masterIdentifier>
  <identifier>
    <use value="official"/>
    <system value="urn:ietf:rfc:3986"/>
    <value value="urn:uuid:0c287d32-01e3-4d87-9953-9fcc9404eb21"/>
  </identifier>
  <status value="current"/>
  <type>
    <coding>
      <system value="http://loinc.org"/>
      <code value="55107-7"/>
    </coding>
  </type>
  <category>
    <coding>
      <system value="http://loinc.org"/>
      <code value="11369-6"/>
    </coding>
  </category>
  <subject>
    <reference value="Patient/ex-patient"/>
  </subject>
  <date value="2020-12-31T23:50:50-05:00"/>
  <securityLabel>
    <coding>
      <system value="http://terminology.hl7.org/CodeSystem/v3-Confidentiality"/>
      <code value="N"/>
    </coding>
  </securityLabel>
  <content>
    <attachment>
      <contentType value="text/plain"/>
      <language value="en"/>
      <url value="http://example.com/nowhere.txt"/>
      <creation value="2020-12-31T23:50:50-05:00"/>
    </attachment>
    <format>
      <system value="http://ihe.net/fhir/ihe.formatcode.fhir/CodeSystem/formatcode"/>
      <code value="urn:ihe:iti:xds-sd:text:2008"/>
    </format>
  </content>
  <context>
    <facilityType>
      <coding>
        <system value="http://snomed.info/sct"/>
        <code value="82242000"/>
      </coding>
    </facilityType>
    <practiceSetting>
      <coding>
        <system value="http://snomed.info/sct"/>
        <code value="408467006"/>
      </coding>
    </practiceSetting>
    <sourcePatientInfo>
      <reference value="Patient/ex-patient"/>
    </sourcePatientInfo>
  </context>
</DocumentReference>