{
  "resourceType" : "SearchParameter",
  "id" : "IHE.mCSD.Search.PurposeOfUse",
  "text" : {
    "status" : "generated",
    "div" : "<div xmlns=\"http://www.w3.org/1999/xhtml\"><p class=\"res-header-id\"><b>Generated Narrative: SearchParameter IHE.mCSD.Search.PurposeOfUse</b></p><a name=\"IHE.mCSD.Search.PurposeOfUse\"> </a><a name=\"hcIHE.mCSD.Search.PurposeOfUse\"> </a><a name=\"IHE.mCSD.Search.PurposeOfUse-en-US\"> </a><h2>IHE_mCSD_Search_PurposeOfUse</h2><p>Parameter <code>ihe-mcsd-purpose-of-use</code>:<code>token</code></p><div><p>This SearchParameter enables finding Endpoints or Organizatoins by the purpose of use code.  This resource is created as informative content.</p>\n</div><table class=\"grid\"><tr><td>Resources</td><td><a href=\"http://hl7.org/fhir/R4/organization.html\">Organization</a>, <a href=\"http://hl7.org/fhir/R4/endpoint.html\">Endpoint</a></td></tr><tr><td>Expression</td><td><code>(extension('https://profiles.ihe.net/ITI/mCSD/StructureDefinition/IHE.mCSD.PurposeOfUse').value.ofType(CodeableConcept))</code></td></tr><tr><td>Multiples</td><td><ul><li>multipleAnd: It's up to the server whether the parameter may repeat in order to specify multiple values that must all be true</li><li>multipleOr: It's up to the server whether the parameter can have multiple values (separated by comma) where at least one must be true</li></ul></td></tr></table></div>"
  },
  "url" : "https://profiles.ihe.net/ITI/mCSD/SearchParameter/IHE.mCSD.Search.PurposeOfUse",
  "version" : "3.9.0",
  "name" : "IHE_mCSD_Search_PurposeOfUse",
  "status" : "active",
  "date" : "2024-12-02T17:00:13-06:00",
  "publisher" : "IHE IT Infrastructure Technical Committee",
  "contact" : [{
    "telecom" : [{
      "system" : "url",
      "value" : "https://www.ihe.net/ihe_domains/it_infrastructure/"
    }]
  },
  {
    "telecom" : [{
      "system" : "email",
      "value" : "iti@ihe.net"
    }]
  },
  {
    "name" : "IHE IT Infrastructure Technical Committee",
    "telecom" : [{
      "system" : "email",
      "value" : "iti@ihe.net"
    }]
  }],
  "description" : "This SearchParameter enables finding Endpoints or Organizatoins by the purpose of use code.  This resource is created as informative content.",
  "jurisdiction" : [{
    "coding" : [{
      "system" : "http://unstats.un.org/unsd/methods/m49/m49.htm",
      "code" : "001"
    }]
  }],
  "code" : "ihe-mcsd-purpose-of-use",
  "base" : ["Organization",
  "Endpoint"],
  "type" : "token",
  "expression" : "(extension('https://profiles.ihe.net/ITI/mCSD/StructureDefinition/IHE.mCSD.PurposeOfUse').value.ofType(CodeableConcept))"
}