<?xml version="1.0" encoding="UTF-8"?>

<AuditEvent xmlns="http://hl7.org/fhir">
  <id value="ex-auditPoke-SAML-Min2"/>
  <meta>
    <profile value="https://profiles.ihe.net/ITI/BALP/StructureDefinition/IHE.BasicAudit.SAMLaccessTokenUse.Minimal"/>
    <security>
      <system value="http://terminology.hl7.org/CodeSystem/v3-ActReason"/>
      <code value="HTEST"/>
    </security>
  </meta>
  <text>
    <status value="generated"/><div xmlns="http://www.w3.org/1999/xhtml"><p><b>Generated Narrative: AuditEvent</b><a name="ex-auditPoke-SAML-Min2"> </a></p><div style="display: inline-block; background-color: #d9e0e7; padding: 6px; margin: 4px; border: 1px solid #8da1b4; border-radius: 5px; line-height: 60%"><p style="margin-bottom: 0px">Resource AuditEvent "ex-auditPoke-SAML-Min2" </p><p style="margin-bottom: 0px">Profile: <a href="StructureDefinition-IHE.BasicAudit.SAMLaccessTokenUse.Minimal.html">Basic AuditEvent pattern for when an activity was authorized by an SAML access token Minimal</a></p><p style="margin-bottom: 0px">Security Labels: <span title="{http://terminology.hl7.org/CodeSystem/v3-ActReason http://terminology.hl7.org/CodeSystem/v3-ActReason}">http://terminology.hl7.org/CodeSystem/v3-ActReason</span></p></div><p><b>type</b>: Application Activity (Details: DICOM code 110100 = 'Application Activity', stated as 'Application Activity')</p><p><b>subtype</b>: Boredom poke (Details: urn:ietf:rfc:1438 code poke = 'poke', stated as 'Boredom poke')</p><p><b>action</b>: R</p><p><b>recorded</b>: Dec 3, 2021, 3:49:00 AM</p><p><b>outcome</b>: 0</p><h3>Agents</h3><table class="grid"><tr><td>-</td><td><b>Type</b></td><td><b>Who</b></td><td><b>Requestor</b></td><td><b>Policy</b></td><td><b>PurposeOfUse</b></td></tr><tr><td>*</td><td>information recipient <span style="background: LightGoldenRodYellow; margin: 4px; border: 1px solid khaki"> (<a href="http://terminology.hl7.org/4.0.0/CodeSystem-v3-ParticipationType.html">ParticipationType</a>#IRCP; <a href="CodeSystem-UserAgentTypes.html">The code used to identifiy a User Agent</a>#UserSamlAgent)</span></td><td><span></span></td><td>true</td><td><code>_5a6b51b7-cd3e-4629-aac8-9846cbc3cf84</code></td><td>treatment <span style="background: LightGoldenRodYellow; margin: 4px; border: 1px solid khaki"> (<a href="http://terminology.hl7.org/4.0.0/CodeSystem-v3-ActReason.html">ActReason</a>#TREAT)</span>, Emergency Treatment <span style="background: LightGoldenRodYellow; margin: 4px; border: 1px solid khaki"> (<a href="http://terminology.hl7.org/4.0.0/CodeSystem-v3-ActReason.html">ActReason</a>#ETREAT)</span>, healthcare payment <span style="background: LightGoldenRodYellow; margin: 4px; border: 1px solid khaki"> (<a href="http://terminology.hl7.org/4.0.0/CodeSystem-v3-ActReason.html">ActReason</a>#HPAYMT)</span>, healthcare operations <span style="background: LightGoldenRodYellow; margin: 4px; border: 1px solid khaki"> (<a href="http://terminology.hl7.org/4.0.0/CodeSystem-v3-ActReason.html">ActReason</a>#HOPERAT)</span></td></tr></table><h3>Sources</h3><table class="grid"><tr><td>-</td><td><b>Site</b></td><td><b>Observer</b></td><td><b>Type</b></td></tr><tr><td>*</td><td>server.example.com</td><td><a href="Device-ex-device.html">Device/ex-device</a></td><td>Application Server (Details: http://terminology.hl7.org/CodeSystem/security-source-type code 4 = 'Application Server', stated as 'Application Server')</td></tr></table></div>
  </text>
  <type>
    <system value="http://dicom.nema.org/resources/ontology/DCM"/>
    <code value="110100"/>
    <display value="Application Activity"/>
  </type>
  <subtype>
    <system value="urn:ietf:rfc:1438"/>
    <code value="poke"/>
    <display value="Boredom poke"/>
  </subtype>
  <action value="R"/>
  <recorded value="2021-12-03T09:49:00.000Z"/>
  <outcome value="0"/>
  <agent>
    <type>
      <coding>
        <system value="http://terminology.hl7.org/CodeSystem/v3-ParticipationType"/>
        <code value="IRCP"/>
        <display value="information recipient"/>
      </coding>
      <coding>
        <system value="https://profiles.ihe.net/ITI/BALP/CodeSystem/UserAgentTypes"/>
        <code value="UserSamlAgent"/>
      </coding>
    </type>
    <who>
      <identifier>
        <system value="https://carequality.org"/>
        <value value="JoeL"/>
      </identifier>
    </who>
    <requestor value="true"/>
    <policy value="_5a6b51b7-cd3e-4629-aac8-9846cbc3cf84"/>
    <purposeOfUse>
      <coding>
        <system value="http://terminology.hl7.org/CodeSystem/v3-ActReason"/>
        <code value="TREAT"/>
      </coding>
    </purposeOfUse>
    <purposeOfUse>
      <coding>
        <system value="http://terminology.hl7.org/CodeSystem/v3-ActReason"/>
        <code value="ETREAT"/>
      </coding>
    </purposeOfUse>
    <purposeOfUse>
      <coding>
        <system value="http://terminology.hl7.org/CodeSystem/v3-ActReason"/>
        <code value="HPAYMT"/>
      </coding>
    </purposeOfUse>
    <purposeOfUse>
      <coding>
        <system value="http://terminology.hl7.org/CodeSystem/v3-ActReason"/>
        <code value="HOPERAT"/>
      </coding>
    </purposeOfUse>
  </agent>
  <source>
    <site value="server.example.com"/>
    <observer>
      <reference value="Device/ex-device"/>
    </observer>
    <type>
      <system value="http://terminology.hl7.org/CodeSystem/security-source-type"/>
      <code value="4"/>
      <display value="Application Server"/>
    </type>
  </source>
</AuditEvent>