<?xml version="1.0" encoding="UTF-8"?>

<OrganizationAffiliation xmlns="http://hl7.org/fhir">
  <id value="MCSDFacilityOrganizationAffiliation-Example"/>
  <meta>
    <profile value="https://profiles.ihe.net/ITI/mCSD/StructureDefinition/IHE.mCSD.OrganizationAffiliation"/>
  </meta>
  <text>
    <status value="generated"/><div xmlns="http://www.w3.org/1999/xhtml"><p class="res-header-id"><b>Generated Narrative: OrganizationAffiliation MCSDFacilityOrganizationAffiliation-Example</b></p><a name="MCSDFacilityOrganizationAffiliation-Example"> </a><a name="hcMCSDFacilityOrganizationAffiliation-Example"> </a><a name="MCSDFacilityOrganizationAffiliation-Example-en-US"> </a><div style="display: inline-block; background-color: #d9e0e7; padding: 6px; margin: 4px; border: 1px solid #8da1b4; border-radius: 5px; line-height: 60%"><p style="margin-bottom: 0px"/><p style="margin-bottom: 0px">Profile: <a href="StructureDefinition-IHE.mCSD.OrganizationAffiliation.html">mCSD Organization Affiliation</a></p></div><p><b>active</b>: true</p><p><b>organization</b>: <a href="Organization-MCSDOrganization-ExamplePartner.html">Organization Organization-ExamplePartner</a></p><p><b>participatingOrganization</b>: <a href="Organization-MCSDFacilityOrganization-Example.html">Organization MCSDFacilityOrganization-Example</a></p><p><b>code</b>: <span title="Codes:{https://profiles.ihe.net/ITI/mCSD/CodeSystem/mcsd-example-hierarchy admin}">Administrative</span></p></div>
  </text>
  <active value="true"/>
  <organization>
    <reference value="Organization/MCSDOrganization-ExamplePartner"/>
  </organization>
  <participatingOrganization>
    <reference value="Organization/MCSDFacilityOrganization-Example"/>
  </participatingOrganization>
  <code>
    <coding>
      <system value="https://profiles.ihe.net/ITI/mCSD/CodeSystem/mcsd-example-hierarchy"/>
      <code value="admin"/>
    </coding>
  </code>
</OrganizationAffiliation>