<?xml version="1.0" encoding="UTF-8"?>

<Practitioner xmlns="http://hl7.org/fhir">
  <id value="MCSDPractitioner-Example"/>
  <meta>
    <profile value="http://profiles.ihe.net/ITI/mCSD/StructureDefinition/IHE.mCSD.Practitioner"/>
  </meta>
  <text>
    <status value="generated"/><div xmlns="http://www.w3.org/1999/xhtml"><p><b>Generated Narrative</b></p><div style="display: inline-block; background-color: #d9e0e7; padding: 6px; margin: 4px; border: 1px solid #8da1b4; border-radius: 5px; line-height: 60%"><p style="margin-bottom: 0px">Resource "MCSDPractitioner-Example" </p><p style="margin-bottom: 0px">Profile: <a href="StructureDefinition-IHE.mCSD.Practitioner.html">mCSD Practitioner</a></p></div><p><b>name</b>: John Galt</p></div>
  </text>
  <name>
    <text value="John Galt"/>
  </name>
</Practitioner>