URL,Version,Status,OIDs,Name,Title,Description,Used
http://hl7.org/fhir/restful-interaction,4.0.1,active,,FHIR Restful Interactions,,"The set of interactions defined by the RESTful part of the FHIR specification.","ValueSet/AllUpdateVS,ValueSet/AllSearchVS,ValueSet/AllReadVS"
http://terminology.hl7.org/CodeSystem/object-role,1.1.0,active,"2.16.840.1.113883.4.642.1.1135",AuditEventEntityRole,AuditEventEntityRole,"Code representing the role the entity played in the audit event.","ValueSet/RestObjectRoles"
http://terminology.hl7.org/CodeSystem/v2-0203,5.0.0,active,"2.16.840.1.113883.18.108",IdentifierType,identifierType,"HL7-defined code system of concepts specifying type of identifier. Used in HL7 Version 2.x messaging data types CX, PLN, PPN, XCN and XON.","ValueSet/OtherIdentifierTypesVS"
http://terminology.hl7.org/CodeSystem/v3-ObservationValue,4.0.0,active,"2.16.840.1.113883.5.1063",ObservationValue,ObservationValue,"This code system covers all concepts of HL7-defined values for the Observation value element, when it has a coded datatype.","ValueSet/v3-SecurityTrustAssuranceObservationValue"
http://terminology.hl7.org/CodeSystem/v3-ParticipationType,5.0.0,active,"2.16.840.1.113883.5.90",ParticipationType,ParticipationType,"A code specifying the meaning and purpose of every Participation instance. Each of its values implies specific constraints on the Roles undertaking the participation.","ValueSet/DataSources"
https://profiles.ihe.net/ITI/BALP/CodeSystem/AuthZsubType,1.1.4,active,,AuthZsubType,Authorization subType events,"These AuditEvent subTypes are related to Authorization Decisions. These are more specific types of Security Alert.","ValueSet/AuthZsubTypeVS"
https://profiles.ihe.net/ITI/BALP/CodeSystem/BasicAuditEntityType,1.1.4,active,,BasicAuditEntityType,Entity Types that are defined in IHE BasicAudit,"These are new codes used in BasicAudit IG, where AuditEvent.entity is used to hold a specific kind of data that is not covered by the existing valueSet.","ValueSet/BasicAuditEntityTypesVS"
https://profiles.ihe.net/ITI/BALP/CodeSystem/OtherIdentifierTypes,1.1.4,active,,OtherIdentifierTypes,OtherId Identifier Types,"OtherId Types beyond those in the FHIR core","ValueSet/OtherIdentifierTypesVS"
https://profiles.ihe.net/ITI/BALP/CodeSystem/UserAgentTypes,1.1.4,active,,UserAgentTypes,The code used to identifiy a User Agent,"Code used to identify the User Agent. Defined codes for SAML vs OAuth to enable differentiation of .policy as the token ID","ValueSet/UserAgentTypesVS"
