{"resourceType":"CapabilityStatement","id":"IHE.MHD.DocumentSource.Fdoc","text":{"status":"extensions","div":"<div xmlns=\"http://www.w3.org/1999/xhtml\"><h2>IHE_MHD_DocumentSource_Fdoc</h2><div><p>IHE ITI Mobile access to Health Documents (MHD) - Document Source (publisher) - with ITI-65 FHIR Documents Publish Option.</p>\n</div><table><tr><td>Mode</td><td>CLIENT</td></tr><tr><td>Description</td><td/></tr><tr><td>Transaction</td><td>y</td></tr><tr><td>System History</td><td></td></tr><tr><td>System Search</td><td></td></tr></table><table><tr><th><b>Resource Type</b></th><th><b>Profile</b></th><th><b title=\"GET a resource (read interaction)\">Read</b></th><th><b title=\"GET all set of resources of the type (search interaction)\">Search</b></th><th><b title=\"PUT a new resource version (update interaction)\">Update</b></th><th><b title=\"POST a new resource (create interaction)\">Create</b></th></tr></table></div>"},"url":"https://profiles.ihe.net/ITI/MHD/CapabilityStatement/IHE.MHD.DocumentSource.Fdoc","version":"4.2.0","name":"IHE_MHD_DocumentSource_Fdoc","title":"Document Source (publisher) implementing ITI-65 FHIR Documents Publish Option","status":"active","experimental":false,"date":"2022-12-07T13:15:36-06:00","publisher":"IHE IT Infrastructure Technical Committee","contact":[{"telecom":[{"system":"url","value":"https://www.ihe.net/ihe_domains/it_infrastructure/"}]},{"telecom":[{"system":"email","value":"iti@ihe.net"}]},{"name":"IHE IT Infrastructure Technical Committee","telecom":[{"system":"email","value":"iti@ihe.net"}]}],"description":"IHE ITI Mobile access to Health Documents (MHD) - Document Source (publisher) - with ITI-65 FHIR Documents Publish Option.","jurisdiction":[{"coding":[{"system":"http://unstats.un.org/unsd/methods/m49/m49.htm","code":"001"}]}],"kind":"requirements","fhirVersion":"4.0.1","format":["application/fhir+xml","application/fhir+json"],"rest":[{"mode":"client","security":{"description":"Recommend [ATNA](https://profiles.ihe.net/ITI/TF/Volume1/ch-9.html), encouraged [IHE-IUA](https://profiles.ihe.net/ITI/IUA/index.html) or SMART-on-FHIR"},"interaction":[{"code":"transaction","documentation":"https://profiles.ihe.net/ITI/MHD/StructureDefinition/IHE.MHD.Minimal.ProvideBundle"},{"code":"transaction","documentation":"https://profiles.ihe.net/ITI/MHD/StructureDefinition/IHE.MHD.UnContained.Comprehensive.ProvideBundle"},{"code":"transaction","documentation":"https://profiles.ihe.net/ITI/MHD/StructureDefinition/IHE.MHD.Comprehensive.ProvideBundle"}]}]}