{"resourceType":"SearchParameter","id":"List-SourceId","url":"https://profiles.ihe.net/ITI/MHD/SearchParameter/List-SourceId","version":"4.2.0","name":"SourceId","status":"active","date":"2022-12-07T16:34:24-06:00","publisher":"IHE IT Infrastructure Technical Committee","contact":[{"telecom":[{"system":"url","value":"https://www.ihe.net/ihe_domains/it_infrastructure/"}]},{"telecom":[{"system":"email","value":"iti@ihe.net"}]},{"name":"IHE IT Infrastructure Technical Committee","telecom":[{"system":"email","value":"iti@ihe.net"}]}],"description":"This SearchParameter enables finding Lists by the SourceId of a submissionSet.","jurisdiction":[{"coding":[{"system":"http://unstats.un.org/unsd/methods/m49/m49.htm","code":"001"}]}],"code":"sourceId","base":["List"],"type":"token","expression":"(extension('https://profiles.ihe.net/ITI/MHD/StructureDefinition/SourceId').value as Token)"}