{
  "resourceType" : "Bundle",
  "id" : "ex-unContainedComprehensiveProvideDocumentBundleComplete",
  "meta" : {
    "profile" : ["https://profiles.ihe.net/ITI/MHD/StructureDefinition/IHE.MHD.UnContained.Comprehensive.ProvideBundle"],
    "security" : [{
      "system" : "http://terminology.hl7.org/CodeSystem/v3-ActReason",
      "code" : "HTEST"
    }]
  },
  "type" : "transaction",
  "timestamp" : "2004-10-05T11:50:50-05:00",
  "entry" : [{
    "fullUrl" : "urn:uuid:aaaaaaaa-bbbb-cccc-dddd-e00666600001",
    "resource" : {
      "resourceType" : "List",
      "id" : "aaaaaaaa-bbbb-cccc-dddd-e00666600001",
      "meta" : {
        "profile" : ["https://profiles.ihe.net/ITI/MHD/StructureDefinition/IHE.MHD.UnContained.Comprehensive.SubmissionSet"],
        "security" : [{
          "system" : "http://terminology.hl7.org/CodeSystem/v3-ActReason",
          "code" : "HTEST"
        }]
      },
      "text" : {
        "status" : "extensions",
        "div" : "<div xmlns=\"http://www.w3.org/1999/xhtml\">SubmissionSet with Patient</div>"
      },
      "extension" : [{
        "url" : "https://profiles.ihe.net/ITI/MHD/StructureDefinition/ihe-designationType",
        "valueCodeableConcept" : {
          "coding" : [{
            "system" : "http://snomed.info/sct",
            "code" : "225728007"
          }]
        }
      },
      {
        "url" : "https://profiles.ihe.net/ITI/MHD/StructureDefinition/ihe-sourceId",
        "valueIdentifier" : {
          "value" : "urn:oid:1.2.3.4"
        }
      },
      {
        "url" : "https://profiles.ihe.net/ITI/MHD/StructureDefinition/ihe-intendedRecipient",
        "valueReference" : {
          "reference" : "Practitioner/ex-practitioner"
        }
      }],
      "identifier" : [{
        "use" : "usual",
        "system" : "urn:ietf:rfc:3986",
        "value" : "urn:oid:1.2.840.113556.1.8000.2554.58783.21864.3474.19410.44358.58254.41281.46351"
      }],
      "status" : "current",
      "mode" : "working",
      "title" : "Hello World SubmissionSet",
      "code" : {
        "coding" : [{
          "system" : "https://profiles.ihe.net/ITI/MHD/CodeSystem/MHDlistTypes",
          "code" : "submissionset"
        }]
      },
      "subject" : {
        "reference" : "Patient/ex-patient"
      },
      "date" : "2004-10-25T23:50:50-05:00",
      "source" : {
        "extension" : [{
          "url" : "https://profiles.ihe.net/ITI/MHD/StructureDefinition/ihe-authorOrg",
          "valueReference" : {
            "reference" : "Organization/ex-organization"
          }
        }],
        "reference" : "Practitioner/ex-practitioner"
      },
      "note" : [{
        "text" : "Comments about Hello World SubmissionSet"
      }],
      "entry" : [{
        "item" : {
          "reference" : "urn:uuid:aaaaaaaa-bbbb-cccc-dddd-e00666600002"
        }
      }]
    },
    "request" : {
      "method" : "POST",
      "url" : "List"
    }
  },
  {
    "fullUrl" : "urn:uuid:aaaaaaaa-bbbb-cccc-dddd-e00666600002",
    "resource" : {
      "resourceType" : "DocumentReference",
      "id" : "aaaaaaaa-bbbb-cccc-dddd-e00666600002",
      "meta" : {
        "profile" : ["https://profiles.ihe.net/ITI/MHD/StructureDefinition/IHE.MHD.UnContained.Comprehensive.DocumentReference"],
        "security" : [{
          "system" : "http://terminology.hl7.org/CodeSystem/v3-ActReason",
          "code" : "HTEST"
        }]
      },
      "text" : {
        "status" : "generated",
        "div" : "<div xmlns=\"http://www.w3.org/1999/xhtml\"><p><b>Generated Narrative: DocumentReference</b><a name=\"aaaaaaaa-bbbb-cccc-dddd-e00666600002\"> </a></p><div style=\"display: inline-block; background-color: #d9e0e7; padding: 6px; margin: 4px; border: 1px solid #8da1b4; border-radius: 5px; line-height: 60%\"><p style=\"margin-bottom: 0px\">Resource DocumentReference &quot;aaaaaaaa-bbbb-cccc-dddd-e00666600002&quot; </p><p style=\"margin-bottom: 0px\">Profile: <a href=\"StructureDefinition-IHE.MHD.UnContained.Comprehensive.DocumentReference.html\">MHD DocumentReference Comprehensive UnContained References Option</a></p><p style=\"margin-bottom: 0px\">Security Labels: <span title=\"{http://terminology.hl7.org/CodeSystem/v3-ActReason http://terminology.hl7.org/CodeSystem/v3-ActReason}\">http://terminology.hl7.org/CodeSystem/v3-ActReason</span></p></div><p><b>masterIdentifier</b>: id:\u00a0urn:oid:1.2.840.113556.1.8000.2554.53432.348.12973.17740.34205.4355.50220.62012</p><p><b>status</b>: current</p><p><b>type</b>: Patient summary Document <span style=\"background: LightGoldenRodYellow; margin: 4px; border: 1px solid khaki\"> (<a href=\"https://loinc.org/\">LOINC</a>#60591-5)</span></p><p><b>category</b>: History of Immunization Narrative <span style=\"background: LightGoldenRodYellow; margin: 4px; border: 1px solid khaki\"> (<a href=\"https://loinc.org/\">LOINC</a>#11369-6)</span></p><p><b>subject</b>: <a href=\"Patient-ex-patient.html\">Patient/ex-patient</a> &quot; SCHMIDT&quot;</p><p><b>date</b>: Feb 1, 2020, 10:50:50 PM</p><p><b>author</b>: </p><ul><li><a href=\"Organization-ex-organization.html\">Organization/ex-organization</a> &quot;nowhere&quot;</li><li><a href=\"Practitioner-ex-practitioner.html\">Practitioner/ex-practitioner</a></li></ul><p><b>authenticator</b>: <a href=\"Organization-ex-organization.html\">Organization/ex-organization</a> &quot;nowhere&quot;</p><h3>RelatesTos</h3><table class=\"grid\"><tr><td style=\"display: none\">-</td><td><b>Code</b></td><td><b>Target</b></td></tr><tr><td style=\"display: none\">*</td><td>appends</td><td><a href=\"DocumentReference-ex-DocumentReferenceComprehensive.html\">DocumentReference/ex-DocumentReferenceComprehensive</a></td></tr></table><p><b>description</b>: a complete comprehensive metadata document reference</p><p><b>securityLabel</b>: restricted <span style=\"background: LightGoldenRodYellow; margin: 4px; border: 1px solid khaki\"> (<a href=\"http://terminology.hl7.org/5.0.0/CodeSystem-v3-Confidentiality.html\">Confidentiality</a>#R)</span></p><blockquote><p><b>content</b></p><h3>Attachments</h3><table class=\"grid\"><tr><td style=\"display: none\">-</td><td><b>ContentType</b></td><td><b>Language</b></td><td><b>Url</b></td><td><b>Size</b></td><td><b>Hash</b></td><td><b>Title</b></td><td><b>Creation</b></td></tr><tr><td style=\"display: none\">*</td><td>text/plain</td><td>en</td><td><code>urn:uuid:aaaaaaaa-bbbb-cccc-dddd-e00666600003</code></td><td>11</td><td>(base64 data - 40 bytes)</td><td>Hello World</td><td>2020-02-01 23:50:50-0500</td></tr></table><p><b>format</b>: ITI XDS-SD TEXT (Details: http://ihe.net/fhir/ihe.formatcode.fhir/CodeSystem/formatcode code urn:ihe:iti:xds-sd:text:2008 = 'ITI XDS-SD TEXT', stated as 'null')</p></blockquote><h3>Contexts</h3><table class=\"grid\"><tr><td style=\"display: none\">-</td><td><b>Event</b></td><td><b>Period</b></td><td><b>FacilityType</b></td><td><b>PracticeSetting</b></td><td><b>SourcePatientInfo</b></td><td><b>Related</b></td></tr><tr><td style=\"display: none\">*</td><td>patient documentation task <span style=\"background: LightGoldenRodYellow; margin: 4px; border: 1px solid khaki\"> (<a href=\"http://terminology.hl7.org/5.0.0/CodeSystem-v3-ActCode.html\">ActCode</a>#PATDOC)</span></td><td>1990-02-01 23:50:50-0500 --&gt; 2020-02-01 23:50:50-0500</td><td>Children's hospital <span style=\"background: LightGoldenRodYellow; margin: 4px; border: 1px solid khaki\"> (<a href=\"https://browser.ihtsdotools.org/\">SNOMED CT</a>#82242000)</span></td><td>Adult mental illness - specialty (qualifier value) <span style=\"background: LightGoldenRodYellow; margin: 4px; border: 1px solid khaki\"> (<a href=\"https://browser.ihtsdotools.org/\">SNOMED CT</a>#408467006)</span></td><td><a href=\"Patient-ex-patient.html\">Patient/ex-patient</a> &quot; SCHMIDT&quot;</td><td><span>id:\u00a0urn:uuid:7d5bb8ac-68ee-4926-85e7-baaaaaaaaaad</span></td></tr></table></div>"
      },
      "masterIdentifier" : {
        "system" : "urn:ietf:rfc:3986",
        "value" : "urn:oid:1.2.840.113556.1.8000.2554.53432.348.12973.17740.34205.4355.50220.62012"
      },
      "status" : "current",
      "type" : {
        "coding" : [{
          "system" : "http://loinc.org",
          "code" : "60591-5"
        }]
      },
      "category" : [{
        "coding" : [{
          "system" : "http://loinc.org",
          "code" : "11369-6"
        }]
      }],
      "subject" : {
        "reference" : "Patient/ex-patient"
      },
      "date" : "2020-02-01T23:50:50-05:00",
      "author" : [{
        "reference" : "Organization/ex-organization"
      },
      {
        "reference" : "Practitioner/ex-practitioner"
      }],
      "authenticator" : {
        "reference" : "Organization/ex-organization"
      },
      "relatesTo" : [{
        "code" : "appends",
        "target" : {
          "reference" : "DocumentReference/ex-DocumentReferenceComprehensive"
        }
      }],
      "description" : "a complete comprehensive metadata document reference",
      "securityLabel" : [{
        "coding" : [{
          "system" : "http://terminology.hl7.org/CodeSystem/v3-Confidentiality",
          "code" : "R"
        }]
      }],
      "content" : [{
        "attachment" : {
          "contentType" : "text/plain",
          "language" : "en",
          "url" : "urn:uuid:aaaaaaaa-bbbb-cccc-dddd-e00666600003",
          "size" : 11,
          "hash" : "MGE0ZDU1YThkNzc4ZTUwMjJmYWI3MDE5NzdjNWQ4NDBiYmM0ODZkMA==",
          "title" : "Hello World",
          "creation" : "2020-02-01T23:50:50-05:00"
        },
        "format" : {
          "system" : "http://ihe.net/fhir/ihe.formatcode.fhir/CodeSystem/formatcode",
          "code" : "urn:ihe:iti:xds-sd:text:2008"
        }
      }],
      "context" : {
        "event" : [{
          "coding" : [{
            "system" : "http://terminology.hl7.org/CodeSystem/v3-ActCode",
            "code" : "PATDOC"
          }]
        }],
        "period" : {
          "start" : "1990-02-01T23:50:50-05:00",
          "end" : "2020-02-01T23:50:50-05:00"
        },
        "facilityType" : {
          "coding" : [{
            "system" : "http://snomed.info/sct",
            "code" : "82242000"
          }]
        },
        "practiceSetting" : {
          "coding" : [{
            "system" : "http://snomed.info/sct",
            "code" : "408467006"
          }]
        },
        "sourcePatientInfo" : {
          "reference" : "Patient/ex-patient"
        },
        "related" : [{
          "identifier" : {
            "system" : "urn:ietf:rfc:3986",
            "value" : "urn:uuid:7d5bb8ac-68ee-4926-85e7-baaaaaaaaaad"
          }
        }]
      }
    },
    "request" : {
      "method" : "POST",
      "url" : "DocumentReference"
    }
  },
  {
    "fullUrl" : "urn:uuid:aaaaaaaa-bbbb-cccc-dddd-e00666600003",
    "resource" : {
      "resourceType" : "Binary",
      "id" : "aaaaaaaa-bbbb-cccc-dddd-e00666600003",
      "meta" : {
        "security" : [{
          "system" : "http://terminology.hl7.org/CodeSystem/v3-ActReason",
          "code" : "HTEST"
        }]
      },
      "contentType" : "text/plain",
      "data" : "SGVsbG8gV29ybGQ="
    },
    "request" : {
      "method" : "POST",
      "url" : "Binary"
    }
  }]
}