{
  "resourceType" : "SearchParameter",
  "id" : "List-SourceId",
  "text" : {
    "status" : "generated",
    "div" : "<div xmlns=\"http://www.w3.org/1999/xhtml\"><h2>SourceId</h2><p>Parameter <code>sourceId</code>:<code>token</code></p><div><p>This SearchParameter enables finding Lists by the SourceId of a submissionSet.</p>\n</div><table class=\"grid\"><tr><td>Resource</td><td><a href=\"http://hl7.org/fhir/R4/list.html\">List</a></td></tr><tr><td>Expression</td><td><code>(extension('https://profiles.ihe.net/ITI/MHD/StructureDefinition/SourceId').value as Token)</code></td></tr><tr><td>Multiples</td><td>The parameter cannot repeat or have multiple values</td></tr></table></div>"
  },
  "url" : "https://profiles.ihe.net/ITI/MHD/SearchParameter/List-SourceId",
  "version" : "4.2.1",
  "name" : "SourceId",
  "status" : "active",
  "date" : "2023-08-02T10:59:15-05:00",
  "publisher" : "IHE IT Infrastructure Technical Committee",
  "contact" : [{
    "telecom" : [{
      "system" : "url",
      "value" : "https://www.ihe.net/ihe_domains/it_infrastructure/"
    }]
  },
  {
    "telecom" : [{
      "system" : "email",
      "value" : "iti@ihe.net"
    }]
  },
  {
    "name" : "IHE IT Infrastructure Technical Committee",
    "telecom" : [{
      "system" : "email",
      "value" : "iti@ihe.net"
    }]
  }],
  "description" : "This SearchParameter enables finding Lists by the SourceId of a submissionSet.",
  "jurisdiction" : [{
    "coding" : [{
      "system" : "http://unstats.un.org/unsd/methods/m49/m49.htm",
      "code" : "001"
    }]
  }],
  "code" : "sourceId",
  "base" : ["List"],
  "type" : "token",
  "expression" : "(extension('https://profiles.ihe.net/ITI/MHD/StructureDefinition/SourceId').value as Token)"
}