{
  "resourceType" : "ValueSet",
  "id" : "MHDlistTypesVS",
  "text" : {
    "status" : "generated",
    "div" : "<div xmlns=\"http://www.w3.org/1999/xhtml\"><ul><li>Include these codes as defined in <a href=\"CodeSystem-MHDlistTypes.html\"><code>https://profiles.ihe.net/ITI/MHD/CodeSystem/MHDlistTypes</code></a><table class=\"none\"><tr><td style=\"white-space:nowrap\"><b>Code</b></td><td><b>Display</b></td></tr><tr><td><a href=\"CodeSystem-MHDlistTypes.html#MHDlistTypes-folder\">folder</a></td><td>Folder as a FHIR List</td></tr><tr><td><a href=\"CodeSystem-MHDlistTypes.html#MHDlistTypes-submissionset\">submissionset</a></td><td>SubmissionSet as a FHIR List</td></tr></table></li></ul></div>"
  },
  "url" : "https://profiles.ihe.net/ITI/MHD/ValueSet/MHDlistTypesVS",
  "version" : "4.2.1",
  "name" : "MHDlistTypesVS",
  "title" : "MHD List Types ValueSet",
  "status" : "active",
  "experimental" : false,
  "date" : "2023-08-02T10:59:15-05:00",
  "publisher" : "IHE IT Infrastructure Technical Committee",
  "contact" : [{
    "telecom" : [{
      "system" : "url",
      "value" : "https://www.ihe.net/ihe_domains/it_infrastructure/"
    }]
  },
  {
    "telecom" : [{
      "system" : "email",
      "value" : "iti@ihe.net"
    }]
  },
  {
    "name" : "IHE IT Infrastructure Technical Committee",
    "telecom" : [{
      "system" : "email",
      "value" : "iti@ihe.net"
    }]
  }],
  "description" : "ValueSet of the MHD List Types allowed",
  "jurisdiction" : [{
    "coding" : [{
      "system" : "http://unstats.un.org/unsd/methods/m49/m49.htm",
      "code" : "001"
    }]
  }],
  "compose" : {
    "include" : [{
      "system" : "https://profiles.ihe.net/ITI/MHD/CodeSystem/MHDlistTypes",
      "concept" : [{
        "code" : "folder"
      },
      {
        "code" : "submissionset"
      }]
    }]
  }
}