{"resourceType":"ValueSet","id":"DocumentReferenceStats","text":{"status":"extensions","div":"<div xmlns=\"http://www.w3.org/1999/xhtml\"><p class=\"res-header-id\"><b>Generated Narrative: ValueSet DocumentReferenceStats</b></p><a name=\"DocumentReferenceStats\"> </a><a name=\"hcDocumentReferenceStats\"> </a><ul><li>Include these codes as defined in <a href=\"http://hl7.org/fhir/R5/codesystem-document-reference-status.html\"><code>http://hl7.org/fhir/document-reference-status</code></a><span title=\"Version is not explicitly stated, which means it is fixed to 5.0.0, the version found through the package references\"> version &#x1F4E6;5.0.0</span><table class=\"none\"><tr><td style=\"white-space:nowrap\"><b>Code</b></td><td><b>Display</b></td><td><b>Definition</b></td></tr><tr><td><a href=\"http://hl7.org/fhir/R5/codesystem-document-reference-status.html#document-reference-status-current\">current</a></td><td style=\"color: #cccccc\">Current</td><td>This is the current reference for this document.</td></tr><tr><td><a href=\"http://hl7.org/fhir/R5/codesystem-document-reference-status.html#document-reference-status-superseded\">superseded</a></td><td style=\"color: #cccccc\">Superseded</td><td>This reference has been superseded by another reference.</td></tr></table></li></ul></div>"},"url":"https://profiles.ihe.net/ITI/MHD/ValueSet/DocumentReferenceStats","version":"5.0.0-comment","name":"DocumentReferenceStats","title":"MHD DocumentReference status codes","status":"active","experimental":false,"date":"2025-10-31T15:07:19-05:00","publisher":"IHE IT Infrastructure Technical Committee","contact":[{"telecom":[{"system":"url","value":"https://www.ihe.net/ihe_domains/it_infrastructure/"}]},{"telecom":[{"system":"email","value":"iti@ihe.net"}]},{"name":"IHE IT Infrastructure Technical Committee","telecom":[{"system":"email","value":"iti@ihe.net"}]}],"description":"ValueSet that does not include entered-in-error as that does not map","jurisdiction":[{"coding":[{"system":"http://unstats.un.org/unsd/methods/m49/m49.htm","code":"001"}]}],"compose":{"include":[{"system":"http://hl7.org/fhir/document-reference-status","concept":[{"code":"current"},{"code":"superseded"}]}]}}