<?xml version="1.0" encoding="UTF-8"?>

<CapabilityStatement xmlns="http://hl7.org/fhir">
  <id value="IHE.MHD.DocumentResponder"/>
  <text>
    <status value="extensions"/><div xmlns="http://www.w3.org/1999/xhtml"><p class="res-header-id"><b>Generated Narrative: CapabilityStatement IHE.MHD.DocumentResponder</b></p><a name="IHE.MHD.DocumentResponder"> </a><a name="hcIHE.MHD.DocumentResponder"> </a><h2 id="title">Document Responder (server)</h2><ul><li>Implementation Guide Version: 4.2.3 </li><li>FHIR Version: 4.0.1 </li><li>Supported Formats: <code>application/fhir+xml</code>, <code>application/fhir+json</code></li><li>Published on: 2025-10-31 10:59:52-0500 </li><li>Published by: IHE IT Infrastructure Technical Committee </li></ul><blockquote class="impl-note"><p><strong>Note to Implementers: FHIR Capabilities</strong></p><p>Any FHIR capability may be 'allowed' by the system unless explicitly marked as 'SHALL NOT'. A few items are marked as MAY in the Implementation Guide to highlight their potential relevance to the use case.</p></blockquote><h2 id="rest">FHIR RESTful Capabilities</h2><div class="panel panel-default"><div class="panel-heading"><h3 id="mode1" class="panel-title">Mode: <code>server</code></h3></div><div class="panel-body"><div class="lead"><em>Security</em></div><blockquote><div><p>Recommend <a href="https://profiles.ihe.net/ITI/TF/Volume1/ch-9.html">ATNA</a>, encouraged <a href="https://profiles.ihe.net/ITI/IUA/index.html">IHE-IUA</a> or SMART-on-FHIR</p>
</div></blockquote><div class="lead"><em>Summary of System-wide Interactions</em></div><ul><li>Supports the <code>search-system</code>interaction.</li></ul></div></div><h3 id="resourcesCap1">Capabilities by Resource/Profile</h3><h4 id="resourcesSummary1">Summary</h4><p>The summary table lists the resources that are part of this configuration, and for each resource it lists:</p><ul><li>The relevant profiles (if any)</li><li>The interactions supported by each resource (<b><span class="bg-info">R</span></b>ead, <b><span class="bg-info">S</span></b>earch, <b><span class="bg-info">U</span></b>pdate, and <b><span class="bg-info">C</span></b>reate, are always shown, while <b><span class="bg-info">VR</span></b>ead, <b><span class="bg-info">P</span></b>atch, <b><span class="bg-info">D</span></b>elete, <b><span class="bg-info">H</span></b>istory on <b><span class="bg-info">I</span></b>nstance, or <b><span class="bg-info">H</span></b>istory on <b><span class="bg-info">T</span></b>ype are only present if at least one of the resources has support for them.</li><li><span>The required, recommended, and some optional search parameters (if any). </span></li><li>The linked resources enabled for <code>_include</code></li><li>The other resources enabled for <code>_revinclude</code></li><li>The operations on the resource (if any)</li></ul><div class="table-responsive"><table class="table table-condensed table-hover"><thead><tr><th><b>Resource Type</b></th><th><b>Profile</b></th><th class="text-center"><b title="GET a resource (read interaction)">R</b></th><th class="text-center"><b title="GET all set of resources of the type (search interaction)">S</b></th><th class="text-center"><b title="PUT a new resource version (update interaction)">U</b></th><th class="text-center"><b title="POST a new resource (create interaction)">C</b></th><th><b title="Required and recommended search parameters">Searches</b></th><th><code><b>_include</b></code></th><th><code><b>_revinclude</b></code></th><th><b>Operations</b></th></tr></thead><tbody><tr><td><a href="#DocumentReference1-1">DocumentReference</a></td><td><a href="StructureDefinition-IHE.MHD.Minimal.DocumentReference.html">https://profiles.ihe.net/ITI/MHD/StructureDefinition/IHE.MHD.Minimal.DocumentReference</a></td><td class="text-center">y</td><td class="text-center">y</td><td class="text-center"/><td class="text-center"/><td>_id, _lastupdated, author.given, author.family, category, creation, date, event, facility, format, identifier, patient, patient.identifier, period, related, security-label, setting, status, type</td><td/><td/><td/></tr><tr><td><a href="#List1-2">List</a></td><td><a href="StructureDefinition-IHE.MHD.List.html">https://profiles.ihe.net/ITI/MHD/StructureDefinition/IHE.MHD.List</a><br/><em>Additional supported profiles:</em><br/>  <a href="StructureDefinition-IHE.MHD.UnContained.Comprehensive.SubmissionSet.html">MHD SubmissionSet Comprehensive UnContained</a><br/>  <a href="StructureDefinition-IHE.MHD.Comprehensive.SubmissionSet.html">MHD SubmissionSet Comprehensive</a><br/>  <a href="StructureDefinition-IHE.MHD.Minimal.SubmissionSet.html">MHD SubmissionSet Minimal</a><br/>  <a href="StructureDefinition-IHE.MHD.Comprehensive.Folder.html">MHD Folder Comprehensive</a><br/>  <a href="StructureDefinition-IHE.MHD.Minimal.Folder.html">MHD Folder Minimal</a></td><td class="text-center">y</td><td class="text-center">y</td><td class="text-center"/><td class="text-center"/><td>_id, _lastupdated, code, date, identifier, patient, patient.identifier, source.given, source.family, status, designationType, sourceId</td><td/><td/><td/></tr><tr><td><a href="#Binary1-3">Binary</a></td><td> </td><td class="text-center">y</td><td class="text-center"/><td class="text-center"/><td class="text-center"/><td/><td/><td/><td/></tr></tbody></table></div><hr/><div class="panel panel-default"><div class="panel-heading"><h4 id="DocumentReference1-1" class="panel-title"><span style="float: right;">Resource Conformance: supported </span>DocumentReference</h4></div><div class="panel-body"><div class="container"><div class="row"><div class="col-lg-6"><span class="lead">Base System Profile</span><br/><a href="StructureDefinition-IHE.MHD.Minimal.DocumentReference.html">MHD DocumentReference Minimal</a></div><div class="col-lg-3"><span class="lead">Profile Conformance</span><br/><b>SHALL</b></div><div class="col-lg-3"><span class="lead">Reference Policy</span><br/></div></div><p/><div class="row"><div class="col-lg-6"><span class="lead">Interaction summary</span><br/><ul><li>Supports <code>read</code>, <code>search-type</code>.</li></ul></div></div><p/><div class="row"><div class="col-lg-7"><span class="lead">Search Parameters</span><table class="table table-condensed table-hover"><thead><tr><th>Conformance</th><th>Parameter</th><th>Type</th><th>Documentation</th></tr></thead><tbody><tr><td><b>SHALL</b></td><td><a href="http://hl7.org/fhir/R4/resource.html#search">_id</a></td><td><code>token</code></td><td><div><p>Logical id of this artifact</p>
</div></td></tr><tr><td><b>SHALL</b></td><td><a href="http://hl7.org/fhir/R4/resource.html#search">_lastupdated</a></td><td><code>date</code></td><td><div><p>When the resource version last changed</p>
</div></td></tr><tr><td><b>SHALL</b></td><td>author.given</td><td><code>string</code></td><td><div><p>These parameters, of type string, specify the name parts of the author person, which is associated with the DocumentReference Resource, or in Document Sharing nomenclature, the author of the Document Entry. See ITI TF-2x: Appendix Z.2 for use of the string data type.</p>
</div></td></tr><tr><td><b>SHALL</b></td><td>author.family</td><td><code>string</code></td><td><div><p>These parameters, of type string, specify the name parts of the author person, which is associated with the DocumentReference Resource, or in Document Sharing nomenclature, the author of the Document Entry. See ITI TF-2x: Appendix Z.2 for use of the string data type.</p>
</div></td></tr><tr><td><b>SHALL</b></td><td><a href="http://hl7.org/fhir/R4/documentreference.html#search">category</a></td><td><code>token</code></td><td><div><p>Categorization of document</p>
</div></td></tr><tr><td><b>SHALL</b></td><td><a href="SearchParameter-DocumentReference-Creation.html">creation</a></td><td><code>date</code></td><td><div><p>When this document was created</p>
</div></td></tr><tr><td><b>SHALL</b></td><td><a href="http://hl7.org/fhir/R4/documentreference.html#search">date</a></td><td><code>date</code></td><td><div><p>When this document reference was created</p>
</div></td></tr><tr><td><b>SHALL</b></td><td><a href="http://hl7.org/fhir/R4/documentreference.html#search">event</a></td><td><code>token</code></td><td><div><p>Main clinical acts documented</p>
</div></td></tr><tr><td><b>SHALL</b></td><td><a href="http://hl7.org/fhir/R4/documentreference.html#search">facility</a></td><td><code>token</code></td><td><div><p>Kind of facility where patient was seen</p>
</div></td></tr><tr><td><b>SHALL</b></td><td><a href="http://hl7.org/fhir/R4/documentreference.html#search">format</a></td><td><code>token</code></td><td><div><p>Format/content rules for the document</p>
</div></td></tr><tr><td><b>SHALL</b></td><td><a href="http://hl7.org/fhir/R4/documentreference.html#search">identifier</a></td><td><code>token</code></td><td><div><p>The identifier for this DocumentReference</p>
</div></td></tr><tr><td><b>SHALL</b></td><td><a href="http://hl7.org/fhir/R4/documentreference.html#search">patient</a></td><td><code>reference</code></td><td><div><p>Who/what is the subject of the document</p>
</div></td></tr><tr><td><b>SHALL</b></td><td>patient.identifier</td><td><code>token</code></td><td><div><p>An Identifier for Who/what is the subject of the document</p>
</div></td></tr><tr><td><b>SHALL</b></td><td><a href="http://hl7.org/fhir/R4/documentreference.html#search">period</a></td><td><code>date</code></td><td><div><p>Time of service that is being documented</p>
</div></td></tr><tr><td><b>SHALL</b></td><td><a href="http://hl7.org/fhir/R4/documentreference.html#search">related</a></td><td><code>reference</code></td><td><div><p>Related Resource</p>
</div></td></tr><tr><td><b>SHALL</b></td><td><a href="http://hl7.org/fhir/R4/documentreference.html#search">security-label</a></td><td><code>token</code></td><td><div><p>Document security-tags</p>
</div></td></tr><tr><td><b>SHALL</b></td><td><a href="http://hl7.org/fhir/R4/documentreference.html#search">setting</a></td><td><code>token</code></td><td><div><p>Additional details about where the content was created (e.g. clinical specialty)</p>
</div></td></tr><tr><td><b>SHALL</b></td><td><a href="http://hl7.org/fhir/R4/documentreference.html#search">status</a></td><td><code>token</code></td><td><div><p>current | superseded | entered-in-error</p>
</div></td></tr><tr><td><b>SHALL</b></td><td><a href="http://hl7.org/fhir/R4/documentreference.html#search">type</a></td><td><code>reference</code></td><td><div><p>Kind of document (LOINC if possible)</p>
</div></td></tr></tbody></table></div><div class="col-lg-5"> </div></div></div></div></div><div class="panel panel-default"><div class="panel-heading"><h4 id="List1-2" class="panel-title"><span style="float: right;">Resource Conformance: supported </span>List</h4></div><div class="panel-body"><div class="container"><div class="row"><div class="col-lg-6"><span class="lead">Base System Profile</span><br/><a href="StructureDefinition-IHE.MHD.List.html">MHD common List with designationType</a></div><div class="col-lg-3"><span class="lead">Profile Conformance</span><br/><b>SHALL</b></div><div class="col-lg-3"><span class="lead">Reference Policy</span><br/></div></div><p/><div class="row"><div class="col-6"><span class="lead">Supported Profiles</span><p><a href="StructureDefinition-IHE.MHD.UnContained.Comprehensive.SubmissionSet.html">MHD SubmissionSet Comprehensive UnContained</a><br/><a href="StructureDefinition-IHE.MHD.Comprehensive.SubmissionSet.html">MHD SubmissionSet Comprehensive</a><br/><a href="StructureDefinition-IHE.MHD.Minimal.SubmissionSet.html">MHD SubmissionSet Minimal</a><br/><a href="StructureDefinition-IHE.MHD.Comprehensive.Folder.html">MHD Folder Comprehensive</a><br/><a href="StructureDefinition-IHE.MHD.Minimal.Folder.html">MHD Folder Minimal</a></p></div><div class="col-lg-6"><span class="lead">Interaction summary</span><br/><ul><li>Supports <code>read</code>, <code>search-type</code>.</li></ul></div></div><p/><div class="row"><div class="col-lg-7"><span class="lead">Search Parameters</span><table class="table table-condensed table-hover"><thead><tr><th>Conformance</th><th>Parameter</th><th>Type</th><th>Documentation</th></tr></thead><tbody><tr><td><b>SHALL</b></td><td><a href="http://hl7.org/fhir/R4/resource.html#search">_id</a></td><td><code>token</code></td><td><div><p>Logical id of this artifact</p>
</div></td></tr><tr><td><b>SHALL</b></td><td><a href="http://hl7.org/fhir/R4/resource.html#search">_lastupdated</a></td><td><code>date</code></td><td><div><p>When the resource version last changed</p>
</div></td></tr><tr><td><b>SHALL</b></td><td><a href="http://hl7.org/fhir/R4/list.html#search">code</a></td><td><code>token</code></td><td><div><p>This parameter, of type token, specifies the code.coding value supplied in the List Resource. The value of the code element indicates the List of type SubmissionSet or Folder as indicated.</p>
</div></td></tr><tr><td><b>SHALL</b></td><td><a href="http://hl7.org/fhir/R4/list.html#search">date</a></td><td><code>date</code></td><td><div><p>This parameter, of type date, specifies the time when the List was created.</p>
</div></td></tr><tr><td><b>SHALL</b></td><td><a href="http://hl7.org/fhir/R4/list.html#search">identifier</a></td><td><code>token</code></td><td><div><p>This parameter, of type token, specifies an identifier for this List. The search results represent the results of a search on List.identifier. See ITI TF-2x: Appendix Z.2 for additional constraints on the use of the token search parameter type.</p>
</div></td></tr><tr><td><b>SHALL</b></td><td><a href="http://hl7.org/fhir/R4/list.html#search">patient</a></td><td><code>reference</code></td><td><div><p>This parameter is of type Reference(Patient). The Document Consumer may get this reference through the use of the PDQm or PIXm Profiles, or by some other method. When the patient parameter is used, the Patient reference would need to be accessible to both the Document Consumer and the Document Responder.</p>
</div></td></tr><tr><td><b>SHALL</b></td><td>patient.identifier</td><td><code>token</code></td><td><div><p>An Identifier for Who/what is the subject of the document</p>
</div></td></tr><tr><td><b>SHALL</b></td><td>source.given</td><td><code>string</code></td><td><div><p>These parameters, of type string, specify the name parts of the author person which is associated with the List. See ITI TF-2x: Appendix Z.2 for use of the string data type.</p>
</div></td></tr><tr><td><b>SHALL</b></td><td>source.family</td><td><code>string</code></td><td><div><p>These parameters, of type string, specify the name parts of the author person which is associated with the List. See ITI TF-2x: Appendix Z.2 for use of the string data type.</p>
</div></td></tr><tr><td><b>SHALL</b></td><td><a href="http://hl7.org/fhir/R4/list.html#search">status</a></td><td><code>token</code></td><td><div><p>This parameter, of type token, specifies the status of the List. If included in the query, the Document Consumer shall populate the code portion of the token with one of the codes in the following Table 3.66.4.1.2.1-1: Values for code for status of List. The system portion of the token shall not be populated.</p>
</div></td></tr><tr><td><b>SHALL</b></td><td><a href="SearchParameter-List-DesignationType.html">designationType</a></td><td><code>token</code></td><td><div><p>This IHE extension on parameters defined as SearchParameter/List-DesignationType, of type token, specifies the designation type of the List. The value of the designation type element indicates the clinical purpose of the SubmissionSet or Folder. Note that servers that do not support this extended search parameter will ignore it, and thus return more results than expected.</p>
</div></td></tr><tr><td><b>SHALL</b></td><td><a href="SearchParameter-List-SourceId.html">sourceId</a></td><td><code>token</code></td><td><div><p>This IHE extension on parameters defined as SearchParameter/List-SourceId, of type token, specifies the source (author) value supplied in the List Resource.</p>
</div></td></tr></tbody></table></div><div class="col-lg-5"> </div></div></div></div></div><div class="panel panel-default"><div class="panel-heading"><h4 id="Binary1-3" class="panel-title"><span style="float: right;">Resource Conformance: supported </span>Binary</h4></div><div class="panel-body"><div class="container"><div class="row"><div class="col-lg-4"><span class="lead">Core FHIR Resource</span><br/><a href="http://hl7.org/fhir/R4/binary.html">Binary</a></div><div class="col-lg-4"><span class="lead">Reference Policy</span><br/></div><div class="col-lg-4"><span class="lead">Interaction summary</span><br/><ul><li>Supports <code>read</code>.</li></ul></div></div><p/><p/></div></div></div></div>
  </text>
  <url value="https://profiles.ihe.net/ITI/MHD/CapabilityStatement/IHE.MHD.DocumentResponder"/>
  <version value="4.2.3"/>
  <name value="IHE_MHD_DocumentResponder"/>
  <title value="Document Responder (server)"/>
  <status value="active"/>
  <experimental value="false"/>
  <date value="2025-10-31T10:59:52-05:00"/>
  <publisher value="IHE IT Infrastructure Technical Committee"/>
  <contact>
    <telecom>
      <system value="url"/>
      <value value="https://www.ihe.net/ihe_domains/it_infrastructure/"/>
    </telecom>
  </contact>
  <contact>
    <telecom>
      <system value="email"/>
      <value value="iti@ihe.net"/>
    </telecom>
  </contact>
  <contact>
    <name value="IHE IT Infrastructure Technical Committee"/>
    <telecom>
      <system value="email"/>
      <value value="iti@ihe.net"/>
    </telecom>
  </contact>
  <description value="IHE ITI Mobile access to Health Documents (MHD) - Document Responder (server)."/>
  <jurisdiction>
    <coding>
      <system value="http://unstats.un.org/unsd/methods/m49/m49.htm"/>
      <code value="001"/>
      <display value="World"/>
    </coding>
  </jurisdiction>
  <kind value="requirements"/>
  <fhirVersion value="4.0.1"/>
  <format value="application/fhir+xml"/>
  <format value="application/fhir+json"/>
  <rest>
    <mode value="server"/>
    <security>
      <description value="Recommend [ATNA](https://profiles.ihe.net/ITI/TF/Volume1/ch-9.html), encouraged [IHE-IUA](https://profiles.ihe.net/ITI/IUA/index.html) or SMART-on-FHIR"/>
    </security>
    <resource>
      <type value="DocumentReference"/>
      <profile value="https://profiles.ihe.net/ITI/MHD/StructureDefinition/IHE.MHD.Minimal.DocumentReference"/>
      <interaction>
        <code value="read"/>
      </interaction>
      <interaction>
        <code value="search-type"/>
      </interaction>
      <searchParam>
        <name value="_id"/>
        <definition value="http://hl7.org/fhir/SearchParameter/Resource-id"/>
        <type value="token"/>
        <documentation value="Logical id of this artifact"/>
      </searchParam>
      <searchParam>
        <name value="_lastupdated"/>
        <definition value="http://hl7.org/fhir/SearchParameter/Resource-lastUpdated"/>
        <type value="date"/>
        <documentation value="When the resource version last changed"/>
      </searchParam>
      <searchParam>
        <name value="author.given"/>
        <type value="string"/>
        <documentation value="These parameters, of type string, specify the name parts of the author person, which is associated with the DocumentReference Resource, or in Document Sharing nomenclature, the author of the Document Entry. See ITI TF-2x: Appendix Z.2 for use of the string data type."/>
      </searchParam>
      <searchParam>
        <name value="author.family"/>
        <type value="string"/>
        <documentation value="These parameters, of type string, specify the name parts of the author person, which is associated with the DocumentReference Resource, or in Document Sharing nomenclature, the author of the Document Entry. See ITI TF-2x: Appendix Z.2 for use of the string data type."/>
      </searchParam>
      <searchParam>
        <name value="category"/>
        <definition value="http://hl7.org/fhir/SearchParameter/DocumentReference-category"/>
        <type value="token"/>
        <documentation value="Categorization of document"/>
      </searchParam>
      <searchParam>
        <name value="creation"/>
        <definition value="https://profiles.ihe.net/ITI/MHD/SearchParameter/DocumentReference-Creation"/>
        <type value="date"/>
        <documentation value="When this document was created"/>
      </searchParam>
      <searchParam>
        <name value="date"/>
        <definition value="http://hl7.org/fhir/SearchParameter/DocumentReference-date"/>
        <type value="date"/>
        <documentation value="When this document reference was created"/>
      </searchParam>
      <searchParam>
        <name value="event"/>
        <definition value="http://hl7.org/fhir/SearchParameter/DocumentReference-event"/>
        <type value="token"/>
        <documentation value="Main clinical acts documented"/>
      </searchParam>
      <searchParam>
        <name value="facility"/>
        <definition value="http://hl7.org/fhir/SearchParameter/DocumentReference-facility"/>
        <type value="token"/>
        <documentation value="Kind of facility where patient was seen"/>
      </searchParam>
      <searchParam>
        <name value="format"/>
        <definition value="http://hl7.org/fhir/SearchParameter/DocumentReference-format"/>
        <type value="token"/>
        <documentation value="Format/content rules for the document"/>
      </searchParam>
      <searchParam>
        <name value="identifier"/>
        <definition value="http://hl7.org/fhir/SearchParameter/clinical-identifier"/>
        <type value="token"/>
        <documentation value="The identifier for this DocumentReference"/>
      </searchParam>
      <searchParam>
        <name value="patient"/>
        <definition value="http://hl7.org/fhir/SearchParameter/clinical-patient"/>
        <type value="reference"/>
        <documentation value="Who/what is the subject of the document"/>
      </searchParam>
      <searchParam>
        <name value="patient.identifier"/>
        <type value="token"/>
        <documentation value="An Identifier for Who/what is the subject of the document"/>
      </searchParam>
      <searchParam>
        <name value="period"/>
        <definition value="http://hl7.org/fhir/SearchParameter/DocumentReference-period"/>
        <type value="date"/>
        <documentation value="Time of service that is being documented"/>
      </searchParam>
      <searchParam>
        <name value="related"/>
        <definition value="http://hl7.org/fhir/SearchParameter/DocumentReference-related"/>
        <type value="reference"/>
        <documentation value="Related Resource"/>
      </searchParam>
      <searchParam>
        <name value="security-label"/>
        <definition value="http://hl7.org/fhir/SearchParameter/DocumentReference-security-label"/>
        <type value="token"/>
        <documentation value="Document security-tags"/>
      </searchParam>
      <searchParam>
        <name value="setting"/>
        <definition value="http://hl7.org/fhir/SearchParameter/DocumentReference-setting"/>
        <type value="token"/>
        <documentation value="Additional details about where the content was created (e.g. clinical specialty)"/>
      </searchParam>
      <searchParam>
        <name value="status"/>
        <definition value="http://hl7.org/fhir/SearchParameter/DocumentReference-status"/>
        <type value="token"/>
        <documentation value="current | superseded | entered-in-error"/>
      </searchParam>
      <searchParam>
        <name value="type"/>
        <definition value="http://hl7.org/fhir/SearchParameter/clinical-patient"/>
        <type value="reference"/>
        <documentation value="Kind of document (LOINC if possible)"/>
      </searchParam>
    </resource>
    <resource>
      <type value="List"/>
      <profile value="https://profiles.ihe.net/ITI/MHD/StructureDefinition/IHE.MHD.List"/>
      <supportedProfile value="https://profiles.ihe.net/ITI/MHD/StructureDefinition/IHE.MHD.UnContained.Comprehensive.SubmissionSet"/>
      <supportedProfile value="https://profiles.ihe.net/ITI/MHD/StructureDefinition/IHE.MHD.Comprehensive.SubmissionSet"/>
      <supportedProfile value="https://profiles.ihe.net/ITI/MHD/StructureDefinition/IHE.MHD.Minimal.SubmissionSet"/>
      <supportedProfile value="https://profiles.ihe.net/ITI/MHD/StructureDefinition/IHE.MHD.Comprehensive.Folder"/>
      <supportedProfile value="https://profiles.ihe.net/ITI/MHD/StructureDefinition/IHE.MHD.Minimal.Folder"/>
      <interaction>
        <code value="read"/>
      </interaction>
      <interaction>
        <code value="search-type"/>
      </interaction>
      <searchParam>
        <name value="_id"/>
        <definition value="http://hl7.org/fhir/SearchParameter/Resource-id"/>
        <type value="token"/>
        <documentation value="Logical id of this artifact"/>
      </searchParam>
      <searchParam>
        <name value="_lastupdated"/>
        <definition value="http://hl7.org/fhir/SearchParameter/Resource-lastUpdated"/>
        <type value="date"/>
        <documentation value="When the resource version last changed"/>
      </searchParam>
      <searchParam>
        <name value="code"/>
        <definition value="http://hl7.org/fhir/SearchParameter/clinical-code"/>
        <type value="token"/>
        <documentation value="This parameter, of type token, specifies the code.coding value supplied in the List Resource. The value of the code element indicates the List of type SubmissionSet or Folder as indicated."/>
      </searchParam>
      <searchParam>
        <name value="date"/>
        <definition value="http://hl7.org/fhir/SearchParameter/clinical-date"/>
        <type value="date"/>
        <documentation value="This parameter, of type date, specifies the time when the List was created."/>
      </searchParam>
      <searchParam>
        <name value="identifier"/>
        <definition value="http://hl7.org/fhir/SearchParameter/clinical-identifier"/>
        <type value="token"/>
        <documentation value="This parameter, of type token, specifies an identifier for this List. The search results represent the results of a search on List.identifier. See ITI TF-2x: Appendix Z.2 for additional constraints on the use of the token search parameter type."/>
      </searchParam>
      <searchParam>
        <name value="patient"/>
        <definition value="http://hl7.org/fhir/SearchParameter/clinical-patient"/>
        <type value="reference"/>
        <documentation value="This parameter is of type Reference(Patient). The Document Consumer may get this reference through the use of the PDQm or PIXm Profiles, or by some other method. When the patient parameter is used, the Patient reference would need to be accessible to both the Document Consumer and the Document Responder."/>
      </searchParam>
      <searchParam>
        <name value="patient.identifier"/>
        <type value="token"/>
        <documentation value="An Identifier for Who/what is the subject of the document"/>
      </searchParam>
      <searchParam>
        <name value="source.given"/>
        <type value="string"/>
        <documentation value="These parameters, of type string, specify the name parts of the author person which is associated with the List. See ITI TF-2x: Appendix Z.2 for use of the string data type."/>
      </searchParam>
      <searchParam>
        <name value="source.family"/>
        <type value="string"/>
        <documentation value="These parameters, of type string, specify the name parts of the author person which is associated with the List. See ITI TF-2x: Appendix Z.2 for use of the string data type."/>
      </searchParam>
      <searchParam>
        <name value="status"/>
        <definition value="http://hl7.org/fhir/SearchParameter/List-status"/>
        <type value="token"/>
        <documentation value="This parameter, of type token, specifies the status of the List. If included in the query, the Document Consumer shall populate the code portion of the token with one of the codes in the following Table 3.66.4.1.2.1-1: Values for code for status of List. The system portion of the token shall not be populated."/>
      </searchParam>
      <searchParam>
        <name value="designationType"/>
        <definition value="https://profiles.ihe.net/ITI/MHD/SearchParameter/List-DesignationType"/>
        <type value="token"/>
        <documentation value="This IHE extension on parameters defined as SearchParameter/List-DesignationType, of type token, specifies the designation type of the List. The value of the designation type element indicates the clinical purpose of the SubmissionSet or Folder. Note that servers that do not support this extended search parameter will ignore it, and thus return more results than expected."/>
      </searchParam>
      <searchParam>
        <name value="sourceId"/>
        <definition value="https://profiles.ihe.net/ITI/MHD/SearchParameter/List-SourceId"/>
        <type value="token"/>
        <documentation value="This IHE extension on parameters defined as SearchParameter/List-SourceId, of type token, specifies the source (author) value supplied in the List Resource."/>
      </searchParam>
    </resource>
    <resource>
      <type value="Binary"/>
      <interaction>
        <code value="read"/>
      </interaction>
    </resource>
    <interaction>
      <code value="search-system"/>
    </interaction>
  </rest>
</CapabilityStatement>