<?xml version="1.0" encoding="UTF-8"?>

<AuditEvent xmlns="http://hl7.org/fhir">
  <id value="ex-auditProvideBundle-recipient"/>
  <meta>
    <profile value="https://profiles.ihe.net/ITI/MHD/StructureDefinition/IHE.MHD.ProvideBundle.Audit.Recipient"/>
    <security>
      <system value="http://terminology.hl7.org/CodeSystem/v3-ActReason"/>
      <code value="HTEST"/>
    </security>
  </meta>
  <text>
    <status value="generated"/><div xmlns="http://www.w3.org/1999/xhtml"><p><b>Generated Narrative: AuditEvent</b><a name="ex-auditProvideBundle-recipient"> </a></p><div style="display: inline-block; background-color: #d9e0e7; padding: 6px; margin: 4px; border: 1px solid #8da1b4; border-radius: 5px; line-height: 60%"><p style="margin-bottom: 0px">Resource AuditEvent "ex-auditProvideBundle-recipient" </p><p style="margin-bottom: 0px">Profile: <a href="StructureDefinition-IHE.MHD.ProvideBundle.Audit.Recipient.html">Audit Event for Provide Bundle Transaction at Recipient</a></p><p style="margin-bottom: 0px">Security Labels: <span title="{http://terminology.hl7.org/CodeSystem/v3-ActReason http://terminology.hl7.org/CodeSystem/v3-ActReason}">http://terminology.hl7.org/CodeSystem/v3-ActReason</span></p></div><p><b>type</b>: Import (Details: DICOM code 110107 = 'Import', stated as 'Import')</p><p><b>subtype</b>: Provide Document Bundle (Details: urn:ihe:event-type-code code ITI-65 = 'ITI-65', stated as 'Provide Document Bundle')</p><p><b>action</b>: C</p><p><b>recorded</b>: Apr 29, 2020, 4:49:00 AM</p><p><b>outcome</b>: 0</p><blockquote><p><b>agent</b></p><p><b>type</b>: Source Role ID <span style="background: LightGoldenRodYellow; margin: 4px; border: 1px solid khaki"> (<a href="http://hl7.org/fhir/R4/codesystem-dicom-dcim.html">DICOM</a>#110153)</span></p><p><b>who</b>: <span>: myMachine.example.org</span></p><p><b>requestor</b>: false</p><h3>Networks</h3><table class="grid"><tr><td>-</td><td><b>Address</b></td><td><b>Type</b></td></tr><tr><td>*</td><td>2001:0db8:85a3:0000:0000:8a2e:0370:7334</td><td>2</td></tr></table></blockquote><blockquote><p><b>agent</b></p><p><b>type</b>: Destination Role ID <span style="background: LightGoldenRodYellow; margin: 4px; border: 1px solid khaki"> (<a href="http://hl7.org/fhir/R4/codesystem-dicom-dcim.html">DICOM</a>#110152)</span></p><p><b>who</b>: <a href="Device-ex-device.html">Device/ex-device</a></p><p><b>requestor</b>: false</p><h3>Networks</h3><table class="grid"><tr><td>-</td><td><b>Address</b></td><td><b>Type</b></td></tr><tr><td>*</td><td>http://server.example.com/fhir</td><td>5</td></tr></table></blockquote><h3>Sources</h3><table class="grid"><tr><td>-</td><td><b>Site</b></td><td><b>Observer</b></td><td><b>Type</b></td></tr><tr><td>*</td><td>server.example.com</td><td><a href="Device-ex-device.html">Device/ex-device</a></td><td>Application Server (Details: http://terminology.hl7.org/CodeSystem/security-source-type code 4 = 'Application Server', stated as 'Application Server')</td></tr></table><blockquote><p><b>entity</b></p><p><b>what</b>: <a href="Patient-ex-patient.html">Patient/ex-patient</a> " SCHMIDT"</p><p><b>type</b>: Person (Details: http://terminology.hl7.org/CodeSystem/audit-entity-type code 1 = 'Person', stated as 'Person')</p><p><b>role</b>: Patient (Details: http://terminology.hl7.org/CodeSystem/object-role code 1 = 'Patient', stated as 'Patient')</p></blockquote><blockquote><p><b>entity</b></p><p><b>what</b>: <a href="List-ex-minimalSubmissionSet.html">List/ex-minimalSubmissionSet</a></p><p><b>type</b>: System Object (Details: http://terminology.hl7.org/CodeSystem/audit-entity-type code 2 = 'System Object', stated as 'System Object')</p><p><b>role</b>: Job (Details: http://terminology.hl7.org/CodeSystem/object-role code 20 = 'Job', stated as 'Job')</p></blockquote></div>
  </text>
  <type>
    <system value="http://dicom.nema.org/resources/ontology/DCM"/>
    <code value="110107"/>
    <display value="Import"/>
  </type>
  <subtype>
    <system value="urn:ihe:event-type-code"/>
    <code value="ITI-65"/>
    <display value="Provide Document Bundle"/>
  </subtype>
  <action value="C"/>
  <recorded value="2020-04-29T09:49:00.000Z"/>
  <outcome value="0"/>
  <agent>
    <type>
      <coding>
        <system value="http://dicom.nema.org/resources/ontology/DCM"/>
        <code value="110153"/>
        <display value="Source Role ID"/>
      </coding>
    </type>
    <who>
      <display value="myMachine.example.org"/>
    </who>
    <requestor value="false"/>
    <network>
      <address value="2001:0db8:85a3:0000:0000:8a2e:0370:7334"/>
      <type value="2"/>
    </network>
  </agent>
  <agent>
    <type>
      <coding>
        <system value="http://dicom.nema.org/resources/ontology/DCM"/>
        <code value="110152"/>
        <display value="Destination Role ID"/>
      </coding>
    </type>
    <who>
      <reference value="Device/ex-device"/>
    </who>
    <requestor value="false"/>
    <network>
      <address value="http://server.example.com/fhir"/>
      <type value="5"/>
    </network>
  </agent>
  <source>
    <site value="server.example.com"/>
    <observer>
      <reference value="Device/ex-device"/>
    </observer>
    <type>
      <system value="http://terminology.hl7.org/CodeSystem/security-source-type"/>
      <code value="4"/>
      <display value="Application Server"/>
    </type>
  </source>
  <entity>
    <what>
      <reference value="Patient/ex-patient"/>
    </what>
    <type>
      <system value="http://terminology.hl7.org/CodeSystem/audit-entity-type"/>
      <code value="1"/>
      <display value="Person"/>
    </type>
    <role>
      <system value="http://terminology.hl7.org/CodeSystem/object-role"/>
      <code value="1"/>
      <display value="Patient"/>
    </role>
  </entity>
  <entity>
    <what>
      <reference value="List/ex-minimalSubmissionSet"/>
    </what>
    <type>
      <system value="http://terminology.hl7.org/CodeSystem/audit-entity-type"/>
      <code value="2"/>
      <display value="System Object"/>
    </type>
    <role>
      <system value="http://terminology.hl7.org/CodeSystem/object-role"/>
      <code value="20"/>
      <display value="Job"/>
    </role>
  </entity>
</AuditEvent>