{"resourceType":"ValueSet","id":"AuthZsubTypeVS","text":{"status":"generated","div":"<div xmlns=\"http://www.w3.org/1999/xhtml\"><ul><li>Include all codes defined in <a href=\"CodeSystem-AuthZsubType.html\"><code>https://profiles.ihe.net/ITI/basicaudit/CodeSystem/AuthZsubType</code></a></li></ul></div>"},"url":"https://profiles.ihe.net/ITI/basicaudit/ValueSet/AuthZsubTypeVS","version":"1.0.0-comment","name":"AuthZsubTypeVS","title":"Authorization subType events valueset","status":"active","date":"2022-02-28T21:25:08-06:00","publisher":"IHE IT Infrastructure Technical Committee","contact":[{"telecom":[{"system":"url","value":"https://www.ihe.net/ihe_domains/it_infrastructure/"}]},{"telecom":[{"system":"email","value":"iti@ihe.net"}]},{"name":"IHE IT Infrastructure Technical Committee","telecom":[{"system":"email","value":"iti@ihe.net"}]}],"description":"ValueSet of the Authorization AuditEvent types","jurisdiction":[{"coding":[{"system":"http://unstats.un.org/unsd/methods/m49/m49.htm","code":"001"}]}],"copyright":"IHE http://www.ihe.net/Governance/#Intellectual_Property","compose":{"include":[{"system":"https://profiles.ihe.net/ITI/basicaudit/CodeSystem/AuthZsubType"}]}}