<?xml version="1.0" encoding="UTF-8"?><CapabilityStatement xmlns="http://hl7.org/fhir"><id value="IHE.mCSD.CareServicesSelectiveSupplier"/><text><status value="generated"/><div xmlns="http://www.w3.org/1999/xhtml">
      <p> The Server supports the following transactions : search-type</p>
         
    </div></text><url value="http://profiles.ihe.net/ITI/mCSD/CapabilityStatement/IHE.mCSD.CareServicesSelectiveSupplier"/><version value="3.8.0"/><name value="IHE_mCSD_Care_Services_Selective_Supplier"/><title value="IHE ITI Mobile Care Services Discovery (mCSD) - Care Services Selective Supplier"/><status value="draft"/><experimental value="true"/><date value="2021-04-27"/><publisher value="IHE IT Infrastructure Technical Committee"/><contact><telecom><system value="url"/><value value="https://www.ihe.net/ihe_domains/it_infrastructure/"/></telecom></contact><contact><telecom><system value="email"/><value value="iti@ihe.net"/></telecom></contact><contact><name value="IHE IT Infrastructure Technical Committee"/><telecom><system value="email"/><value value="iti@ihe.net"/></telecom></contact><description value="CapabilityStatement for Care Services Selective Supplier Actor in the IHE IT Infrastructure Technical Framework Supplement IHE mCSD. See https://profiles.ihe.net/ITI/mCSD."/><jurisdiction><coding><system value="http://unstats.un.org/unsd/methods/m49/m49.htm"/><code value="001"/></coding></jurisdiction><copyright value="IHE http://www.ihe.net/Governance/#Intellectual_Property"/><kind value="requirements"/><fhirVersion value="4.0.0"/><format value="application/fhir+xml"/><format value="application/fhir+json"/><rest><mode value="server"/><documentation value="IHE ITI mCSD ITI-90 endpoint"/><resource><type value="HealthcareService"/><supportedProfile value="http://profiles.ihe.net/ITI/mCSD/StructureDefinition/IHE.mCSD.HealthcareService"/><documentation value="."/><interaction><code value="search-type"/></interaction><searchParam><name value="active"/><type value="token"/></searchParam><searchParam><name value="identifier"/><type value="token"/></searchParam><searchParam><name value="location"/><type value="reference"/></searchParam><searchParam><name value="name"/><type value="string"/></searchParam><searchParam><name value="name:contains"/><type value="string"/></searchParam><searchParam><name value="name:exact"/><type value="string"/></searchParam><searchParam><name value="organization"/><type value="reference"/></searchParam><searchParam><name value="service-type"/><type value="token"/></searchParam></resource><resource><type value="Location"/><supportedProfile value="http://profiles.ihe.net/ITI/mCSD/StructureDefinition/IHE.mCSD.Location"/><supportedProfile value="http://profiles.ihe.net/ITI/mCSD/StructureDefinition/IHE.mCSD.FacilityLocation"/><supportedProfile value="http://profiles.ihe.net/ITI/mCSD/StructureDefinition/IHE.mCSD.JurisdictionLocation"/><documentation value="."/><interaction><code value="search-type"/></interaction><searchInclude value="Location:organization"/><searchParam><name value="identifier"/><type value="token"/></searchParam><searchParam><name value="name"/><type value="string"/></searchParam><searchParam><name value="name:contains"/><type value="string"/></searchParam><searchParam><name value="name:exact"/><type value="string"/></searchParam><searchParam><name value="organization"/><type value="reference"/></searchParam><searchParam><name value="partof"/><type value="reference"/></searchParam><searchParam><name value="type"/><type value="token"/></searchParam><searchParam><name value="status"/><type value="token"/></searchParam></resource><resource><type value="Organization"/><supportedProfile value="http://profiles.ihe.net/ITI/mCSD/StructureDefinition/IHE.mCSD.Organization"/><supportedProfile value="http://profiles.ihe.net/ITI/mCSD/StructureDefinition/IHE.mCSD.FacilityOrganization"/><supportedProfile value="http://profiles.ihe.net/ITI/mCSD/StructureDefinition/IHE.mCSD.JurisdictionOrganization"/><documentation value="."/><interaction><code value="search-type"/></interaction><searchInclude value="Organization.endpoint"/><searchRevInclude value="Location:organization"/><searchRevInclude value="OrganizationAffiliation:participating-organization"/><searchRevInclude value="OrganizationAffiliation:primary-organization"/><searchParam><name value="active"/><type value="token"/></searchParam><searchParam><name value="identifier"/><type value="token"/></searchParam><searchParam><name value="name"/><type value="string"/></searchParam><searchParam><name value="name:contains"/><type value="string"/></searchParam><searchParam><name value="name:exact"/><type value="string"/></searchParam><searchParam><name value="partof"/><type value="reference"/></searchParam><searchParam><name value="type"/><type value="token"/></searchParam></resource><resource><type value="Practitioner"/><supportedProfile value="http://profiles.ihe.net/ITI/mCSD/StructureDefinition/IHE.mCSD.Practitioner"/><documentation value="."/><interaction><code value="search-type"/></interaction><searchParam><name value="active"/><type value="token"/></searchParam><searchParam><name value="identifier"/><type value="token"/></searchParam><searchParam><name value="name"/><type value="string"/></searchParam><searchParam><name value="name:contains"/><type value="string"/></searchParam><searchParam><name value="name:exact"/><type value="string"/></searchParam><searchParam><name value="given"/><type value="string"/></searchParam><searchParam><name value="given:contains"/><type value="string"/></searchParam><searchParam><name value="given:exact"/><type value="string"/></searchParam><searchParam><name value="family"/><type value="string"/></searchParam><searchParam><name value="family:contains"/><type value="string"/></searchParam><searchParam><name value="family:exact"/><type value="string"/></searchParam></resource><resource><type value="PractitionerRole"/><supportedProfile value="http://profiles.ihe.net/ITI/mCSD/StructureDefinition/IHE.mCSD.PractitionerRole"/><documentation value="."/><interaction><code value="search-type"/></interaction><searchInclude value="PractitionerRole:practitioner"/><searchParam><name value="active"/><type value="token"/></searchParam><searchParam><name value="location"/><type value="reference"/></searchParam><searchParam><name value="organization"/><type value="reference"/></searchParam><searchParam><name value="role"/><type value="token"/></searchParam><searchParam><name value="service"/><type value="reference"/></searchParam><searchParam><name value="specialty"/><type value="token"/></searchParam></resource><resource><type value="Endpoint"/><supportedProfile value="http://profiles.ihe.net/ITI/mCSD/StructureDefinition/IHE.mCSD.Endpoint"/><supportedProfile value="http://profiles.ihe.net/ITI/mCSD/StructureDefinition/IHE.mCSD.Endpoint.DocShare"/><documentation value="."/><interaction><code value="search-type"/></interaction><searchParam><name value="identifier"/><type value="token"/></searchParam><searchParam><name value="organization"/><type value="reference"/></searchParam><searchParam><name value="status"/><type value="token"/></searchParam></resource><resource><type value="OrganizationAffiliation"/><supportedProfile value="http://profiles.ihe.net/ITI/mCSD/StructureDefinition/IHE.mCSD.OrganizationAffiliation"/><documentation value="."/><interaction><code value="search-type"/></interaction><searchInclude value="OrganizationAffiliation.endpoint"/><searchParam><name value="active"/><type value="token"/></searchParam><searchParam><name value="date"/><type value="date"/></searchParam><searchParam><name value="identifier"/><type value="token"/></searchParam><searchParam><name value="participating-organization"/><type value="reference"/></searchParam><searchParam><name value="primary-organization"/><type value="reference"/></searchParam><searchParam><name value="role"/><type value="token"/></searchParam></resource><searchParam><name value="_id"/><type value="token"/></searchParam><searchParam><name value="_lastUpdated"/><type value="token"/><documentation value="The values for this shall support these prefixes: gt, lt, ge, le, sa, and eb"/></searchParam></rest></CapabilityStatement>