<?xml version="1.0" encoding="UTF-8"?><SearchParameter xmlns="http://hl7.org/fhir"><id value="IHE.mCSD.Search.PurposeOfUse"/><url value="http://profiles.ihe.net/ITI/mCSD/SearchParameter/IHE.mCSD.Search.PurposeOfUse"/><version value="3.8.0"/><name value="IHE_mCSD_Search_PurposeOfUse"/><status value="active"/><date value="2022-08-12T09:41:58-05:00"/><publisher value="IHE IT Infrastructure Technical Committee"/><contact><telecom><system value="url"/><value value="https://www.ihe.net/ihe_domains/it_infrastructure/"/></telecom></contact><contact><telecom><system value="email"/><value value="iti@ihe.net"/></telecom></contact><contact><name value="IHE IT Infrastructure Technical Committee"/><telecom><system value="email"/><value value="iti@ihe.net"/></telecom></contact><description value="This SearchParameter enables finding Endpoints or Organizatoins by the purpose of use code.  This resource is created as informative content."/><jurisdiction><coding><system value="http://unstats.un.org/unsd/methods/m49/m49.htm"/><code value="001"/></coding></jurisdiction><code value="ihe-mcsd-purpose-of-use"/><base value="Organization"/><base value="Endpoint"/><type value="token"/><expression value="(extension('http://profiles.ihe.net/ITI/mCSD/SearchParameter/IHE.mCSD.Search.PurposeOfUse').value as CodeableConcept)"/></SearchParameter>