<?xml version="1.0" encoding="UTF-8"?><ImplementationGuide xmlns="http://hl7.org/fhir"><id value="ihe.mhd.fhir"/><text><status value="additional"/><div xmlns="http://www.w3.org/1999/xhtml">
ImplementationGuide for  
IHE IT Infrastructure Technical Framework Supplement Mobile access to Health Documents (MHD) Rev. 4.0.0 Public-Comment
		</div></text><extension url="http://hl7.org/fhir/StructureDefinition/resource-approvalDate"><valueDate value="2021-03-30"/></extension><url value="http://profiles.ihe.net/ITI/MHD/ImplementationGuide/ihe.mhd.fhir"/><version value="4.0.0-comment"/><name value="IHE_MHD"/><status value="active"/><experimental value="false"/><date value="2021-03-30"/><publisher value="Integrating the Healthcare Enterprise (IHE)"/><contact><name value="IHE"/><telecom><system value="url"/><value value="http://ihe.net"/></telecom></contact><contact><name value="IHE Secretary"/><telecom><system value="email"/><value value="secretary@ihe.net"/></telecom></contact><description value="Implementation Guide for the IHE Mobile access to Health Documents (MHD) Rev. 4.0.0-comment."/><jurisdiction><coding><system value="http://unstats.un.org/unsd/methods/m49/m49.htm"/><code value="001"/></coding></jurisdiction><copyright value="IHE http://www.ihe.net/Governance/#Intellectual_Property"/><packageId value="ihe.mhd.fhir"/><license value="CC0-1.0"/><fhirVersion value="4.0.1"/><dependsOn id="IHEformatcode"><uri value="http://profiles.ihe.net/fhir/ihe.formatcode.fhir/ImplementationGuide/ihe.formatcode.fhir"/><packageId value="ihe.formatcode.fhir"/><version value="current"/></dependsOn><definition><extension url="http://hl7.org/fhir/tools/StructureDefinition/ig-parameter"><extension url="code"><valueString value="copyrightyear"/></extension><extension url="value"><valueString value="2021+"/></extension></extension><extension url="http://hl7.org/fhir/tools/StructureDefinition/ig-parameter"><extension url="code"><valueString value="releaselabel"/></extension><extension url="value"><valueString value="ballot"/></extension></extension><extension url="http://hl7.org/fhir/tools/StructureDefinition/ig-parameter"><extension url="code"><valueString value="autoload-resources"/></extension><extension url="value"><valueString value="true"/></extension></extension><extension url="http://hl7.org/fhir/tools/StructureDefinition/ig-parameter"><extension url="code"><valueString value="path-liquid"/></extension><extension url="value"><valueString value="template/liquid"/></extension></extension><extension url="http://hl7.org/fhir/tools/StructureDefinition/ig-parameter"><extension url="code"><valueString value="path-liquid"/></extension><extension url="value"><valueString value="input/liquid"/></extension></extension><extension url="http://hl7.org/fhir/tools/StructureDefinition/ig-parameter"><extension url="code"><valueString value="path-qa"/></extension><extension url="value"><valueString value="temp/qa"/></extension></extension><extension url="http://hl7.org/fhir/tools/StructureDefinition/ig-parameter"><extension url="code"><valueString value="path-temp"/></extension><extension url="value"><valueString value="temp/pages"/></extension></extension><extension url="http://hl7.org/fhir/tools/StructureDefinition/ig-parameter"><extension url="code"><valueString value="path-output"/></extension><extension url="value"><valueString value="output"/></extension></extension><extension url="http://hl7.org/fhir/tools/StructureDefinition/ig-parameter"><extension url="code"><valueString value="path-suppressed-warnings"/></extension><extension url="value"><valueString value="input/ignoreWarnings.txt"/></extension></extension><extension url="http://hl7.org/fhir/tools/StructureDefinition/ig-parameter"><extension url="code"><valueString value="path-history"/></extension><extension url="value"><valueString value="http://profiles.ihe.net/ITI/MHD/history.html"/></extension></extension><extension url="http://hl7.org/fhir/tools/StructureDefinition/ig-parameter"><extension url="code"><valueString value="template-html"/></extension><extension url="value"><valueString value="template-page.html"/></extension></extension><extension url="http://hl7.org/fhir/tools/StructureDefinition/ig-parameter"><extension url="code"><valueString value="template-md"/></extension><extension url="value"><valueString value="template-page-md.html"/></extension></extension><extension url="http://hl7.org/fhir/tools/StructureDefinition/ig-parameter"><extension url="code"><valueString value="apply-contact"/></extension><extension url="value"><valueString value="true"/></extension></extension><extension url="http://hl7.org/fhir/tools/StructureDefinition/ig-parameter"><extension url="code"><valueString value="apply-context"/></extension><extension url="value"><valueString value="true"/></extension></extension><extension url="http://hl7.org/fhir/tools/StructureDefinition/ig-parameter"><extension url="code"><valueString value="apply-copyright"/></extension><extension url="value"><valueString value="true"/></extension></extension><extension url="http://hl7.org/fhir/tools/StructureDefinition/ig-parameter"><extension url="code"><valueString value="apply-jurisdiction"/></extension><extension url="value"><valueString value="true"/></extension></extension><extension url="http://hl7.org/fhir/tools/StructureDefinition/ig-parameter"><extension url="code"><valueString value="apply-license"/></extension><extension url="value"><valueString value="true"/></extension></extension><extension url="http://hl7.org/fhir/tools/StructureDefinition/ig-parameter"><extension url="code"><valueString value="apply-publisher"/></extension><extension url="value"><valueString value="true"/></extension></extension><extension url="http://hl7.org/fhir/tools/StructureDefinition/ig-parameter"><extension url="code"><valueString value="apply-version"/></extension><extension url="value"><valueString value="true"/></extension></extension><extension url="http://hl7.org/fhir/tools/StructureDefinition/ig-parameter"><extension url="code"><valueString value="active-tables"/></extension><extension url="value"><valueString value="true"/></extension></extension><grouping id="_dyn_capabilitystatement"><name value="Behavior: Capability Statements"/><description value="The following artifacts define the specific capabilities that different types of systems are expected to have in order to comply with this implementation guide.  Systems conforming to this implementation guide are expected to declare conformance to one or more of the following capability statements."/></grouping><grouping id="_dyn_searchparameter"><name value="Behavior: Search Parameters"/><description value="These define the properties by which a RESTful server can be searched.  They can also be used for sorting and including related resources."/></grouping><grouping id="_str_profile"><name value="Structures: Resource Profiles"/><description value="These define constraints on FHIR resources for systems conforming to this implementation guide"/></grouping><grouping id="_str_extension"><name value="Structures: Extension Definitions"/><description value="These define constraints on FHIR data types for systems conforming to this implementation guide"/></grouping><grouping id="_term_valueset"><name value="Terminology: Value Sets"/><description value="These define sets of codes used by systems conforming to this implementation guide"/></grouping><grouping id="_term_codesystem"><name value="Terminology: Code Systems"/><description value="These define new code systems used by systems conforming to this implementation guide"/></grouping><grouping id="_ex_example"><name value="Example: Example Instances"/><description value="These are example instances that show what data produced and consumed by systems conforming with this implementation guide might look like"/></grouping><grouping id="_other"><name value="Other"/><description value="These are resources that are used within this implementation guide that do not fit into one of the other categories"/></grouping><resource><extension url="http://hl7.org/fhir/StructureDefinition/implementationguide-page"><valueUri value="Bundle-Bundle-FindDocumentReferences.html"/></extension><reference><reference value="Bundle/Bundle-FindDocumentReferences"/></reference><name value="Example Bundle - Bundle-FindDocumentReferences"/><exampleCanonical value="http://profiles.ihe.net/ITI/MHD/StructureDefinition/IHE.MHD.FindDocumentReferencesComprehensiveResponseMessage"/><groupingId value="_ex_example"/></resource><resource><extension url="http://hl7.org/fhir/StructureDefinition/implementationguide-page"><valueUri value="Bundle-xds.html"/></extension><reference><reference value="Bundle/xds"/></reference><groupingId value="_other"/></resource><resource><extension url="http://hl7.org/fhir/StructureDefinition/implementationguide-page"><valueUri value="DocumentReference-DocumentReference-IHE.MHD.Comprehensive.MedicationCard.html"/></extension><reference><reference value="DocumentReference/DocumentReference-IHE.MHD.Comprehensive.MedicationCard"/></reference><name value="Example DocumentReference - DocumentReference-IHE.MHD.Comprehensive.MedicationCard"/><description value="2-7-MedicationCard"/><exampleCanonical value="http://profiles.ihe.net/ITI/MHD/StructureDefinition/IHE.MHD.Comprehensive.DocumentReference"/><groupingId value="_ex_example"/></resource><resource><extension url="http://hl7.org/fhir/StructureDefinition/implementationguide-page"><valueUri value="CapabilityStatement-IHE.MHD.DocumentConsumer.html"/></extension><reference><reference value="CapabilityStatement/IHE.MHD.DocumentConsumer"/></reference><name value="Document Consumer (client)"/><description value="IHE ITI Mobile access to Health Documents (MHD) - Document Consumer (client)."/><groupingId value="_dyn_capabilitystatement"/></resource><resource><extension url="http://hl7.org/fhir/StructureDefinition/implementationguide-page"><valueUri value="CapabilityStatement-IHE.MHD.DocumentRecipient.Comprehensive.html"/></extension><reference><reference value="CapabilityStatement/IHE.MHD.DocumentRecipient.Comprehensive"/></reference><name value="Document Recipient implementing Comprehensive Option"/><description value="IHE ITI Mobile access to Health Documents (MHD) - Document Recipient - with Comprehensive declared Option."/><groupingId value="_dyn_capabilitystatement"/></resource><resource><extension url="http://hl7.org/fhir/StructureDefinition/implementationguide-page"><valueUri value="CapabilityStatement-IHE.MHD.DocumentRecipient.html"/></extension><reference><reference value="CapabilityStatement/IHE.MHD.DocumentRecipient"/></reference><name value="Document Recipient"/><description value="IHE ITI Mobile access to Health Documents (MHD) - Document Recipient - with no declared Options or all declared Options."/><groupingId value="_dyn_capabilitystatement"/></resource><resource><extension url="http://hl7.org/fhir/StructureDefinition/implementationguide-page"><valueUri value="CapabilityStatement-IHE.MHD.DocumentRecipient.UnContained.html"/></extension><reference><reference value="CapabilityStatement/IHE.MHD.DocumentRecipient.UnContained"/></reference><name value="Document Recipient implementing UnContained Option"/><description value="IHE ITI Mobile access to Health Documents (MHD) - Document Recipient - with UnContained declared Option."/><groupingId value="_dyn_capabilitystatement"/></resource><resource><extension url="http://hl7.org/fhir/StructureDefinition/implementationguide-page"><valueUri value="CapabilityStatement-IHE.MHD.DocumentResponder.html"/></extension><reference><reference value="CapabilityStatement/IHE.MHD.DocumentResponder"/></reference><name value="Document Responder (server)"/><description value="IHE ITI Mobile access to Health Documents (MHD) - Document Responder (server)."/><groupingId value="_dyn_capabilitystatement"/></resource><resource><extension url="http://hl7.org/fhir/StructureDefinition/implementationguide-page"><valueUri value="CapabilityStatement-IHE.MHD.DocumentSource.Comprehensive.html"/></extension><reference><reference value="CapabilityStatement/IHE.MHD.DocumentSource.Comprehensive"/></reference><name value="Document Source (publisher) implementing Comprehensive Option"/><description value="IHE ITI Mobile access to Health Documents (MHD) - Document Source (publisher) - with Comprehensive Option."/><groupingId value="_dyn_capabilitystatement"/></resource><resource><extension url="http://hl7.org/fhir/StructureDefinition/implementationguide-page"><valueUri value="CapabilityStatement-IHE.MHD.DocumentSource.html"/></extension><reference><reference value="CapabilityStatement/IHE.MHD.DocumentSource"/></reference><name value="Document Source (publisher)"/><description value="IHE ITI Mobile access to Health Documents (MHD) - Document Source (publisher) - with no declared Options or all declared Options."/><groupingId value="_dyn_capabilitystatement"/></resource><resource><extension url="http://hl7.org/fhir/StructureDefinition/implementationguide-page"><valueUri value="CapabilityStatement-IHE.MHD.DocumentSource.UnContained.html"/></extension><reference><reference value="CapabilityStatement/IHE.MHD.DocumentSource.UnContained"/></reference><name value="Document Source (publisher) implementing UnContained Option"/><description value="IHE ITI Mobile access to Health Documents (MHD) - Document Source (publisher) - with UnContained Option."/><groupingId value="_dyn_capabilitystatement"/></resource><resource><extension url="http://hl7.org/fhir/StructureDefinition/implementationguide-page"><valueUri value="AuditEvent-ex-auditFindDocumentLists-consumer.html"/></extension><reference><reference value="AuditEvent/ex-auditFindDocumentLists-consumer"/></reference><name value="Example AuditEvent - ex-auditFindDocumentLists-consumer"/><exampleCanonical value="http://profiles.ihe.net/ITI/MHD/StructureDefinition/IHE.MHD.FindDocumentLists.Audit.Consumer"/><groupingId value="_ex_example"/></resource><resource><extension url="http://hl7.org/fhir/StructureDefinition/implementationguide-page"><valueUri value="AuditEvent-ex-auditFindDocumentLists-responder.html"/></extension><reference><reference value="AuditEvent/ex-auditFindDocumentLists-responder"/></reference><name value="Example AuditEvent - ex-auditFindDocumentLists-responder"/><exampleCanonical value="http://profiles.ihe.net/ITI/MHD/StructureDefinition/IHE.MHD.FindDocumentLists.Audit.Responder"/><groupingId value="_ex_example"/></resource><resource><extension url="http://hl7.org/fhir/StructureDefinition/implementationguide-page"><valueUri value="AuditEvent-ex-auditFindDocumentReferences-consumer.html"/></extension><reference><reference value="AuditEvent/ex-auditFindDocumentReferences-consumer"/></reference><name value="Example AuditEvent - ex-auditFindDocumentReferences-consumer"/><exampleCanonical value="http://profiles.ihe.net/ITI/MHD/StructureDefinition/IHE.MHD.FindDocumentReferences.Audit.Consumer"/><groupingId value="_ex_example"/></resource><resource><extension url="http://hl7.org/fhir/StructureDefinition/implementationguide-page"><valueUri value="AuditEvent-ex-auditFindDocumentReferences-responder.html"/></extension><reference><reference value="AuditEvent/ex-auditFindDocumentReferences-responder"/></reference><name value="Example AuditEvent - ex-auditFindDocumentReferences-responder"/><exampleCanonical value="http://profiles.ihe.net/ITI/MHD/StructureDefinition/IHE.MHD.FindDocumentReferences.Audit.Responder"/><groupingId value="_ex_example"/></resource><resource><extension url="http://hl7.org/fhir/StructureDefinition/implementationguide-page"><valueUri value="AuditEvent-ex-auditProvideBundle-recipient.html"/></extension><reference><reference value="AuditEvent/ex-auditProvideBundle-recipient"/></reference><name value="Example AuditEvent - ex-auditProvideBundle-recipient"/><exampleCanonical value="http://profiles.ihe.net/ITI/MHD/StructureDefinition/IHE.MHD.ProvideBundle.Audit.Recipient"/><groupingId value="_ex_example"/></resource><resource><extension url="http://hl7.org/fhir/StructureDefinition/implementationguide-page"><valueUri value="AuditEvent-ex-auditProvideBundle-source.html"/></extension><reference><reference value="AuditEvent/ex-auditProvideBundle-source"/></reference><name value="Example AuditEvent - ex-auditProvideBundle-source"/><exampleCanonical value="http://profiles.ihe.net/ITI/MHD/StructureDefinition/IHE.MHD.ProvideBundle.Audit.Source"/><groupingId value="_ex_example"/></resource><resource><extension url="http://hl7.org/fhir/StructureDefinition/implementationguide-page"><valueUri value="AuditEvent-ex-auditRetrieveDocument-consumer.html"/></extension><reference><reference value="AuditEvent/ex-auditRetrieveDocument-consumer"/></reference><name value="Example AuditEvent - ex-auditRetrieveDocument-consumer"/><exampleCanonical value="http://profiles.ihe.net/ITI/MHD/StructureDefinition/IHE.MHD.RetrieveDocument.Audit.Consumer"/><groupingId value="_ex_example"/></resource><resource><extension url="http://hl7.org/fhir/StructureDefinition/implementationguide-page"><valueUri value="AuditEvent-ex-auditRetrieveDocument-responder.html"/></extension><reference><reference value="AuditEvent/ex-auditRetrieveDocument-responder"/></reference><name value="Example AuditEvent - ex-auditRetrieveDocument-responder"/><exampleCanonical value="http://profiles.ihe.net/ITI/MHD/StructureDefinition/IHE.MHD.RetrieveDocument.Audit.Responder"/><groupingId value="_ex_example"/></resource><resource><extension url="http://hl7.org/fhir/StructureDefinition/implementationguide-page"><valueUri value="Binary-ex-b-binary.html"/></extension><reference><reference value="Binary/ex-b-binary"/></reference><groupingId value="_other"/></resource><resource><extension url="http://hl7.org/fhir/StructureDefinition/implementationguide-page"><valueUri value="Bundle-ex-dummyProvideDocumentBundle.html"/></extension><reference><reference value="Bundle/ex-dummyProvideDocumentBundle"/></reference><name value="Example Bundle - ex-dummyProvideDocumentBundle"/><exampleCanonical value="http://profiles.ihe.net/ITI/MHD/StructureDefinition/IHE.MHD.Dummy.ProvideBundle"/><groupingId value="_ex_example"/></resource><resource><extension url="http://hl7.org/fhir/StructureDefinition/implementationguide-page"><valueUri value="Bundle-ex-minimalProvideDocumentBundle.html"/></extension><reference><reference value="Bundle/ex-minimalProvideDocumentBundle"/></reference><name value="Example Bundle - ex-minimalProvideDocumentBundle"/><exampleCanonical value="http://profiles.ihe.net/ITI/MHD/StructureDefinition/IHE.MHD.Minimal.Folder"/><groupingId value="_ex_example"/></resource><resource><extension url="http://hl7.org/fhir/StructureDefinition/implementationguide-page"><valueUri value="CodeSystem-MHDlistTypes.html"/></extension><reference><reference value="CodeSystem/MHDlistTypes"/></reference><name value="MHD List Types"/><description value="To use the List resource for two different use-cases we define a code-system with the types of List needed in MHD"/><groupingId value="_term_codesystem"/></resource><resource><extension url="http://hl7.org/fhir/StructureDefinition/implementationguide-page"><valueUri value="Device-ex-device.html"/></extension><reference><reference value="Device/ex-device"/></reference><groupingId value="_other"/></resource><resource><extension url="http://hl7.org/fhir/StructureDefinition/implementationguide-page"><valueUri value="DocumentReference-593cd04e-b696-45c1-bc32-39e55a340a46.html"/></extension><reference><reference value="DocumentReference/593cd04e-b696-45c1-bc32-39e55a340a46"/></reference><name value="Example DocumentReference - 593cd04e-b696-45c1-bc32-39e55a340a46"/><exampleCanonical value="http://profiles.ihe.net/ITI/MHD/StructureDefinition/IHE.MHD.Minimal.DocumentReference"/><groupingId value="_ex_example"/></resource><resource><extension url="http://hl7.org/fhir/StructureDefinition/implementationguide-page"><valueUri value="DocumentReference-593cd04e-b696-45c1-bc32-39e55a340a47.html"/></extension><reference><reference value="DocumentReference/593cd04e-b696-45c1-bc32-39e55a340a47"/></reference><groupingId value="_other"/></resource><resource><extension url="http://hl7.org/fhir/StructureDefinition/implementationguide-page"><valueUri value="DocumentReference-ex-documentreference.html"/></extension><reference><reference value="DocumentReference/ex-documentreference"/></reference><groupingId value="_other"/></resource><resource><extension url="http://hl7.org/fhir/StructureDefinition/implementationguide-page"><valueUri value="DocumentReference-ex-documentreference2.html"/></extension><reference><reference value="DocumentReference/ex-documentreference2"/></reference><groupingId value="_other"/></resource><resource><extension url="http://hl7.org/fhir/StructureDefinition/implementationguide-page"><valueUri value="DocumentReference-ex-DocumentReferenceComprehensive.html"/></extension><reference><reference value="DocumentReference/ex-DocumentReferenceComprehensive"/></reference><name value="Example DocumentReference - ex-DocumentReferenceComprehensive"/><description value="Example of a Comprehensive DocumentReference resource. This is fully filled for all mandatory elements and all optional elements."/><exampleCanonical value="http://profiles.ihe.net/ITI/MHD/StructureDefinition/IHE.MHD.Comprehensive.DocumentReference"/><groupingId value="_ex_example"/></resource><resource><extension url="http://hl7.org/fhir/StructureDefinition/implementationguide-page"><valueUri value="DocumentReference-ex-DocumentReferenceMinimal.html"/></extension><reference><reference value="DocumentReference/ex-DocumentReferenceMinimal"/></reference><name value="Example DocumentReference - ex-DocumentReferenceMinimal"/><exampleCanonical value="http://profiles.ihe.net/ITI/MHD/StructureDefinition/IHE.MHD.Minimal.DocumentReference"/><groupingId value="_ex_example"/></resource><resource><extension url="http://hl7.org/fhir/StructureDefinition/implementationguide-page"><valueUri value="DocumentReference-ex-DocumentReferenceUnContained.html"/></extension><reference><reference value="DocumentReference/ex-DocumentReferenceUnContained"/></reference><name value="Example DocumentReference - ex-DocumentReferenceUnContained"/><exampleCanonical value="http://profiles.ihe.net/ITI/MHD/StructureDefinition/IHE.MHD.UnContained.Comprehensive.DocumentReference"/><groupingId value="_ex_example"/></resource><resource><extension url="http://hl7.org/fhir/StructureDefinition/implementationguide-page"><valueUri value="DocumentReference-ex-DocumentReferenceUnContainedFully.html"/></extension><reference><reference value="DocumentReference/ex-DocumentReferenceUnContainedFully"/></reference><name value="Example DocumentReference - ex-DocumentReferenceUnContainedFully"/><description value="Example of a Comprehensive DocumentReference resource. This is minimally filled for all mandatory elements."/><exampleCanonical value="http://profiles.ihe.net/ITI/MHD/StructureDefinition/IHE.MHD.UnContained.Comprehensive.DocumentReference"/><groupingId value="_ex_example"/></resource><resource><extension url="http://hl7.org/fhir/StructureDefinition/implementationguide-page"><valueUri value="List-593cd04e-b696-45c1-bc32-39e55a340a44.html"/></extension><reference><reference value="List/593cd04e-b696-45c1-bc32-39e55a340a44"/></reference><name value="Example List - 593cd04e-b696-45c1-bc32-39e55a340a44"/><exampleCanonical value="http://profiles.ihe.net/ITI/MHD/StructureDefinition/IHE.MHD.Minimal.SubmissionSet"/><groupingId value="_ex_example"/></resource><resource><extension url="http://hl7.org/fhir/StructureDefinition/implementationguide-page"><valueUri value="List-593cd04e-b696-45c1-bc32-39e55a340a45.html"/></extension><reference><reference value="List/593cd04e-b696-45c1-bc32-39e55a340a45"/></reference><name value="Example List - 593cd04e-b696-45c1-bc32-39e55a340a45"/><exampleCanonical value="http://profiles.ihe.net/ITI/MHD/StructureDefinition/IHE.MHD.Minimal.Folder"/><groupingId value="_ex_example"/></resource><resource><extension url="http://hl7.org/fhir/StructureDefinition/implementationguide-page"><valueUri value="List-593cd04e-b696-45c1-bc32-39e55a340a48.html"/></extension><reference><reference value="List/593cd04e-b696-45c1-bc32-39e55a340a48"/></reference><groupingId value="_other"/></resource><resource><extension url="http://hl7.org/fhir/StructureDefinition/implementationguide-page"><valueUri value="List-ex-compEmailPackage.html"/></extension><reference><reference value="List/ex-compEmailPackage"/></reference><name value="Example SubmissionSet for comprehensive metadata with an intendedRecipient"/><exampleCanonical value="http://profiles.ihe.net/ITI/MHD/StructureDefinition/IHE.MHD.Comprehensive.SubmissionSet"/><groupingId value="_ex_example"/></resource><resource><extension url="http://hl7.org/fhir/StructureDefinition/implementationguide-page"><valueUri value="List-ex-compFolder.html"/></extension><reference><reference value="List/ex-compFolder"/></reference><name value="Example Folder with comprehensive metadata"/><exampleCanonical value="http://profiles.ihe.net/ITI/MHD/StructureDefinition/IHE.MHD.Comprehensive.Folder"/><groupingId value="_ex_example"/></resource><resource><extension url="http://hl7.org/fhir/StructureDefinition/implementationguide-page"><valueUri value="List-ex-compSubmissionSetFull.html"/></extension><reference><reference value="List/ex-compSubmissionSetFull"/></reference><name value="Example SubmissionSet for comprehensive metadata"/><exampleCanonical value="http://profiles.ihe.net/ITI/MHD/StructureDefinition/IHE.MHD.Minimal.SubmissionSet"/><groupingId value="_ex_example"/></resource><resource><extension url="http://hl7.org/fhir/StructureDefinition/implementationguide-page"><valueUri value="List-ex-compSubmissionSetFullUnContained.html"/></extension><reference><reference value="List/ex-compSubmissionSetFullUnContained"/></reference><name value="Example SubmissionSet for comprehensive metadata"/><exampleCanonical value="http://profiles.ihe.net/ITI/MHD/StructureDefinition/IHE.MHD.UnContained.Comprehensive.SubmissionSet"/><groupingId value="_ex_example"/></resource><resource><extension url="http://hl7.org/fhir/StructureDefinition/implementationguide-page"><valueUri value="List-ex-compSubmissionSetList.html"/></extension><reference><reference value="List/ex-compSubmissionSetList"/></reference><name value="Example SubmissionSet for comprehensive metadata"/><exampleCanonical value="http://profiles.ihe.net/ITI/MHD/StructureDefinition/IHE.MHD.Comprehensive.SubmissionSet"/><groupingId value="_ex_example"/></resource><resource><extension url="http://hl7.org/fhir/StructureDefinition/implementationguide-page"><valueUri value="List-ex-list.html"/></extension><reference><reference value="List/ex-list"/></reference><groupingId value="_other"/></resource><resource><extension url="http://hl7.org/fhir/StructureDefinition/implementationguide-page"><valueUri value="List-ex-list2.html"/></extension><reference><reference value="List/ex-list2"/></reference><groupingId value="_other"/></resource><resource><extension url="http://hl7.org/fhir/StructureDefinition/implementationguide-page"><valueUri value="List-ex-minimalFolder.html"/></extension><reference><reference value="List/ex-minimalFolder"/></reference><name value="Example List - ex-minimalFolder"/><exampleCanonical value="http://profiles.ihe.net/ITI/MHD/StructureDefinition/IHE.MHD.Minimal.Folder"/><groupingId value="_ex_example"/></resource><resource><extension url="http://hl7.org/fhir/StructureDefinition/implementationguide-page"><valueUri value="List-ex-minimalSubmissionSet.html"/></extension><reference><reference value="List/ex-minimalSubmissionSet"/></reference><name value="Example List - ex-minimalSubmissionSet"/><exampleCanonical value="http://profiles.ihe.net/ITI/MHD/StructureDefinition/IHE.MHD.Minimal.SubmissionSet"/><groupingId value="_ex_example"/></resource><resource><extension url="http://hl7.org/fhir/StructureDefinition/implementationguide-page"><valueUri value="Organization-ex-organization.html"/></extension><reference><reference value="Organization/ex-organization"/></reference><groupingId value="_other"/></resource><resource><extension url="http://hl7.org/fhir/StructureDefinition/implementationguide-page"><valueUri value="Patient-593cd04e-b696-45c1-bc32-39e55a340a49.html"/></extension><reference><reference value="Patient/593cd04e-b696-45c1-bc32-39e55a340a49"/></reference><groupingId value="_other"/></resource><resource><extension url="http://hl7.org/fhir/StructureDefinition/implementationguide-page"><valueUri value="Patient-ex-patient.html"/></extension><reference><reference value="Patient/ex-patient"/></reference><groupingId value="_other"/></resource><resource><extension url="http://hl7.org/fhir/StructureDefinition/implementationguide-page"><valueUri value="Practitioner-ex-practitioner.html"/></extension><reference><reference value="Practitioner/ex-practitioner"/></reference><groupingId value="_other"/></resource><resource><extension url="http://hl7.org/fhir/StructureDefinition/implementationguide-page"><valueUri value="SearchParameter-List-DesignationType.html"/></extension><reference><reference value="SearchParameter/List-DesignationType"/></reference><description value="This SearchParameter enables finding Lists by the designationType code in a submissionSet or folder."/><groupingId value="_dyn_searchparameter"/></resource><resource><extension url="http://hl7.org/fhir/StructureDefinition/implementationguide-page"><valueUri value="SearchParameter-List-SourceId.html"/></extension><reference><reference value="SearchParameter/List-SourceId"/></reference><description value="This SearchParameter enables finding Lists by the SourceId of a submissionSet."/><groupingId value="_dyn_searchparameter"/></resource><resource><extension url="http://hl7.org/fhir/StructureDefinition/implementationguide-page"><valueUri value="StructureDefinition-ihe-authorOrg.html"/></extension><reference><reference value="StructureDefinition/ihe-authorOrg"/></reference><name value="Author organization of the SubmissionSet"/><description value="When the author of the SubmissionSet is an Organization, this extension shall be used."/><groupingId value="_str_extension"/></resource><resource><extension url="http://hl7.org/fhir/StructureDefinition/implementationguide-page"><valueUri value="StructureDefinition-ihe-designationType.html"/></extension><reference><reference value="StructureDefinition/ihe-designationType"/></reference><name value="Clinical code of the List"/><description value="Expresses contentType of submissionSet or the codeList of a Folder. Usually expressed in LOINC or SNOMED."/><groupingId value="_str_extension"/></resource><resource><extension url="http://hl7.org/fhir/StructureDefinition/implementationguide-page"><valueUri value="StructureDefinition-ihe-intendedRecipient.html"/></extension><reference><reference value="StructureDefinition/ihe-intendedRecipient"/></reference><name value="Intended recipient of the SubmissionSet"/><description value="holds the identity of the organization or person the SubmissionSet is intended. For XDR and eMail (e.g. Direct) this tends to be a Practitioner or Patient with a telecom holding an email, but this is not strictly required."/><groupingId value="_str_extension"/></resource><resource><extension url="http://hl7.org/fhir/StructureDefinition/implementationguide-page"><valueUri value="StructureDefinition-ihe-sourceId.html"/></extension><reference><reference value="StructureDefinition/ihe-sourceId"/></reference><name value="Publisher organization identity of the SubmissionSet"/><description value="The globally unique, immutable, identifier of the entity that contributed the SubmissionSet. When a broker is involved in sending SubmissionSets from a collection of client systems, it shall use a different sourceId for submissions from each separate system to allow for tracking. The format of the identifier is an OID."/><groupingId value="_str_extension"/></resource><resource><extension url="http://hl7.org/fhir/StructureDefinition/implementationguide-page"><valueUri value="StructureDefinition-IHE.MHD.Comprehensive.DocumentReference.html"/></extension><reference><reference value="StructureDefinition/IHE.MHD.Comprehensive.DocumentReference"/></reference><name value="MHD DocumentReference Comprehensive"/><description value="A profile on the DocumentReference resource for MHD Comprehensive Contained (not UnContained), compatible with XDS-on-FHIR and XCA use.&#xD;&#xA;* MHD is based on the [IHE Document Sharing](https://profiles.ihe.net/ITI/HIE-Whitepaper/index.html) model, &#xD;&#xA;* the [3:4.1 Abstract Metadata Model](https://profiles.ihe.net/ITI/TF/Volume3/ch-4.1.html#4.1), and &#xD;&#xA;* the use defined here is FHIR DocumentReference implementation of the &#xD;&#xA;* ebRIM implementation at [3:4.2.3.2 Document Entry](https://profiles.ihe.net/ITI/TF/Volume3/ch-4.2.html#4.2.3.2).&#xD;&#xA;* with use-cases and constraints found in [3:4.3 Additional Document Sharing Requirements](https://profiles.ihe.net/ITI/TF/Volume3/ch-4.3.html#4.3)"/><groupingId value="_str_profile"/></resource><resource><extension url="http://hl7.org/fhir/StructureDefinition/implementationguide-page"><valueUri value="StructureDefinition-IHE.MHD.Comprehensive.Folder.html"/></extension><reference><reference value="StructureDefinition/IHE.MHD.Comprehensive.Folder"/></reference><name value="MHD Folder Comprehensive"/><description value="A profile on the List resource for MHD Comprehensive Metadata Folder. Note UnContained has no impact on Folder.&#xD;&#xA;* MHD is based on the [IHE Document Sharing](https://profiles.ihe.net/ITI/HIE-Whitepaper/index.html) model, &#xD;&#xA;* the [3:4.1 Abstract Metadata Model](https://profiles.ihe.net/ITI/TF/Volume3/ch-4.1.html#4.1), and &#xD;&#xA;* the use defined here is FHIR List for use as a Folder implementation of the &#xD;&#xA;* ebRIM implementation at [3:4.2.3.4 Folder Attributes](https://profiles.ihe.net/ITI/TF/Volume3/ch-4.2.html#4.2.3.4).&#xD;&#xA;* with use-cases and constraints found in [3:4.3 Additional Document Sharing Requirements](https://profiles.ihe.net/ITI/TF/Volume3/ch-4.3.html#4.3)"/><groupingId value="_str_profile"/></resource><resource><extension url="http://hl7.org/fhir/StructureDefinition/implementationguide-page"><valueUri value="StructureDefinition-IHE.MHD.Comprehensive.ProvideBundle.html"/></extension><reference><reference value="StructureDefinition/IHE.MHD.Comprehensive.ProvideBundle"/></reference><name value="MHD Comprehensive Provide Document Bundle"/><description value="A profile on the Bundle transaction for Provide Document resources with Comprehensive Metadata for MHD.&#xD;&#xA;* this is otherwise known as XDS-on-FHIR&#xD;&#xA;* all resources must be Comprehensive &#xD;&#xA;* shall be a Bundle&#xD;&#xA;* shall be a Transaction&#xD;&#xA;* each bundle entry request shall be a POST (create)&#xD;&#xA;* shall have a SubmissionSet&#xD;&#xA;* may have one or more DocumentReference&#xD;&#xA;* may have one or more Binary&#xD;&#xA;* may have one or more Folder&#xD;&#xA;* may have one Patient"/><groupingId value="_str_profile"/></resource><resource><extension url="http://hl7.org/fhir/StructureDefinition/implementationguide-page"><valueUri value="StructureDefinition-IHE.MHD.Comprehensive.SubmissionSet.html"/></extension><reference><reference value="StructureDefinition/IHE.MHD.Comprehensive.SubmissionSet"/></reference><name value="MHD SubmissionSet Comprehensive"/><description value="A profile on the List resource for MHD Comprehensive SubmissionSet.&#xD;&#xA;* MHD is based on the [IHE Document Sharing](https://profiles.ihe.net/ITI/HIE-Whitepaper/index.html) model, &#xD;&#xA;* the [3:4.1 Abstract Metadata Model](https://profiles.ihe.net/ITI/TF/Volume3/ch-4.1.html#4.1), and &#xD;&#xA;* the use defined here is FHIR List for use as a SubmissionSet implementation of the &#xD;&#xA;* ebRIM implementation at [3:4.2.3.3 SubmissionSet Attributes](https://profiles.ihe.net/ITI/TF/Volume3/ch-4.2.html#4.2.3.3).&#xD;&#xA;* with use-cases and constraints found in [3:4.3 Additional Document Sharing Requirements](https://profiles.ihe.net/ITI/TF/Volume3/ch-4.3.html#4.3)"/><groupingId value="_str_profile"/></resource><resource><extension url="http://hl7.org/fhir/StructureDefinition/implementationguide-page"><valueUri value="StructureDefinition-IHE.MHD.Dummy.ProvideBundle.html"/></extension><reference><reference value="StructureDefinition/IHE.MHD.Dummy.ProvideBundle"/></reference><name value="MHD Dummy Provide Document Bundle"/><description value="A profile on the Bundle transaction for Provide Document resources with Dummy metadata for MHD.&#xD;&#xA;* all resources are just core FHIR resources&#xD;&#xA;* shall be a Bundle&#xD;&#xA;* shall be a Transaction&#xD;&#xA;* shall have one or more List resources&#xD;&#xA;* may have one or more DocumentReference&#xD;&#xA;* may have one or more Binary&#xD;&#xA;* may have one or more Patient&#xD;&#xA;* can not have anything else (closed)"/><groupingId value="_str_profile"/></resource><resource><extension url="http://hl7.org/fhir/StructureDefinition/implementationguide-page"><valueUri value="StructureDefinition-IHE.MHD.FindDocumentLists.Audit.Consumer.html"/></extension><reference><reference value="StructureDefinition/IHE.MHD.FindDocumentLists.Audit.Consumer"/></reference><name value="Audit Event for Find Document Lists Transaction by the Document Consumer"/><description value="Defines constraints on the AuditEvent Resource to record when a Find Document Lists Transaction happens, as recorded by the Document Consumer.&#xD;&#xA;* Query event&#xD;&#xA;* shall have the source as itself&#xD;&#xA;* shall have a document consumer agent&#xD;&#xA;* shall have a document responder agent&#xD;&#xA;* may have user, app, organization agent(s)&#xD;&#xA;* shall have a patient entity&#xD;&#xA;* shall have a the query parameters"/><groupingId value="_str_profile"/></resource><resource><extension url="http://hl7.org/fhir/StructureDefinition/implementationguide-page"><valueUri value="StructureDefinition-IHE.MHD.FindDocumentLists.Audit.Responder.html"/></extension><reference><reference value="StructureDefinition/IHE.MHD.FindDocumentLists.Audit.Responder"/></reference><name value="Audit Event for Find Document Lists Transaction at Document Responder"/><description value="Defines constraints on the AuditEvent Resource to record when a Find Document Lists Transaction happens, as recorded by the Document Responder.&#xD;&#xA;* Query event&#xD;&#xA;* shall have the source as itself&#xD;&#xA;* shall have a document consumer agent&#xD;&#xA;* shall have a document responder agent&#xD;&#xA;* may have user, app, organization agent(s)&#xD;&#xA;* shall have a patient entity&#xD;&#xA;* shall have a the query parameters"/><groupingId value="_str_profile"/></resource><resource><extension url="http://hl7.org/fhir/StructureDefinition/implementationguide-page"><valueUri value="StructureDefinition-IHE.MHD.FindDocumentReferences.Audit.Consumer.html"/></extension><reference><reference value="StructureDefinition/IHE.MHD.FindDocumentReferences.Audit.Consumer"/></reference><name value="Audit Event for Find Document References Transaction at Document Consumer"/><description value="Defines constraints on the AuditEvent Resource to record when a Find Document References Transaction happens, as recorded by the Document Consumer.&#xD;&#xA;* Query event&#xD;&#xA;* shall have the source as itself&#xD;&#xA;* shall have a document consumer agent&#xD;&#xA;* shall have a document responder agent&#xD;&#xA;* may have user, app, organization agent(s)&#xD;&#xA;* shall have a patient entity&#xD;&#xA;* shall have a the query parameters"/><groupingId value="_str_profile"/></resource><resource><extension url="http://hl7.org/fhir/StructureDefinition/implementationguide-page"><valueUri value="StructureDefinition-IHE.MHD.FindDocumentReferences.Audit.Responder.html"/></extension><reference><reference value="StructureDefinition/IHE.MHD.FindDocumentReferences.Audit.Responder"/></reference><name value="Audit Event for Find Document References Transaction at Document Responder"/><description value="Defines constraints on the AuditEvent Resource to record when a Find Document References Transaction happens, as recorded by the Document Responder.&#xD;&#xA;* Query event&#xD;&#xA;* shall have the source as itself&#xD;&#xA;* shall have a document consumer agent&#xD;&#xA;* shall have a document responder agent&#xD;&#xA;* may have user, app, organization agent(s)&#xD;&#xA;* shall have a patient entity&#xD;&#xA;* shall have a the query parameters"/><groupingId value="_str_profile"/></resource><resource><extension url="http://hl7.org/fhir/StructureDefinition/implementationguide-page"><valueUri value="StructureDefinition-IHE.MHD.FindDocumentReferencesComprehensiveResponseMessage.html"/></extension><reference><reference value="StructureDefinition/IHE.MHD.FindDocumentReferencesComprehensiveResponseMessage"/></reference><name value="MHD Find Document References Comprehensive Response message"/><description value="A profile on the Find Document References Comprehensive Response message for ITI-68"/><groupingId value="_str_profile"/></resource><resource><extension url="http://hl7.org/fhir/StructureDefinition/implementationguide-page"><valueUri value="StructureDefinition-IHE.MHD.FindDocumentReferencesResponseMessage.html"/></extension><reference><reference value="StructureDefinition/IHE.MHD.FindDocumentReferencesResponseMessage"/></reference><name value="MHD Find Document References Response message"/><description value="A profile on the Find Document References Response message for ITI-68"/><groupingId value="_str_profile"/></resource><resource><extension url="http://hl7.org/fhir/StructureDefinition/implementationguide-page"><valueUri value="StructureDefinition-IHE.MHD.List.html"/></extension><reference><reference value="StructureDefinition/IHE.MHD.List"/></reference><name value="MHD common List with designationType"/><description value="A profile on the List resource for MHD. Used with both Folder and SubmissionSet.&#xD;&#xA;* MHD adds a codeable Concept to List for use with Folder and SubmissionSet"/><groupingId value="_str_profile"/></resource><resource><extension url="http://hl7.org/fhir/StructureDefinition/implementationguide-page"><valueUri value="StructureDefinition-IHE.MHD.Minimal.DocumentReference.html"/></extension><reference><reference value="StructureDefinition/IHE.MHD.Minimal.DocumentReference"/></reference><name value="MHD DocumentReference Minimal"/><description value="A profile on the DocumentReference resource for MHD with minimal metadata constraints. &#xD;&#xA;* MHD is based on the [IHE Document Sharing](https://profiles.ihe.net/ITI/HIE-Whitepaper/index.html) model, &#xD;&#xA;* the [3:4.1 Abstract Metadata Model](https://profiles.ihe.net/ITI/TF/Volume3/ch-4.1.html#4.1), and &#xD;&#xA;* the use defined here is FHIR DocumentReference implementation of the &#xD;&#xA;* ebRIM implementation at [3:4.2.3.2 Document Entry](https://profiles.ihe.net/ITI/TF/Volume3/ch-4.2.html#4.2.3.2).&#xD;&#xA;* with use-cases and constraints found in [3:4.3 Additional Document Sharing Requirements](https://profiles.ihe.net/ITI/TF/Volume3/ch-4.3.html#4.3)"/><groupingId value="_str_profile"/></resource><resource><extension url="http://hl7.org/fhir/StructureDefinition/implementationguide-page"><valueUri value="StructureDefinition-IHE.MHD.Minimal.Folder.html"/></extension><reference><reference value="StructureDefinition/IHE.MHD.Minimal.Folder"/></reference><name value="MHD Folder Minimal"/><description value="A profile on the List resource for MHD use as a Folder with minimal metadata constraints. &#xD;&#xA;* MHD is based on the [IHE Document Sharing](https://profiles.ihe.net/ITI/HIE-Whitepaper/index.html) model, &#xD;&#xA;* the [3:4.1 Abstract Metadata Model](https://profiles.ihe.net/ITI/TF/Volume3/ch-4.1.html#4.1), and &#xD;&#xA;* the use defined here is FHIR List for use as a Folder implementation of the &#xD;&#xA;* ebRIM implementation at [3:4.2.3.4 Folder Attributes](https://profiles.ihe.net/ITI/TF/Volume3/ch-4.2.html#4.2.3.4).&#xD;&#xA;* with use-cases and constraints found in [3:4.3 Additional Document Sharing Requirements](https://profiles.ihe.net/ITI/TF/Volume3/ch-4.3.html#4.3)"/><groupingId value="_str_profile"/></resource><resource><extension url="http://hl7.org/fhir/StructureDefinition/implementationguide-page"><valueUri value="StructureDefinition-IHE.MHD.Minimal.ProvideBundle.html"/></extension><reference><reference value="StructureDefinition/IHE.MHD.Minimal.ProvideBundle"/></reference><name value="MHD Minimal Provide Document Bundle"/><description value="A profile on the Bundle transaction for Provide Document resources with Minimal metadata for MHD.&#xD;&#xA;* all resources may be marked minimal, comprehensive, or unContained&#xD;&#xA;* shall be a Bundle&#xD;&#xA;* shall be a Transaction&#xD;&#xA;* each bundle entry request shall be a POST (create)&#xD;&#xA;* shall have a SubmissionSet&#xD;&#xA;* may have one or more DocumentReference&#xD;&#xA;* may have one or more Binary&#xD;&#xA;* may have one or more Folder&#xD;&#xA;* may have one Patient"/><groupingId value="_str_profile"/></resource><resource><extension url="http://hl7.org/fhir/StructureDefinition/implementationguide-page"><valueUri value="StructureDefinition-IHE.MHD.Minimal.SubmissionSet.html"/></extension><reference><reference value="StructureDefinition/IHE.MHD.Minimal.SubmissionSet"/></reference><name value="MHD SubmissionSet Minimal"/><description value="A profile on the List resource for MHD SubmissionSet.&#xD;&#xA;* MHD is based on the [IHE Document Sharing](https://profiles.ihe.net/ITI/HIE-Whitepaper/index.html) model, &#xD;&#xA;* the [3:4.1 Abstract Metadata Model](https://profiles.ihe.net/ITI/TF/Volume3/ch-4.1.html#4.1), and &#xD;&#xA;* the use defined here is FHIR List for use as a SubmissionSet implementation of the &#xD;&#xA;* ebRIM implementation at [3:4.2.3.3 SubmissionSet Attributes](https://profiles.ihe.net/ITI/TF/Volume3/ch-4.2.html#4.2.3.3).&#xD;&#xA;* with use-cases and constraints found in [3:4.3 Additional Document Sharing Requirements](https://profiles.ihe.net/ITI/TF/Volume3/ch-4.3.html#4.3)"/><groupingId value="_str_profile"/></resource><resource><extension url="http://hl7.org/fhir/StructureDefinition/implementationguide-page"><valueUri value="StructureDefinition-IHE.MHD.ProvideBundle.Audit.Recipient.html"/></extension><reference><reference value="StructureDefinition/IHE.MHD.ProvideBundle.Audit.Recipient"/></reference><name value="Audit Event for Provide Bundle Transaction at Recipient"/><description value="Defines constraints on the AuditEvent Resource to record when a Provide Bundle Transaction happens at the Recipient.&#xD;&#xA;* Import event&#xD;&#xA;* shall have source of itself&#xD;&#xA;* shall have a document source agent&#xD;&#xA;* shall have a document recipient agent&#xD;&#xA;* may have user, app, organization agent(s)&#xD;&#xA;* shall have a patient entity&#xD;&#xA;* shall have a submission set identity entity"/><groupingId value="_str_profile"/></resource><resource><extension url="http://hl7.org/fhir/StructureDefinition/implementationguide-page"><valueUri value="StructureDefinition-IHE.MHD.ProvideBundle.Audit.Source.html"/></extension><reference><reference value="StructureDefinition/IHE.MHD.ProvideBundle.Audit.Source"/></reference><name value="Audit Event for Provide Bundle Transaction at Source"/><description value="Defines constraints on the AuditEvent Resource to record when a Provide Bundle Transaction happens at the Source.&#xD;&#xA;* Import event&#xD;&#xA;* shall have source of itself&#xD;&#xA;* shall have a document source agent&#xD;&#xA;* shall have a document recipient agent&#xD;&#xA;* may have user, app, organization agent(s)&#xD;&#xA;* shall have a patient entity&#xD;&#xA;* shall have a submission set identity entity"/><groupingId value="_str_profile"/></resource><resource><extension url="http://hl7.org/fhir/StructureDefinition/implementationguide-page"><valueUri value="StructureDefinition-IHE.MHD.RetrieveDocument.Audit.Consumer.html"/></extension><reference><reference value="StructureDefinition/IHE.MHD.RetrieveDocument.Audit.Consumer"/></reference><name value="Audit Event for Retrieve Document Transaction at Document Consumer"/><description value="Defines constraints on the Document Consumer AuditEvent Resource to record when a Retrieve Document Transaction happens, as recorded by the Document Consumer.&#xD;&#xA;* Import event&#xD;&#xA;* shall have the source as itself&#xD;&#xA;* shall have a document consumer agent&#xD;&#xA;* shall have a document responder agent&#xD;&#xA;* may have user, app, organization agent(s)&#xD;&#xA;* shall have a patient entity&#xD;&#xA;* shall have a document uniqueId (usually a Binary)"/><groupingId value="_str_profile"/></resource><resource><extension url="http://hl7.org/fhir/StructureDefinition/implementationguide-page"><valueUri value="StructureDefinition-IHE.MHD.RetrieveDocument.Audit.Responder.html"/></extension><reference><reference value="StructureDefinition/IHE.MHD.RetrieveDocument.Audit.Responder"/></reference><name value="Audit Event for Retrieve Document Transaction at the Document Responder"/><description value="Defines constraints on the Document Responder AuditEvent Resource to record when a Retrieve Document Transaction happens, as recorded by the Document Responder.&#xD;&#xA;* Export event&#xD;&#xA;* shall have the source as itself&#xD;&#xA;* shall have a document consumer agent&#xD;&#xA;* shall have a document responder agent&#xD;&#xA;* may have user, app, organization agent(s)&#xD;&#xA;* shall have a patient entity&#xD;&#xA;* shall have a document uniqueId (usually a Binary)"/><groupingId value="_str_profile"/></resource><resource><extension url="http://hl7.org/fhir/StructureDefinition/implementationguide-page"><valueUri value="StructureDefinition-IHE.MHD.UnContained.Comprehensive.DocumentReference.html"/></extension><reference><reference value="StructureDefinition/IHE.MHD.UnContained.Comprehensive.DocumentReference"/></reference><name value="MHD DocumentReference Comprehensive UnContained"/><description value="A profile on the DocumentReference resource for MHD with Comprehensive metadata but without a requirement for contained author, authenticator, or sourcePatientInfo. &#xD;&#xA;* MHD is based on the [IHE Document Sharing](https://profiles.ihe.net/ITI/HIE-Whitepaper/index.html) model, &#xD;&#xA;* the [3:4.1 Abstract Metadata Model](https://profiles.ihe.net/ITI/TF/Volume3/ch-4.1.html#4.1), and &#xD;&#xA;* the use defined here is FHIR DocumentReference implementation of the &#xD;&#xA;* ebRIM implementation at [3:4.2.3.2 Document Entry](https://profiles.ihe.net/ITI/TF/Volume3/ch-4.2.html#4.2.3.2).&#xD;&#xA;* with use-cases and constraints found in [3:4.3 Additional Document Sharing Requirements](https://profiles.ihe.net/ITI/TF/Volume3/ch-4.3.html#4.3)"/><groupingId value="_str_profile"/></resource><resource><extension url="http://hl7.org/fhir/StructureDefinition/implementationguide-page"><valueUri value="StructureDefinition-IHE.MHD.UnContained.Comprehensive.ProvideBundle.html"/></extension><reference><reference value="StructureDefinition/IHE.MHD.UnContained.Comprehensive.ProvideBundle"/></reference><name value="MHD UnContained Comprehensive Provide Document Bundle"/><description value="A profile on the Bundle transaction for Provide Document resources with UnContained allowed but requiring Comprehensive Metadata for MHD.&#xD;&#xA;* all resources must be Comprehensive other than the Containment requirement&#xD;&#xA;* shall be a Bundle&#xD;&#xA;* shall be a Transaction&#xD;&#xA;* each bundle entry request shall be a POST (create)&#xD;&#xA;* shall have a SubmissionSet&#xD;&#xA;* may have one or more DocumentReference&#xD;&#xA;* may have one or more Binary&#xD;&#xA;* may have one or more Folder&#xD;&#xA;* may have one Patient"/><groupingId value="_str_profile"/></resource><resource><extension url="http://hl7.org/fhir/StructureDefinition/implementationguide-page"><valueUri value="StructureDefinition-IHE.MHD.UnContained.Comprehensive.SubmissionSet.html"/></extension><reference><reference value="StructureDefinition/IHE.MHD.UnContained.Comprehensive.SubmissionSet"/></reference><name value="MHD SubmissionSet Comprehensive UnContained"/><description value="A profile on the List resource for MHD UnContained Comprehensive SubmissionSet.&#xD;&#xA;* MHD is based on the [IHE Document Sharing](https://profiles.ihe.net/ITI/HIE-Whitepaper/index.html) model, &#xD;&#xA;* the [3:4.1 Abstract Metadata Model](https://profiles.ihe.net/ITI/TF/Volume3/ch-4.1.html#4.1), and &#xD;&#xA;* the use defined here is FHIR List for use as a SubmissionSet implementation of the &#xD;&#xA;* ebRIM implementation at [3:4.2.3.3 SubmissionSet Attributes](https://profiles.ihe.net/ITI/TF/Volume3/ch-4.2.html#4.2.3.3).&#xD;&#xA;* with use-cases and constraints found in [3:4.3 Additional Document Sharing Requirements](https://profiles.ihe.net/ITI/TF/Volume3/ch-4.3.html#4.3)"/><groupingId value="_str_profile"/></resource><resource><extension url="http://hl7.org/fhir/StructureDefinition/implementationguide-page"><valueUri value="ValueSet-MHDlistTypesVS.html"/></extension><reference><reference value="ValueSet/MHDlistTypesVS"/></reference><groupingId value="_term_valueset"/></resource><page><nameUrl value="toc.html"/><title value="Table of Contents"/><generation value="html"/><page><nameUrl value="index.html"/><title value="MHD Home Page"/><generation value="markdown"/></page><page><nameUrl value="1_overview.html"/><title value="Overview"/><generation value="markdown"/></page><page><nameUrl value="2_actors_and_transactions.html"/><title value="Actors and Transactions"/><generation value="markdown"/></page><page><nameUrl value="3_security_considerations.html"/><title value="Security Considerations"/><generation value="markdown"/></page><page><nameUrl value="4_grouping.html"/><title value="MHD Cross Profile Considerations"/><generation value="markdown"/></page><page><nameUrl value="a_issues.html"/><title value="Issues"/><generation value="markdown"/></page><page><nameUrl value="appendix_e.html"/><title value="Appendix E"/><generation value="markdown"/></page><page><nameUrl value="appendix_z.html"/><title value="Appendix Z"/><generation value="markdown"/></page><page><nameUrl value="metadata_maps.html"/><title value="Metadata Maps"/><generation value="markdown"/></page><page><nameUrl value="testplan.html"/><title value="Test Plan"/><generation value="markdown"/></page><page><nameUrl value="ITI-65.html"/><title value="Provide Document Bundle [ITI-65]"/><generation value="markdown"/></page><page><nameUrl value="ITI-66.html"/><title value="Find Document Lists [ITI-66]"/><generation value="markdown"/></page><page><nameUrl value="ITI-67.html"/><title value="Find Document References [ITI-67]"/><generation value="markdown"/></page><page><nameUrl value="ITI-68.html"/><title value="Retrieve Document [ITI-68]"/><generation value="markdown"/></page><page><nameUrl value="artifacts.html"/><title value="Artifacts Summary"/><generation value="html"/><page><nameUrl value="CapabilityStatement-IHE.MHD.DocumentConsumer.html"/><title value="Document Consumer (client)"/><generation value="generated"/></page><page><nameUrl value="CapabilityStatement-IHE.MHD.DocumentRecipient.Comprehensive.html"/><title value="Document Recipient implementing Comprehensive Option"/><generation value="generated"/></page><page><nameUrl value="CapabilityStatement-IHE.MHD.DocumentRecipient.html"/><title value="Document Recipient"/><generation value="generated"/></page><page><nameUrl value="CapabilityStatement-IHE.MHD.DocumentRecipient.UnContained.html"/><title value="Document Recipient implementing UnContained Option"/><generation value="generated"/></page><page><nameUrl value="CapabilityStatement-IHE.MHD.DocumentResponder.html"/><title value="Document Responder (server)"/><generation value="generated"/></page><page><nameUrl value="CapabilityStatement-IHE.MHD.DocumentSource.Comprehensive.html"/><title value="Document Source (publisher) implementing Comprehensive Option"/><generation value="generated"/></page><page><nameUrl value="CapabilityStatement-IHE.MHD.DocumentSource.html"/><title value="Document Source (publisher)"/><generation value="generated"/></page><page><nameUrl value="CapabilityStatement-IHE.MHD.DocumentSource.UnContained.html"/><title value="Document Source (publisher) implementing UnContained Option"/><generation value="generated"/></page><page><nameUrl value="SearchParameter-List-DesignationType.html"/><generation value="generated"/></page><page><nameUrl value="SearchParameter-List-SourceId.html"/><generation value="generated"/></page><page><nameUrl value="StructureDefinition-IHE.MHD.Comprehensive.DocumentReference.html"/><title value="MHD DocumentReference Comprehensive"/><generation value="generated"/></page><page><nameUrl value="StructureDefinition-IHE.MHD.Comprehensive.Folder.html"/><title value="MHD Folder Comprehensive"/><generation value="generated"/></page><page><nameUrl value="StructureDefinition-IHE.MHD.Comprehensive.ProvideBundle.html"/><title value="MHD Comprehensive Provide Document Bundle"/><generation value="generated"/></page><page><nameUrl value="StructureDefinition-IHE.MHD.Comprehensive.SubmissionSet.html"/><title value="MHD SubmissionSet Comprehensive"/><generation value="generated"/></page><page><nameUrl value="StructureDefinition-IHE.MHD.Dummy.ProvideBundle.html"/><title value="MHD Dummy Provide Document Bundle"/><generation value="generated"/></page><page><nameUrl value="StructureDefinition-IHE.MHD.FindDocumentLists.Audit.Consumer.html"/><title value="Audit Event for Find Document Lists Transaction by the Document Consumer"/><generation value="generated"/></page><page><nameUrl value="StructureDefinition-IHE.MHD.FindDocumentLists.Audit.Responder.html"/><title value="Audit Event for Find Document Lists Transaction at Document Responder"/><generation value="generated"/></page><page><nameUrl value="StructureDefinition-IHE.MHD.FindDocumentReferences.Audit.Consumer.html"/><title value="Audit Event for Find Document References Transaction at Document Consumer"/><generation value="generated"/></page><page><nameUrl value="StructureDefinition-IHE.MHD.FindDocumentReferences.Audit.Responder.html"/><title value="Audit Event for Find Document References Transaction at Document Responder"/><generation value="generated"/></page><page><nameUrl value="StructureDefinition-IHE.MHD.FindDocumentReferencesComprehensiveResponseMessage.html"/><title value="MHD Find Document References Comprehensive Response message"/><generation value="generated"/></page><page><nameUrl value="StructureDefinition-IHE.MHD.FindDocumentReferencesResponseMessage.html"/><title value="MHD Find Document References Response message"/><generation value="generated"/></page><page><nameUrl value="StructureDefinition-IHE.MHD.List.html"/><title value="MHD common List with designationType"/><generation value="generated"/></page><page><nameUrl value="StructureDefinition-IHE.MHD.Minimal.DocumentReference.html"/><title value="MHD DocumentReference Minimal"/><generation value="generated"/></page><page><nameUrl value="StructureDefinition-IHE.MHD.Minimal.Folder.html"/><title value="MHD Folder Minimal"/><generation value="generated"/></page><page><nameUrl value="StructureDefinition-IHE.MHD.Minimal.ProvideBundle.html"/><title value="MHD Minimal Provide Document Bundle"/><generation value="generated"/></page><page><nameUrl value="StructureDefinition-IHE.MHD.Minimal.SubmissionSet.html"/><title value="MHD SubmissionSet Minimal"/><generation value="generated"/></page><page><nameUrl value="StructureDefinition-IHE.MHD.ProvideBundle.Audit.Recipient.html"/><title value="Audit Event for Provide Bundle Transaction at Recipient"/><generation value="generated"/></page><page><nameUrl value="StructureDefinition-IHE.MHD.ProvideBundle.Audit.Source.html"/><title value="Audit Event for Provide Bundle Transaction at Source"/><generation value="generated"/></page><page><nameUrl value="StructureDefinition-IHE.MHD.RetrieveDocument.Audit.Consumer.html"/><title value="Audit Event for Retrieve Document Transaction at Document Consumer"/><generation value="generated"/></page><page><nameUrl value="StructureDefinition-IHE.MHD.RetrieveDocument.Audit.Responder.html"/><title value="Audit Event for Retrieve Document Transaction at the Document Responder"/><generation value="generated"/></page><page><nameUrl value="StructureDefinition-IHE.MHD.UnContained.Comprehensive.DocumentReference.html"/><title value="MHD DocumentReference Comprehensive UnContained"/><generation value="generated"/></page><page><nameUrl value="StructureDefinition-IHE.MHD.UnContained.Comprehensive.ProvideBundle.html"/><title value="MHD UnContained Comprehensive Provide Document Bundle"/><generation value="generated"/></page><page><nameUrl value="StructureDefinition-IHE.MHD.UnContained.Comprehensive.SubmissionSet.html"/><title value="MHD SubmissionSet Comprehensive UnContained"/><generation value="generated"/></page><page><nameUrl value="StructureDefinition-ihe-authorOrg.html"/><title value="Author organization of the SubmissionSet"/><generation value="generated"/></page><page><nameUrl value="StructureDefinition-ihe-designationType.html"/><title value="Clinical code of the List"/><generation value="generated"/></page><page><nameUrl value="StructureDefinition-ihe-intendedRecipient.html"/><title value="Intended recipient of the SubmissionSet"/><generation value="generated"/></page><page><nameUrl value="StructureDefinition-ihe-sourceId.html"/><title value="Publisher organization identity of the SubmissionSet"/><generation value="generated"/></page><page><nameUrl value="ValueSet-MHDlistTypesVS.html"/><generation value="generated"/></page><page><nameUrl value="CodeSystem-MHDlistTypes.html"/><title value="MHD List Types"/><generation value="generated"/></page><page><nameUrl value="Bundle-Bundle-FindDocumentReferences.html"/><title value="Example Bundle - Bundle-FindDocumentReferences"/><generation value="generated"/></page><page><nameUrl value="DocumentReference-DocumentReference-IHE.MHD.Comprehensive.MedicationCard.html"/><title value="Example DocumentReference - DocumentReference-IHE.MHD.Comprehensive.MedicationCard"/><generation value="generated"/></page><page><nameUrl value="AuditEvent-ex-auditFindDocumentLists-consumer.html"/><title value="Example AuditEvent - ex-auditFindDocumentLists-consumer"/><generation value="generated"/></page><page><nameUrl value="AuditEvent-ex-auditFindDocumentLists-responder.html"/><title value="Example AuditEvent - ex-auditFindDocumentLists-responder"/><generation value="generated"/></page><page><nameUrl value="AuditEvent-ex-auditFindDocumentReferences-consumer.html"/><title value="Example AuditEvent - ex-auditFindDocumentReferences-consumer"/><generation value="generated"/></page><page><nameUrl value="AuditEvent-ex-auditFindDocumentReferences-responder.html"/><title value="Example AuditEvent - ex-auditFindDocumentReferences-responder"/><generation value="generated"/></page><page><nameUrl value="AuditEvent-ex-auditProvideBundle-recipient.html"/><title value="Example AuditEvent - ex-auditProvideBundle-recipient"/><generation value="generated"/></page><page><nameUrl value="AuditEvent-ex-auditProvideBundle-source.html"/><title value="Example AuditEvent - ex-auditProvideBundle-source"/><generation value="generated"/></page><page><nameUrl value="AuditEvent-ex-auditRetrieveDocument-consumer.html"/><title value="Example AuditEvent - ex-auditRetrieveDocument-consumer"/><generation value="generated"/></page><page><nameUrl value="AuditEvent-ex-auditRetrieveDocument-responder.html"/><title value="Example AuditEvent - ex-auditRetrieveDocument-responder"/><generation value="generated"/></page><page><nameUrl value="Bundle-ex-dummyProvideDocumentBundle.html"/><title value="Example Bundle - ex-dummyProvideDocumentBundle"/><generation value="generated"/></page><page><nameUrl value="Bundle-ex-minimalProvideDocumentBundle.html"/><title value="Example Bundle - ex-minimalProvideDocumentBundle"/><generation value="generated"/></page><page><nameUrl value="DocumentReference-593cd04e-b696-45c1-bc32-39e55a340a46.html"/><title value="Example DocumentReference - 593cd04e-b696-45c1-bc32-39e55a340a46"/><generation value="generated"/></page><page><nameUrl value="DocumentReference-ex-DocumentReferenceComprehensive.html"/><title value="Example DocumentReference - ex-DocumentReferenceComprehensive"/><generation value="generated"/></page><page><nameUrl value="DocumentReference-ex-DocumentReferenceMinimal.html"/><title value="Example DocumentReference - ex-DocumentReferenceMinimal"/><generation value="generated"/></page><page><nameUrl value="DocumentReference-ex-DocumentReferenceUnContained.html"/><title value="Example DocumentReference - ex-DocumentReferenceUnContained"/><generation value="generated"/></page><page><nameUrl value="DocumentReference-ex-DocumentReferenceUnContainedFully.html"/><title value="Example DocumentReference - ex-DocumentReferenceUnContainedFully"/><generation value="generated"/></page><page><nameUrl value="List-593cd04e-b696-45c1-bc32-39e55a340a44.html"/><title value="Example List - 593cd04e-b696-45c1-bc32-39e55a340a44"/><generation value="generated"/></page><page><nameUrl value="List-593cd04e-b696-45c1-bc32-39e55a340a45.html"/><title value="Example List - 593cd04e-b696-45c1-bc32-39e55a340a45"/><generation value="generated"/></page><page><nameUrl value="List-ex-compEmailPackage.html"/><title value="Example SubmissionSet for comprehensive metadata with an intendedRecipient"/><generation value="generated"/></page><page><nameUrl value="List-ex-compFolder.html"/><title value="Example Folder with comprehensive metadata"/><generation value="generated"/></page><page><nameUrl value="List-ex-compSubmissionSetFull.html"/><title value="Example SubmissionSet for comprehensive metadata"/><generation value="generated"/></page><page><nameUrl value="List-ex-compSubmissionSetFullUnContained.html"/><title value="Example SubmissionSet for comprehensive metadata"/><generation value="generated"/></page><page><nameUrl value="List-ex-compSubmissionSetList.html"/><title value="Example SubmissionSet for comprehensive metadata"/><generation value="generated"/></page><page><nameUrl value="List-ex-minimalFolder.html"/><title value="Example List - ex-minimalFolder"/><generation value="generated"/></page><page><nameUrl value="List-ex-minimalSubmissionSet.html"/><title value="Example List - ex-minimalSubmissionSet"/><generation value="generated"/></page><page><nameUrl value="Bundle-xds.html"/><generation value="generated"/></page><page><nameUrl value="Binary-ex-b-binary.html"/><generation value="generated"/></page><page><nameUrl value="Device-ex-device.html"/><generation value="generated"/></page><page><nameUrl value="DocumentReference-593cd04e-b696-45c1-bc32-39e55a340a47.html"/><generation value="generated"/></page><page><nameUrl value="DocumentReference-ex-documentreference.html"/><generation value="generated"/></page><page><nameUrl value="DocumentReference-ex-documentreference2.html"/><generation value="generated"/></page><page><nameUrl value="List-593cd04e-b696-45c1-bc32-39e55a340a48.html"/><generation value="generated"/></page><page><nameUrl value="List-ex-list.html"/><generation value="generated"/></page><page><nameUrl value="List-ex-list2.html"/><generation value="generated"/></page><page><nameUrl value="Organization-ex-organization.html"/><generation value="generated"/></page><page><nameUrl value="Patient-593cd04e-b696-45c1-bc32-39e55a340a49.html"/><generation value="generated"/></page><page><nameUrl value="Patient-ex-patient.html"/><generation value="generated"/></page><page><nameUrl value="Practitioner-ex-practitioner.html"/><generation value="generated"/></page></page></page><parameter><code value="path-resource"/><value value="input/capabilities"/></parameter><parameter><code value="path-resource"/><value value="input/examples"/></parameter><parameter><code value="path-resource"/><value value="input/extensions"/></parameter><parameter><code value="path-resource"/><value value="input/models"/></parameter><parameter><code value="path-resource"/><value value="input/operations"/></parameter><parameter><code value="path-resource"/><value value="input/profiles"/></parameter><parameter><code value="path-resource"/><value value="input/resources"/></parameter><parameter><code value="path-resource"/><value value="input/vocabulary"/></parameter><parameter><code value="path-resource"/><value value="input/maps"/></parameter><parameter><code value="path-resource"/><value value="input/testing"/></parameter><parameter><code value="path-resource"/><value value="input/history"/></parameter><parameter><code value="path-resource"/><value value="fsh-generated/resources"/></parameter><parameter><code value="path-pages"/><value value="template/config"/></parameter><parameter><code value="path-pages"/><value value="input/images"/></parameter><parameter><code value="path-tx-cache"/><value value="input-cache/txcache"/></parameter></definition></ImplementationGuide>