{
  "resourceType": "SearchParameter",
  "id": "IHE.mCSD.Organization.HierarchyType",
  "text": {
    "status": "generated",
    "div": "<div xmlns=\"http://www.w3.org/1999/xhtml\"><p><b>Generated Narrative</b></p><div style=\"display: inline-block; background-color: #d9e0e7; padding: 6px; margin: 4px; border: 1px solid #8da1b4; border-radius: 5px; line-height: 60%\"><p style=\"margin-bottom: 0px\">Resource \"IHE.mCSD.Organization.HierarchyType\" </p></div><p><b>url</b>: <code>http://profiles.ihe.net/ITI/mCSD/SearchParameter/IHE.mCSD.Organization.HierarchyType</code></p><p><b>version</b>: 3.5.0</p><p><b>name</b>: IHE_mCSD_Hierarchy_Type</p><p><b>status</b>: active</p><p><b>date</b>: 2022-02-27 08:33:21-0600</p><p><b>publisher</b>: IHE IT Infrastructure Technical Committee</p><p><b>contact</b>: <a href=\"https://www.ihe.net/ihe_domains/it_infrastructure/\">https://www.ihe.net/ihe_domains/it_infrastructure/</a>, <a href=\"mailto:iti@ihe.net\">iti@ihe.net</a>, IHE IT Infrastructure Technical Committee: <a href=\"mailto:iti@ihe.net\">iti@ihe.net</a></p><p><b>description</b>: This Search Parameter enables finding [Organizations](StructureDefinition-IHE.mCSD.Organization.html) by the\n[mCSD extension](StructureDefinition-IHE.mCSD.OrganizationHierarchy.html) hierarchy type.</p><p><b>jurisdiction</b>: World <span style=\"background: LightGoldenRodYellow; margin: 4px; border: 1px solid khaki\"> (m49.htm#001)</span></p><p><b>code</b>: ihe-mcsd-hierarchy-type</p><p><b>base</b>: Organization</p><p><b>type</b>: token</p><p><b>expression</b>: extension('http://profiles.ihe.net/ITI/mCSD/StructureDefinition/IHE.mCSD.OrganizationHierarchy').extension('hierarchy-type').value as CodeableConcept</p></div>"
  },
  "url": "http://profiles.ihe.net/ITI/mCSD/SearchParameter/IHE.mCSD.Organization.HierarchyType",
  "version": "3.5.0",
  "name": "IHE_mCSD_Hierarchy_Type",
  "status": "active",
  "date": "2022-02-27T08:33:21-06:00",
  "publisher": "IHE IT Infrastructure Technical Committee",
  "contact": [
    {
      "telecom": [
        {
          "system": "url",
          "value": "https://www.ihe.net/ihe_domains/it_infrastructure/"
        }
      ]
    },
    {
      "telecom": [
        {
          "system": "email",
          "value": "iti@ihe.net"
        }
      ]
    },
    {
      "name": "IHE IT Infrastructure Technical Committee",
      "telecom": [
        {
          "system": "email",
          "value": "iti@ihe.net"
        }
      ]
    }
  ],
  "description": "This Search Parameter enables finding [Organizations](StructureDefinition-IHE.mCSD.Organization.html) by the\n[mCSD extension](StructureDefinition-IHE.mCSD.OrganizationHierarchy.html) hierarchy type.",
  "jurisdiction": [
    {
      "coding": [
        {
          "system": "http://unstats.un.org/unsd/methods/m49/m49.htm",
          "code": "001"
        }
      ]
    }
  ],
  "code": "ihe-mcsd-hierarchy-type",
  "base": [
    "Organization"
  ],
  "type": "token",
  "expression": "extension('http://profiles.ihe.net/ITI/mCSD/StructureDefinition/IHE.mCSD.OrganizationHierarchy').extension('hierarchy-type').value as CodeableConcept"
}