{
  "resourceType": "ImplementationGuide",
  "id": "ihe.iti.basicaudit",
  "text": {
    "status": "extensions",
    "div": "<div xmlns=\"http://www.w3.org/1999/xhtml\"><h2>IHE_ITI_BasicAudit</h2><p>The official URL for this implementation guide is: </p><pre>https://profiles.ihe.net/ITI/basicaudit/ImplementationGuide/ihe.iti.basicaudit</pre><div><p>The Basic Audit Log Patterns (BasicAudit) <strong>Content Profile</strong> defines some basic and reusable AuditEvent patterns. This includes basic audit log profiles for FHIR RESTful operations, to be used when there is not a more specific audit event defined. Where a more specific audit event can be defined it should be derived off of these basic patterns.</p>\n</div></div>"
  },
  "url": "https://profiles.ihe.net/ITI/basicaudit/ImplementationGuide/ihe.iti.basicaudit",
  "version": "1.0.1",
  "name": "IHE_ITI_BasicAudit",
  "title": "IHE ITI Basic AuditEvent Implementation Guide",
  "status": "active",
  "date": "2022-03-01",
  "publisher": "IHE IT Infrastructure Technical Committee",
  "contact": [
    {
      "telecom": [
        {
          "system": "url",
          "value": "https://www.ihe.net/ihe_domains/it_infrastructure/"
        }
      ]
    },
    {
      "telecom": [
        {
          "system": "email",
          "value": "iti@ihe.net"
        }
      ]
    },
    {
      "name": "IHE IT Infrastructure Technical Committee",
      "telecom": [
        {
          "system": "email",
          "value": "iti@ihe.net"
        }
      ]
    }
  ],
  "description": "The Basic Audit Log Patterns (BasicAudit) **Content Profile** defines some basic and reusable AuditEvent patterns. This includes basic audit log profiles for FHIR RESTful operations, to be used when there is not a more specific audit event defined. Where a more specific audit event can be defined it should be derived off of these basic patterns.",
  "jurisdiction": [
    {
      "coding": [
        {
          "system": "http://unstats.un.org/unsd/methods/m49/m49.htm",
          "code": "001"
        }
      ]
    }
  ],
  "copyright": "IHE http://www.ihe.net/Governance/#Intellectual_Property",
  "packageId": "ihe.iti.basicaudit",
  "license": "CC-BY-SA-4.0",
  "fhirVersion": [
    "4.0.1"
  ],
  "definition": {
    "extension": [
      {
        "extension": [
          {
            "url": "code",
            "valueString": "copyrightyear"
          },
          {
            "url": "value",
            "valueString": "2022+"
          }
        ],
        "url": "http://hl7.org/fhir/tools/StructureDefinition/ig-parameter"
      },
      {
        "extension": [
          {
            "url": "code",
            "valueString": "releaselabel"
          },
          {
            "url": "value",
            "valueString": "ballot"
          }
        ],
        "url": "http://hl7.org/fhir/tools/StructureDefinition/ig-parameter"
      },
      {
        "extension": [
          {
            "url": "code",
            "valueString": "show-inherited-invariants"
          },
          {
            "url": "value",
            "valueString": "false"
          }
        ],
        "url": "http://hl7.org/fhir/tools/StructureDefinition/ig-parameter"
      },
      {
        "extension": [
          {
            "url": "code",
            "valueString": "usage-stats-opt-out"
          },
          {
            "url": "value",
            "valueString": "false"
          }
        ],
        "url": "http://hl7.org/fhir/tools/StructureDefinition/ig-parameter"
      },
      {
        "extension": [
          {
            "url": "code",
            "valueString": "logging"
          },
          {
            "url": "value",
            "valueString": "progress"
          }
        ],
        "url": "http://hl7.org/fhir/tools/StructureDefinition/ig-parameter"
      },
      {
        "extension": [
          {
            "url": "code",
            "valueString": "shownav"
          },
          {
            "url": "value",
            "valueString": "true"
          }
        ],
        "url": "http://hl7.org/fhir/tools/StructureDefinition/ig-parameter"
      },
      {
        "extension": [
          {
            "url": "code",
            "valueString": "active-tables"
          },
          {
            "url": "value",
            "valueString": "false"
          }
        ],
        "url": "http://hl7.org/fhir/tools/StructureDefinition/ig-parameter"
      },
      {
        "extension": [
          {
            "url": "code",
            "valueString": "apply-contact"
          },
          {
            "url": "value",
            "valueString": "true"
          }
        ],
        "url": "http://hl7.org/fhir/tools/StructureDefinition/ig-parameter"
      },
      {
        "extension": [
          {
            "url": "code",
            "valueString": "apply-jurisdiction"
          },
          {
            "url": "value",
            "valueString": "true"
          }
        ],
        "url": "http://hl7.org/fhir/tools/StructureDefinition/ig-parameter"
      },
      {
        "extension": [
          {
            "url": "code",
            "valueString": "apply-publisher"
          },
          {
            "url": "value",
            "valueString": "true"
          }
        ],
        "url": "http://hl7.org/fhir/tools/StructureDefinition/ig-parameter"
      },
      {
        "extension": [
          {
            "url": "code",
            "valueString": "apply-version"
          },
          {
            "url": "value",
            "valueString": "true"
          }
        ],
        "url": "http://hl7.org/fhir/tools/StructureDefinition/ig-parameter"
      },
      {
        "extension": [
          {
            "url": "code",
            "valueString": "autoload-resources"
          },
          {
            "url": "value",
            "valueString": "true"
          }
        ],
        "url": "http://hl7.org/fhir/tools/StructureDefinition/ig-parameter"
      },
      {
        "extension": [
          {
            "url": "code",
            "valueString": "path-binary"
          },
          {
            "url": "value",
            "valueString": "input/saml"
          }
        ],
        "url": "http://hl7.org/fhir/tools/StructureDefinition/ig-parameter"
      },
      {
        "extension": [
          {
            "url": "code",
            "valueString": "path-liquid"
          },
          {
            "url": "value",
            "valueString": "template/liquid"
          }
        ],
        "url": "http://hl7.org/fhir/tools/StructureDefinition/ig-parameter"
      },
      {
        "extension": [
          {
            "url": "code",
            "valueString": "path-liquid"
          },
          {
            "url": "value",
            "valueString": "input/liquid"
          }
        ],
        "url": "http://hl7.org/fhir/tools/StructureDefinition/ig-parameter"
      },
      {
        "extension": [
          {
            "url": "code",
            "valueString": "path-qa"
          },
          {
            "url": "value",
            "valueString": "temp/qa"
          }
        ],
        "url": "http://hl7.org/fhir/tools/StructureDefinition/ig-parameter"
      },
      {
        "extension": [
          {
            "url": "code",
            "valueString": "path-temp"
          },
          {
            "url": "value",
            "valueString": "temp/pages"
          }
        ],
        "url": "http://hl7.org/fhir/tools/StructureDefinition/ig-parameter"
      },
      {
        "extension": [
          {
            "url": "code",
            "valueString": "path-output"
          },
          {
            "url": "value",
            "valueString": "output"
          }
        ],
        "url": "http://hl7.org/fhir/tools/StructureDefinition/ig-parameter"
      },
      {
        "extension": [
          {
            "url": "code",
            "valueString": "path-suppressed-warnings"
          },
          {
            "url": "value",
            "valueString": "input/ignoreWarnings.txt"
          }
        ],
        "url": "http://hl7.org/fhir/tools/StructureDefinition/ig-parameter"
      },
      {
        "extension": [
          {
            "url": "code",
            "valueString": "path-history"
          },
          {
            "url": "value",
            "valueString": "https://profiles.ihe.net/ITI/basicaudit/history.html"
          }
        ],
        "url": "http://hl7.org/fhir/tools/StructureDefinition/ig-parameter"
      },
      {
        "extension": [
          {
            "url": "code",
            "valueString": "template-html"
          },
          {
            "url": "value",
            "valueString": "template-page.html"
          }
        ],
        "url": "http://hl7.org/fhir/tools/StructureDefinition/ig-parameter"
      },
      {
        "extension": [
          {
            "url": "code",
            "valueString": "template-md"
          },
          {
            "url": "value",
            "valueString": "template-page-md.html"
          }
        ],
        "url": "http://hl7.org/fhir/tools/StructureDefinition/ig-parameter"
      },
      {
        "extension": [
          {
            "url": "code",
            "valueString": "apply-context"
          },
          {
            "url": "value",
            "valueString": "true"
          }
        ],
        "url": "http://hl7.org/fhir/tools/StructureDefinition/ig-parameter"
      },
      {
        "extension": [
          {
            "url": "code",
            "valueString": "apply-copyright"
          },
          {
            "url": "value",
            "valueString": "true"
          }
        ],
        "url": "http://hl7.org/fhir/tools/StructureDefinition/ig-parameter"
      },
      {
        "extension": [
          {
            "url": "code",
            "valueString": "apply-license"
          },
          {
            "url": "value",
            "valueString": "true"
          }
        ],
        "url": "http://hl7.org/fhir/tools/StructureDefinition/ig-parameter"
      },
      {
        "extension": [
          {
            "url": "code",
            "valueString": "fmm-definition"
          },
          {
            "url": "value",
            "valueString": "http://hl7.org/fhir/versions.html#maturity"
          }
        ],
        "url": "http://hl7.org/fhir/tools/StructureDefinition/ig-parameter"
      },
      {
        "extension": [
          {
            "url": "code",
            "valueString": "propagate-status"
          },
          {
            "url": "value",
            "valueString": "true"
          }
        ],
        "url": "http://hl7.org/fhir/tools/StructureDefinition/ig-parameter"
      }
    ],
    "resource": [
      {
        "extension": [
          {
            "url": "http://hl7.org/fhir/tools/StructureDefinition/resource-information",
            "valueString": "StructureDefinition:resource"
          }
        ],
        "reference": {
          "reference": "StructureDefinition/IHE.IUA.71"
        },
        "name": "IHE IUA ITI-71 AuditEvent for a successful Get Access Token",
        "description": "Defines constraints on the AuditEvent Resource to record when a ITI-71 - Get Access Token succeeds\n\nThis AuditEvent is recorded by Authorization Client and/or Authorization Server that are grouped with ATNA Secure Node or Secure Application.\n- User Authenticated event\n- ITI-71 subtype\n- 2 or 3 agents\n  - client - \n  - auth-server\n  - user user\n- 1 entity  \n  - the access token request",
        "exampleBoolean": false
      },
      {
        "extension": [
          {
            "url": "http://hl7.org/fhir/tools/StructureDefinition/resource-information",
            "valueString": "StructureDefinition:resource"
          }
        ],
        "reference": {
          "reference": "StructureDefinition/IHE.BasicAudit.PrivacyDisclosure.Recipient"
        },
        "name": "Audit Event for a Privacy Disclosure as recorded by a Recipient",
        "description": "Defines constraints on the AuditEvent Resource to record when a Privacy Disclosure is detected at the Recipient of the data.\n\n- Import event\n- shall have source of itself\n- shall have a source agent\n- shall have a recipient agent\n- may have user, app, organization agent(s)\n  - combine with the Security Token pattern\n- may, if known, have the custodian that released the data\n- may, if known, have the authorizer that represented the patient (may be the patient)\n- shall have a patient entity\n- shall have a set identity entity",
        "exampleBoolean": false
      },
      {
        "extension": [
          {
            "url": "http://hl7.org/fhir/tools/StructureDefinition/resource-information",
            "valueString": "StructureDefinition:resource"
          }
        ],
        "reference": {
          "reference": "StructureDefinition/IHE.BasicAudit.PrivacyDisclosure.Source"
        },
        "name": "Audit Event for Privacy Disclosure at Source",
        "description": "Defines constraints on the AuditEvent Resource to record when a Privacy Disclosure happens at the Source.\n\n- Import event\n- shall have source of itself\n- shall have a source agent\n- shall have a recipient agent\n- may have user, app, organization agent(s)\n  - combine with the Security Token pattern\n- should have the custodian that released the data\n- should have the authorizer that represented the patient (may be the patient)\n- shall have a patient entity\n- shall have the set of data entity(ies)",
        "exampleBoolean": false
      },
      {
        "extension": [
          {
            "url": "http://hl7.org/fhir/tools/StructureDefinition/resource-information",
            "valueString": "StructureDefinition:resource"
          }
        ],
        "reference": {
          "reference": "StructureDefinition/IHE.BasicAudit.AuthZconsent"
        },
        "name": "Basic AuditEvent pattern for when an Authorization permit is decided",
        "description": "An AduitEvent recording a permit authorization decision by a Consent Decision Service, \n\n- Given an Authorization Decision resulted in a permit\n- And based on a Consent resource (C1) \n- And filed by a patient (P1), \n- And in response to a request by an organization (Org1) \n- And for the purpose of treatment (TREAT).\n- And the given request is authorized \n- When an AuditEvent is recorded for the activity\n- Then that AuditEvent would follow this profile regarding recording the authorization decision\n  - Security Alert\n  - Authorization Decison by Consent\n  - Execute action\n  - date/time recorded\n  - outcome\n    - success when Permit\n\t- failure when Deny\n\t- outcomeDesc would explain why a deny\n  - recorded by the authorization server\n  - Agents\n    - client app\n\t- user\n\t  - user requested purposeOfUse\n\t- user organization\n\t- authorization service\n  - Entity\n    - patient subject\n\t- consent on file for that patient\n\t- the token id (JWT ID) issued (if one is issued) should be recorded\n\t- other data may be recorded that was used in the decision",
        "exampleBoolean": false
      },
      {
        "extension": [
          {
            "url": "http://hl7.org/fhir/tools/StructureDefinition/resource-information",
            "valueString": "StructureDefinition:resource"
          }
        ],
        "reference": {
          "reference": "StructureDefinition/IHE.BasicAudit.Create"
        },
        "name": "Basic AuditEvent for a successful Create not related to a Patient",
        "description": "A basic AuditEvent profile for when a RESTful Create action happens successfully.\n\n- Given a Resource Create is requested with no Patient subject\n- And OAuth is used to authorize both app and user\n- When an App requests a RESTful Create of a new Resource\n- And the new Resource is successfully created thus having an id assigned\n- Then an AuditEvent following this profile is recorded \n- And when a user is known they are the Author, Informant, or Custodian",
        "exampleBoolean": false
      },
      {
        "extension": [
          {
            "url": "http://hl7.org/fhir/tools/StructureDefinition/resource-information",
            "valueString": "StructureDefinition:resource"
          }
        ],
        "reference": {
          "reference": "StructureDefinition/IHE.BasicAudit.Delete"
        },
        "name": "Basic AuditEvent for a successful Delete",
        "description": "A basic AuditEvent profile for when a RESTful Delete action happens successfully.\n\n* Given a Resource has no Patient subject \n* And OAuth is used to authorize both app and user\n* When an App requests a RESTful Delete of a target Resource\n* And the target Resource is successfully Deleted thus having an id that is no longer valid\n* Then an AuditEvent following this profile is recorded using the id that is no longer valid",
        "exampleBoolean": false
      },
      {
        "extension": [
          {
            "url": "http://hl7.org/fhir/tools/StructureDefinition/resource-information",
            "valueString": "StructureDefinition:resource"
          }
        ],
        "reference": {
          "reference": "StructureDefinition/IHE.BasicAudit.IUAaccessTokenUse"
        },
        "name": "Basic AuditEvent pattern for when an activity was authorized by an IUA access token",
        "description": "A basic AuditEvent profile for when an activity was authorized by an IUA access token. This profile is expected to be used with some other detail that explains the activity. This profile only covers the IUA access token.\n\n* Given an activity has occured\n* And OAuth is used to authorize (both app and user)\n* And the given activity is using http with authorization: bearer mechanism \n  * IUA - [3.72 Incorporate Access Token \\[ITI-72\\]](https://profiles.ihe.net/ITI/IUA/index.html#372-incorporate-access-token-iti-72)\n  * Bulk Data Access - [11. Presenting an Access Token to FHIR API](https://hl7.org/fhir/uv/bulkdata/authorization/index.html#presenting-an-access-token-to-fhir-api)\n  * SMART-app-launch - [7.1.5 Step 4: App accesses clinical data via FHIR API](http://hl7.org/fhir/smart-app-launch/index.html#step-4-app-accesses-clinical-data-via-fhir-api)\n  * [HL7 Security for Scalable Registration, Authentication, and Authorization (aka UDAP) ](http://hl7.org/fhir/us/udap-security/history.html) when it gets published \n* When an AuditEvent is recorded for the activity\n* Then that AuditEvent would follow this profile regarding recording the IUA access token details\n* note: this profile records minimal information from the IUA access token, which presumes that use of the AuditEvent at a later time will be able to resolve the given information.",
        "exampleBoolean": false
      },
      {
        "extension": [
          {
            "url": "http://hl7.org/fhir/tools/StructureDefinition/resource-information",
            "valueString": "StructureDefinition:resource"
          }
        ],
        "reference": {
          "reference": "StructureDefinition/IHE.BasicAudit.OAUTHaccessTokenUse.Comprehensive"
        },
        "name": "Basic AuditEvent pattern for oAuth Comprehensive",
        "description": "Used when only have access to the oAuth token details (JWT).",
        "exampleBoolean": false
      },
      {
        "extension": [
          {
            "url": "http://hl7.org/fhir/tools/StructureDefinition/resource-information",
            "valueString": "StructureDefinition:resource"
          }
        ],
        "reference": {
          "reference": "StructureDefinition/IHE.BasicAudit.OAUTHaccessTokenUse.Minimal"
        },
        "name": "Basic AuditEvent pattern for oAuth Minimal",
        "description": "Used when only have access to the oAuth token details (JWT).",
        "exampleBoolean": false
      },
      {
        "extension": [
          {
            "url": "http://hl7.org/fhir/tools/StructureDefinition/resource-information",
            "valueString": "StructureDefinition:resource"
          }
        ],
        "reference": {
          "reference": "StructureDefinition/IHE.BasicAudit.OAUTHaccessTokenUse.Opaque"
        },
        "name": "Basic AuditEvent pattern for oAuth Opaque",
        "description": "Used when only have an opaque oAuth token.",
        "exampleBoolean": false
      },
      {
        "extension": [
          {
            "url": "http://hl7.org/fhir/tools/StructureDefinition/resource-information",
            "valueString": "StructureDefinition:resource"
          }
        ],
        "reference": {
          "reference": "StructureDefinition/IHE.BasicAudit.PatientCreate"
        },
        "name": "Basic AuditEvent for a successful Create with known Patient subject",
        "description": "A basic AuditEvent profile for when a RESTful Create action happens successfully, and where there is an identifiable Patient subject associated with the create of the Resource.\n\n- Given a Resource Create is requested with a Patient subject\n- And OAuth is used to authorize both app and user\n- When an App requests a RESTful Create of a new Resource\n- And the new Resource is successfully created thus having an id assigned\n- Then an AuditEvent following this profile is recorded \n- And when a user is known they are the Author, Informant, or Custodian",
        "exampleBoolean": false
      },
      {
        "extension": [
          {
            "url": "http://hl7.org/fhir/tools/StructureDefinition/resource-information",
            "valueString": "StructureDefinition:resource"
          }
        ],
        "reference": {
          "reference": "StructureDefinition/IHE.BasicAudit.PatientDelete"
        },
        "name": "Basic AuditEvent for a successful Delete with Patient",
        "description": "A basic AuditEvent profile for when a RESTful Delete action happens successfully, and where there is an identifiable Patient subject associated with the Resource being deleted.\n\n* Given a Resource has a Patient subject \n* And OAuth is used to authorize both app and user\n* When an App requests a RESTful Delete of a target Resource\n* And the target Resource is successfully Deleted thus having an id that is no longer valid\n* Then an AuditEvent following this profile is recorded using the id that is no longer valid\n* Patient is specified",
        "exampleBoolean": false
      },
      {
        "extension": [
          {
            "url": "http://hl7.org/fhir/tools/StructureDefinition/resource-information",
            "valueString": "StructureDefinition:resource"
          }
        ],
        "reference": {
          "reference": "StructureDefinition/IHE.BasicAudit.PatientQuery"
        },
        "name": "Basic AuditEvent for a successful Query with Patient",
        "description": "A basic AuditEvent profile for when a RESTful Query action happens successfully, and where there is an identifiable Patient subject associated with the read Resource(s).\n\n- Given a RESTful Query \n- And there is a known Patient subject. \n  - The query parameters may have identified a specific patient, or \n  - The data resulting from a query do have a patient subject\n- And OAuth is used to authorize both app and user\n- When an App requests a RESTful Query to retrieve Resource(s) \n- Then the search request is recorded  \n  - The raw search request is base64 encoded and placed in the .entity[query].query element. The base64 encoding of the raw search request enables preserving exactly what was requested, including possibly malicious patterns. This enables detection of malicious or malformed requests.\n  - The cleaned search may be recorded (not base64) in the .entity[query].description. The cleaned search request would have removed parameters that were not understood/supported. The cleaned search request in the .description element enables more efficient processing.\n\nno results returned\n- Given no Resource(s) are available for a given Patient identity\n- And OAuth is used to authorize both app and user\n- When an App requests a RESTful Query to retrieve Resources(s) for a given single Patient\n- When policy indicates success with an empty bundle should be returned\n- Then an AuditEvent following this profile is recorded for the requested given Patient\n\nmultiple patient results are returned. Note that one AuditEvent is created for every Patient identified in the resulting search set. Note this is true when the search set bundle includes any number of resources that collectively reference multiple Patients. This includes one Resource with multiple subject values, or many Resources with single subject values that are different.\n- Given Resource(s) are known associated with multiple subjects \n- And OAuth is used to authorize both app and user\n- When an App requests a RESTful Query to retrieve Resource(s) \n- And when the query resulting search set contains Resources associated with more than one Patient\n- Then an AuditEvent following this profile is recorded for the Patient identified in the search set returned\n\nNote: the pattern defined in DICOM and IHE have that the client is identified as the Source Role ID, and the server is identified as the Destination Role ID. This may not be so obvious, as the data actually flows the opposite direction. This pattern is established and thus followed here.",
        "exampleBoolean": false
      },
      {
        "extension": [
          {
            "url": "http://hl7.org/fhir/tools/StructureDefinition/resource-information",
            "valueString": "StructureDefinition:resource"
          }
        ],
        "reference": {
          "reference": "StructureDefinition/IHE.BasicAudit.PatientRead"
        },
        "name": "Basic AuditEvent for a successful Read with a Patient",
        "description": "A basic AuditEvent profile for when a RESTful Read action happens successfully, and where there is an identifiable Patient subject associated with the read Resource.\n\n* Given a Resource has a Patient subject\n* And OAuth is used to authorize both app and user\n* When an App requests a RESTful Read to retrieve that Resource\n* Then an AuditEvent following this profile is recorded",
        "exampleBoolean": false
      },
      {
        "extension": [
          {
            "url": "http://hl7.org/fhir/tools/StructureDefinition/resource-information",
            "valueString": "StructureDefinition:resource"
          }
        ],
        "reference": {
          "reference": "StructureDefinition/IHE.BasicAudit.PatientUpdate"
        },
        "name": "Basic AuditEvent for a successful Update with a Patient subject",
        "description": "A basic AuditEvent profile for when a RESTful Update action happens successfully, and where there is an identifiable Patient subject associated with the Update of the Resource.\n\n* Given a Resource has a Patient subject \n* And OAuth is used to authorize both app and user\n* When an App requests a RESTful Update of an existing Resource\n* And the Resource is successfully Updated thus where the server supports FHIR Versioning the updated Resource has a new id version assigned\n* Then an AuditEvent following this profile is recorded where the Resource is identified by the updated version specific id where versioning is available",
        "exampleBoolean": false
      },
      {
        "extension": [
          {
            "url": "http://hl7.org/fhir/tools/StructureDefinition/resource-information",
            "valueString": "StructureDefinition:resource"
          }
        ],
        "reference": {
          "reference": "StructureDefinition/IHE.BasicAudit.Query"
        },
        "name": "Basic AuditEvent for a successful Query",
        "description": "A basic AuditEvent profile for when a RESTful Query / Search action happens successfully.\n\n- Given a RESTful Query \n- And there is no known Patient subject. \n  - The requestor logging the event would potentially not know a patient identity\n  - The data objects may not be patient specific kind of objects\n- And OAuth is used to authorize both app and user\n- When an App requests a RESTful Query to retrieve Resource(s) \n- Then the search request is recorded  \n  - The raw search request is base64 encoded and placed in the .entity[query].query element. The base64 encoding of the raw search request enables preserving exactly what was requested, including possibly malicious patterns. This enables detection of malicious or malformed requests.\n  - The cleaned search may be recorded (not base64) in the .entity[query].description. The cleaned search request would have removed parameters that were not understood/supported. The cleaned search request in the .description element enables more efficient processing.\n\nNote: the pattern defined in DICOM and IHE have the client is identified as the Source Role ID, and the server is identified as the Destination Role ID. This represents the query parameters are flowing from the client to the server. This may not be so obvious, as the data actually flows the opposite direction. This pattern is established and thus followed here.",
        "exampleBoolean": false
      },
      {
        "extension": [
          {
            "url": "http://hl7.org/fhir/tools/StructureDefinition/resource-information",
            "valueString": "StructureDefinition:resource"
          }
        ],
        "reference": {
          "reference": "StructureDefinition/IHE.BasicAudit.Read"
        },
        "name": "Basic AuditEvent for a successful Read",
        "description": "A basic AuditEvent profile for when a RESTful Read action happens successfully.\n\n* Given a Resource has no Patient subject\n* And OAuth is used to authorize both app and user\n* When an App requests a RESTful Read to retrieve that Resource\n* Then an AuditEvent following this profile is recorded",
        "exampleBoolean": false
      },
      {
        "extension": [
          {
            "url": "http://hl7.org/fhir/tools/StructureDefinition/resource-information",
            "valueString": "StructureDefinition:resource"
          }
        ],
        "reference": {
          "reference": "StructureDefinition/IHE.BasicAudit.SAMLaccessTokenUse.Comprehensive"
        },
        "name": "Basic AuditEvent pattern for when an activity was authorized by an SAML access token Comprehensive",
        "description": "A basic AuditEvent profile for when an activity was authorized by an SAML access token. This profile is expected to be used with some other detail that explains the activity. This profile only covers the SAML access token. \n\nThe following table uses a short-hand for the SAML fields and FHIR AuditEvent elements to keep the table compact. It is presumed the reader can understand the SAML field and the FHIR AuditEvent element given. Note the `~` character represents attributes under the SAML `AttributeStatement`. \n\n**Builds upon the Minimal**\n\n| SAML field                   | Comprehensive AuditEvent\n|------------------------------|-----------------------------------|\n| ID                           | agent[user].policy\n| Issuer                       | agent[user].who.identifier.system\n| Subject.NameID               | agent[user].who.identifier.value\n| ~subject:role                | agent[user].role\n| ~subject:purposeofuse        | agent[user].purposeOfUse\n| AuthnContextClassRef         | agent[user].extension[assuranceLevel]\n| ~subject:subject-id          | agent[user].extension[otherId][subject-id].identifier.value\n| ~subject:npi                 | agent[user].extension[otherId][npi].identifier.value\n| ~subject:provider-identifier | agent[user].extension[otherId][provider-id].identifier.value\n| ~subject:organization        | agent[userorg].who.display\n| ~subject:organization-id     | agent[userorg].who.identifier.value\n| ~homeCommunityId             | agent[homeCommunityId].who.identifier.value \n| ~bppc:2007:docid             | entity[consent].what.identifier.value \n| ~xua:2012:acp                | entity[consent].detail.valueString \n| ~resource:resource-id        | entity[consent-patient].what.identifier.value",
        "exampleBoolean": false
      },
      {
        "extension": [
          {
            "url": "http://hl7.org/fhir/tools/StructureDefinition/resource-information",
            "valueString": "StructureDefinition:resource"
          }
        ],
        "reference": {
          "reference": "StructureDefinition/IHE.BasicAudit.SAMLaccessTokenUse.Minimal"
        },
        "name": "Basic AuditEvent pattern for when an activity was authorized by an SAML access token Minimal",
        "description": "A basic AuditEvent profile for when an activity was authorized by an SAML access token. This profile is expected to be used with some other detail that explains the activity. This profile only covers the SAML access token.\n\n- Given an activity has occurred\n- And SAML is used to authorize a transaction\n- And the given activity is using the SAML\n  - XUA \n  - SAML requires ID and Issuer, so this profile of AuditEvent will work with any SAML token.\n  - usually SOAP, but not limited to SOAP\n- When an AuditEvent is recorded for the activity\n- Presumes that the consent and server have been identified in agent elements, best case with certificate identities\n- Then that AuditEvent would follow this profile regarding recording the SAML access token details\n\nThe following table uses a short-hand for the SAML fields and FHIR AuditEvent elements to keep the table compact. It is presumed the reader can understand the SAML field and the FHIR AuditEvent element given. Note the `~` character represents attributes under the SAML `AttributeStatement`. \n\n| SAML field            | Minimal AuditEvent\n|-----------------------|----------------------|\n| ID                    | agent[user].policy\n| Issuer                | agent[user].who.identifier.system\n| Subject.NameID        | agent[user].who.identifier.value\n| ~subject:purposeofuse | agent[user].purposeOfUse\n\nnote: this profile records minimal information from the SAML access token, which presumes that use of the AuditEvent at a later time will be able to resolve the given information.",
        "exampleBoolean": false
      },
      {
        "extension": [
          {
            "url": "http://hl7.org/fhir/tools/StructureDefinition/resource-information",
            "valueString": "StructureDefinition:resource"
          }
        ],
        "reference": {
          "reference": "StructureDefinition/IHE.BasicAudit.Update"
        },
        "name": "Basic AuditEvent for a successful Update",
        "description": "A basic AuditEvent profile for when a RESTful Update action happens successfully.\n\n* Given a Resource has no Patient subject \n* And OAuth is used to authorize both app and user\n* When an App requests a RESTful Update of an existing Resource\n* And the Resource is successfully Updated thus where the server supports FHIR Versioning the updated Resource has a new id version assigned\n* Then an AuditEvent following this profile is recorded where the Resource is identified by the updated version specific id where versioning is available",
        "exampleBoolean": false
      },
      {
        "extension": [
          {
            "url": "http://hl7.org/fhir/tools/StructureDefinition/resource-information",
            "valueString": "StructureDefinition:extension"
          }
        ],
        "reference": {
          "reference": "StructureDefinition/ihe-assuranceLevel"
        },
        "name": "AuditEvent.agent Assurance Level",
        "description": "The assuranceLevel element carries various types of Assurance level. May be an Identity Assurance (IAL), an Authentication Assurance Level (AAL), a Federation Assurance Level (FAL), or other. \n\nIn SAML this is [defined to be carried](https://docs.oasis-open.org/security/saml/v2.0/saml-authn-context-2.0-os.pdf) in the `saml:AuthnContextClassRef`, but may be carried elsewhere based on the use-case and profiling of SAML.\n\nThe Vocabulary is not defined here. Some sources of vocabulary:\n- HL7 v3 [Security Trust Assurance ValueSet](https://terminology.hl7.org/3.0.0/ValueSet-v3-SecurityTrustAssuranceObservationValue.html). These include ISO-7498-2, NIST 800-63-1, and NIST-800-63-2.\n- [idmanagement.gov](https://developers.login.gov/saml/#specifying-attributes-and-assurance-levels) published on login.gov\n  - this is defined to be carried in the saml:AuthnContextClassRef\n- OASIS [Authentication Context for SAML](https://docs.oasis-open.org/security/saml/v2.0/saml-authn-context-2.0-os.pdf)\n- An example of a customized and purpose defined small set of codes can be found in the HL7 [SMART Health Cards](http://build.fhir.org/ig/HL7/fhir-shc-vaccination-ig/) defines a [valueset](http://hl7.org/fhir/uv/shc-vaccination/ValueSet/identity-assurance-level)",
        "exampleBoolean": false
      },
      {
        "extension": [
          {
            "url": "http://hl7.org/fhir/tools/StructureDefinition/resource-information",
            "valueString": "StructureDefinition:extension"
          }
        ],
        "reference": {
          "reference": "StructureDefinition/ihe-otherId"
        },
        "name": "AuditEvent.agent other identifiers",
        "description": "Carries other identifiers are known for an agent.",
        "exampleBoolean": false
      },
      {
        "extension": [
          {
            "url": "http://hl7.org/fhir/tools/StructureDefinition/resource-information",
            "valueString": "ValueSet"
          }
        ],
        "reference": {
          "reference": "ValueSet/AuthZsubTypeVS"
        },
        "name": "Authorization subType events valueset",
        "description": "ValueSet of the Authorization AuditEvent types",
        "exampleBoolean": false
      },
      {
        "extension": [
          {
            "url": "http://hl7.org/fhir/tools/StructureDefinition/resource-information",
            "valueString": "ValueSet"
          }
        ],
        "reference": {
          "reference": "ValueSet/BasicAuditEntityTypesVS"
        },
        "name": "Entity Types used by IHE BasicAudit",
        "description": "For use with AuditEvent.entity.type.  This includes codes defined in the BasicAudit.",
        "exampleBoolean": false
      },
      {
        "extension": [
          {
            "url": "http://hl7.org/fhir/tools/StructureDefinition/resource-information",
            "valueString": "ValueSet"
          }
        ],
        "reference": {
          "reference": "ValueSet/DataSources"
        },
        "name": "participant source types for RESTful create",
        "description": "create agent participant types for user operators that are in REST",
        "exampleBoolean": false
      },
      {
        "extension": [
          {
            "url": "http://hl7.org/fhir/tools/StructureDefinition/resource-information",
            "valueString": "ValueSet"
          }
        ],
        "reference": {
          "reference": "ValueSet/OtherIdentifierTypesVS"
        },
        "name": "Other Id Types ValueSet",
        "description": "ValueSet of the Other Id Types allowed",
        "exampleBoolean": false
      },
      {
        "extension": [
          {
            "url": "http://hl7.org/fhir/tools/StructureDefinition/resource-information",
            "valueString": "ValueSet"
          }
        ],
        "reference": {
          "reference": "ValueSet/RestObjectRoles"
        },
        "name": "RESTful objects role in the event",
        "description": "The role that the given Object played in the Audit Event recorded",
        "exampleBoolean": false
      },
      {
        "extension": [
          {
            "url": "http://hl7.org/fhir/tools/StructureDefinition/resource-information",
            "valueString": "ValueSet"
          }
        ],
        "reference": {
          "reference": "ValueSet/UserAgentTypesVS"
        },
        "name": "Agent types holding User-Agent",
        "description": "AuditEvent.agent.type values holding OAuth/SAML identified user. Note that user is not just users, but representes the higest agent responsible for triggering the activity being recorded in the AuditEvent.\n\nOften this agent also has a type coding that is more specific to the transaction and the direction of the transaction.\n- http://terminology.hl7.org/CodeSystem/v3-ParticipationType#IRCP // use for query/retrieve\n- http://terminology.hl7.org/CodeSystem/v3-RoleClass#AGNT // use for push/create/update\n- http://terminology.hl7.org/CodeSystem/v3-RoleClass#PAT  // use when the user is the patient\n- http://terminology.hl7.org/CodeSystem/v3-ParticipationType#AUT \"Author\" // used with create/update\n- http://terminology.hl7.org/CodeSystem/v3-ParticipationType#INF \"Informant\" // used with export\n- http://terminology.hl7.org/CodeSystem/v3-ParticipationType#CST \"Custodian\" // used with export",
        "exampleBoolean": false
      },
      {
        "extension": [
          {
            "url": "http://hl7.org/fhir/tools/StructureDefinition/resource-information",
            "valueString": "CodeSystem"
          }
        ],
        "reference": {
          "reference": "CodeSystem/AuthZsubType"
        },
        "name": "Authorization subType events",
        "description": "These AuditEvent subTypes are related to Authorization Decisions. These are more specific types of Security Alert.",
        "exampleBoolean": false
      },
      {
        "extension": [
          {
            "url": "http://hl7.org/fhir/tools/StructureDefinition/resource-information",
            "valueString": "CodeSystem"
          }
        ],
        "reference": {
          "reference": "CodeSystem/BasicAuditEntityType"
        },
        "name": "Entity Types that are defined in IHE BasicAudit",
        "description": "These are new codes used in BasicAudit IG, where AuditEvent.entity is used to hold a specific kind of data that is not covered by the existing valueSet.",
        "exampleBoolean": false
      },
      {
        "extension": [
          {
            "url": "http://hl7.org/fhir/tools/StructureDefinition/resource-information",
            "valueString": "CodeSystem"
          }
        ],
        "reference": {
          "reference": "CodeSystem/OtherIdentifierTypes"
        },
        "name": "OtherId Identifier Types",
        "description": "OtherId Types beyond those in the FHIR core",
        "exampleBoolean": false
      },
      {
        "extension": [
          {
            "url": "http://hl7.org/fhir/tools/StructureDefinition/resource-information",
            "valueString": "CodeSystem"
          }
        ],
        "reference": {
          "reference": "CodeSystem/UserAgentHomeCommunity"
        },
        "name": "XCA code for homeCommunity",
        "description": "one code",
        "exampleBoolean": false
      },
      {
        "extension": [
          {
            "url": "http://hl7.org/fhir/tools/StructureDefinition/resource-information",
            "valueString": "CodeSystem"
          }
        ],
        "reference": {
          "reference": "CodeSystem/UserAgentTypes"
        },
        "name": "The code used to identifiy a User Agent",
        "description": "Code used to identify the User Agent.\nDefined codes for SAML vs OAuth to enable differentiation of .policy as the token ID",
        "exampleBoolean": false
      },
      {
        "extension": [
          {
            "url": "http://hl7.org/fhir/tools/StructureDefinition/resource-information",
            "valueString": "DocumentReference"
          }
        ],
        "reference": {
          "reference": "DocumentReference/Dr-SAML-QDI"
        },
        "name": "SAML example from CareQuality",
        "description": "Example of a SAML assertion as seen in CareQuality.",
        "exampleBoolean": true
      },
      {
        "extension": [
          {
            "url": "http://hl7.org/fhir/tools/StructureDefinition/resource-information",
            "valueString": "AuditEvent"
          }
        ],
        "reference": {
          "reference": "AuditEvent/ex-auditAuthZconsent"
        },
        "name": "Audit Example of a basic Authorization Permit access",
        "description": "Example AuditEvent showing an authorization decision.",
        "exampleCanonical": "https://profiles.ihe.net/ITI/basicaudit/StructureDefinition/IHE.BasicAudit.AuthZconsent"
      },
      {
        "extension": [
          {
            "url": "http://hl7.org/fhir/tools/StructureDefinition/resource-information",
            "valueString": "AuditEvent"
          }
        ],
        "reference": {
          "reference": "AuditEvent/ex-auditAuthZconsent-deny"
        },
        "name": "Audit Example of a basic Authorization Deny access",
        "description": "Example AuditEvent showing an authorization decision resulting in deny.",
        "exampleCanonical": "https://profiles.ihe.net/ITI/basicaudit/StructureDefinition/IHE.BasicAudit.AuthZconsent"
      },
      {
        "extension": [
          {
            "url": "http://hl7.org/fhir/tools/StructureDefinition/resource-information",
            "valueString": "AuditEvent"
          }
        ],
        "reference": {
          "reference": "AuditEvent/ex-auditBasicCreate1"
        },
        "name": "Server - Audit Example of a basic patient identifiable Create by an informant",
        "description": "Audit Example for a RESTful Create of a resource with a patient subject by an informant\n\n- recorded by the server\n- server is FHIR application server defined by ex-device\n- client is an app on myMachine on myMachine\n- user is an Informant Betty Jones\n- patient is ex-patient\n- created resource is ex-list",
        "exampleCanonical": "https://profiles.ihe.net/ITI/basicaudit/StructureDefinition/IHE.BasicAudit.PatientCreate"
      },
      {
        "extension": [
          {
            "url": "http://hl7.org/fhir/tools/StructureDefinition/resource-information",
            "valueString": "AuditEvent"
          }
        ],
        "reference": {
          "reference": "AuditEvent/ex-auditBasicCreate2"
        },
        "name": "Server - Audit Example of a basic patient identifiable Create by a custodian",
        "description": "Audit Example for a RESTful Create of a resource with a patient subject by a custodian\n\n- recorded by the server\n- server is FHIR application server defined by ex-device\n- client is an app on myMachine on myMachine\n- user is an Custodian Charley Miller\n- patient is ex-patient\n- created resource is ex-list",
        "exampleCanonical": "https://profiles.ihe.net/ITI/basicaudit/StructureDefinition/IHE.BasicAudit.PatientCreate"
      },
      {
        "extension": [
          {
            "url": "http://hl7.org/fhir/tools/StructureDefinition/resource-information",
            "valueString": "AuditEvent"
          }
        ],
        "reference": {
          "reference": "AuditEvent/ex-auditBasicCreateClient"
        },
        "name": "Client - Audit Example of a basic patient identifiable Create by the author",
        "description": "Audit Example for a RESTful Create of a resource with a patient subject created by the author\n\n- recorded by the client with [server](AuditEvent-ex-auditBasicCreateServer.html)\n- server is FHIR application server defined by ex-device\n- client is an app on myMachine on myMachine\n- user is the author John Smith\n- patient is ex-patient\n- created resource is ex-list",
        "exampleCanonical": "https://profiles.ihe.net/ITI/basicaudit/StructureDefinition/IHE.BasicAudit.PatientCreate"
      },
      {
        "extension": [
          {
            "url": "http://hl7.org/fhir/tools/StructureDefinition/resource-information",
            "valueString": "AuditEvent"
          }
        ],
        "reference": {
          "reference": "AuditEvent/ex-auditBasicCreateNoPatient"
        },
        "name": "Server - Audit Example of a basic Create",
        "description": "Audit Example for a RESTful Create of a resource with No patient subject. This example is a summary measure report.\n\n- recorded by the client\n- server is FHIR application server defined by ex-device\n- client is an app on myMachine on myMachine\n- user is John Smith\n- created resource is ex-measurereport",
        "exampleCanonical": "https://profiles.ihe.net/ITI/basicaudit/StructureDefinition/IHE.BasicAudit.Create"
      },
      {
        "extension": [
          {
            "url": "http://hl7.org/fhir/tools/StructureDefinition/resource-information",
            "valueString": "AuditEvent"
          }
        ],
        "reference": {
          "reference": "AuditEvent/ex-auditBasicCreateNoUser"
        },
        "name": "Client - Audit Example of a basic patient identifiable Create with no user",
        "description": "Audit Example for a RESTful Create of a resource with a patient subject with no user. This might be a B2B exchange where the OAuth token just identifies the requesting organization.\n\n- recorded by the client - ex-device\n- server is FHIR application server defined by ex-device\n- client is an app on myMachine on myMachine\n- patient is ex-patient\n- created resource is ex-list",
        "exampleCanonical": "https://profiles.ihe.net/ITI/basicaudit/StructureDefinition/IHE.BasicAudit.PatientCreate"
      },
      {
        "extension": [
          {
            "url": "http://hl7.org/fhir/tools/StructureDefinition/resource-information",
            "valueString": "AuditEvent"
          }
        ],
        "reference": {
          "reference": "AuditEvent/ex-auditBasicCreateNoUserJob"
        },
        "name": "Client - Audit Example of a basic patient identifiable Create of a Job with no user",
        "description": "Audit Example for a RESTful Create of a Job (document) resource with a patient subject with no user. This might be a B2B exchange where the OAuth token just identifies the requesting organization.\n\n- recorded by the client - ex-device\n- server is FHIR application server defined by ex-device\n- client is an app on myMachine on myMachine\n- patient is ex-patient\n- created job is ex-documentreference",
        "exampleCanonical": "https://profiles.ihe.net/ITI/basicaudit/StructureDefinition/IHE.BasicAudit.PatientCreate"
      },
      {
        "extension": [
          {
            "url": "http://hl7.org/fhir/tools/StructureDefinition/resource-information",
            "valueString": "AuditEvent"
          }
        ],
        "reference": {
          "reference": "AuditEvent/ex-auditBasicCreateNoUserReport"
        },
        "name": "Client - Audit Example of a basic patient identifiable Create of a Report with no user",
        "description": "Audit Example for a RESTful Create of a Report (document) resource with a patient subject with no user. This might be a B2B exchange where the OAuth token just identifies the requesting organization.\n\n- recorded by the client - ex-device\n- server is FHIR application server defined by ex-device\n- client is an app on myMachine on myMachine\n- patient is ex-patient\n- created resource is ex-documentreference",
        "exampleCanonical": "https://profiles.ihe.net/ITI/basicaudit/StructureDefinition/IHE.BasicAudit.PatientCreate"
      },
      {
        "extension": [
          {
            "url": "http://hl7.org/fhir/tools/StructureDefinition/resource-information",
            "valueString": "AuditEvent"
          }
        ],
        "reference": {
          "reference": "AuditEvent/ex-auditBasicCreateServer"
        },
        "name": "Server - Audit Example of a basic patient identifiable Create",
        "description": "Audit Example for a RESTful Create of a resource with a patient subject\n\n- recorded by the server with [client](AuditEvent-ex-auditBasicCreateClient.html)\n- server is FHIR application server defined by ex-device\n- client is an app on myMachine on myMachine\n- user is John Smith\n- patient is ex-patient\n- created resource is ex-list",
        "exampleCanonical": "https://profiles.ihe.net/ITI/basicaudit/StructureDefinition/IHE.BasicAudit.PatientCreate"
      },
      {
        "extension": [
          {
            "url": "http://hl7.org/fhir/tools/StructureDefinition/resource-information",
            "valueString": "AuditEvent"
          }
        ],
        "reference": {
          "reference": "AuditEvent/ex-auditBasicDelete2"
        },
        "name": "Client - Audit Example of a basic patient identifiable Delete",
        "description": "Audit Example for a RESTful Delete of a resource with a patient subject\n\n- recorded by the client\n- client is an app on myMachine\n- user is an Custodian Charley Miller\n- patient is identified as ex-patient\n- deleted object is ex-list",
        "exampleCanonical": "https://profiles.ihe.net/ITI/basicaudit/StructureDefinition/IHE.BasicAudit.PatientDelete"
      },
      {
        "extension": [
          {
            "url": "http://hl7.org/fhir/tools/StructureDefinition/resource-information",
            "valueString": "AuditEvent"
          }
        ],
        "reference": {
          "reference": "AuditEvent/ex-auditBasicDeleteClient"
        },
        "name": "Client - Audit Example of a basic patient identifiable Delete at Client",
        "description": "Audit Example for a RESTful Delete of a resource with a patient subject\n\n- recorded by the client peer [server](AuditEvent-ex-auditBasicDeleteServer.html)\n- client is an app on myMachine\n- user is the Author John Smith\n- patient is identified as ex-patient\n- deleted object is ex-list",
        "exampleCanonical": "https://profiles.ihe.net/ITI/basicaudit/StructureDefinition/IHE.BasicAudit.PatientDelete"
      },
      {
        "extension": [
          {
            "url": "http://hl7.org/fhir/tools/StructureDefinition/resource-information",
            "valueString": "AuditEvent"
          }
        ],
        "reference": {
          "reference": "AuditEvent/ex-auditBasicDeleteInformant"
        },
        "name": "Server - Audit Example of a basic patient identifiable Delete by Informant",
        "description": "Audit Example for a RESTful Delete of a resource with a patient subject\n\n- recorded by the server\n- server is FHIR application server defined by ex-device\n- client is an app on myMachine on myMachine\n- user is an Informant Betty Jones\n- patient is identified as ex-patient\n- deleted object is ex-list",
        "exampleCanonical": "https://profiles.ihe.net/ITI/basicaudit/StructureDefinition/IHE.BasicAudit.PatientDelete"
      },
      {
        "extension": [
          {
            "url": "http://hl7.org/fhir/tools/StructureDefinition/resource-information",
            "valueString": "AuditEvent"
          }
        ],
        "reference": {
          "reference": "AuditEvent/ex-auditBasicDeleteNoPatient"
        },
        "name": "Server - Audit Example of a basic object Delete at server",
        "description": "Audit Example for a RESTful Delete of a resource that is NOT patient specific\n\n- recorded by the server\n- client is an app on myMachine\n- user is the Author John Smith\n- deleted object is ex-measurereport that is a summary FEMA COVID report draft",
        "exampleCanonical": "https://profiles.ihe.net/ITI/basicaudit/StructureDefinition/IHE.BasicAudit.Delete"
      },
      {
        "extension": [
          {
            "url": "http://hl7.org/fhir/tools/StructureDefinition/resource-information",
            "valueString": "AuditEvent"
          }
        ],
        "reference": {
          "reference": "AuditEvent/ex-auditBasicDeleteNoUser"
        },
        "name": "Client - Audit Example of a basic patient identifiable Delete with no user",
        "description": "Audit Example for a RESTful Delete of a resource with a patient subject with no user. This might be a B2B exchange where the OAuth token just identifies the requesting organization.\n\n- recorded by the client\n- client is an app on myMachine\n- user is NOT specified. \n- patient is identified as ex-patient\n- deleted object is ex-list",
        "exampleCanonical": "https://profiles.ihe.net/ITI/basicaudit/StructureDefinition/IHE.BasicAudit.PatientDelete"
      },
      {
        "extension": [
          {
            "url": "http://hl7.org/fhir/tools/StructureDefinition/resource-information",
            "valueString": "AuditEvent"
          }
        ],
        "reference": {
          "reference": "AuditEvent/ex-auditBasicDeleteNoUserJob"
        },
        "name": "Client - Audit Example of a basic patient identifiable Delete of a Job with no user",
        "description": "Audit Example for a RESTful Delete of a Job (document) resource with a patient subject with no user. This might be a B2B exchange where the OAuth token just identifies the requesting organization.\n\n- recorded by the client\n- client is an app on myMachine\n- user is NOT specified. \n- patient is identified as ex-patient\n- deleted Job is ex-documentreference",
        "exampleCanonical": "https://profiles.ihe.net/ITI/basicaudit/StructureDefinition/IHE.BasicAudit.PatientDelete"
      },
      {
        "extension": [
          {
            "url": "http://hl7.org/fhir/tools/StructureDefinition/resource-information",
            "valueString": "AuditEvent"
          }
        ],
        "reference": {
          "reference": "AuditEvent/ex-auditBasicDeleteNoUserReport"
        },
        "name": "Client - Audit Example of a basic patient identifiable Delete of a Report with no user",
        "description": "Audit Example for a RESTful Delete of a Report (document) resource with a patient subject with no user. This might be a B2B exchange where the OAuth token just identifies the requesting organization.\n\n- recorded by the client\n- client is an app on myMachine\n- user is NOT specified. \n- patient is identified as ex-patient\n- deleted Report is ex-documentreference",
        "exampleCanonical": "https://profiles.ihe.net/ITI/basicaudit/StructureDefinition/IHE.BasicAudit.PatientDelete"
      },
      {
        "extension": [
          {
            "url": "http://hl7.org/fhir/tools/StructureDefinition/resource-information",
            "valueString": "AuditEvent"
          }
        ],
        "reference": {
          "reference": "AuditEvent/ex-auditBasicDeleteServer"
        },
        "name": "Server - Audit Example of a basic patient identifiable Delete at server",
        "description": "Audit Example for a RESTful Delete of a resource with a patient subject\n\n- recorded by the server peer [client](AuditEvent-ex-auditBasicDeleteClient.html)\n- client is an app on myMachine\n- user is the Author John Smith\n- patient is identified as ex-patient\n- deleted object is ex-list",
        "exampleCanonical": "https://profiles.ihe.net/ITI/basicaudit/StructureDefinition/IHE.BasicAudit.PatientDelete"
      },
      {
        "extension": [
          {
            "url": "http://hl7.org/fhir/tools/StructureDefinition/resource-information",
            "valueString": "AuditEvent"
          }
        ],
        "reference": {
          "reference": "AuditEvent/ex-auditBasicPatch"
        },
        "name": "Server - Audit Example of a basic patient identifiable Update using Patch",
        "description": "Audit Example for a RESTful Update using Patch of a resource with a patient subject\n\n- recorded by the server\n- server is FHIR application server defined by ex-device\n- client is an app on myMachine on myMachine\n- user is John Smith\n- patient is ex-patient\n- created resource is ex-list",
        "exampleCanonical": "https://profiles.ihe.net/ITI/basicaudit/StructureDefinition/IHE.BasicAudit.PatientUpdate"
      },
      {
        "extension": [
          {
            "url": "http://hl7.org/fhir/tools/StructureDefinition/resource-information",
            "valueString": "AuditEvent"
          }
        ],
        "reference": {
          "reference": "AuditEvent/ex-auditBasicQueryGetClient"
        },
        "name": "Client - Audit Example of a basic patient identifiable Query (GET)",
        "description": "Audit Example for a RESTful Query using GET with a patient subject, recorded by the Client\n- recorded by the client\n  -  see same event as recorded by the [server](AuditEvent-ex-auditBasicQueryGetServer.html)\n- server is FHIR application server defined by ex-device\n- client is a computer at myMachine.example.org\n- user is John Smith\n- query is for an Observation for given patient\n- patient is specified\n- X-Request-Id is specified",
        "exampleCanonical": "https://profiles.ihe.net/ITI/basicaudit/StructureDefinition/IHE.BasicAudit.PatientQuery"
      },
      {
        "extension": [
          {
            "url": "http://hl7.org/fhir/tools/StructureDefinition/resource-information",
            "valueString": "AuditEvent"
          }
        ],
        "reference": {
          "reference": "AuditEvent/ex-auditBasicQueryGetNoPatient"
        },
        "name": "Server - Audit Example of a basic Query (GET)",
        "description": "Audit Example for a RESTful Query using GET with NO patient subject, recorded by the Server.\n- recorded by the server\n- server is FHIR application server defined by ex-device\n- client is a computer at myMachine.example.org\n- user is John Smith\n- query is for a MeasureReport\n- X-Request-Id is specified",
        "exampleCanonical": "https://profiles.ihe.net/ITI/basicaudit/StructureDefinition/IHE.BasicAudit.Query"
      },
      {
        "extension": [
          {
            "url": "http://hl7.org/fhir/tools/StructureDefinition/resource-information",
            "valueString": "AuditEvent"
          }
        ],
        "reference": {
          "reference": "AuditEvent/ex-auditBasicQueryGetServer"
        },
        "name": "Server - Audit Example of a basic patient identifiable Query (GET)",
        "description": "Audit Example for a RESTful Query using GET with a patient subject, recorded by the Server\n- recorded by the server \n  - see same event as recorded by the [client](AuditEvent-ex-auditBasicQueryGetClient.html)\n- server is FHIR application server defined by ex-device\n- client is a computer at myMachine.example.org\n- user is John Smith\n- query is for an Observation for given patient\n- patient is specified\n- X-Request-Id is specified",
        "exampleCanonical": "https://profiles.ihe.net/ITI/basicaudit/StructureDefinition/IHE.BasicAudit.PatientQuery"
      },
      {
        "extension": [
          {
            "url": "http://hl7.org/fhir/tools/StructureDefinition/resource-information",
            "valueString": "AuditEvent"
          }
        ],
        "reference": {
          "reference": "AuditEvent/ex-auditBasicQueryPost"
        },
        "name": "Server - Audit Example of a basic patient identifiable Query (POST)",
        "description": "Audit Example for a RESTful Query using POST with a patient subject, recorded by the server\n- recorded by the server\n- server is FHIR application server defined by ex-device\n- client is a computer at myMachine.example.org\n- user is John Smith\n- query is for an Observation for given patient\n- patient is specified",
        "exampleCanonical": "https://profiles.ihe.net/ITI/basicaudit/StructureDefinition/IHE.BasicAudit.PatientQuery"
      },
      {
        "extension": [
          {
            "url": "http://hl7.org/fhir/tools/StructureDefinition/resource-information",
            "valueString": "AuditEvent"
          }
        ],
        "reference": {
          "reference": "AuditEvent/ex-auditBasicReadClient"
        },
        "name": "Client - Audit Example of a basic patient identifiable read",
        "description": "Audit Example for a RESTful read of a resource with a patient subject\n\n- recorded by the client peer [server](AuditEvent-ex-auditBasicReadServer.html)\n- server is FHIR application server defined by ex-device\n- client is an app on myMachine on myMachine\n- user is John Smith\n- patient is ex-patient\n- read resource is ex-list\n- x-request-id is 76d148b6-586d-11ec-bf63-0242ac130002",
        "exampleCanonical": "https://profiles.ihe.net/ITI/basicaudit/StructureDefinition/IHE.BasicAudit.PatientRead"
      },
      {
        "extension": [
          {
            "url": "http://hl7.org/fhir/tools/StructureDefinition/resource-information",
            "valueString": "AuditEvent"
          }
        ],
        "reference": {
          "reference": "AuditEvent/ex-auditBasicReadNoPatient"
        },
        "name": "Server - Audit Example of a basic patient identifiable read",
        "description": "Audit Example for a RESTful read of a resource with no patient subject\n\n- recorded by the server\n- server is FHIR application server defined by ex-device\n- client is an app on myMachine on myMachine\n- user is John Smith\n- read resource is ex-measurereport",
        "exampleCanonical": "https://profiles.ihe.net/ITI/basicaudit/StructureDefinition/IHE.BasicAudit.Read"
      },
      {
        "extension": [
          {
            "url": "http://hl7.org/fhir/tools/StructureDefinition/resource-information",
            "valueString": "AuditEvent"
          }
        ],
        "reference": {
          "reference": "AuditEvent/ex-auditBasicReadNoUser"
        },
        "name": "Server - Audit Example of a basic patient identifiable read with no user",
        "description": "Audit Example for a RESTful read of a resource with a patient subject with no user. This might be a B2B exchange where the OAuth token just identifies the requesting organization.\n\n- recorded by the server\n- server is FHIR application server defined by ex-device\n- client is an app on myMachine on myMachine\n- user is John Smith\n- patient is ex-patient\n- read resource is ex-list\n- x-request-id is c07cf648-f068-4dd9-9411-8e69ca07d525",
        "exampleCanonical": "https://profiles.ihe.net/ITI/basicaudit/StructureDefinition/IHE.BasicAudit.PatientRead"
      },
      {
        "extension": [
          {
            "url": "http://hl7.org/fhir/tools/StructureDefinition/resource-information",
            "valueString": "AuditEvent"
          }
        ],
        "reference": {
          "reference": "AuditEvent/ex-auditBasicReadServer"
        },
        "name": "Server - Audit Example of a basic patient identifiable read",
        "description": "Audit Example for a RESTful read of a resource with a patient subject\n\n- recorded by the server peer [client](AuditEvent-ex-auditBasicReadClient.html)\n- server is FHIR application server defined by ex-device\n- client is an app on myMachine on myMachine\n- user is John Smith\n- patient is ex-patient\n- read resource is ex-list\n- x-request-id is 76d148b6-586d-11ec-bf63-0242ac130002",
        "exampleCanonical": "https://profiles.ihe.net/ITI/basicaudit/StructureDefinition/IHE.BasicAudit.PatientRead"
      },
      {
        "extension": [
          {
            "url": "http://hl7.org/fhir/tools/StructureDefinition/resource-information",
            "valueString": "AuditEvent"
          }
        ],
        "reference": {
          "reference": "AuditEvent/ex-auditBasicUpdate1"
        },
        "name": "Server - Audit Example of a basic patient identifiable Update by the informant",
        "description": "Audit Example for a RESTful Update by the informant of a resource with a patient subject\n\n- recorded by the server\n- server is FHIR application server defined by ex-device defined by ex-device\n- client is an app on myMachine on myMachine\n- user is an Informant Betty Jones\n- patient is ex-patient\n- created resource is ex-list",
        "exampleCanonical": "https://profiles.ihe.net/ITI/basicaudit/StructureDefinition/IHE.BasicAudit.PatientUpdate"
      },
      {
        "extension": [
          {
            "url": "http://hl7.org/fhir/tools/StructureDefinition/resource-information",
            "valueString": "AuditEvent"
          }
        ],
        "reference": {
          "reference": "AuditEvent/ex-auditBasicUpdate2"
        },
        "name": "Server - Audit Example of a basic patient identifiable Update by the custodian",
        "description": "Audit Example for a RESTful Update of a resource with a patient subject, updated by the custodian.\n\n- recorded by the server\n- server is FHIR application server defined by ex-device defined by ex-device\n- client is an app on myMachine on myMachine\n- user is an Custodian Charley Miller\n- patient is ex-patient\n- created resource is ex-list",
        "exampleCanonical": "https://profiles.ihe.net/ITI/basicaudit/StructureDefinition/IHE.BasicAudit.PatientUpdate"
      },
      {
        "extension": [
          {
            "url": "http://hl7.org/fhir/tools/StructureDefinition/resource-information",
            "valueString": "AuditEvent"
          }
        ],
        "reference": {
          "reference": "AuditEvent/ex-auditBasicUpdateNoPatient"
        },
        "name": "Server - Audit Example of a basic Update of a measure report",
        "description": "Audit Example for a RESTful Update of a Measure Report resource. This might be a B2B exchange where the OAuth token just identifies the requesting organization.\n\n- recorded by the server\n- server is FHIR application server defined by ex-device defined by ex-device\n- client is an app on myMachine on myMachine\n- user is John Smith\n- created resource is ex-measurereport",
        "exampleCanonical": "https://profiles.ihe.net/ITI/basicaudit/StructureDefinition/IHE.BasicAudit.Update"
      },
      {
        "extension": [
          {
            "url": "http://hl7.org/fhir/tools/StructureDefinition/resource-information",
            "valueString": "AuditEvent"
          }
        ],
        "reference": {
          "reference": "AuditEvent/ex-auditBasicUpdateNoUser"
        },
        "name": "Server - Audit Example of a basic patient identifiable Update with no user",
        "description": "Audit Example for a RESTful Update of a resource with a patient subject with no user. This might be a B2B exchange where the OAuth token just identifies the requesting organization.\n\n- recorded by the server\n- server is FHIR application server defined by ex-device defined by ex-device\n- client is myMachine\n- patient is ex-patient\n- created resource is ex-list",
        "exampleCanonical": "https://profiles.ihe.net/ITI/basicaudit/StructureDefinition/IHE.BasicAudit.PatientUpdate"
      },
      {
        "extension": [
          {
            "url": "http://hl7.org/fhir/tools/StructureDefinition/resource-information",
            "valueString": "AuditEvent"
          }
        ],
        "reference": {
          "reference": "AuditEvent/ex-auditBasicUpdateNoUserJob"
        },
        "name": "Server - Audit Example of a basic patient identifiable Update of a Job with no user",
        "description": "Audit Example for a RESTful Update of a Job (document) resource with a patient subject with no user. This might be a B2B exchange where the OAuth token just identifies the requesting organization.\n\n- recorded by the server\n- server is FHIR application server defined by ex-device defined by ex-device\n- client is an app on myMachine on myMachine\n- patient is ex-patient\n- created Job is ex-documentreference",
        "exampleCanonical": "https://profiles.ihe.net/ITI/basicaudit/StructureDefinition/IHE.BasicAudit.PatientUpdate"
      },
      {
        "extension": [
          {
            "url": "http://hl7.org/fhir/tools/StructureDefinition/resource-information",
            "valueString": "AuditEvent"
          }
        ],
        "reference": {
          "reference": "AuditEvent/ex-auditBasicUpdateNoUserReport"
        },
        "name": "Server - Audit Example of a basic patient identifiable Update of a Report with no user",
        "description": "Audit Example for a RESTful Update of a Report (document) resource with a patient subject with no user. This might be a B2B exchange where the OAuth token just identifies the requesting organization.\n\n- recorded by the server\n- server is FHIR application server defined by ex-device defined by ex-device\n- client is an app on myMachine on myMachine\n- patient is ex-patient\n- created report is ex-documentreference",
        "exampleCanonical": "https://profiles.ihe.net/ITI/basicaudit/StructureDefinition/IHE.BasicAudit.PatientUpdate"
      },
      {
        "extension": [
          {
            "url": "http://hl7.org/fhir/tools/StructureDefinition/resource-information",
            "valueString": "AuditEvent"
          }
        ],
        "reference": {
          "reference": "AuditEvent/ex-auditFindDocumentLists-consumer"
        },
        "name": "Audit Example of ITI-66 at Consumer",
        "description": "Audit Example for a Find Document Lists Transaction as recorded at the consumer",
        "exampleCanonical": "https://profiles.ihe.net/ITI/basicaudit/StructureDefinition/IHE.BasicAudit.PatientQuery"
      },
      {
        "extension": [
          {
            "url": "http://hl7.org/fhir/tools/StructureDefinition/resource-information",
            "valueString": "AuditEvent"
          }
        ],
        "reference": {
          "reference": "AuditEvent/ex-auditFindDocumentLists-responder"
        },
        "name": "Audit Example of ITI-66 at responder",
        "description": "Audit Example for a Find Document Lists Transaction from responder perspective",
        "exampleCanonical": "https://profiles.ihe.net/ITI/basicaudit/StructureDefinition/IHE.BasicAudit.PatientQuery"
      },
      {
        "extension": [
          {
            "url": "http://hl7.org/fhir/tools/StructureDefinition/resource-information",
            "valueString": "AuditEvent"
          }
        ],
        "reference": {
          "reference": "AuditEvent/ex-auditFindDocumentReferences-consumer"
        },
        "name": "Audit Example of ITI-67 at Consumer",
        "description": "Audit Example for a Find Document References Transaction as recorded at the consumer",
        "exampleCanonical": "https://profiles.ihe.net/ITI/basicaudit/StructureDefinition/IHE.BasicAudit.PatientQuery"
      },
      {
        "extension": [
          {
            "url": "http://hl7.org/fhir/tools/StructureDefinition/resource-information",
            "valueString": "AuditEvent"
          }
        ],
        "reference": {
          "reference": "AuditEvent/ex-auditFindDocumentReferences-post-responder"
        },
        "name": "Audit Example of ITI-67 using POST recorded at responder",
        "description": "Audit Example for a Find Document References Transaction using POST search as recorded at the responder perspective",
        "exampleCanonical": "https://profiles.ihe.net/ITI/basicaudit/StructureDefinition/IHE.BasicAudit.PatientQuery"
      },
      {
        "extension": [
          {
            "url": "http://hl7.org/fhir/tools/StructureDefinition/resource-information",
            "valueString": "AuditEvent"
          }
        ],
        "reference": {
          "reference": "AuditEvent/ex-auditFindDocumentReferences-responder"
        },
        "name": "Audit Example of ITI-67 at responder",
        "description": "Audit Example for a Find Document References Transaction from responder perspective",
        "exampleCanonical": "https://profiles.ihe.net/ITI/basicaudit/StructureDefinition/IHE.BasicAudit.PatientQuery"
      },
      {
        "extension": [
          {
            "url": "http://hl7.org/fhir/tools/StructureDefinition/resource-information",
            "valueString": "AuditEvent"
          }
        ],
        "reference": {
          "reference": "AuditEvent/ex-auditPdqmQuery-consumer"
        },
        "name": "Audit Example of ITI-78 at Consumer",
        "description": "Audit Event for PDQm Query Transaction by the Patient Identifier Cross-reference Consumer\n\nwhere the Query was executed with a GET as follows:\n\n```\nGET https://server.example.com/fhir/Patient?family=MOHR&given=ALICE&active=true&gender=female\nAccept: application/fhir+json; fhirVersion=4.0\n```",
        "exampleCanonical": "https://profiles.ihe.net/ITI/basicaudit/StructureDefinition/IHE.BasicAudit.Query"
      },
      {
        "extension": [
          {
            "url": "http://hl7.org/fhir/tools/StructureDefinition/resource-information",
            "valueString": "AuditEvent"
          }
        ],
        "reference": {
          "reference": "AuditEvent/ex-auditPdqmQuery-supplier"
        },
        "name": "Audit Example of ITI-78 at Supplier",
        "description": "Audit Event for PDQm Query Transaction by the Patient Identifier Cross-reference Supplier\n\nwhere the Query was executed with a GET as follows:\n\n```\nGET https://server.example.com/fhir/Patient?family=MOHR&given=ALICE&active=true&gender=female\nAccept: application/fhir+json; fhirVersion=4.0\n```\n\nNote the Supplier may choose to record patient identities found, but is not required to.\n\nGiven the Supplier chooses to record a patient in the AuditEvent \nWhen the search finds multiple Patients, \nThen the Supplier would create an AuditEvent for each of those Patients. \n\nThis example shows where ex-patient is returned. This single result does not affect the response returned on the ITI-78 that would include all results.",
        "exampleCanonical": "https://profiles.ihe.net/ITI/basicaudit/StructureDefinition/IHE.BasicAudit.PatientQuery"
      },
      {
        "extension": [
          {
            "url": "http://hl7.org/fhir/tools/StructureDefinition/resource-information",
            "valueString": "AuditEvent"
          }
        ],
        "reference": {
          "reference": "AuditEvent/ex-auditPixmQuery-consumer"
        },
        "name": "Audit Example of ITI-83 at Consumer",
        "description": "Audit Event for PIXm Query Transaction ITI-83 by the Patient Identifier Cross-reference Consumer",
        "exampleCanonical": "https://profiles.ihe.net/ITI/basicaudit/StructureDefinition/IHE.BasicAudit.PatientQuery"
      },
      {
        "extension": [
          {
            "url": "http://hl7.org/fhir/tools/StructureDefinition/resource-information",
            "valueString": "AuditEvent"
          }
        ],
        "reference": {
          "reference": "AuditEvent/ex-auditPixmQuery-manager"
        },
        "name": "Audit Example of ITI-83 at Manager",
        "description": "Audit Event for PIXm Query Transaction ITI-83 by the Patient Identifier Cross-reference Manager",
        "exampleCanonical": "https://profiles.ihe.net/ITI/basicaudit/StructureDefinition/IHE.BasicAudit.PatientQuery"
      },
      {
        "extension": [
          {
            "url": "http://hl7.org/fhir/tools/StructureDefinition/resource-information",
            "valueString": "AuditEvent"
          }
        ],
        "reference": {
          "reference": "AuditEvent/ex-auditPoke-SAML-Comp"
        },
        "name": "Audit Example of a basic SAML access token of comprehensive",
        "description": "Example AuditEvent showing just the comprehensive SAML access token. The event being recorded is a theoretical **poke** (not intended to represent anything useful).\n\nComprehensive is different than Minimal in that it presumes that when the AuditEvent is used, the appropriate use of the AuditEvent does not have access to the SAML Idenity Provider (IDP), or that the IDP may have forgotten about the issued ID.\n\n**Builds upon the Minimal**\n\nSAML field | example value |\n-----|-----|\nSubject.NameID  | \"05086900124\" \nIssuer | \"https://sts.sykehuspartner.no\" \nID | \"XC4WdYS0W5bjsMGc5Ue6tClD_5U\" \npurposeOfUse | \"http://terminology.hl7.org/CodeSystem/v3-ActReason#PATRQT\"\nassurance | authenticated AAL 4\n~subject:subject-id          | \"JohnDoe\"\n~subject:npi                 | \"1234567@myNPIregistry.example.org\"\n~subject:provider-identifier | \"JohnD\"\n~subject:organization        | \"St. Mary of Examples\"\n~subject:organization-id     | \"1234567@myOrganizationRegistry.example.org\"\n~bppc:2007:docid             | \"urn:uuid:a4b1d27e-5493-11ec-bf63-0242ac130002\" \n~xua:2012:acp                | \"urn:uuid:b8aa8eec-5493-11ec-bf63-0242ac130002\"\n~homeCommunityId             | \"urn:uuid:cadbf8d0-5493-11ec-bf63-0242ac130002\" \n~resource:resource-id        | \"urn:uuid:d7391e5a-5493-11ec-bf63-0242ac130002\"",
        "exampleCanonical": "https://profiles.ihe.net/ITI/basicaudit/StructureDefinition/IHE.BasicAudit.SAMLaccessTokenUse.Comprehensive"
      },
      {
        "extension": [
          {
            "url": "http://hl7.org/fhir/tools/StructureDefinition/resource-information",
            "valueString": "AuditEvent"
          }
        ],
        "reference": {
          "reference": "AuditEvent/ex-auditPoke-SAML-Min"
        },
        "name": "Audit Example of a basic SAML access token of minimal",
        "description": "Example AuditEvent showing just the minimal SAML access token. The event being recorded is a theoretical **poke** (not intended to represent anything useful).\n\nMinimal only records the SAML assertion id, issuer, and subject. Minimal may record roles and purposeOfUse if known. Minimal presumes you have access to the SAML Identity Provider (IDP) to reverse lookup given this information.\n\nSAML field | example value |\n-----|-----|\nSubject.NameID  | \"05086900124\" \nIssuer | \"https://sts.sykehuspartner.no\" \nID | \"XC4WdYS0W5bjsMGc5Ue6tClD_5U\"",
        "exampleCanonical": "https://profiles.ihe.net/ITI/basicaudit/StructureDefinition/IHE.BasicAudit.SAMLaccessTokenUse.Minimal"
      },
      {
        "extension": [
          {
            "url": "http://hl7.org/fhir/tools/StructureDefinition/resource-information",
            "valueString": "AuditEvent"
          }
        ],
        "reference": {
          "reference": "AuditEvent/ex-auditPoke-SAML-Min2"
        },
        "name": "Audit Example of a basic SAML access token of minimal with multiple PurposeOfUse",
        "description": "Example AuditEvent showing just the minimal SAML access token. The event being recorded is a theoretical **poke** (not intended to represent anything useful).\n\nMinimal only records the SAML assertion id, issuer, and subject. Minimal may record roles and purposeOfUse if known. Minimal presumes you have access to the SAML Identity Provider (IDP) to reverse lookup given this information.\n\nSAML field | example value |\n-----|-----|\nSubject.NameID  | \"JoeL\" \nIssuer | \"https://carequality.org\" \nID | \"_5a6b51b7-cd3e-4629-aac8-9846cbc3cf84\" \n~purposeOfUse | http://terminology.hl7.org/CodeSystem/v3-ActReason, TREAT\n~purposeOfUse | http://terminology.hl7.org/CodeSystem/v3-ActReason, ETREAT\n~purposeOfUse | http://terminology.hl7.org/CodeSystem/v3-ActReason, HPAYMT\n~purposeOfUse | http://terminology.hl7.org/CodeSystem/v3-ActReason, HOPERAT",
        "exampleCanonical": "https://profiles.ihe.net/ITI/basicaudit/StructureDefinition/IHE.BasicAudit.SAMLaccessTokenUse.Minimal"
      },
      {
        "extension": [
          {
            "url": "http://hl7.org/fhir/tools/StructureDefinition/resource-information",
            "valueString": "AuditEvent"
          }
        ],
        "reference": {
          "reference": "AuditEvent/ex-auditPoke-SAML-QDI-Comp"
        },
        "name": "Audit Example of a basic SAML access token of comprehensive from QDI sample",
        "description": "Example AuditEvent showing QDI sample with just the comprehensive SAML access token. The event being recorded is a theoretical **poke** (not intended to represent anything useful).\n\nSAML | example value |\n-----|-----|\nSubject.NameID  | \"UID=kskagerb\" \nIssuer | \"CN=John Miller,OU=Harris,O=HITS,L=Melbourne,ST=FL,C=US\" \nID | \"_d87f8adf-711a-4545-bf77-ff8517b498e4\" \nsubject-id | \"Karl S Skagerberg\"\nsubject:organization | \"connectred5.fedsconnect.org\"\nsubject:organization-id | \"urn:oid:2.16.840.1.113883.3.333\"\nhomeCommunityId | \"urn:oid:2.16.840.1.113883.3.333\"\nsubject:role | \"2.16.840.1.113883.6.96#307969004\"\npurposofuse | \"2.16.840.1.113883.3.18.7.1#PUBLICHEALTH\"\nresource-id | \"500000000^^^&amp;2.16.840.1.113883.3.333&amp;ISO\"\nAuthzDecisionStatement | nesting\n.AccessConsentPolicy | \"urn:oid:1.2.3.4\"\n.InstanceAccessConsentPolicy | \"urn:oid:1.2.3.4.123456789\"\nAuthnContextClassRef | \"urn:oasis:names:tc:SAML:2.0:ac:classes:X509\"",
        "exampleCanonical": "https://profiles.ihe.net/ITI/basicaudit/StructureDefinition/IHE.BasicAudit.SAMLaccessTokenUse.Comprehensive"
      },
      {
        "extension": [
          {
            "url": "http://hl7.org/fhir/tools/StructureDefinition/resource-information",
            "valueString": "AuditEvent"
          }
        ],
        "reference": {
          "reference": "AuditEvent/ex-auditPoke-SAML-QDI-Min"
        },
        "name": "Audit Example of a basic SAML access token of minimal from QDI sample",
        "description": "Example AuditEvent showing QDI sample with just the minimal SAML access token. The event being recorded is a theoretical **poke** (not intended to represent anything useful).\n\nMinimal only records the SAML assertion id, issuer, and subject. Minimal may record roles and purposeOfUse if known. Minimal presumes you have access to the SAML Identity Provider (IDP) to reverse lookup given this information.\n\nSAML field | example value |\n-----|-----|\nSubject.NameID  | \"UID=kskagerb\" \nIssuer | \"CN=John Miller,OU=Harris,O=HITS,L=Melbourne,ST=FL,C=US\" \nID | \"_d87f8adf-711a-4545-bf77-ff8517b498e4\" \nsubject-id | \"Karl S Skagerberg\"\nsubject:organization | \"connectred5.fedsconnect.org\"\nsubject:organization-id | \"urn:oid:2.16.840.1.113883.3.333\"\nhomeCommunityId | \"urn:oid:2.16.840.1.113883.3.333\"\nsubject:role | \"2.16.840.1.113883.6.96#307969004\"\npurposofuse | \"2.16.840.1.113883.3.18.7.1#PUBLICHEALTH\"\nresource-id | \"500000000^^^&amp;2.16.840.1.113883.3.333&amp;ISO\"\nAuthzDecisionStatement | nesting\n.AccessConsentPolicy | \"urn:oid:1.2.3.4\"\n.InstanceAccessConsentPolicy | \"urn:oid:1.2.3.4.123456789\"\nAuthnContextClassRef | \"urn:oasis:names:tc:SAML:2.0:ac:classes:X509\"",
        "exampleCanonical": "https://profiles.ihe.net/ITI/basicaudit/StructureDefinition/IHE.BasicAudit.SAMLaccessTokenUse.Minimal"
      },
      {
        "extension": [
          {
            "url": "http://hl7.org/fhir/tools/StructureDefinition/resource-information",
            "valueString": "AuditEvent"
          }
        ],
        "reference": {
          "reference": "AuditEvent/ex-auditPrivacyDisclosure-recipient"
        },
        "name": "Audit Example of Privacy Disclosure at recipient",
        "description": "Audit Example for a Privacy Disclosure as recorded at the recipient",
        "exampleCanonical": "https://profiles.ihe.net/ITI/basicaudit/StructureDefinition/IHE.BasicAudit.PrivacyDisclosure.Recipient"
      },
      {
        "extension": [
          {
            "url": "http://hl7.org/fhir/tools/StructureDefinition/resource-information",
            "valueString": "AuditEvent"
          }
        ],
        "reference": {
          "reference": "AuditEvent/ex-auditPrivacyDisclosure-source"
        },
        "name": "Audit Example of Privacy Disclosure at source",
        "description": "Audit Example for a Privacy Disclosure from source perspective",
        "exampleCanonical": "https://profiles.ihe.net/ITI/basicaudit/StructureDefinition/IHE.BasicAudit.PrivacyDisclosure.Source"
      },
      {
        "extension": [
          {
            "url": "http://hl7.org/fhir/tools/StructureDefinition/resource-information",
            "valueString": "AuditEvent"
          }
        ],
        "reference": {
          "reference": "AuditEvent/ex-auditRetrieveDocument-consumer"
        },
        "name": "Audit Example of ITI-68 at consumer",
        "description": "Audit Example for a Retrieve Document Transaction as recorded at the consumer",
        "exampleCanonical": "https://profiles.ihe.net/ITI/basicaudit/StructureDefinition/IHE.BasicAudit.PatientRead"
      },
      {
        "extension": [
          {
            "url": "http://hl7.org/fhir/tools/StructureDefinition/resource-information",
            "valueString": "AuditEvent"
          }
        ],
        "reference": {
          "reference": "AuditEvent/ex-auditRetrieveDocument-responder"
        },
        "name": "Audit Example of ITI-68 at responder",
        "description": "Audit Example for a Retrieve Document Transaction from responder perspective",
        "exampleCanonical": "https://profiles.ihe.net/ITI/basicaudit/StructureDefinition/IHE.BasicAudit.PatientRead"
      },
      {
        "extension": [
          {
            "url": "http://hl7.org/fhir/tools/StructureDefinition/resource-information",
            "valueString": "Device"
          }
        ],
        "reference": {
          "reference": "Device/ex-authz"
        },
        "name": "Dummy Device authorization service example",
        "description": "Dummy Device authorization service example for completeness sake. No actual use of this resource other than an example target",
        "exampleBoolean": true
      },
      {
        "extension": [
          {
            "url": "http://hl7.org/fhir/tools/StructureDefinition/resource-information",
            "valueString": "Binary"
          }
        ],
        "reference": {
          "reference": "Binary/ex-b-binary"
        },
        "name": "Example document that says: Hello World",
        "description": "Dummy Binary that just says Hello World",
        "exampleBoolean": true
      },
      {
        "extension": [
          {
            "url": "http://hl7.org/fhir/tools/StructureDefinition/resource-information",
            "valueString": "Consent"
          }
        ],
        "reference": {
          "reference": "Consent/ex-consent"
        },
        "name": "Dummy Consent example",
        "description": "Dummy Consent example for completeness sake. No actual use of this resource other than an example target",
        "exampleBoolean": true
      },
      {
        "extension": [
          {
            "url": "http://hl7.org/fhir/tools/StructureDefinition/resource-information",
            "valueString": "Device"
          }
        ],
        "reference": {
          "reference": "Device/ex-device"
        },
        "name": "Dummy Device example",
        "description": "Dummy Device example for completeness sake. No actual use of this resource other than an example target",
        "exampleBoolean": true
      },
      {
        "extension": [
          {
            "url": "http://hl7.org/fhir/tools/StructureDefinition/resource-information",
            "valueString": "DocumentReference"
          }
        ],
        "reference": {
          "reference": "DocumentReference/ex-documentreference"
        },
        "name": "Dummy DocumentReference example",
        "description": "Dummy DocumentReference example for completeness sake. No actual use of this resource other than an example target",
        "exampleBoolean": true
      },
      {
        "extension": [
          {
            "url": "http://hl7.org/fhir/tools/StructureDefinition/resource-information",
            "valueString": "DocumentReference"
          }
        ],
        "reference": {
          "reference": "DocumentReference/ex-documentreference2"
        },
        "name": "Dummy DocumentReference 2 example",
        "description": "Dummy DocumentReference 2 example for completeness sake. No actual use of this resource other than an example target",
        "exampleBoolean": true
      },
      {
        "extension": [
          {
            "url": "http://hl7.org/fhir/tools/StructureDefinition/resource-information",
            "valueString": "List"
          }
        ],
        "reference": {
          "reference": "List/ex-list"
        },
        "name": "Dummy List example",
        "description": "Dummy List example for completeness sake. No actual use of this resource other than an example target",
        "exampleBoolean": true
      },
      {
        "extension": [
          {
            "url": "http://hl7.org/fhir/tools/StructureDefinition/resource-information",
            "valueString": "MeasureReport"
          }
        ],
        "reference": {
          "reference": "MeasureReport/ex-measurereport"
        },
        "name": "Dummy MeasureReport example",
        "description": "Dummy MeasureReport example for completeness sake. No actual use of this resource other than an example target that is NOT patient specific.",
        "exampleBoolean": true
      },
      {
        "extension": [
          {
            "url": "http://hl7.org/fhir/tools/StructureDefinition/resource-information",
            "valueString": "Organization"
          }
        ],
        "reference": {
          "reference": "Organization/ex-organization"
        },
        "name": "Dummy Organization example",
        "description": "Dummy Organization example for completeness sake. No actual use of this resource other than an example target",
        "exampleBoolean": true
      },
      {
        "extension": [
          {
            "url": "http://hl7.org/fhir/tools/StructureDefinition/resource-information",
            "valueString": "Patient"
          }
        ],
        "reference": {
          "reference": "Patient/ex-patient"
        },
        "name": "Dummy Patient example",
        "description": "Dummy patient example for completeness sake. No actual use of this resource other than an example target",
        "exampleBoolean": true
      },
      {
        "extension": [
          {
            "url": "http://hl7.org/fhir/tools/StructureDefinition/resource-information",
            "valueString": "Practitioner"
          }
        ],
        "reference": {
          "reference": "Practitioner/ex-practitioner"
        },
        "name": "Dummy Practitioner example",
        "description": "Dummy Practitioner example for completeness sake. No actual use of this resource other than an example target",
        "exampleBoolean": true
      }
    ],
    "page": {
      "nameUrl": "toc.html",
      "title": "Table of Contents",
      "generation": "html",
      "page": [
        {
          "nameUrl": "index.html",
          "title": "Basic Audit",
          "generation": "markdown"
        },
        {
          "nameUrl": "volume-1.html",
          "title": "1:52 Basic Audit",
          "generation": "markdown"
        },
        {
          "nameUrl": "content.html",
          "title": "3:5.7 Basic Audit Log Patterns",
          "generation": "markdown"
        },
        {
          "nameUrl": "testplan.html",
          "title": "BasicAudit Test Plan",
          "generation": "markdown"
        },
        {
          "nameUrl": "issues.html",
          "title": "BasicAudit Open and Closed issues",
          "generation": "markdown"
        },
        {
          "nameUrl": "other.html",
          "title": "Changes to Other Profiles",
          "generation": "markdown"
        }
      ]
    },
    "parameter": [
      {
        "code": "path-resource",
        "value": "fsh-generated/resources"
      },
      {
        "code": "path-resource",
        "value": "input/capabilities"
      },
      {
        "code": "path-resource",
        "value": "input/examples"
      },
      {
        "code": "path-resource",
        "value": "input/extensions"
      },
      {
        "code": "path-resource",
        "value": "input/models"
      },
      {
        "code": "path-resource",
        "value": "input/operations"
      },
      {
        "code": "path-resource",
        "value": "input/profiles"
      },
      {
        "code": "path-resource",
        "value": "input/resources"
      },
      {
        "code": "path-resource",
        "value": "input/vocabulary"
      },
      {
        "code": "path-resource",
        "value": "input/testing"
      },
      {
        "code": "path-resource",
        "value": "input/history"
      },
      {
        "code": "path-pages",
        "value": "template/config"
      },
      {
        "code": "path-pages",
        "value": "input/images"
      },
      {
        "code": "path-tx-cache",
        "value": "input-cache/txcache"
      }
    ]
  }
}