<?xml version="1.0" encoding="UTF-8"?>

<ValueSet xmlns="http://hl7.org/fhir">
  <id value="imaging-study-endpoint-payloadtype-vs"/>
  <text>
    <status value="generated"/><div xmlns="http://www.w3.org/1999/xhtml"><ul><li>Include these codes as defined in <a href="http://dicom.nema.org/resources/ontology/DCM"><code>http://dicom.nema.org/resources/ontology/DCM</code></a><table class="none"><tr><td style="white-space:nowrap"><b>Code</b></td><td><b>Display</b></td></tr><tr><td>113014</td><td>Study</td></tr></table></li></ul></div>
  </text>
  <url value="https://profiles.ihe.net/RAD/IMR/ValueSet/imaging-study-endpoint-payloadtype-vs"/>
  <version value="1.0.0"/>
  <name value="ImagingStudyEndpointPayloadTypeVS"/>
  <title value="Imaging Study Endpoint PayloadType Value Set"/>
  <status value="active"/>
  <date value="2022-07-25T14:37:29-05:00"/>
  <publisher value="IHE Radiology Technical Committee"/>
  <contact>
    <telecom>
      <system value="url"/>
      <value value="https://www.ihe.net/ihe_domains/radiology/"/>
    </telecom>
  </contact>
  <contact>
    <telecom>
      <system value="email"/>
      <value value="radiology@ihe.net"/>
    </telecom>
  </contact>
  <contact>
    <name value="IHE Radiology Technical Committee"/>
    <telecom>
      <system value="email"/>
      <value value="radiology@ihe.net"/>
    </telecom>
  </contact>
  <description value="Codes representing the applicable endpoint payloadType to retrieve a study."/>
  <jurisdiction>
    <coding>
      <system value="http://unstats.un.org/unsd/methods/m49/m49.htm"/>
      <code value="001"/>
    </coding>
  </jurisdiction>
  <compose>
    <include>
      <system value="http://dicom.nema.org/resources/ontology/DCM"/>
      <concept>
        <code value="113014"/>
        <display value="Study"/>
      </concept>
    </include>
  </compose>
</ValueSet>