<?xml version="1.0" encoding="UTF-8"?><CapabilityStatement xmlns="http://hl7.org/fhir"><id value="IHE.MHD.DocumentSource.Fdoc"/><text><status value="extensions"/><div xmlns="http://www.w3.org/1999/xhtml"><h2 id="title">Document Source (publisher) implementing ITI-65 FHIR Documents Publish Option</h2><ul><li>Implementation Guide Version: 4.2.2 </li><li>FHIR Version: 4.0.1 </li><li>Supported Formats: <code>application/fhir+xml</code>, <code>application/fhir+json</code></li><li>Supported Patch Formats: </li><li>Published on: 2024-05-18 12:31:54-0500 </li><li>Published by: IHE IT Infrastructure Technical Committee </li></ul><blockquote class="impl-note"><p><strong>Note to Implementers: FHIR Capabilities</strong></p><p>Any FHIR capability may be 'allowed' by the system unless explicitly marked as &quot;SHALL NOT&quot;. A few items are marked as MAY in the Implementation Guide to highlight their potential relevance to the use case.</p></blockquote><h2 id="rest">FHIR RESTful Capabilities</h2><div class="panel panel-default"><div class="panel-heading"><h3 id="mode1" class="panel-title">Mode: <code>client</code></h3></div><div class="panel-body"><div class="lead"><em>Security</em></div><blockquote><div><p>Recommend <a href="https://profiles.ihe.net/ITI/TF/Volume1/ch-9.html">ATNA</a>, encouraged <a href="https://profiles.ihe.net/ITI/IUA/index.html">IHE-IUA</a> or SMART-on-FHIR</p>
</div></blockquote><div class="lead"><em>Summary of System-wide Interactions</em></div><ul><li>Supports the <code>transaction</code>interaction described as follows:<div><p>https://profiles.ihe.net/ITI/MHD/StructureDefinition/IHE.MHD.Minimal.ProvideBundle</p>
</div></li><li>Supports the <code>transaction</code>interaction described as follows:<div><p>https://profiles.ihe.net/ITI/MHD/StructureDefinition/IHE.MHD.UnContained.Comprehensive.ProvideBundle</p>
</div></li><li>Supports the <code>transaction</code>interaction described as follows:<div><p>https://profiles.ihe.net/ITI/MHD/StructureDefinition/IHE.MHD.Comprehensive.ProvideBundle</p>
</div></li></ul></div></div></div></text><url value="https://profiles.ihe.net/ITI/MHD/CapabilityStatement/IHE.MHD.DocumentSource.Fdoc"/><version value="4.2.2"/><name value="IHE_MHD_DocumentSource_Fdoc"/><title value="Document Source (publisher) implementing ITI-65 FHIR Documents Publish Option"/><status value="active"/><experimental value="false"/><date value="2024-05-18T12:31:54-05:00"/><publisher value="IHE IT Infrastructure Technical Committee"/><contact><telecom><system value="url"/><value value="https://www.ihe.net/ihe_domains/it_infrastructure/"/></telecom></contact><contact><telecom><system value="email"/><value value="iti@ihe.net"/></telecom></contact><contact><name value="IHE IT Infrastructure Technical Committee"/><telecom><system value="email"/><value value="iti@ihe.net"/></telecom></contact><description value="IHE ITI Mobile access to Health Documents (MHD) - Document Source (publisher) - with ITI-65 FHIR Documents Publish Option."/><jurisdiction><coding><system value="http://unstats.un.org/unsd/methods/m49/m49.htm"/><code value="001"/></coding></jurisdiction><kind value="requirements"/><fhirVersion value="4.0.1"/><format value="application/fhir+xml"/><format value="application/fhir+json"/><rest><mode value="client"/><security><description value="Recommend [ATNA](https://profiles.ihe.net/ITI/TF/Volume1/ch-9.html), encouraged [IHE-IUA](https://profiles.ihe.net/ITI/IUA/index.html) or SMART-on-FHIR"/></security><interaction><code value="transaction"/><documentation value="https://profiles.ihe.net/ITI/MHD/StructureDefinition/IHE.MHD.Minimal.ProvideBundle"/></interaction><interaction><code value="transaction"/><documentation value="https://profiles.ihe.net/ITI/MHD/StructureDefinition/IHE.MHD.UnContained.Comprehensive.ProvideBundle"/></interaction><interaction><code value="transaction"/><documentation value="https://profiles.ihe.net/ITI/MHD/StructureDefinition/IHE.MHD.Comprehensive.ProvideBundle"/></interaction></rest></CapabilityStatement>