<?xml version="1.0" encoding="UTF-8"?>

<Bundle xmlns="http://hl7.org/fhir">
  <id value="08b38db4-13c1-48a3-ab50-80104d6dd66a"/>
  <type value="message"/>
  <timestamp value="2021-03-03T16:56:18.995083-05:00"/>
  <entry>
    <fullUrl value="urn:uuid:2a33c795-c064-4e47-9ea9-f246450c0551"/>
    <resource>
      <MessageHeader>
        <id value="2a33c795-c064-4e47-9ea9-f246450c0551"/>
        <text>
          <status value="generated"/><div xmlns="http://www.w3.org/1999/xhtml"><a name="MessageHeader_2a33c795-c064-4e47-9ea9-f246450c0551"> </a><p class="res-header-id"><b>Generated Narrative: MessageHeader 2a33c795-c064-4e47-9ea9-f246450c0551</b></p><a name="2a33c795-c064-4e47-9ea9-f246450c0551"> </a><a name="hc2a33c795-c064-4e47-9ea9-f246450c0551"> </a><p><b>event</b>: urn:ihe:iti:pmir:2019:patient-feed</p><h3>Sources</h3><table class="grid"><tr><td style="display: none">-</td><td><b>Endpoint</b></td></tr><tr><td style="display: none">*</td><td><a href="http://172-223-006-088.res.spectrum.com:18035/PatientIdentityManager/fhir">http://172-223-006-088.res.spectrum.com:18035/PatientIdentityManager/fhir</a></td></tr></table><h3>Responses</h3><table class="grid"><tr><td style="display: none">-</td><td><b>Identifier</b></td><td><b>Code</b></td></tr><tr><td style="display: none">*</td><td>76354729-8458-434c-ace5-007e6ff32464</td><td>OK</td></tr></table><p><b>focus</b>: <a href="Bundle-08b38db4-13c1-48a3-ab50-80104d6dd66a.html#urn-uuid-52670f39-60d4-414b-9823-7b7ca043c3f3">Bundle: type = history; timestamp = 2021-03-03 16:56:19-0500</a></p></div>
        </text>
        <eventUri value="urn:ihe:iti:pmir:2019:patient-feed"/>
        <source>
          <endpoint value="http://172-223-006-088.res.spectrum.com:18035/PatientIdentityManager/fhir"/>
        </source>
        <response>
          <identifier value="76354729-8458-434c-ace5-007e6ff32464"/>
          <code value="ok"/>
        </response>
        <focus>
          <reference value="urn:uuid:52670f39-60d4-414b-9823-7b7ca043c3f3"/>
        </focus>
      </MessageHeader>
    </resource>
  </entry>
  <entry>
    <fullUrl value="urn:uuid:52670f39-60d4-414b-9823-7b7ca043c3f3"/>
    <resource>
      <Bundle>
        <id value="546b18fa-95c6-4471-9ba2-fee6b09c46b2"/>
        <type value="history"/>
        <timestamp value="2021-03-03T16:56:19.0000825-05:00"/>
        <entry>
          <fullUrl value="http://172-223-006-088.res.spectrum.com:18035/PatientIdentityManager/fhir/Patient/8a940348-6b7c-eb11-95e7-d067e54cbc0c"/>
          <resource>
            <Patient>
              <id value="8a940348-6b7c-eb11-95e7-d067e54cbc0c"/>
              <meta>
                <lastUpdated value="2021-03-03T16:56:18.573-05:00"/>
              </meta>
              <text>
                <status value="additional"/><div xmlns="http://www.w3.org/1999/xhtml">Connectathon Example Patient</div>
              </text>
              <identifier>
                <use value="usual"/>
                <system value="urn:oid:1.3.6.1.4.1.21367.13.20.308"/>
                <value value="Child"/>
                <assigner>
                  <display value="TIE5"/>
                </assigner>
              </identifier>
              <active value="true"/>
              <name>
                <use value="official"/>
                <family value="TIANI-SPIRIT"/>
                <given value="CHILD"/>
              </name>
              <gender value="male"/>
              <birthDate value="2021-03-03"/>
            </Patient>
          </resource>
          <request>
            <method value="POST"/>
            <url value="Patient/cb80f151-8209-46b8-87e8-b0c20186b654"/>
          </request>
          <response>
            <status value="201"/>
            <location value="Patient/8a940348-6b7c-eb11-95e7-d067e54cbc0c"/>
          </response>
        </entry>
      </Bundle>
    </resource>
  </entry>
</Bundle>