<?xml version="1.0" encoding="UTF-8"?>

<CapabilityStatement xmlns="http://hl7.org/fhir">
  <id value="IHE.PMIR.PatientIdentityConsumer"/>
  <text>
    <status value="extensions"/><div xmlns="http://www.w3.org/1999/xhtml"><p class="res-header-id"><b>Generated Narrative: CapabilityStatement IHE.PMIR.PatientIdentityConsumer</b></p><a name="IHE.PMIR.PatientIdentityConsumer"> </a><a name="hcIHE.PMIR.PatientIdentityConsumer"> </a><h2 id="title">IHE PMIR Patient Identity Consumer</h2><ul><li>Implementation Guide Version: 1.6.0 </li><li>FHIR Version: 4.0.1 </li><li>Supported Formats: <code>application/fhir+xml</code>, <code>application/fhir+json</code></li><li>Published on: 2022-10-27 </li><li>Published by: IHE IT Infrastructure Technical Committee </li></ul><blockquote class="impl-note"><p><strong>Note to Implementers: FHIR Capabilities</strong></p><p>Any FHIR capability may be 'allowed' by the system unless explicitly marked as 'SHALL NOT'. A few items are marked as MAY in the Implementation Guide to highlight their potential relevance to the use case.</p></blockquote><h2 id="messaging">FHIR Messaging Capabilities</h2><div class="panel panel-default"><div class="panel-heading"><h3 id="messaging_1" class="panel-title">Messaging Capability</h3></div><div class="panel-body"><h4 id="msg_sm_1">Supported Message(s)</h4><table class="table table-condensed table-hover"><thead><tr><th>Mode</th><th>Definition</th></tr></thead><tbody><tr><td>receiver</td><td><a href="MessageDefinition-IHE.PMIR.MessageDefinition.html">PMIR Mobile Patient Identity Feed [ITI-93] MessageDefinition</a></td></tr></tbody></table><span class="lead">Documentation</span><blockquote><div><p>For Mobile Patient Identity Feed [ITI-93]</p>
</div></blockquote><br/></div></div></div>
  </text>
  <url value="https://profiles.ihe.net/ITI/PMIR/CapabilityStatement/IHE.PMIR.PatientIdentityConsumer"/>
  <version value="1.6.0"/>
  <name value="IHE_PMIR_PatientIdentityConsumer"/>
  <title value="IHE PMIR Patient Identity Consumer"/>
  <status value="active"/>
  <experimental value="false"/>
  <date value="2022-10-27"/>
  <publisher value="IHE IT Infrastructure Technical Committee"/>
  <contact>
    <telecom>
      <system value="url"/>
      <value value="https://www.ihe.net/ihe_domains/it_infrastructure/"/>
    </telecom>
  </contact>
  <contact>
    <telecom>
      <system value="email"/>
      <value value="iti@ihe.net"/>
    </telecom>
  </contact>
  <contact>
    <name value="IHE IT Infrastructure Technical Committee"/>
    <telecom>
      <system value="email"/>
      <value value="iti@ihe.net"/>
    </telecom>
  </contact>
  <description value="CapabilityStatement for Patient Identity Consumer Actor in the IHE IT Infrastructure Technical Framework Supplement [IHE PMIR](index.html)."/>
  <jurisdiction>
    <coding>
      <system value="http://unstats.un.org/unsd/methods/m49/m49.htm"/>
      <code value="001"/>
    </coding>
  </jurisdiction>
  <kind value="requirements"/>
  <fhirVersion value="4.0.1"/>
  <format value="application/fhir+xml"/>
  <format value="application/fhir+json"/>
  <messaging>
    <documentation value="For Mobile Patient Identity Feed [ITI-93]"/>
    <supportedMessage>
      <mode value="receiver"/>
      <definition value="https://profiles.ihe.net/ITI/PMIR/MessageDefinition/IHE.PMIR.MessageDefinition"/>
    </supportedMessage>
  </messaging>
</CapabilityStatement>