{
  "resourceType": "MessageDefinition",
  "id": "IHE.PMIR.MessageDefinition.Response",
  "text": {
    "status": "generated",
    "div": "<div xmlns=\"http://www.w3.org/1999/xhtml\"><p><b>Generated Narrative: MessageDefinition</b></p><div style=\"display: inline-block; background-color: #d9e0e7; padding: 6px; margin: 4px; border: 1px solid #8da1b4; border-radius: 5px; line-height: 60%\"><p style=\"margin-bottom: 0px\">Resource MessageDefinition \"IHE.PMIR.MessageDefinition.Response\" </p></div><p><b>url</b>: <code>https://profiles.ihe.net/ITI/PMIR/MessageDefinition/IHE.PMIR.MessageDefinition.Response</code></p><p><b>version</b>: 1.5.0</p><p><b>name</b>: IHE_PMIR_MessageDefinition_Response</p><p><b>status</b>: active</p><p><b>date</b>: 2022-03-31</p><p><b>publisher</b>: IHE IT Infrastructure Technical Committee</p><p><b>contact</b>: <a href=\"https://www.ihe.net/ihe_domains/it_infrastructure/\">https://www.ihe.net/ihe_domains/it_infrastructure/</a>, <a href=\"mailto:iti@ihe.net\">iti@ihe.net</a>, IHE IT Infrastructure Technical Committee: <a href=\"mailto:iti@ihe.net\">iti@ihe.net</a></p><p><b>jurisdiction</b>: World <span style=\"background: LightGoldenRodYellow; margin: 4px; border: 1px solid khaki\"> (m49.htm#001)</span></p><p><b>event</b>: <code>urn:ihe:iti:pmir:2019:patient-feed-response</code></p></div>"
  },
  "url": "https://profiles.ihe.net/ITI/PMIR/MessageDefinition/IHE.PMIR.MessageDefinition.Response",
  "version": "1.5.0",
  "name": "IHE_PMIR_MessageDefinition_Response",
  "status": "active",
  "date": "2022-03-31",
  "publisher": "IHE IT Infrastructure Technical Committee",
  "contact": [
    {
      "telecom": [
        {
          "system": "url",
          "value": "https://www.ihe.net/ihe_domains/it_infrastructure/"
        }
      ]
    },
    {
      "telecom": [
        {
          "system": "email",
          "value": "iti@ihe.net"
        }
      ]
    },
    {
      "name": "IHE IT Infrastructure Technical Committee",
      "telecom": [
        {
          "system": "email",
          "value": "iti@ihe.net"
        }
      ]
    }
  ],
  "jurisdiction": [
    {
      "coding": [
        {
          "system": "http://unstats.un.org/unsd/methods/m49/m49.htm",
          "code": "001"
        }
      ]
    }
  ],
  "eventUri": "urn:ihe:iti:pmir:2019:patient-feed-response"
}