{
  "resourceType" : "Bundle",
  "id" : "1fdea7c4-cdfa-4717-84d8-8240bdec783e",
  "meta" : {
    "lastUpdated" : "2022-02-24T16:55:53.370-06:00"
  },
  "type" : "collection",
  "entry" : [{
    "fullUrl" : "http://ihe.net/fhir/ihe.formatcode.fhir/ValueSet/formatcode",
    "resource" : {
      "resourceType" : "ValueSet",
      "id" : "formatcode",
      "text" : {
        "status" : "generated",
        "div" : "<div xmlns=\"http://www.w3.org/1999/xhtml\"><p>This value set contains 85 concepts</p><div style=\"border: black 1px dotted; background-color: #EEEEEE; padding: 8px; margin-bottom: 8px\"><p>Expansion based on: </p><ul><li>http://terminology.hl7.org/CodeSystem/hl7-document-format-codes version 1.0.0</li><li><a href=\"CodeSystem-formatcode.html\">IHE Format Code set for use with Document Sharing v1.1.0 (CodeSystem)</a></li></ul></div><table class=\"codes\"><tr><td style=\"white-space:nowrap\"><b>Code</b></td><td><b>System</b></td><td><b>Display</b></td><td><b>Definition</b></td></tr><tr><td style=\"white-space:nowrap\"><a name=\"http---ihe.net-fhir-ihe.formatcode.fhir-CodeSystem-formatcode-urn-ihe-pcc-xphr-2007\"> </a><a href=\"CodeSystem-formatcode.html#formatcode-urn.58ihe.58pcc.58xphr.582007\">urn:ihe:pcc:xphr:2007</a></td><td>http://ihe.net/fhir/ihe.formatcode.fhir/CodeSystem/formatcode</td><td>PCC XPHR</td><td>Personal Health Records. Also known as HL7 CCD and HITSP C32</td></tr><tr><td style=\"white-space:nowrap\"><a name=\"http---ihe.net-fhir-ihe.formatcode.fhir-CodeSystem-formatcode-urn-ihe-pcc-aps-2007\"> </a><a href=\"CodeSystem-formatcode.html#formatcode-urn.58ihe.58pcc.58aps.582007\">urn:ihe:pcc:aps:2007</a></td><td>http://ihe.net/fhir/ihe.formatcode.fhir/CodeSystem/formatcode</td><td>PCC APS</td><td>IHE Antepartum Summary</td></tr><tr><td style=\"white-space:nowrap\"><a name=\"http---ihe.net-fhir-ihe.formatcode.fhir-CodeSystem-formatcode-urn-ihe-pcc-xds-ms-2007\"> </a><a href=\"CodeSystem-formatcode.html#formatcode-urn.58ihe.58pcc.58xds-ms.582007\">urn:ihe:pcc:xds-ms:2007</a></td><td>http://ihe.net/fhir/ihe.formatcode.fhir/CodeSystem/formatcode</td><td>PCC XDS-MS</td><td>XDS Medical Summaries</td></tr><tr><td style=\"white-space:nowrap\"><a name=\"http---ihe.net-fhir-ihe.formatcode.fhir-CodeSystem-formatcode-urn-ihe-pcc-edr-2007\"> </a><a href=\"CodeSystem-formatcode.html#formatcode-urn.58ihe.58pcc.58edr.582007\">urn:ihe:pcc:edr:2007</a></td><td>http://ihe.net/fhir/ihe.formatcode.fhir/CodeSystem/formatcode</td><td>PCC EDR</td><td>Emergency Department Referral (EDR)</td></tr><tr><td style=\"white-space:nowrap\"><a name=\"http---ihe.net-fhir-ihe.formatcode.fhir-CodeSystem-formatcode-urn-ihe-pcc-edes-2007\"> </a><a href=\"CodeSystem-formatcode.html#formatcode-urn.58ihe.58pcc.58edes.582007\">urn:ihe:pcc:edes:2007</a></td><td>http://ihe.net/fhir/ihe.formatcode.fhir/CodeSystem/formatcode</td><td>PCC EDES</td><td>Emergency Department Encounter Summary (EDES)</td></tr><tr><td style=\"white-space:nowrap\"><a name=\"http---ihe.net-fhir-ihe.formatcode.fhir-CodeSystem-formatcode-urn-ihe-pcc-apr-handp-2008\"> </a><a href=\"CodeSystem-formatcode.html#formatcode-urn.58ihe.58pcc.58apr.58handp.582008\">urn:ihe:pcc:apr:handp:2008</a></td><td>http://ihe.net/fhir/ihe.formatcode.fhir/CodeSystem/formatcode</td><td>PCC APR HANDP</td><td>Antepartum Record (APR) - History and Physical</td></tr><tr><td style=\"white-space:nowrap\"><a name=\"http---ihe.net-fhir-ihe.formatcode.fhir-CodeSystem-formatcode-urn-ihe-pcc-apr-lab-2008\"> </a><a href=\"CodeSystem-formatcode.html#formatcode-urn.58ihe.58pcc.58apr.58lab.582008\">urn:ihe:pcc:apr:lab:2008</a></td><td>http://ihe.net/fhir/ihe.formatcode.fhir/CodeSystem/formatcode</td><td>PCC APR LAB</td><td>Antepartum Record (APR) - Laboratory</td></tr><tr><td style=\"white-space:nowrap\"><a name=\"http---ihe.net-fhir-ihe.formatcode.fhir-CodeSystem-formatcode-urn-ihe-pcc-apr-edu-2008\"> </a><a href=\"CodeSystem-formatcode.html#formatcode-urn.58ihe.58pcc.58apr.58edu.582008\">urn:ihe:pcc:apr:edu:2008</a></td><td>http://ihe.net/fhir/ihe.formatcode.fhir/CodeSystem/formatcode</td><td>PCC APR EDU</td><td>Antepartum Record (APR) - Education</td></tr><tr><td style=\"white-space:nowrap\"><a name=\"http---ihe.net-fhir-ihe.formatcode.fhir-CodeSystem-formatcode-urn-ihe-pcc-crc-2008\"> </a><a href=\"CodeSystem-formatcode.html#formatcode-urn.58ihe.58pcc.58crc.582008\">urn:ihe:pcc:crc:2008</a></td><td>http://ihe.net/fhir/ihe.formatcode.fhir/CodeSystem/formatcode</td><td>PCC CRC</td><td>Cancer Registry Content (CRC)</td></tr><tr><td style=\"white-space:nowrap\"><a name=\"http---ihe.net-fhir-ihe.formatcode.fhir-CodeSystem-formatcode-urn-ihe-pcc-cm-2008\"> </a><a href=\"CodeSystem-formatcode.html#formatcode-urn.58ihe.58pcc.58cm.582008\">urn:ihe:pcc:cm:2008</a></td><td>http://ihe.net/fhir/ihe.formatcode.fhir/CodeSystem/formatcode</td><td>Care Management (CM)</td><td/></tr><tr><td style=\"white-space:nowrap\"><a name=\"http---ihe.net-fhir-ihe.formatcode.fhir-CodeSystem-formatcode-urn-ihe-pcc-ic-2008\"> </a><a href=\"CodeSystem-formatcode.html#formatcode-urn.58ihe.58pcc.58ic.582008\">urn:ihe:pcc:ic:2008</a></td><td>http://ihe.net/fhir/ihe.formatcode.fhir/CodeSystem/formatcode</td><td>Immunization Registry Content (IRC)</td><td/></tr><tr><td style=\"white-space:nowrap\"><a name=\"http---ihe.net-fhir-ihe.formatcode.fhir-CodeSystem-formatcode-urn-ihe-pcc-tn-2007\"> </a><a href=\"CodeSystem-formatcode.html#formatcode-urn.58ihe.58pcc.58tn.582007\">urn:ihe:pcc:tn:2007</a></td><td>http://ihe.net/fhir/ihe.formatcode.fhir/CodeSystem/formatcode</td><td>PCC TN</td><td/></tr><tr><td style=\"white-space:nowrap\"><a name=\"http---ihe.net-fhir-ihe.formatcode.fhir-CodeSystem-formatcode-urn-ihe-pcc-nn-2007\"> </a><a href=\"CodeSystem-formatcode.html#formatcode-urn.58ihe.58pcc.58nn.582007\">urn:ihe:pcc:nn:2007</a></td><td>http://ihe.net/fhir/ihe.formatcode.fhir/CodeSystem/formatcode</td><td>PCC NN</td><td/></tr><tr><td style=\"white-space:nowrap\"><a name=\"http---ihe.net-fhir-ihe.formatcode.fhir-CodeSystem-formatcode-urn-ihe-pcc-ctn-2007\"> </a><a href=\"CodeSystem-formatcode.html#formatcode-urn.58ihe.58pcc.58ctn.582007\">urn:ihe:pcc:ctn:2007</a></td><td>http://ihe.net/fhir/ihe.formatcode.fhir/CodeSystem/formatcode</td><td>PCC CTN</td><td/></tr><tr><td style=\"white-space:nowrap\"><a name=\"http---ihe.net-fhir-ihe.formatcode.fhir-CodeSystem-formatcode-urn-ihe-pcc-edpn-2007\"> </a><a href=\"CodeSystem-formatcode.html#formatcode-urn.58ihe.58pcc.58edpn.582007\">urn:ihe:pcc:edpn:2007</a></td><td>http://ihe.net/fhir/ihe.formatcode.fhir/CodeSystem/formatcode</td><td>PCC EDPN</td><td/></tr><tr><td style=\"white-space:nowrap\"><a name=\"http---ihe.net-fhir-ihe.formatcode.fhir-CodeSystem-formatcode-urn-ihe-pcc-hp-2008\"> </a><a href=\"CodeSystem-formatcode.html#formatcode-urn.58ihe.58pcc.58hp.582008\">urn:ihe:pcc:hp:2008</a></td><td>http://ihe.net/fhir/ihe.formatcode.fhir/CodeSystem/formatcode</td><td>PCC HP</td><td/></tr><tr><td style=\"white-space:nowrap\"><a name=\"http---ihe.net-fhir-ihe.formatcode.fhir-CodeSystem-formatcode-urn-ihe-pcc-ldhp-2009\"> </a><a href=\"CodeSystem-formatcode.html#formatcode-urn.58ihe.58pcc.58ldhp.582009\">urn:ihe:pcc:ldhp:2009</a></td><td>http://ihe.net/fhir/ihe.formatcode.fhir/CodeSystem/formatcode</td><td>PCC LDHP</td><td/></tr><tr><td style=\"white-space:nowrap\"><a name=\"http---ihe.net-fhir-ihe.formatcode.fhir-CodeSystem-formatcode-urn-ihe-pcc-lds-2009\"> </a><a href=\"CodeSystem-formatcode.html#formatcode-urn.58ihe.58pcc.58lds.582009\">urn:ihe:pcc:lds:2009</a></td><td>http://ihe.net/fhir/ihe.formatcode.fhir/CodeSystem/formatcode</td><td>PCC LDS</td><td/></tr><tr><td style=\"white-space:nowrap\"><a name=\"http---ihe.net-fhir-ihe.formatcode.fhir-CodeSystem-formatcode-urn-ihe-pcc-mds-2009\"> </a><a href=\"CodeSystem-formatcode.html#formatcode-urn.58ihe.58pcc.58mds.582009\">urn:ihe:pcc:mds:2009</a></td><td>http://ihe.net/fhir/ihe.formatcode.fhir/CodeSystem/formatcode</td><td>PCC MDS</td><td/></tr><tr><td style=\"white-space:nowrap\"><a name=\"http---ihe.net-fhir-ihe.formatcode.fhir-CodeSystem-formatcode-urn-ihe-pcc-nds-2010\"> </a><a href=\"CodeSystem-formatcode.html#formatcode-urn.58ihe.58pcc.58nds.582010\">urn:ihe:pcc:nds:2010</a></td><td>http://ihe.net/fhir/ihe.formatcode.fhir/CodeSystem/formatcode</td><td>PCC NDS</td><td/></tr><tr><td style=\"white-space:nowrap\"><a name=\"http---ihe.net-fhir-ihe.formatcode.fhir-CodeSystem-formatcode-urn-ihe-pcc-ppvs-2010\"> </a><a href=\"CodeSystem-formatcode.html#formatcode-urn.58ihe.58pcc.58ppvs.582010\">urn:ihe:pcc:ppvs:2010</a></td><td>http://ihe.net/fhir/ihe.formatcode.fhir/CodeSystem/formatcode</td><td>PCC PPVS</td><td/></tr><tr><td style=\"white-space:nowrap\"><a name=\"http---ihe.net-fhir-ihe.formatcode.fhir-CodeSystem-formatcode-urn-ihe-pcc-trs-2011\"> </a><a href=\"CodeSystem-formatcode.html#formatcode-urn.58ihe.58pcc.58trs.582011\">urn:ihe:pcc:trs:2011</a></td><td>http://ihe.net/fhir/ihe.formatcode.fhir/CodeSystem/formatcode</td><td>PCC TRS</td><td/></tr><tr><td style=\"white-space:nowrap\"><a name=\"http---ihe.net-fhir-ihe.formatcode.fhir-CodeSystem-formatcode-urn-ihe-pcc-ets-2011\"> </a><a href=\"CodeSystem-formatcode.html#formatcode-urn.58ihe.58pcc.58ets.582011\">urn:ihe:pcc:ets:2011</a></td><td>http://ihe.net/fhir/ihe.formatcode.fhir/CodeSystem/formatcode</td><td>PCC ETS</td><td/></tr><tr><td style=\"white-space:nowrap\"><a name=\"http---ihe.net-fhir-ihe.formatcode.fhir-CodeSystem-formatcode-urn-ihe-pcc-its-2011\"> </a><a href=\"CodeSystem-formatcode.html#formatcode-urn.58ihe.58pcc.58its.582011\">urn:ihe:pcc:its:2011</a></td><td>http://ihe.net/fhir/ihe.formatcode.fhir/CodeSystem/formatcode</td><td>PCC ITS</td><td/></tr><tr><td style=\"white-space:nowrap\"><a name=\"http---ihe.net-fhir-ihe.formatcode.fhir-CodeSystem-formatcode-urn-ihe-pcc-ript-2017\"> </a><a href=\"CodeSystem-formatcode.html#formatcode-urn.58ihe.58pcc.58ript.582017\">urn:ihe:pcc:ript:2017</a></td><td>http://ihe.net/fhir/ihe.formatcode.fhir/CodeSystem/formatcode</td><td>PCC RIPT</td><td>Routine Interfacility Patient Transport (RIPT)</td></tr><tr><td style=\"white-space:nowrap\"><a name=\"http---ihe.net-fhir-ihe.formatcode.fhir-CodeSystem-formatcode-urn-ihe-pcc-pcs-cs-2018\"> </a><a href=\"CodeSystem-formatcode.html#formatcode-urn.58ihe.58pcc.58pcs-cs.582018\">urn:ihe:pcc:pcs-cs:2018</a></td><td>http://ihe.net/fhir/ihe.formatcode.fhir/CodeSystem/formatcode</td><td>PCC PCS-CS</td><td>Paramedicine Care Summary - Clinical Subset (PCS-CS)</td></tr><tr><td style=\"white-space:nowrap\"><a name=\"http---ihe.net-fhir-ihe.formatcode.fhir-CodeSystem-formatcode-urn-ihe-pcc-pcs-cr-2018\"> </a><a href=\"CodeSystem-formatcode.html#formatcode-urn.58ihe.58pcc.58pcs-cr.582018\">urn:ihe:pcc:pcs-cr:2018</a></td><td>http://ihe.net/fhir/ihe.formatcode.fhir/CodeSystem/formatcode</td><td>PCC PCS-CR</td><td>Paramedicine Care Summary - Complete Report (PCS-CR)</td></tr><tr><td style=\"white-space:nowrap\"><a name=\"http---ihe.net-fhir-ihe.formatcode.fhir-CodeSystem-formatcode-urn-ihe-pcc-ips-2020\"> </a><a href=\"CodeSystem-formatcode.html#formatcode-urn.58ihe.58pcc.58ips.582020\">urn:ihe:pcc:ips:2020</a></td><td>http://ihe.net/fhir/ihe.formatcode.fhir/CodeSystem/formatcode</td><td>PCC IPS</td><td>International Patient Summary (IPS)</td></tr><tr><td style=\"white-space:nowrap\"><a name=\"http---ihe.net-fhir-ihe.formatcode.fhir-CodeSystem-formatcode-urn-ihe-pcc-360x-hl7-OMG-O19-2017\"> </a><a href=\"CodeSystem-formatcode.html#formatcode-urn.58ihe.58pcc.58360x.58hl7.58OMG.58O19.582017\">urn:ihe:pcc:360x:hl7:OMG:O19:2017</a></td><td>http://ihe.net/fhir/ihe.formatcode.fhir/CodeSystem/formatcode</td><td>PCC 360X Referral Request</td><td>HL7v2 OMG^O19 message used for 360X referral request</td></tr><tr><td style=\"white-space:nowrap\"><a name=\"http---ihe.net-fhir-ihe.formatcode.fhir-CodeSystem-formatcode-urn-ihe-pcc-360x-hl7-OSU-O51-2017\"> </a><a href=\"CodeSystem-formatcode.html#formatcode-urn.58ihe.58pcc.58360x.58hl7.58OSU.58O51.582017\">urn:ihe:pcc:360x:hl7:OSU:O51:2017</a></td><td>http://ihe.net/fhir/ihe.formatcode.fhir/CodeSystem/formatcode</td><td>PCC 360X Referral Status Update</td><td>HL7v2 OSU^O51 message used for 360X referral status</td></tr><tr><td style=\"white-space:nowrap\"><a name=\"http---ihe.net-fhir-ihe.formatcode.fhir-CodeSystem-formatcode-urn-ihe-pcc-360x-hl7-SIU-S12-2017\"> </a><a href=\"CodeSystem-formatcode.html#formatcode-urn.58ihe.58pcc.58360x.58hl7.58SIU.58S12.582017\">urn:ihe:pcc:360x:hl7:SIU:S12:2017</a></td><td>http://ihe.net/fhir/ihe.formatcode.fhir/CodeSystem/formatcode</td><td>PCC 360X Appointment Notification</td><td>HL7v2 SIU^S12 message used for 360X appointment notification</td></tr><tr><td style=\"white-space:nowrap\"><a name=\"http---ihe.net-fhir-ihe.formatcode.fhir-CodeSystem-formatcode-urn-ihe-pcc-360x-hl7-SIU-S13-2017\"> </a><a href=\"CodeSystem-formatcode.html#formatcode-urn.58ihe.58pcc.58360x.58hl7.58SIU.58S13.582017\">urn:ihe:pcc:360x:hl7:SIU:S13:2017</a></td><td>http://ihe.net/fhir/ihe.formatcode.fhir/CodeSystem/formatcode</td><td>PCC 360X Appointment Reschedule Notification</td><td>HL7v2 SIU^S13 message used for 360X appointment reschedule notification</td></tr><tr><td style=\"white-space:nowrap\"><a name=\"http---ihe.net-fhir-ihe.formatcode.fhir-CodeSystem-formatcode-urn-ihe-pcc-360x-hl7-SIU-S15-2017\"> </a><a href=\"CodeSystem-formatcode.html#formatcode-urn.58ihe.58pcc.58360x.58hl7.58SIU.58S15.582017\">urn:ihe:pcc:360x:hl7:SIU:S15:2017</a></td><td>http://ihe.net/fhir/ihe.formatcode.fhir/CodeSystem/formatcode</td><td>PCC 360X Appointment Cancel Notification</td><td>HL7v2 SIU^S15 message used for 360X appointment cancel notification</td></tr><tr><td style=\"white-space:nowrap\"><a name=\"http---ihe.net-fhir-ihe.formatcode.fhir-CodeSystem-formatcode-urn-ihe-pcc-360x-hl7-SIU-S26-2017\"> </a><a href=\"CodeSystem-formatcode.html#formatcode-urn.58ihe.58pcc.58360x.58hl7.58SIU.58S26.582017\">urn:ihe:pcc:360x:hl7:SIU:S26:2017</a></td><td>http://ihe.net/fhir/ihe.formatcode.fhir/CodeSystem/formatcode</td><td>PCC 360X Appointment No-show Notification</td><td>HL7v2 SIU^S26 message used for 360X appointment no-show notification</td></tr><tr><td style=\"white-space:nowrap\"><a name=\"http---ihe.net-fhir-ihe.formatcode.fhir-CodeSystem-formatcode-urn-ihe-iti-bppc-2007\"> </a><a href=\"CodeSystem-formatcode.html#formatcode-urn.58ihe.58iti.58bppc.582007\">urn:ihe:iti:bppc:2007</a></td><td>http://ihe.net/fhir/ihe.formatcode.fhir/CodeSystem/formatcode</td><td>ITI BPPC</td><td>Basic Patient Privacy Consents</td></tr><tr><td style=\"white-space:nowrap\"><a name=\"http---ihe.net-fhir-ihe.formatcode.fhir-CodeSystem-formatcode-urn-ihe-iti-bppc-sd-2007\"> </a><a href=\"CodeSystem-formatcode.html#formatcode-urn.58ihe.58iti.58bppc-sd.582007\">urn:ihe:iti:bppc-sd:2007</a></td><td>http://ihe.net/fhir/ihe.formatcode.fhir/CodeSystem/formatcode</td><td>ITI BPPC-SD</td><td>Basic Patient Privacy Consents with Scanned Document</td></tr><tr><td style=\"white-space:nowrap\"><a name=\"http---ihe.net-fhir-ihe.formatcode.fhir-CodeSystem-formatcode-urn-ihe-iti-xds-sd-pdf-2008\"> </a><a href=\"CodeSystem-formatcode.html#formatcode-urn.58ihe.58iti.58xds-sd.58pdf.582008\">urn:ihe:iti:xds-sd:pdf:2008</a></td><td>http://ihe.net/fhir/ihe.formatcode.fhir/CodeSystem/formatcode</td><td>ITI XDS-SD PDF</td><td>PDF embedded in CDA per XDS-SD profile</td></tr><tr><td style=\"white-space:nowrap\"><a name=\"http---ihe.net-fhir-ihe.formatcode.fhir-CodeSystem-formatcode-urn-ihe-iti-xds-sd-text-2008\"> </a><a href=\"CodeSystem-formatcode.html#formatcode-urn.58ihe.58iti.58xds-sd.58text.582008\">urn:ihe:iti:xds-sd:text:2008</a></td><td>http://ihe.net/fhir/ihe.formatcode.fhir/CodeSystem/formatcode</td><td>ITI XDS-SD TEXT</td><td>Text embedded in CDA per XDS-SD profile</td></tr><tr><td style=\"white-space:nowrap\"><a name=\"http---ihe.net-fhir-ihe.formatcode.fhir-CodeSystem-formatcode-urn-ihe-iti-xdw-2011-workflowDoc\"> </a><a href=\"CodeSystem-formatcode.html#formatcode-urn.58ihe.58iti.58xdw.582011.58workflowDoc\">urn:ihe:iti:xdw:2011:workflowDoc</a></td><td>http://ihe.net/fhir/ihe.formatcode.fhir/CodeSystem/formatcode</td><td>ITI XDW</td><td>XDW Workflow Document</td></tr><tr><td style=\"white-space:nowrap\"><a name=\"http---ihe.net-fhir-ihe.formatcode.fhir-CodeSystem-formatcode-urn-ihe-iti-dsg-detached-2014\"> </a><a href=\"CodeSystem-formatcode.html#formatcode-urn.58ihe.58iti.58dsg.58detached.582014\">urn:ihe:iti:dsg:detached:2014</a></td><td>http://ihe.net/fhir/ihe.formatcode.fhir/CodeSystem/formatcode</td><td>ITI DSG Detached</td><td>DSG Detached Document</td></tr><tr><td style=\"white-space:nowrap\"><a name=\"http---ihe.net-fhir-ihe.formatcode.fhir-CodeSystem-formatcode-urn-ihe-iti-dsg-enveloping-2014\"> </a><a href=\"CodeSystem-formatcode.html#formatcode-urn.58ihe.58iti.58dsg.58enveloping.582014\">urn:ihe:iti:dsg:enveloping:2014</a></td><td>http://ihe.net/fhir/ihe.formatcode.fhir/CodeSystem/formatcode</td><td>ITI DSG Enveloping</td><td>DSG Enveloping Document</td></tr><tr><td style=\"white-space:nowrap\"><a name=\"http---ihe.net-fhir-ihe.formatcode.fhir-CodeSystem-formatcode-urn-ihe-iti-appc-2016-consent\"> </a><a href=\"CodeSystem-formatcode.html#formatcode-urn.58ihe.58iti.58appc.582016.58consent\">urn:ihe:iti:appc:2016:consent</a></td><td>http://ihe.net/fhir/ihe.formatcode.fhir/CodeSystem/formatcode</td><td>ITI APPC</td><td>Advanced Patient Privacy Consents</td></tr><tr><td style=\"white-space:nowrap\"><a name=\"http---ihe.net-fhir-ihe.formatcode.fhir-CodeSystem-formatcode-urn-ihe-iti-xds-2017-mimeTypeSufficient\"> </a><a href=\"CodeSystem-formatcode.html#formatcode-urn.58ihe.58iti.58xds.582017.58mimeTypeSufficient\">urn:ihe:iti:xds:2017:mimeTypeSufficient</a></td><td>http://ihe.net/fhir/ihe.formatcode.fhir/CodeSystem/formatcode</td><td>mimeType Sufficient</td><td>Code to be used when the mimeType is sufficient to understanding the technical format. May be used when no more specific FormatCode is available and the mimeType is sufficient to identify the technical format</td></tr><tr><td style=\"white-space:nowrap\"><a name=\"http---ihe.net-fhir-ihe.formatcode.fhir-CodeSystem-formatcode-urn-ihe-lab-xd-lab-2008\"> </a><a href=\"CodeSystem-formatcode.html#formatcode-urn.58ihe.58lab.58xd-lab.582008\">urn:ihe:lab:xd-lab:2008</a></td><td>http://ihe.net/fhir/ihe.formatcode.fhir/CodeSystem/formatcode</td><td>LAB XD-LAB</td><td>CDA Laboratory Report</td></tr><tr><td style=\"white-space:nowrap\"><a name=\"http---ihe.net-fhir-ihe.formatcode.fhir-CodeSystem-formatcode-urn-ihe-rad-TEXT\"> </a><a href=\"CodeSystem-formatcode.html#formatcode-urn.58ihe.58rad.58TEXT\">urn:ihe:rad:TEXT</a></td><td>http://ihe.net/fhir/ihe.formatcode.fhir/CodeSystem/formatcode</td><td>RAD TEXT</td><td>Radiology XDS-I Text</td></tr><tr><td style=\"white-space:nowrap\"><a name=\"http---ihe.net-fhir-ihe.formatcode.fhir-CodeSystem-formatcode-urn-ihe-rad-PDF\"> </a><a href=\"CodeSystem-formatcode.html#formatcode-urn.58ihe.58rad.58PDF\">urn:ihe:rad:PDF</a></td><td>http://ihe.net/fhir/ihe.formatcode.fhir/CodeSystem/formatcode</td><td>RAD PDF</td><td>Radiology XDS-I PDF</td></tr><tr><td style=\"white-space:nowrap\"><a name=\"http---ihe.net-fhir-ihe.formatcode.fhir-CodeSystem-formatcode-urn-ihe-rad-CDA-ImagingReportStructuredHeadings-2013\"> </a><a href=\"CodeSystem-formatcode.html#formatcode-urn.58ihe.58rad.58CDA.58ImagingReportStructuredHeadings.582013\">urn:ihe:rad:CDA:ImagingReportStructuredHeadings:2013</a></td><td>http://ihe.net/fhir/ihe.formatcode.fhir/CodeSystem/formatcode</td><td>RAD CDA</td><td>Radiology XDS-I Structured CDA</td></tr><tr><td style=\"white-space:nowrap\"><a name=\"http---ihe.net-fhir-ihe.formatcode.fhir-CodeSystem-formatcode-urn-ihe-card-imaging-2011\"> </a><a href=\"CodeSystem-formatcode.html#formatcode-urn.58ihe.58card.58imaging.582011\">urn:ihe:card:imaging:2011</a></td><td>http://ihe.net/fhir/ihe.formatcode.fhir/CodeSystem/formatcode</td><td>CARD Imaging</td><td>Cardiac Imaging Report (CRC)</td></tr><tr><td style=\"white-space:nowrap\"><a name=\"http---ihe.net-fhir-ihe.formatcode.fhir-CodeSystem-formatcode-urn-ihe-card-CRC-2012\"> </a><a href=\"CodeSystem-formatcode.html#formatcode-urn.58ihe.58card.58CRC.582012\">urn:ihe:card:CRC:2012</a></td><td>http://ihe.net/fhir/ihe.formatcode.fhir/CodeSystem/formatcode</td><td>CARD CRC</td><td>Cardiology Cardiology Cath Report Content (CRC)</td></tr><tr><td style=\"white-space:nowrap\"><a name=\"http---ihe.net-fhir-ihe.formatcode.fhir-CodeSystem-formatcode-urn-ihe-card-EPRC-IE-2014\"> </a><a href=\"CodeSystem-formatcode.html#formatcode-urn.58ihe.58card.58EPRC-IE.582014\">urn:ihe:card:EPRC-IE:2014</a></td><td>http://ihe.net/fhir/ihe.formatcode.fhir/CodeSystem/formatcode</td><td>CARD EPRC-IE</td><td>Cardiology Electrophysiology Implant/Explant Report Content (EPRC-IE)</td></tr><tr><td style=\"white-space:nowrap\"><a name=\"http---ihe.net-fhir-ihe.formatcode.fhir-CodeSystem-formatcode-urn-ihe-card-CPN-2017\"> </a><a href=\"CodeSystem-formatcode.html#formatcode-urn.58ihe.58card.58CPN.582017\">urn:ihe:card:CPN:2017</a></td><td>http://ihe.net/fhir/ihe.formatcode.fhir/CodeSystem/formatcode</td><td>CARD CPN</td><td>Cardiology Procedure Note (CPN)</td></tr><tr><td style=\"white-space:nowrap\"><a name=\"http---ihe.net-fhir-ihe.formatcode.fhir-CodeSystem-formatcode-urn-ihe-dent-TEXT\"> </a><a href=\"CodeSystem-formatcode.html#formatcode-urn.58ihe.58dent.58TEXT\">urn:ihe:dent:TEXT</a></td><td>http://ihe.net/fhir/ihe.formatcode.fhir/CodeSystem/formatcode</td><td>DENT TEXT</td><td>Dental CDA Wrapped Text Report (DENT)</td></tr><tr><td style=\"white-space:nowrap\"><a name=\"http---ihe.net-fhir-ihe.formatcode.fhir-CodeSystem-formatcode-urn-ihe-dent-PDF\"> </a><a href=\"CodeSystem-formatcode.html#formatcode-urn.58ihe.58dent.58PDF\">urn:ihe:dent:PDF</a></td><td>http://ihe.net/fhir/ihe.formatcode.fhir/CodeSystem/formatcode</td><td>DENT PDF</td><td>Dental PDF (DENT)</td></tr><tr><td style=\"white-space:nowrap\"><a name=\"http---ihe.net-fhir-ihe.formatcode.fhir-CodeSystem-formatcode-urn-ihe-dent-CDA-ImagingReportStructuredHeadings-2013\"> </a><a href=\"CodeSystem-formatcode.html#formatcode-urn.58ihe.58dent.58CDA.58ImagingReportStructuredHeadings.582013\">urn:ihe:dent:CDA:ImagingReportStructuredHeadings:2013</a></td><td>http://ihe.net/fhir/ihe.formatcode.fhir/CodeSystem/formatcode</td><td>DENT CDA</td><td>Dental Imaging Report with Structured Headings (DENT)</td></tr><tr><td style=\"white-space:nowrap\"><a name=\"http---ihe.net-fhir-ihe.formatcode.fhir-CodeSystem-formatcode-urn-ihe.palm-apsr-2016\"> </a><a href=\"CodeSystem-formatcode.html#formatcode-urn.58ihe.46palm.58apsr.582016\">urn:ihe.palm:apsr:2016</a></td><td>http://ihe.net/fhir/ihe.formatcode.fhir/CodeSystem/formatcode</td><td>PALM APSR</td><td>Anatomic Pathology Structured Report</td></tr><tr><td style=\"white-space:nowrap\"><a name=\"http---ihe.net-fhir-ihe.formatcode.fhir-CodeSystem-formatcode-urn-ihe-pharm-pre-2010\"> </a><a href=\"CodeSystem-formatcode.html#formatcode-urn.58ihe.58pharm.58pre.582010\">urn:ihe:pharm:pre:2010</a></td><td>http://ihe.net/fhir/ihe.formatcode.fhir/CodeSystem/formatcode</td><td>Pharmacy PRE</td><td>Community Prescription (PRE)</td></tr><tr><td style=\"white-space:nowrap\"><a name=\"http---ihe.net-fhir-ihe.formatcode.fhir-CodeSystem-formatcode-urn-ihe-pharm-padv-2010\"> </a><a href=\"CodeSystem-formatcode.html#formatcode-urn.58ihe.58pharm.58padv.582010\">urn:ihe:pharm:padv:2010</a></td><td>http://ihe.net/fhir/ihe.formatcode.fhir/CodeSystem/formatcode</td><td>Pharmacy PADV</td><td>Community Pharmaceutical Advice (PADV)</td></tr><tr><td style=\"white-space:nowrap\"><a name=\"http---ihe.net-fhir-ihe.formatcode.fhir-CodeSystem-formatcode-urn-ihe-pharm-dis-2010\"> </a><a href=\"CodeSystem-formatcode.html#formatcode-urn.58ihe.58pharm.58dis.582010\">urn:ihe:pharm:dis:2010</a></td><td>http://ihe.net/fhir/ihe.formatcode.fhir/CodeSystem/formatcode</td><td>Pharmacy DIS</td><td>Community Dispense (DIS)</td></tr><tr><td style=\"white-space:nowrap\"><a name=\"http---ihe.net-fhir-ihe.formatcode.fhir-CodeSystem-formatcode-urn-ihe-pharm-pml-2013\"> </a><a href=\"CodeSystem-formatcode.html#formatcode-urn.58ihe.58pharm.58pml.582013\">urn:ihe:pharm:pml:2013</a></td><td>http://ihe.net/fhir/ihe.formatcode.fhir/CodeSystem/formatcode</td><td>Pharmacy PML</td><td>Community Medication List (PML)</td></tr><tr><td style=\"white-space:nowrap\"><a name=\"http---ihe.net-fhir-ihe.formatcode.fhir-CodeSystem-formatcode-urn-ihe-pharm-mtp-2015\"> </a><a href=\"CodeSystem-formatcode.html#formatcode-urn.58ihe.58pharm.58mtp.582015\">urn:ihe:pharm:mtp:2015</a></td><td>http://ihe.net/fhir/ihe.formatcode.fhir/CodeSystem/formatcode</td><td>Pharmacy MTP</td><td>Medication Treatment Plan (MTP)</td></tr><tr><td style=\"white-space:nowrap\"><a name=\"http---ihe.net-fhir-ihe.formatcode.fhir-CodeSystem-formatcode-urn-ihe-pharm-cma-2017\"> </a><a href=\"CodeSystem-formatcode.html#formatcode-urn.58ihe.58pharm.58cma.582017\">urn:ihe:pharm:cma:2017</a></td><td>http://ihe.net/fhir/ihe.formatcode.fhir/CodeSystem/formatcode</td><td>Pharmacy CMA</td><td>Community Medication Administration (CMA)</td></tr><tr><td style=\"white-space:nowrap\"><a name=\"http---ihe.net-fhir-ihe.formatcode.fhir-CodeSystem-formatcode-urn-ihe-qrph-crd-2008\"> </a><a href=\"CodeSystem-formatcode.html#formatcode-urn.58ihe.58qrph.58crd.582008\">urn:ihe:qrph:crd:2008</a></td><td>http://ihe.net/fhir/ihe.formatcode.fhir/CodeSystem/formatcode</td><td>QRPH CRD</td><td>Clinical Research Document (CRD)</td></tr><tr><td style=\"white-space:nowrap\"><a name=\"http---ihe.net-fhir-ihe.formatcode.fhir-CodeSystem-formatcode-urn-ihe-qrph-dsc-2008\"> </a><a href=\"CodeSystem-formatcode.html#formatcode-urn.58ihe.58qrph.58dsc.582008\">urn:ihe:qrph:dsc:2008</a></td><td>http://ihe.net/fhir/ihe.formatcode.fhir/CodeSystem/formatcode</td><td>QRPH DSC</td><td>Drug Safety Content (DSC)</td></tr><tr><td style=\"white-space:nowrap\"><a name=\"http---ihe.net-fhir-ihe.formatcode.fhir-CodeSystem-formatcode-urn-ihe-qrph-prph-2009\"> </a><a href=\"CodeSystem-formatcode.html#formatcode-urn.58ihe.58qrph.58prph.582009\">urn:ihe:qrph:prph:2009</a></td><td>http://ihe.net/fhir/ihe.formatcode.fhir/CodeSystem/formatcode</td><td>QRPH PRPH-Ca</td><td>Physician Reporting to a Public Health Repository - Cancer Registry (PRPH-Ca)</td></tr><tr><td style=\"white-space:nowrap\"><a name=\"http---ihe.net-fhir-ihe.formatcode.fhir-CodeSystem-formatcode-urn-ihe-qrph-LDS-VR-2013\"> </a><a href=\"CodeSystem-formatcode.html#formatcode-urn.58ihe.58qrph.58LDS-VR.582013\">urn:ihe:qrph:LDS-VR:2013</a></td><td>http://ihe.net/fhir/ihe.formatcode.fhir/CodeSystem/formatcode</td><td>QRPH LDS-VR</td><td>Birth and Fetal Death Reporting - LDS-VR</td></tr><tr><td style=\"white-space:nowrap\"><a name=\"http---ihe.net-fhir-ihe.formatcode.fhir-CodeSystem-formatcode-urn-ihe-qrph-BFDR-Birth-2014\"> </a><a href=\"CodeSystem-formatcode.html#formatcode-urn.58ihe.58qrph.58BFDR-Birth.582014\">urn:ihe:qrph:BFDR-Birth:2014</a></td><td>http://ihe.net/fhir/ihe.formatcode.fhir/CodeSystem/formatcode</td><td>QRPH BFDR Birth CDA document</td><td>BFDR Birth CDA document</td></tr><tr><td style=\"white-space:nowrap\"><a name=\"http---ihe.net-fhir-ihe.formatcode.fhir-CodeSystem-formatcode-urn-ihe-qrph-BFDR-FDeath-2014\"> </a><a href=\"CodeSystem-formatcode.html#formatcode-urn.58ihe.58qrph.58BFDR-FDeath.582014\">urn:ihe:qrph:BFDR-FDeath:2014</a></td><td>http://ihe.net/fhir/ihe.formatcode.fhir/CodeSystem/formatcode</td><td>QRPH BFDR Death CDA document</td><td>BFDR Death CDA document</td></tr><tr><td style=\"white-space:nowrap\"><a name=\"http---ihe.net-fhir-ihe.formatcode.fhir-CodeSystem-formatcode-urn-ihe-qrph-vrdr-2013\"> </a><a href=\"CodeSystem-formatcode.html#formatcode-urn.58ihe.58qrph.58vrdr.582013\">urn:ihe:qrph:vrdr:2013</a></td><td>http://ihe.net/fhir/ihe.formatcode.fhir/CodeSystem/formatcode</td><td>QRPH VRDR</td><td>Vital Records Death Reporting (VRDR)</td></tr><tr><td style=\"white-space:nowrap\"><a name=\"http---ihe.net-fhir-ihe.formatcode.fhir-CodeSystem-formatcode-urn-ihe-qrph-ms-vrdr-2013\"> </a><a href=\"CodeSystem-formatcode.html#formatcode-urn.58ihe.58qrph.58ms-vrdr.582013\">urn:ihe:qrph:ms-vrdr:2013</a></td><td>http://ihe.net/fhir/ihe.formatcode.fhir/CodeSystem/formatcode</td><td>QRPH MS-VRDR</td><td>Medical Summary for VRDR Pre-pop (VRDR)</td></tr><tr><td style=\"white-space:nowrap\"><a name=\"http---ihe.net-fhir-ihe.formatcode.fhir-CodeSystem-formatcode-urn-ihe-qrph-hw-2013\"> </a><a href=\"CodeSystem-formatcode.html#formatcode-urn.58ihe.58qrph.58hw.582013\">urn:ihe:qrph:hw:2013</a></td><td>http://ihe.net/fhir/ihe.formatcode.fhir/CodeSystem/formatcode</td><td>QRPH HW</td><td>Healthy Weight (HW)</td></tr><tr><td style=\"white-space:nowrap\"><a name=\"http---ihe.net-fhir-ihe.formatcode.fhir-CodeSystem-formatcode-urn-ihe-qrph-NHS-Catl-UV-2015\"> </a><a href=\"CodeSystem-formatcode.html#formatcode-urn.58ihe.58qrph.58NHS-Catl-UV.582015\">urn:ihe:qrph:NHS-Catl-UV:2015</a></td><td>http://ihe.net/fhir/ihe.formatcode.fhir/CodeSystem/formatcode</td><td>QRPH EHDI NHS Cat I</td><td>Early Hearing Detection Intervention (EHDI) NHS QRDA Category I Report UV</td></tr><tr><td style=\"white-space:nowrap\"><a name=\"http---ihe.net-fhir-ihe.formatcode.fhir-CodeSystem-formatcode-urn-ihe-qrph-NHS-CatIII-UV-2015\"> </a><a href=\"CodeSystem-formatcode.html#formatcode-urn.58ihe.58qrph.58NHS-CatIII-UV.582015\">urn:ihe:qrph:NHS-CatIII-UV:2015</a></td><td>http://ihe.net/fhir/ihe.formatcode.fhir/CodeSystem/formatcode</td><td>QRPH EHDI NHS Cat III</td><td>Early Hearing Detection Intervention (EHDI) NHS QRDA Category III Report UV</td></tr><tr><td style=\"white-space:nowrap\"><a name=\"http---ihe.net-fhir-ihe.formatcode.fhir-CodeSystem-formatcode-urn-ihe-qrph-HPoCUS-2014\"> </a><a href=\"CodeSystem-formatcode.html#formatcode-urn.58ihe.58qrph.58HPoCUS.582014\">urn:ihe:qrph:HPoCUS:2014</a></td><td>http://ihe.net/fhir/ihe.formatcode.fhir/CodeSystem/formatcode</td><td>QRPH HPoC US</td><td>Hearing Plan of Care (HPoC) - US Realm</td></tr><tr><td style=\"white-space:nowrap\"><a name=\"http---ihe.net-fhir-ihe.formatcode.fhir-CodeSystem-formatcode-urn-ihe-qrph-HPoCUV-2014\"> </a><a href=\"CodeSystem-formatcode.html#formatcode-urn.58ihe.58qrph.58HPoCUV.582014\">urn:ihe:qrph:HPoCUV:2014</a></td><td>http://ihe.net/fhir/ihe.formatcode.fhir/CodeSystem/formatcode</td><td>QRPH HPoC UV</td><td>Hearing Plan of Care (HPoC) - UV Realm</td></tr><tr><td style=\"white-space:nowrap\"><a name=\"http---ihe.net-fhir-ihe.formatcode.fhir-CodeSystem-formatcode-urn-ihe-qrph-fp-2017\"> </a><a href=\"CodeSystem-formatcode.html#formatcode-urn.58ihe.58qrph.58fp.582017\">urn:ihe:qrph:fp:2017</a></td><td>http://ihe.net/fhir/ihe.formatcode.fhir/CodeSystem/formatcode</td><td>QRPH FP V2</td><td>Family Planning (FP V2)</td></tr><tr><td style=\"white-space:nowrap\"><a name=\"http---ihe.net-fhir-ihe.formatcode.fhir-CodeSystem-formatcode-urn-ihe-qrph-ehdiwd-2013\"> </a><a href=\"CodeSystem-formatcode.html#formatcode-urn.58ihe.58qrph.58ehdiwd.582013\">urn:ihe:qrph:ehdiwd:2013</a></td><td>http://ihe.net/fhir/ihe.formatcode.fhir/CodeSystem/formatcode</td><td>QRPH EHDI-WD</td><td>Early Hearing Detection and Intervention – Workflow Document (EHDI-WD)</td></tr><tr><td style=\"white-space:nowrap\"><a name=\"http---ihe.net-fhir-ihe.formatcode.fhir-CodeSystem-formatcode-urn-ihe-qrph-prq-2019\"> </a><a href=\"CodeSystem-formatcode.html#formatcode-urn.58ihe.58qrph.58prq.582019\">urn:ihe:qrph:prq:2019</a></td><td>http://ihe.net/fhir/ihe.formatcode.fhir/CodeSystem/formatcode</td><td>QRPH PRQ</td><td>Prescription Repository Query (PRQ)</td></tr><tr><td style=\"white-space:nowrap\"><a name=\"http---terminology.hl7.org-CodeSystem-hl7-document-format-codes-urn-hl7-org-sdwg-ccda-structuredBody-1.1\"> </a>urn:hl7-org:sdwg:ccda-structuredBody:1.1</td><td>http://terminology.hl7.org/CodeSystem/hl7-document-format-codes</td><td>ccda-structuredBody:1.1</td><td/></tr><tr><td style=\"white-space:nowrap\"><a name=\"http---terminology.hl7.org-CodeSystem-hl7-document-format-codes-urn-hl7-org-sdwg-ccda-nonXMLBody-1.1\"> </a>urn:hl7-org:sdwg:ccda-nonXMLBody:1.1</td><td>http://terminology.hl7.org/CodeSystem/hl7-document-format-codes</td><td>ccda-nonXMLBody:1.1</td><td/></tr><tr><td style=\"white-space:nowrap\"><a name=\"http---terminology.hl7.org-CodeSystem-hl7-document-format-codes-urn-hl7-org-sdwg-ccda-structuredBody-2.1\"> </a>urn:hl7-org:sdwg:ccda-structuredBody:2.1</td><td>http://terminology.hl7.org/CodeSystem/hl7-document-format-codes</td><td>ccda-structuredBody:2.1</td><td/></tr><tr><td style=\"white-space:nowrap\"><a name=\"http---terminology.hl7.org-CodeSystem-hl7-document-format-codes-urn-hl7-org-sdwg-ccda-nonXMLBody-2.1\"> </a>urn:hl7-org:sdwg:ccda-nonXMLBody:2.1</td><td>http://terminology.hl7.org/CodeSystem/hl7-document-format-codes</td><td>ccda-nonXMLBody:2.1</td><td/></tr><tr><td style=\"white-space:nowrap\"><a name=\"http---terminology.hl7.org-CodeSystem-hl7-document-format-codes-urn-hl7-org-sdwg-pacp-structuredBody-1.0\"> </a>urn:hl7-org:sdwg:pacp-structuredBody:1.0</td><td>http://terminology.hl7.org/CodeSystem/hl7-document-format-codes</td><td>pacp-structuredBody:1.0</td><td/></tr><tr><td style=\"white-space:nowrap\"><a name=\"http---terminology.hl7.org-CodeSystem-hl7-document-format-codes-urn-hl7-org-sdwg-pacp-nonXMLBody-1.0\"> </a>urn:hl7-org:sdwg:pacp-nonXMLBody:1.0</td><td>http://terminology.hl7.org/CodeSystem/hl7-document-format-codes</td><td>pacp-nonXMLBody:1.0</td><td/></tr><tr><td style=\"white-space:nowrap\"><a name=\"http---terminology.hl7.org-CodeSystem-hl7-document-format-codes-urn-hl7-org-sdwg-ccda-structuredBody-2.2\"> </a>urn:hl7-org:sdwg:ccda-structuredBody:2.2</td><td>http://terminology.hl7.org/CodeSystem/hl7-document-format-codes</td><td>ccda-structuredBody:2.2</td><td/></tr><tr><td style=\"white-space:nowrap\"><a name=\"http---terminology.hl7.org-CodeSystem-hl7-document-format-codes-urn-hl7-org-sdwg-ccda-nonXMLBody-2.2\"> </a>urn:hl7-org:sdwg:ccda-nonXMLBody:2.2</td><td>http://terminology.hl7.org/CodeSystem/hl7-document-format-codes</td><td>ccda-nonXMLBody:2.2</td><td/></tr></table></div>"
      },
      "url" : "http://ihe.net/fhir/ihe.formatcode.fhir/ValueSet/formatcode",
      "identifier" : [{
        "system" : "urn:ietf:rfc:3986",
        "value" : "urn:oid:1.3.6.1.4.1.19376.1.2.7.1"
      }],
      "version" : "1.1.0",
      "name" : "IHE_FormatCode_vs",
      "title" : "IHE ValueSet of Format Codes for use with Document Sharing",
      "status" : "active",
      "experimental" : false,
      "date" : "2020-07-23",
      "publisher" : "Integrating the Healthcare Enterprise (IHE)",
      "contact" : [{
        "name" : "IHE",
        "telecom" : [{
          "system" : "url",
          "value" : "http://ihe.net"
        }]
      },
      {
        "name" : "IHE Secretary",
        "telecom" : [{
          "system" : "email",
          "value" : "secretary@ihe.net"
        }]
      }],
      "description" : "The IHE FormatCode Value set is defined to be the set of FormatCode(s) defined by IHE, DICOM and HL7. These codes are intended to be preferred.",
      "jurisdiction" : [{
        "coding" : [{
          "system" : "http://unstats.un.org/unsd/methods/m49/m49.htm",
          "code" : "001"
        }]
      }],
      "immutable" : false,
      "copyright" : "IHE http://www.ihe.net/Governance/#Intellectual_Property",
      "expansion" : {
        "identifier" : "urn:uuid:e99e9f89-3122-433f-80b6-ff79a75b2cd2",
        "timestamp" : "2022-02-24T16:56:16-06:00",
        "total" : 85,
        "parameter" : [{
          "name" : "excludeNested",
          "valueBoolean" : false
        },
        {
          "name" : "version",
          "valueUri" : "http://ihe.net/fhir/ihe.formatcode.fhir/CodeSystem/formatcode|1.1.0"
        },
        {
          "name" : "limitedExpansion",
          "valueBoolean" : true
        },
        {
          "name" : "excludeNested",
          "valueBoolean" : true
        },
        {
          "name" : "version",
          "valueUri" : "http://terminology.hl7.org/CodeSystem/hl7-document-format-codes|1.0.0"
        }],
        "contains" : [{
          "system" : "http://ihe.net/fhir/ihe.formatcode.fhir/CodeSystem/formatcode",
          "code" : "urn:ihe:pcc:xphr:2007",
          "display" : "PCC XPHR"
        },
        {
          "system" : "http://ihe.net/fhir/ihe.formatcode.fhir/CodeSystem/formatcode",
          "code" : "urn:ihe:pcc:aps:2007",
          "display" : "PCC APS"
        },
        {
          "system" : "http://ihe.net/fhir/ihe.formatcode.fhir/CodeSystem/formatcode",
          "code" : "urn:ihe:pcc:xds-ms:2007",
          "display" : "PCC XDS-MS"
        },
        {
          "system" : "http://ihe.net/fhir/ihe.formatcode.fhir/CodeSystem/formatcode",
          "code" : "urn:ihe:pcc:edr:2007",
          "display" : "PCC EDR"
        },
        {
          "system" : "http://ihe.net/fhir/ihe.formatcode.fhir/CodeSystem/formatcode",
          "code" : "urn:ihe:pcc:edes:2007",
          "display" : "PCC EDES"
        },
        {
          "system" : "http://ihe.net/fhir/ihe.formatcode.fhir/CodeSystem/formatcode",
          "code" : "urn:ihe:pcc:apr:handp:2008",
          "display" : "PCC APR HANDP"
        },
        {
          "system" : "http://ihe.net/fhir/ihe.formatcode.fhir/CodeSystem/formatcode",
          "code" : "urn:ihe:pcc:apr:lab:2008",
          "display" : "PCC APR LAB"
        },
        {
          "system" : "http://ihe.net/fhir/ihe.formatcode.fhir/CodeSystem/formatcode",
          "code" : "urn:ihe:pcc:apr:edu:2008",
          "display" : "PCC APR EDU"
        },
        {
          "system" : "http://ihe.net/fhir/ihe.formatcode.fhir/CodeSystem/formatcode",
          "code" : "urn:ihe:pcc:crc:2008",
          "display" : "PCC CRC"
        },
        {
          "system" : "http://ihe.net/fhir/ihe.formatcode.fhir/CodeSystem/formatcode",
          "code" : "urn:ihe:pcc:cm:2008",
          "display" : "Care Management (CM)"
        },
        {
          "system" : "http://ihe.net/fhir/ihe.formatcode.fhir/CodeSystem/formatcode",
          "code" : "urn:ihe:pcc:ic:2008",
          "display" : "Immunization Registry Content (IRC)"
        },
        {
          "system" : "http://ihe.net/fhir/ihe.formatcode.fhir/CodeSystem/formatcode",
          "code" : "urn:ihe:pcc:tn:2007",
          "display" : "PCC TN"
        },
        {
          "system" : "http://ihe.net/fhir/ihe.formatcode.fhir/CodeSystem/formatcode",
          "code" : "urn:ihe:pcc:nn:2007",
          "display" : "PCC NN"
        },
        {
          "system" : "http://ihe.net/fhir/ihe.formatcode.fhir/CodeSystem/formatcode",
          "code" : "urn:ihe:pcc:ctn:2007",
          "display" : "PCC CTN"
        },
        {
          "system" : "http://ihe.net/fhir/ihe.formatcode.fhir/CodeSystem/formatcode",
          "code" : "urn:ihe:pcc:edpn:2007",
          "display" : "PCC EDPN"
        },
        {
          "system" : "http://ihe.net/fhir/ihe.formatcode.fhir/CodeSystem/formatcode",
          "code" : "urn:ihe:pcc:hp:2008",
          "display" : "PCC HP"
        },
        {
          "system" : "http://ihe.net/fhir/ihe.formatcode.fhir/CodeSystem/formatcode",
          "code" : "urn:ihe:pcc:ldhp:2009",
          "display" : "PCC LDHP"
        },
        {
          "system" : "http://ihe.net/fhir/ihe.formatcode.fhir/CodeSystem/formatcode",
          "code" : "urn:ihe:pcc:lds:2009",
          "display" : "PCC LDS"
        },
        {
          "system" : "http://ihe.net/fhir/ihe.formatcode.fhir/CodeSystem/formatcode",
          "code" : "urn:ihe:pcc:mds:2009",
          "display" : "PCC MDS"
        },
        {
          "system" : "http://ihe.net/fhir/ihe.formatcode.fhir/CodeSystem/formatcode",
          "code" : "urn:ihe:pcc:nds:2010",
          "display" : "PCC NDS"
        },
        {
          "system" : "http://ihe.net/fhir/ihe.formatcode.fhir/CodeSystem/formatcode",
          "code" : "urn:ihe:pcc:ppvs:2010",
          "display" : "PCC PPVS"
        },
        {
          "system" : "http://ihe.net/fhir/ihe.formatcode.fhir/CodeSystem/formatcode",
          "code" : "urn:ihe:pcc:trs:2011",
          "display" : "PCC TRS"
        },
        {
          "system" : "http://ihe.net/fhir/ihe.formatcode.fhir/CodeSystem/formatcode",
          "code" : "urn:ihe:pcc:ets:2011",
          "display" : "PCC ETS"
        },
        {
          "system" : "http://ihe.net/fhir/ihe.formatcode.fhir/CodeSystem/formatcode",
          "code" : "urn:ihe:pcc:its:2011",
          "display" : "PCC ITS"
        },
        {
          "system" : "http://ihe.net/fhir/ihe.formatcode.fhir/CodeSystem/formatcode",
          "code" : "urn:ihe:pcc:ript:2017",
          "display" : "PCC RIPT"
        },
        {
          "system" : "http://ihe.net/fhir/ihe.formatcode.fhir/CodeSystem/formatcode",
          "code" : "urn:ihe:pcc:pcs-cs:2018",
          "display" : "PCC PCS-CS"
        },
        {
          "system" : "http://ihe.net/fhir/ihe.formatcode.fhir/CodeSystem/formatcode",
          "code" : "urn:ihe:pcc:pcs-cr:2018",
          "display" : "PCC PCS-CR"
        },
        {
          "system" : "http://ihe.net/fhir/ihe.formatcode.fhir/CodeSystem/formatcode",
          "code" : "urn:ihe:pcc:ips:2020",
          "display" : "PCC IPS"
        },
        {
          "system" : "http://ihe.net/fhir/ihe.formatcode.fhir/CodeSystem/formatcode",
          "code" : "urn:ihe:pcc:360x:hl7:OMG:O19:2017",
          "display" : "PCC 360X Referral Request"
        },
        {
          "system" : "http://ihe.net/fhir/ihe.formatcode.fhir/CodeSystem/formatcode",
          "code" : "urn:ihe:pcc:360x:hl7:OSU:O51:2017",
          "display" : "PCC 360X Referral Status Update"
        },
        {
          "system" : "http://ihe.net/fhir/ihe.formatcode.fhir/CodeSystem/formatcode",
          "code" : "urn:ihe:pcc:360x:hl7:SIU:S12:2017",
          "display" : "PCC 360X Appointment Notification"
        },
        {
          "system" : "http://ihe.net/fhir/ihe.formatcode.fhir/CodeSystem/formatcode",
          "code" : "urn:ihe:pcc:360x:hl7:SIU:S13:2017",
          "display" : "PCC 360X Appointment Reschedule Notification"
        },
        {
          "system" : "http://ihe.net/fhir/ihe.formatcode.fhir/CodeSystem/formatcode",
          "code" : "urn:ihe:pcc:360x:hl7:SIU:S15:2017",
          "display" : "PCC 360X Appointment Cancel Notification"
        },
        {
          "system" : "http://ihe.net/fhir/ihe.formatcode.fhir/CodeSystem/formatcode",
          "code" : "urn:ihe:pcc:360x:hl7:SIU:S26:2017",
          "display" : "PCC 360X Appointment No-show Notification"
        },
        {
          "system" : "http://ihe.net/fhir/ihe.formatcode.fhir/CodeSystem/formatcode",
          "code" : "urn:ihe:iti:bppc:2007",
          "display" : "ITI BPPC"
        },
        {
          "system" : "http://ihe.net/fhir/ihe.formatcode.fhir/CodeSystem/formatcode",
          "code" : "urn:ihe:iti:bppc-sd:2007",
          "display" : "ITI BPPC-SD"
        },
        {
          "system" : "http://ihe.net/fhir/ihe.formatcode.fhir/CodeSystem/formatcode",
          "code" : "urn:ihe:iti:xds-sd:pdf:2008",
          "display" : "ITI XDS-SD PDF"
        },
        {
          "system" : "http://ihe.net/fhir/ihe.formatcode.fhir/CodeSystem/formatcode",
          "code" : "urn:ihe:iti:xds-sd:text:2008",
          "display" : "ITI XDS-SD TEXT"
        },
        {
          "system" : "http://ihe.net/fhir/ihe.formatcode.fhir/CodeSystem/formatcode",
          "code" : "urn:ihe:iti:xdw:2011:workflowDoc",
          "display" : "ITI XDW"
        },
        {
          "system" : "http://ihe.net/fhir/ihe.formatcode.fhir/CodeSystem/formatcode",
          "code" : "urn:ihe:iti:dsg:detached:2014",
          "display" : "ITI DSG Detached"
        },
        {
          "system" : "http://ihe.net/fhir/ihe.formatcode.fhir/CodeSystem/formatcode",
          "code" : "urn:ihe:iti:dsg:enveloping:2014",
          "display" : "ITI DSG Enveloping"
        },
        {
          "system" : "http://ihe.net/fhir/ihe.formatcode.fhir/CodeSystem/formatcode",
          "code" : "urn:ihe:iti:appc:2016:consent",
          "display" : "ITI APPC"
        },
        {
          "system" : "http://ihe.net/fhir/ihe.formatcode.fhir/CodeSystem/formatcode",
          "code" : "urn:ihe:iti:xds:2017:mimeTypeSufficient",
          "display" : "mimeType Sufficient"
        },
        {
          "system" : "http://ihe.net/fhir/ihe.formatcode.fhir/CodeSystem/formatcode",
          "code" : "urn:ihe:lab:xd-lab:2008",
          "display" : "LAB XD-LAB"
        },
        {
          "system" : "http://ihe.net/fhir/ihe.formatcode.fhir/CodeSystem/formatcode",
          "code" : "urn:ihe:rad:TEXT",
          "display" : "RAD TEXT"
        },
        {
          "system" : "http://ihe.net/fhir/ihe.formatcode.fhir/CodeSystem/formatcode",
          "code" : "urn:ihe:rad:PDF",
          "display" : "RAD PDF"
        },
        {
          "system" : "http://ihe.net/fhir/ihe.formatcode.fhir/CodeSystem/formatcode",
          "code" : "urn:ihe:rad:CDA:ImagingReportStructuredHeadings:2013",
          "display" : "RAD CDA"
        },
        {
          "system" : "http://ihe.net/fhir/ihe.formatcode.fhir/CodeSystem/formatcode",
          "code" : "urn:ihe:card:imaging:2011",
          "display" : "CARD Imaging"
        },
        {
          "system" : "http://ihe.net/fhir/ihe.formatcode.fhir/CodeSystem/formatcode",
          "code" : "urn:ihe:card:CRC:2012",
          "display" : "CARD CRC"
        },
        {
          "system" : "http://ihe.net/fhir/ihe.formatcode.fhir/CodeSystem/formatcode",
          "code" : "urn:ihe:card:EPRC-IE:2014",
          "display" : "CARD EPRC-IE"
        },
        {
          "system" : "http://ihe.net/fhir/ihe.formatcode.fhir/CodeSystem/formatcode",
          "code" : "urn:ihe:card:CPN:2017",
          "display" : "CARD CPN"
        },
        {
          "system" : "http://ihe.net/fhir/ihe.formatcode.fhir/CodeSystem/formatcode",
          "code" : "urn:ihe:dent:TEXT",
          "display" : "DENT TEXT"
        },
        {
          "system" : "http://ihe.net/fhir/ihe.formatcode.fhir/CodeSystem/formatcode",
          "code" : "urn:ihe:dent:PDF",
          "display" : "DENT PDF"
        },
        {
          "system" : "http://ihe.net/fhir/ihe.formatcode.fhir/CodeSystem/formatcode",
          "code" : "urn:ihe:dent:CDA:ImagingReportStructuredHeadings:2013",
          "display" : "DENT CDA"
        },
        {
          "system" : "http://ihe.net/fhir/ihe.formatcode.fhir/CodeSystem/formatcode",
          "code" : "urn:ihe.palm:apsr:2016",
          "display" : "PALM APSR"
        },
        {
          "system" : "http://ihe.net/fhir/ihe.formatcode.fhir/CodeSystem/formatcode",
          "code" : "urn:ihe:pharm:pre:2010",
          "display" : "Pharmacy PRE"
        },
        {
          "system" : "http://ihe.net/fhir/ihe.formatcode.fhir/CodeSystem/formatcode",
          "code" : "urn:ihe:pharm:padv:2010",
          "display" : "Pharmacy PADV"
        },
        {
          "system" : "http://ihe.net/fhir/ihe.formatcode.fhir/CodeSystem/formatcode",
          "code" : "urn:ihe:pharm:dis:2010",
          "display" : "Pharmacy DIS"
        },
        {
          "system" : "http://ihe.net/fhir/ihe.formatcode.fhir/CodeSystem/formatcode",
          "code" : "urn:ihe:pharm:pml:2013",
          "display" : "Pharmacy PML"
        },
        {
          "system" : "http://ihe.net/fhir/ihe.formatcode.fhir/CodeSystem/formatcode",
          "code" : "urn:ihe:pharm:mtp:2015",
          "display" : "Pharmacy MTP"
        },
        {
          "system" : "http://ihe.net/fhir/ihe.formatcode.fhir/CodeSystem/formatcode",
          "code" : "urn:ihe:pharm:cma:2017",
          "display" : "Pharmacy CMA"
        },
        {
          "system" : "http://ihe.net/fhir/ihe.formatcode.fhir/CodeSystem/formatcode",
          "code" : "urn:ihe:qrph:crd:2008",
          "display" : "QRPH CRD"
        },
        {
          "system" : "http://ihe.net/fhir/ihe.formatcode.fhir/CodeSystem/formatcode",
          "code" : "urn:ihe:qrph:dsc:2008",
          "display" : "QRPH DSC"
        },
        {
          "system" : "http://ihe.net/fhir/ihe.formatcode.fhir/CodeSystem/formatcode",
          "code" : "urn:ihe:qrph:prph:2009",
          "display" : "QRPH PRPH-Ca"
        },
        {
          "system" : "http://ihe.net/fhir/ihe.formatcode.fhir/CodeSystem/formatcode",
          "code" : "urn:ihe:qrph:LDS-VR:2013",
          "display" : "QRPH LDS-VR"
        },
        {
          "system" : "http://ihe.net/fhir/ihe.formatcode.fhir/CodeSystem/formatcode",
          "code" : "urn:ihe:qrph:BFDR-Birth:2014",
          "display" : "QRPH BFDR Birth CDA document"
        },
        {
          "system" : "http://ihe.net/fhir/ihe.formatcode.fhir/CodeSystem/formatcode",
          "code" : "urn:ihe:qrph:BFDR-FDeath:2014",
          "display" : "QRPH BFDR Death CDA document"
        },
        {
          "system" : "http://ihe.net/fhir/ihe.formatcode.fhir/CodeSystem/formatcode",
          "code" : "urn:ihe:qrph:vrdr:2013",
          "display" : "QRPH VRDR"
        },
        {
          "system" : "http://ihe.net/fhir/ihe.formatcode.fhir/CodeSystem/formatcode",
          "code" : "urn:ihe:qrph:ms-vrdr:2013",
          "display" : "QRPH MS-VRDR"
        },
        {
          "system" : "http://ihe.net/fhir/ihe.formatcode.fhir/CodeSystem/formatcode",
          "code" : "urn:ihe:qrph:hw:2013",
          "display" : "QRPH HW"
        },
        {
          "system" : "http://ihe.net/fhir/ihe.formatcode.fhir/CodeSystem/formatcode",
          "code" : "urn:ihe:qrph:NHS-Catl-UV:2015",
          "display" : "QRPH EHDI NHS Cat I"
        },
        {
          "system" : "http://ihe.net/fhir/ihe.formatcode.fhir/CodeSystem/formatcode",
          "code" : "urn:ihe:qrph:NHS-CatIII-UV:2015",
          "display" : "QRPH EHDI NHS Cat III"
        },
        {
          "system" : "http://ihe.net/fhir/ihe.formatcode.fhir/CodeSystem/formatcode",
          "code" : "urn:ihe:qrph:HPoCUS:2014",
          "display" : "QRPH HPoC US"
        },
        {
          "system" : "http://ihe.net/fhir/ihe.formatcode.fhir/CodeSystem/formatcode",
          "code" : "urn:ihe:qrph:HPoCUV:2014",
          "display" : "QRPH HPoC UV"
        },
        {
          "system" : "http://ihe.net/fhir/ihe.formatcode.fhir/CodeSystem/formatcode",
          "code" : "urn:ihe:qrph:fp:2017",
          "display" : "QRPH FP V2"
        },
        {
          "system" : "http://ihe.net/fhir/ihe.formatcode.fhir/CodeSystem/formatcode",
          "code" : "urn:ihe:qrph:ehdiwd:2013",
          "display" : "QRPH EHDI-WD"
        },
        {
          "system" : "http://ihe.net/fhir/ihe.formatcode.fhir/CodeSystem/formatcode",
          "code" : "urn:ihe:qrph:prq:2019",
          "display" : "QRPH PRQ"
        },
        {
          "system" : "http://terminology.hl7.org/CodeSystem/hl7-document-format-codes",
          "code" : "urn:hl7-org:sdwg:ccda-structuredBody:1.1",
          "display" : "ccda-structuredBody:1.1"
        },
        {
          "system" : "http://terminology.hl7.org/CodeSystem/hl7-document-format-codes",
          "code" : "urn:hl7-org:sdwg:ccda-nonXMLBody:1.1",
          "display" : "ccda-nonXMLBody:1.1"
        },
        {
          "system" : "http://terminology.hl7.org/CodeSystem/hl7-document-format-codes",
          "code" : "urn:hl7-org:sdwg:ccda-structuredBody:2.1",
          "display" : "ccda-structuredBody:2.1"
        },
        {
          "system" : "http://terminology.hl7.org/CodeSystem/hl7-document-format-codes",
          "code" : "urn:hl7-org:sdwg:ccda-nonXMLBody:2.1",
          "display" : "ccda-nonXMLBody:2.1"
        },
        {
          "system" : "http://terminology.hl7.org/CodeSystem/hl7-document-format-codes",
          "code" : "urn:hl7-org:sdwg:pacp-structuredBody:1.0",
          "display" : "pacp-structuredBody:1.0"
        },
        {
          "system" : "http://terminology.hl7.org/CodeSystem/hl7-document-format-codes",
          "code" : "urn:hl7-org:sdwg:pacp-nonXMLBody:1.0",
          "display" : "pacp-nonXMLBody:1.0"
        },
        {
          "system" : "http://terminology.hl7.org/CodeSystem/hl7-document-format-codes",
          "code" : "urn:hl7-org:sdwg:ccda-structuredBody:2.2",
          "display" : "ccda-structuredBody:2.2"
        },
        {
          "system" : "http://terminology.hl7.org/CodeSystem/hl7-document-format-codes",
          "code" : "urn:hl7-org:sdwg:ccda-nonXMLBody:2.2",
          "display" : "ccda-nonXMLBody:2.2"
        }]
      }
    }
  }]
}