<?xml version="1.0" encoding="UTF-8"?>

<ValueSet xmlns="http://hl7.org/fhir">
  <id value="formatcode"/>
  <text>
    <status value="generated"/><div xmlns="http://www.w3.org/1999/xhtml"><h2>IHE ValueSet of Format Codes for use with Document Sharing</h2><div><p>The IHE FormatCode Value set is defined to be the set of FormatCode(s) defined by IHE http://wiki.ihe.net/index.php?title=IHE_Format_Codes. This Value set additionally includes format codes defined by the HL7 CDA http://wiki.hl7.org/index.php?title=CDA_Format_Codes_for_IHE_XDS. The set was listed in HITSP C80 Table 2-153 Format Code Value Set Definition. The use of the FormatCode specifies the technical format of the document. The FormatCode is a further specialization more detailed than the mime-type. The FormatCode provides sufficient information to allow any potential document consumer to know if it can process and/or display by identifying a document encoding, structure and template. The actual list of codes is intended to be extensible.</p>
</div><p><b>Copyright Statement:</b> IHE http://www.ihe.net/Governance/#Intellectual_Property</p><p>This value set includes codes from the following code systems:</p><ul><li>Include all codes defined in <a href="formatcode.html"><code>http://ihe.net/fhir/ihe.formatcode.fhir/CodeSystem/formatcode</code></a></li><li>Include all codes defined in <a href="https://build.fhir.org/ig/HL7/UTG//{{[type]}}-hl7-document-format-codes.html"><code>http://terminology.hl7.org/CodeSystem/hl7-document-format-codes</code></a></li></ul></div>
  </text>
  <url value="http://ihe.net/fhir/ihe.formatcode.fhir/ValueSet/formatcode"/>
  <identifier>
    <system value="urn:ietf:rfc:3986"/>
    <value value="urn:oid:1.3.6.1.4.1.19376.1.2.7.1"/>
  </identifier>
  <version value="20200102"/>
  <name value="IHE_FormatCode_vs"/>
  <title value="IHE ValueSet of Format Codes for use with Document Sharing"/>
  <status value="active"/>
  <experimental value="false"/>
  <date value="2020-01-02T00:00:00+00:00"/>
  <publisher value="Integrating the Healthcare Enterprise (IHE)"/>
  <contact>
    <name value="IHE"/>
    <telecom>
      <system value="url"/>
      <value value="http://ihe.net"/>
    </telecom>
  </contact>
  <contact>
    <name value="John Moehrke"/>
    <telecom>
      <system value="email"/>
      <value value="JohnMoehrke@gmail.com"/>
    </telecom>
  </contact>
  <description value="The IHE FormatCode Value set is defined to be the set of FormatCode(s) defined by IHE http://wiki.ihe.net/index.php?title=IHE_Format_Codes. This Value set additionally includes format codes defined by the HL7 CDA http://wiki.hl7.org/index.php?title=CDA_Format_Codes_for_IHE_XDS. The set was listed in HITSP C80 Table 2-153 Format Code Value Set Definition. The use of the FormatCode specifies the technical format of the document. The FormatCode is a further specialization more detailed than the mime-type. The FormatCode provides sufficient information to allow any potential document consumer to know if it can process and/or display by identifying a document encoding, structure and template. The actual list of codes is intended to be extensible. "/>
  <immutable value="false"/>
  <copyright value="IHE http://www.ihe.net/Governance/#Intellectual_Property"/>
  <compose>
    <include>
      <system value="http://ihe.net/fhir/ihe.formatcode.fhir/CodeSystem/formatcode"/>
    </include>
    <include>
      <system value="http://terminology.hl7.org/CodeSystem/hl7-document-format-codes"/>
    </include>
  </compose>
</ValueSet>