<?xml version="1.0" encoding="UTF-8"?>

<Observation xmlns="http://hl7.org/fhir">
  <id value="ex-IMRObservation-Finding"/>
  <meta>
    <profile value="https://profiles.ihe.net/RAD/IMR/StructureDefinition/imr-observation"/>
    <security>
      <system value="http://terminology.hl7.org/CodeSystem/v3-ActReason"/>
      <code value="HTEST"/>
    </security>
  </meta>
  <text>
    <status value="generated"/><div xmlns="http://www.w3.org/1999/xhtml"><p><b>Generated Narrative</b></p><div style="display: inline-block; background-color: #d9e0e7; padding: 6px; margin: 4px; border: 1px solid #8da1b4; border-radius: 5px; line-height: 60%"><p style="margin-bottom: 0px">Resource "ex-IMRObservation-Finding" </p><p style="margin-bottom: 0px">Profile: <a href="StructureDefinition-imr-observation.html">IMR Observation</a></p><p style="margin-bottom: 0px">Security Labels: <span title="{http://terminology.hl7.org/CodeSystem/v3-ActReason http://terminology.hl7.org/CodeSystem/v3-ActReason}">http://terminology.hl7.org/CodeSystem/v3-ActReason</span></p></div><p><b>basedOn</b>: <a href="ServiceRequest-ex-ServiceRequest.html">ServiceRequest/ex-ServiceRequest</a></p><p><b>partOf</b>: <a href="ImagingStudy-ex-ImagingStudy.html">ImagingStudy/ex-ImagingStudy</a></p><p><b>status</b>: final</p><p><b>category</b>: Imaging <span style="background: LightGoldenRodYellow; margin: 4px; border: 1px solid khaki"> (<a href="http://terminology.hl7.org/3.1.0/CodeSystem-observation-category.html">Observation Category Codes</a>#imaging)</span></p><p><b>code</b>: Procedure findings Narrative <span style="background: LightGoldenRodYellow; margin: 4px; border: 1px solid khaki"> (<a href="https://loinc.org/">LOINC</a>#59776-5)</span></p><p><b>subject</b>: <a href="Patient-ex-Patient.html">Patient/ex-Patient</a></p><p><b>effective</b>: 2020-12-31 11:50:50-0500</p><p><b>value</b>: The imaged portion of a thyroid gland is unremarkable. Prominent or mildly enlarged mediastinal and bilateral hilar lymph nodes measure up to &lt;IMRRef type="image" id=1&gt;1.2 x 0.8 cm in the right paratracheal station&lt;/IMRRef&gt;, &lt;IMRRef type="image" id=2&gt;2.3 x 1.4 cm in the subcarinal station&lt;/IMRRef&gt;, and &lt;IMRRef type="image" id=3&gt;1.4 x 0.9 cm in the right hilar stations&lt;/IMRRef&gt;. No significant axillary lymphadenopathy is detected. The esophagus is unremarkable. The thoracic aorta is normal in caliber with a typical 3 vessel takeoff from the arch. The pulmonary arterial trunk is normal in caliber. The heart is normal in size without pericardial effusion. 
 
There is focal narrowing of the proximal portion of the bronchial stent in the &lt;IMRRef type="image" id=4&gt;left mainstem bronchus&lt;/IMRRef&gt;, which is nearly collapsed and appears new from the prior chest radiograph. Trace fluid or debris is seen in the &lt;IMRRef type="image" id=5&gt;distal lumen of the stent&lt;/IMRRef&gt;. A tracheostomy tube is unchanged in position without evidence of complications. There is circumferential thickening of the tracheal and bronchial walls, which is unchanged, in keeping with the patient's known diagnosis of polychondritis. The remainder of the tracheobronchial tree is patent to the subsegmental levels. The airways are normal in caliber. 
 
Within the pulmonary parenchyma, there is diffuse peribronchovascular nodular and ground-glass opacities becoming confluent in the &lt;IMRRef type="image" id=6&gt;right middle&lt;/IMRRef&gt; and &lt;IMRRef type="image" id=7&gt; left upper&lt;/IMRRef&gt; and &lt;IMRRef type="image" id=8&gt;lower lobes&lt;/IMRRef&gt; consistent with multifocal pneumonia. There is a small left and trace right pleural effusion. No pneumothorax is present. There are no suspicious masses or pleural abnormalities. 
 
The patient is status post median sternotomy with intact sternal wires. No blastic or lytic lesion suspicious for malignancy is present. 
 
Although this study is not tailored for the evaluation of subdiaphragmatic contents, the imaged upper abdomen demonstrates diffuse hypoattenuation of the liver consistent with hepatic steatosis.</p><p><b>method</b>: Volumetric, multidetector CT of the chest was performed without intravenous or oral contrast administration. Images are presented for display in the axial plane at 5 mm and 1.25 mm collimation. A series of multiplanar reformation images are also submitted for review. <span style="background: LightGoldenRodYellow; margin: 4px; border: 1px solid khaki"> ()</span></p><blockquote><p><b>component</b></p><p><b>code</b>: Series Instance UID <span style="background: LightGoldenRodYellow; margin: 4px; border: 1px solid khaki"> (<a href="http://terminology.hl7.org/3.1.0/CodeSystem-v3-DCM.html">DICOM</a>#112002)</span></p><p><b>value</b>: series/2.1/instance/6.1</p></blockquote><blockquote><p><b>component</b></p><p><b>code</b>: Series Instance UID <span style="background: LightGoldenRodYellow; margin: 4px; border: 1px solid khaki"> (<a href="http://terminology.hl7.org/3.1.0/CodeSystem-v3-DCM.html">DICOM</a>#112002)</span></p><p><b>value</b>: series/2.1/instance/18.1</p></blockquote><blockquote><p><b>component</b></p><p><b>code</b>: Series Instance UID <span style="background: LightGoldenRodYellow; margin: 4px; border: 1px solid khaki"> (<a href="http://terminology.hl7.org/3.1.0/CodeSystem-v3-DCM.html">DICOM</a>#112002)</span></p><p><b>value</b>: series/2.1/instance/16.1</p></blockquote><blockquote><p><b>component</b></p><p><b>code</b>: Series Instance UID <span style="background: LightGoldenRodYellow; margin: 4px; border: 1px solid khaki"> (<a href="http://terminology.hl7.org/3.1.0/CodeSystem-v3-DCM.html">DICOM</a>#112002)</span></p><p><b>value</b>: series/601.1/instance/56.1</p></blockquote><blockquote><p><b>component</b></p><p><b>code</b>: Series Instance UID <span style="background: LightGoldenRodYellow; margin: 4px; border: 1px solid khaki"> (<a href="http://terminology.hl7.org/3.1.0/CodeSystem-v3-DCM.html">DICOM</a>#112002)</span></p><p><b>value</b>: series/4.1/instance/71.1</p></blockquote><blockquote><p><b>component</b></p><p><b>code</b>: Series Instance UID <span style="background: LightGoldenRodYellow; margin: 4px; border: 1px solid khaki"> (<a href="http://terminology.hl7.org/3.1.0/CodeSystem-v3-DCM.html">DICOM</a>#112002)</span></p><p><b>value</b>: series/601.1/instance/52.1</p></blockquote><blockquote><p><b>component</b></p><p><b>code</b>: Series Instance UID <span style="background: LightGoldenRodYellow; margin: 4px; border: 1px solid khaki"> (<a href="http://terminology.hl7.org/3.1.0/CodeSystem-v3-DCM.html">DICOM</a>#112002)</span></p><p><b>value</b>: series/601.1/instance/65.1</p></blockquote><blockquote><p><b>component</b></p><p><b>code</b>: Series Instance UID <span style="background: LightGoldenRodYellow; margin: 4px; border: 1px solid khaki"> (<a href="http://terminology.hl7.org/3.1.0/CodeSystem-v3-DCM.html">DICOM</a>#112002)</span></p><p><b>value</b>: series/601.1/instance/72.1</p></blockquote><blockquote><p><b>component</b></p><p><b>code</b>: DLP <span style="background: LightGoldenRodYellow; margin: 4px; border: 1px solid khaki"> (<a href="http://terminology.hl7.org/3.1.0/CodeSystem-v3-DCM.html">DICOM</a>#113838)</span></p><p><b>value</b>: 373 mGy.cm<span style="background: LightGoldenRodYellow"> (Details: UCUM code mGy.cm = 'mGy.cm')</span></p></blockquote></div>
  </text>
  <basedOn>
    <reference value="ServiceRequest/ex-ServiceRequest"/>
  </basedOn>
  <partOf>
    <reference value="ImagingStudy/ex-ImagingStudy"/>
  </partOf>
  <status value="final"/>
  <category>
    <coding>
      <system value="http://terminology.hl7.org/CodeSystem/observation-category"/>
      <code value="imaging"/>
      <display value="Imaging"/>
    </coding>
  </category>
  <code>
    <coding>
      <system value="http://loinc.org"/>
      <code value="59776-5"/>
      <display value="Procedure findings Narrative"/>
    </coding>
  </code>
  <subject>
    <reference value="Patient/ex-Patient"/>
  </subject>
  <effectiveDateTime value="2020-12-31T23:50:50-05:00"/>
  <valueString value="The imaged portion of a thyroid gland is unremarkable. Prominent or mildly enlarged mediastinal and bilateral hilar lymph nodes measure up to &lt;IMRRef type=&quot;image&quot; id=1&gt;1.2 x 0.8 cm in the right paratracheal station&lt;/IMRRef&gt;, &lt;IMRRef type=&quot;image&quot; id=2&gt;2.3 x 1.4 cm in the subcarinal station&lt;/IMRRef&gt;, and &lt;IMRRef type=&quot;image&quot; id=3&gt;1.4 x 0.9 cm in the right hilar stations&lt;/IMRRef&gt;. No significant axillary lymphadenopathy is detected. The esophagus is unremarkable. The thoracic aorta is normal in caliber with a typical 3 vessel takeoff from the arch. The pulmonary arterial trunk is normal in caliber. The heart is normal in size without pericardial effusion. &#xD;&#xA; &#xD;&#xA;There is focal narrowing of the proximal portion of the bronchial stent in the &lt;IMRRef type=&quot;image&quot; id=4&gt;left mainstem bronchus&lt;/IMRRef&gt;, which is nearly collapsed and appears new from the prior chest radiograph. Trace fluid or debris is seen in the &lt;IMRRef type=&quot;image&quot; id=5&gt;distal lumen of the stent&lt;/IMRRef&gt;. A tracheostomy tube is unchanged in position without evidence of complications. There is circumferential thickening of the tracheal and bronchial walls, which is unchanged, in keeping with the patient's known diagnosis of polychondritis. The remainder of the tracheobronchial tree is patent to the subsegmental levels. The airways are normal in caliber. &#xD;&#xA; &#xD;&#xA;Within the pulmonary parenchyma, there is diffuse peribronchovascular nodular and ground-glass opacities becoming confluent in the &lt;IMRRef type=&quot;image&quot; id=6&gt;right middle&lt;/IMRRef&gt; and &lt;IMRRef type=&quot;image&quot; id=7&gt; left upper&lt;/IMRRef&gt; and &lt;IMRRef type=&quot;image&quot; id=8&gt;lower lobes&lt;/IMRRef&gt; consistent with multifocal pneumonia. There is a small left and trace right pleural effusion. No pneumothorax is present. There are no suspicious masses or pleural abnormalities. &#xD;&#xA; &#xD;&#xA;The patient is status post median sternotomy with intact sternal wires. No blastic or lytic lesion suspicious for malignancy is present. &#xD;&#xA; &#xD;&#xA;Although this study is not tailored for the evaluation of subdiaphragmatic contents, the imaged upper abdomen demonstrates diffuse hypoattenuation of the liver consistent with hepatic steatosis."/>
  <method>
    <text value="Volumetric, multidetector CT of the chest was performed without intravenous or oral contrast administration. Images are presented for display in the axial plane at 5 mm and 1.25 mm collimation. A series of multiplanar reformation images are also submitted for review."/>
  </method>
  <component id="1">
    <code>
      <coding>
        <system value="http://dicom.nema.org/resources/ontology/DCM"/>
        <code value="112002"/>
        <display value="Series Instance UID"/>
      </coding>
    </code>
    <valueString value="series/2.1/instance/6.1"/>
  </component>
  <component id="2">
    <code>
      <coding>
        <system value="http://dicom.nema.org/resources/ontology/DCM"/>
        <code value="112002"/>
        <display value="Series Instance UID"/>
      </coding>
    </code>
    <valueString value="series/2.1/instance/18.1"/>
  </component>
  <component id="3">
    <code>
      <coding>
        <system value="http://dicom.nema.org/resources/ontology/DCM"/>
        <code value="112002"/>
        <display value="Series Instance UID"/>
      </coding>
    </code>
    <valueString value="series/2.1/instance/16.1"/>
  </component>
  <component id="4">
    <code>
      <coding>
        <system value="http://dicom.nema.org/resources/ontology/DCM"/>
        <code value="112002"/>
        <display value="Series Instance UID"/>
      </coding>
    </code>
    <valueString value="series/601.1/instance/56.1"/>
  </component>
  <component id="5">
    <code>
      <coding>
        <system value="http://dicom.nema.org/resources/ontology/DCM"/>
        <code value="112002"/>
        <display value="Series Instance UID"/>
      </coding>
    </code>
    <valueString value="series/4.1/instance/71.1"/>
  </component>
  <component id="6">
    <code>
      <coding>
        <system value="http://dicom.nema.org/resources/ontology/DCM"/>
        <code value="112002"/>
        <display value="Series Instance UID"/>
      </coding>
    </code>
    <valueString value="series/601.1/instance/52.1"/>
  </component>
  <component id="7">
    <code>
      <coding>
        <system value="http://dicom.nema.org/resources/ontology/DCM"/>
        <code value="112002"/>
        <display value="Series Instance UID"/>
      </coding>
    </code>
    <valueString value="series/601.1/instance/65.1"/>
  </component>
  <component id="8">
    <code>
      <coding>
        <system value="http://dicom.nema.org/resources/ontology/DCM"/>
        <code value="112002"/>
        <display value="Series Instance UID"/>
      </coding>
    </code>
    <valueString value="series/601.1/instance/72.1"/>
  </component>
  <component>
    <code>
      <coding>
        <system value="http://dicom.nema.org/resources/ontology/DCM"/>
        <code value="113838"/>
        <display value="DLP"/>
      </coding>
    </code>
    <valueQuantity>
      <value value="373"/>
      <system value="http://unitsofmeasure.org"/>
      <code value="mGy.cm"/>
    </valueQuantity>
  </component>
</Observation>