{
  "resourceType" : "ActivityDefinition",
  "id" : "activity-example-sendmessage-ad",
  "meta" : {
    "profile" : ["https://profiles.ihe.net/QRPH/CCG/StructureDefinition/ccg-card-provide-ad",
    "http://hl7.org/fhir/uv/cpg/StructureDefinition/cpg-communicationactivity",
    "http://hl7.org/fhir/uv/cpg/StructureDefinition/cpg-computableactivity"]
  },
  "text" : {
    "status" : "extensions",
    "div" : "<div xmlns=\"http://www.w3.org/1999/xhtml\">\n<div>\n    <table class=\"grid dict\">\n\n        \n        <tr>\n            <th scope=\"row\"><b>Title: </b></th>\n            <td style=\"padding-left: 4px;\">Activity Example Send Message AD</td>\n        </tr>\n        \n\n        \n        <tr>\n            <th scope=\"row\"><b>Id: </b></th>\n            <td style=\"padding-left: 4px;\">activity-example-sendmessage-ad</td>\n        </tr>\n        \n\n        \n        <tr>\n            <th scope=\"row\"><b>Version: </b></th>\n            <td style=\"padding-left: 4px;\">1.0.0</td>\n        </tr>\n        \n\n        \n        <tr>\n            <th scope=\"row\">\n                <b>\n                    \n                        \n                    \n                </b>\n            </th>\n            <td style=\"padding-left: 4px;\">\n                \n                <p style=\"margin-bottom: 5px;\">\n                    <span>urn:oid:2.16.840.1.113883.4.642.40.48.11.18</span>\n                </p>\n                \n            </td>\n        </tr>\n        \n\n        \n\n        \n\n        \n        <tr>\n            <th scope=\"row\"><b>Experimental: </b></th>\n            <td style=\"padding-left: 4px;\">true</td>\n        </tr>\n        \n\n        \n        <tr>\n            <th scope=\"row\"><b>Date (date last changed): </b></th>\n            <td style=\"padding-left: 4px;\">2024-11-26 16:34:39+0000</td>\n        </tr>\n        \n\n        \n\n        \n        <tr>\n            <th scope=\"row\"><b>Publisher (steward): </b></th>\n            <td style=\"padding-left: 4px;\">IHE QRPH Technical Committee</td>\n        </tr>\n        \n\n        \n\n        \n\n        \n        <tr>\n            <th scope=\"row\"><b>Description: </b></th>\n            <td style=\"padding-left: 4px;\"><div><p>IHE CCG example for provide information ActivityDefinition (based on HL7 CPG example)</p>\n</div></td>\n        </tr>\n        \n\n        \n\n        \n\n        \n\n        \n        <tr>\n            <th scope=\"row\"><b>Jurisdiction: </b></th>\n            <td style=\"padding-left: 4px;\">001</td>\n        </tr>\n        \n\n        \n        <tr>\n            <th scope=\"row\"><b>Topic: </b></th>\n            <td style=\"padding-left: 4px;\">provide</td>\n        </tr>\n        \n\n        \n\n        \n\n        \n\n        \n\n        \n        \n        \n\n        \n        <tr>\n            <th scope=\"row\"><b>Code: </b></th>\n            <td style=\"padding-left: 4px;\">\n                \n                    \n                        \n                            <p><b>system: </b><span><a href=\"http://hl7.org/fhir/uv/cpg/STU2/CodeSystem-cpg-activity-type-cs.html\">http://hl7.org/fhir/uv/cpg/CodeSystem/cpg-activity-type-cs</a></span></p>\n                        \n                        \n                            <p><b>code: </b><span>send-message</span></p>\n                        \n                        \n                            <p><b>display: </b><span>Send a message</span></p>\n                        \n                    \n                \n                \n            </td>\n        </tr>\n        \n\n        \n\n        \n\n        \n\n        \n\n        \n        <tr>\n            <th scope=\"row\"><b>Kind: </b></th>\n            <td style=\"padding-left: 4px;\">CommunicationRequest</td>\n        </tr>\n        \n\n        \n        <tr>\n            <th scope=\"row\"><b>Profile: </b></th>\n            <td style=\"padding-left: 4px;\">http://hl7.org/fhir/uv/cpg/StructureDefinition/cpg-communicationrequest</td>\n        </tr>\n        \n\n        \n        <tr>\n            <th scope=\"row\"><b>Intent: </b></th>\n            <td style=\"padding-left: 4px;\">proposal</td>\n        </tr>\n        \n\n        \n\n        \n        <tr>\n            <th scope=\"row\"><b>doNotPerform: </b></th>\n            <td style=\"padding-left: 4px;\">false</td>\n        </tr>\n        \n\n        \n\n        \n\n        \n\n        \n        <tr>\n            <th scope=\"row\"><b>Dynamic Values: </b></th>\n            <td style=\"padding-left: 4px;\">\n                <ul>\n                    \n                    <li>status: <i>('draft')</i><br/></li>\n                    \n                    <li>payload.content: <i>('Hello!')</i><br/></li>\n                    \n                </ul>\n            </td>\n        </tr>\n        \n    </table>\n</div>\n</div>"
  },
  "extension" : [{
    "url" : "http://hl7.org/fhir/StructureDefinition/cqf-knowledgeCapability",
    "valueCode" : "shareable"
  },
  {
    "url" : "http://hl7.org/fhir/StructureDefinition/cqf-knowledgeCapability",
    "valueCode" : "computable"
  },
  {
    "url" : "http://hl7.org/fhir/StructureDefinition/cqf-knowledgeCapability",
    "valueCode" : "publishable"
  }],
  "url" : "http://example.org/fhir/uv/cpg/ActivityDefinition/activity-example-sendmessage-ad",
  "identifier" : [{
    "system" : "urn:ietf:rfc:3986",
    "value" : "urn:oid:2.16.840.1.113883.4.642.40.48.11.18"
  }],
  "version" : "1.0.0",
  "name" : "ActivityExampleSendMessageAD",
  "title" : "Activity Example Send Message AD",
  "status" : "active",
  "experimental" : true,
  "date" : "2024-11-26T16:34:39+00:00",
  "publisher" : "IHE QRPH Technical Committee",
  "contact" : [{
    "telecom" : [{
      "system" : "url",
      "value" : "https://www.ihe.net/ihe_domains/quality_research_and_public_health/"
    }]
  },
  {
    "telecom" : [{
      "system" : "email",
      "value" : "qrph@ihe.net"
    }]
  },
  {
    "name" : "IHE QRPH Technical Committee",
    "telecom" : [{
      "system" : "email",
      "value" : "qrph@ihe.net"
    }]
  }],
  "description" : "IHE CCG example for provide information ActivityDefinition (based on HL7 CPG example)",
  "jurisdiction" : [{
    "coding" : [{
      "system" : "http://unstats.un.org/unsd/methods/m49/m49.htm",
      "code" : "001"
    }]
  }],
  "topic" : [{
    "coding" : [{
      "system" : "https://profiles.ihe.net/QRPH/CCG/CodeSystem/ccg-card-type-cs",
      "code" : "provide"
    }]
  }],
  "kind" : "CommunicationRequest",
  "profile" : "http://hl7.org/fhir/uv/cpg/StructureDefinition/cpg-communicationrequest",
  "code" : {
    "coding" : [{
      "system" : "http://hl7.org/fhir/uv/cpg/CodeSystem/cpg-activity-type-cs",
      "code" : "send-message",
      "display" : "Send a message"
    }]
  },
  "intent" : "proposal",
  "doNotPerform" : false,
  "dynamicValue" : [{
    "path" : "status",
    "expression" : {
      "language" : "text/cql",
      "expression" : "'draft'"
    }
  },
  {
    "path" : "payload.content",
    "expression" : {
      "language" : "text/cql",
      "expression" : "'Hello!'"
    }
  }]
}