<?xml version="1.0" encoding="UTF-8"?>

<Bundle xmlns="http://hl7.org/fhir">
  <id value="bc1f698e-4ef3-403d-8202-849bdf3bcba6"/>
  <meta>
    <lastUpdated value="2025-03-12T10:59:00.185-05:00"/>
  </meta>
  <type value="collection"/>
  <entry>
    <fullUrl value="https://profiles.ihe.net/ITI/mCSD/ValueSet/IHE.mCSD.Organization.Location.Types"/>
    <resource>
      <ValueSet>
        <text>
          <status value="generated"/>
          <div xmlns="http://www.w3.org/1999/xhtml">
            <p class="res-header-id">
              <b>ValueSet </b>
            </p>
            <p style="border: black 1px dotted; background-color: #EEEEEE; padding: 8px; margin-bottom: 8px">Expansion performed internally based on 
              <a href="CodeSystem-IHE.mCSD.Organization.Location.Types.html">codesystem mCSD Type codes for Organizations and Locations v4.0.0-comment (CodeSystem)</a>
            </p>
            <p>This value set contains 2 concepts</p>
            <table class="codes">
              <tr>
                <td style="white-space:nowrap">
                  <b>Code</b>
                </td>
                <td>
                  <b>System</b>
                </td>
                <td>
                  <b>Display (en-US)</b>
                </td>
              </tr>
              <tr>
                <td style="white-space:nowrap">
                  <a name="x-https://profiles.ihe.net/ITI/mCSD/CodeSystem/IHE.mCSD.Organization.Location.Types-facility"> </a>  
                  <a href="CodeSystem-IHE.mCSD.Organization.Location.Types.html#IHE.mCSD.Organization.Location.Types-facility">facility</a>
                </td>
                <td>https://profiles.ihe.net/ITI/mCSD/CodeSystem/IHE.mCSD.Organization.Location.Types</td>
                <td/>
              </tr>
              <tr>
                <td style="white-space:nowrap">
                  <a name="x-https://profiles.ihe.net/ITI/mCSD/CodeSystem/IHE.mCSD.Organization.Location.Types-jurisdiction"> </a>  
                  <a href="CodeSystem-IHE.mCSD.Organization.Location.Types.html#IHE.mCSD.Organization.Location.Types-jurisdiction">jurisdiction</a>
                </td>
                <td>https://profiles.ihe.net/ITI/mCSD/CodeSystem/IHE.mCSD.Organization.Location.Types</td>
                <td/>
              </tr>
            </table>
          </div>
        </text>
        <url value="https://profiles.ihe.net/ITI/mCSD/ValueSet/IHE.mCSD.Organization.Location.Types"/>
        <version value="4.0.0-comment"/>
        <name value="MCSDOrganizationLocationTypeValueSet"/>
        <title value="mCSD Types for Organizations and Locations"/>
        <status value="active"/>
        <experimental value="false"/>
        <date value="2025-03-12T10:57:46-05:00"/>
        <jurisdiction>
          <coding>
            <system value="http://unstats.un.org/unsd/methods/m49/m49.htm"/>
            <code value="001"/>
          </coding>
        </jurisdiction>
        <expansion>
          <identifier value="urn:uuid:ee65b828-5189-4074-ba73-6117387cff4c"/>
          <timestamp value="2025-03-12T11:00:37-05:00"/>
          <total value="2"/>
          <offset value="0"/>
          <parameter>
            <name value="displayLanguage"/>
            <valueCode value="en-US"/>
          </parameter>
          <parameter>
            <name value="count"/>
            <valueInteger value="1000"/>
          </parameter>
          <parameter>
            <name value="offset"/>
            <valueInteger value="0"/>
          </parameter>
          <parameter>
            <name value="excludeNested"/>
            <valueBoolean value="false"/>
          </parameter>
          <parameter>
            <name value="used-codesystem"/>
            <valueUri value="https://profiles.ihe.net/ITI/mCSD/CodeSystem/IHE.mCSD.Organization.Location.Types|4.0.0-comment"/>
          </parameter>
          <contains>
            <system value="https://profiles.ihe.net/ITI/mCSD/CodeSystem/IHE.mCSD.Organization.Location.Types"/>
            <code value="facility"/>
          </contains>
          <contains>
            <system value="https://profiles.ihe.net/ITI/mCSD/CodeSystem/IHE.mCSD.Organization.Location.Types"/>
            <code value="jurisdiction"/>
          </contains>
        </expansion>
      </ValueSet>
    </resource>
  </entry>
  <entry>
    <fullUrl value="https://profiles.ihe.net/ITI/mCSD/ValueSet/MCSDEndpointIdentifierTypeValueSet"/>
    <resource>
      <ValueSet>
        <text>
          <status value="generated"/>
          <div xmlns="http://www.w3.org/1999/xhtml">
            <p class="res-header-id">
              <b>ValueSet </b>
            </p>
            <p style="border: black 1px dotted; background-color: #EEEEEE; padding: 8px; margin-bottom: 8px">Expansion performed internally based on 
              <a href="CodeSystem-MCSDEndpointIdentifierTypes.html">codesystem mCSD Type codes for Endpoint.identifier v4.0.0-comment (CodeSystem)</a>
            </p>
            <p>This value set contains 2 concepts</p>
            <table class="codes">
              <tr>
                <td style="white-space:nowrap">
                  <b>Code</b>
                </td>
                <td>
                  <b>System</b>
                </td>
                <td>
                  <b>Display (en-US)</b>
                </td>
              </tr>
              <tr>
                <td style="white-space:nowrap">
                  <a name="x-https://profiles.ihe.net/ITI/mCSD/CodeSystem/MCSDEndpointIdentifierTypes-HCID"> </a>  
                  <a href="CodeSystem-MCSDEndpointIdentifierTypes.html#MCSDEndpointIdentifierTypes-HCID">HCID</a>
                </td>
                <td>https://profiles.ihe.net/ITI/mCSD/CodeSystem/MCSDEndpointIdentifierTypes</td>
                <td/>
              </tr>
              <tr>
                <td style="white-space:nowrap">
                  <a name="x-https://profiles.ihe.net/ITI/mCSD/CodeSystem/MCSDEndpointIdentifierTypes-DocRepoId"> </a>  
                  <a href="CodeSystem-MCSDEndpointIdentifierTypes.html#MCSDEndpointIdentifierTypes-DocRepoId">DocRepoId</a>
                </td>
                <td>https://profiles.ihe.net/ITI/mCSD/CodeSystem/MCSDEndpointIdentifierTypes</td>
                <td/>
              </tr>
            </table>
          </div>
        </text>
        <url value="https://profiles.ihe.net/ITI/mCSD/ValueSet/MCSDEndpointIdentifierTypeValueSet"/>
        <version value="4.0.0-comment"/>
        <name value="MCSDEndpointIdentifierTypeValueSet"/>
        <title value="mCSD Type codes for Endpoint.identifier"/>
        <status value="active"/>
        <experimental value="false"/>
        <date value="2025-03-12T10:57:46-05:00"/>
        <jurisdiction>
          <coding>
            <system value="http://unstats.un.org/unsd/methods/m49/m49.htm"/>
            <code value="001"/>
          </coding>
        </jurisdiction>
        <expansion>
          <identifier value="urn:uuid:afc0891d-ea4d-4b20-a99f-6444514ebb82"/>
          <timestamp value="2025-03-12T11:00:37-05:00"/>
          <total value="2"/>
          <offset value="0"/>
          <parameter>
            <name value="displayLanguage"/>
            <valueCode value="en-US"/>
          </parameter>
          <parameter>
            <name value="count"/>
            <valueInteger value="1000"/>
          </parameter>
          <parameter>
            <name value="offset"/>
            <valueInteger value="0"/>
          </parameter>
          <parameter>
            <name value="excludeNested"/>
            <valueBoolean value="false"/>
          </parameter>
          <parameter>
            <name value="used-codesystem"/>
            <valueUri value="https://profiles.ihe.net/ITI/mCSD/CodeSystem/MCSDEndpointIdentifierTypes|4.0.0-comment"/>
          </parameter>
          <contains>
            <system value="https://profiles.ihe.net/ITI/mCSD/CodeSystem/MCSDEndpointIdentifierTypes"/>
            <code value="HCID"/>
          </contains>
          <contains>
            <system value="https://profiles.ihe.net/ITI/mCSD/CodeSystem/MCSDEndpointIdentifierTypes"/>
            <code value="DocRepoId"/>
          </contains>
        </expansion>
      </ValueSet>
    </resource>
  </entry>
  <entry>
    <fullUrl value="https://profiles.ihe.net/ITI/mCSD/ValueSet/MCSDEndpointTypesCoreDocShareVS"/>
    <resource>
      <ValueSet>
        <text>
          <status value="generated"/>
          <div xmlns="http://www.w3.org/1999/xhtml">
            <p class="res-header-id">
              <b>ValueSet </b>
            </p>
            <p style="border: black 1px dotted; background-color: #EEEEEE; padding: 8px; margin-bottom: 8px">Expansion performed internally based on 
              <a href="CodeSystem-MCSDEndpointTypes.html">codesystem mCSD Endpoint Types v4.0.0-comment (CodeSystem)</a>
            </p>
            <p>This value set contains 7 concepts</p>
            <table class="codes">
              <tr>
                <td style="white-space:nowrap">
                  <b>Code</b>
                </td>
                <td>
                  <b>System</b>
                </td>
                <td>
                  <b>Display (en-US)</b>
                </td>
              </tr>
              <tr>
                <td style="white-space:nowrap">
                  <a name="x-https://profiles.ihe.net/ITI/mCSD/CodeSystem/MCSDEndpointTypes-ihe-xcpd"> </a>  
                  <a href="CodeSystem-MCSDEndpointTypes.html#MCSDEndpointTypes-ihe-xcpd">ihe-xcpd</a>
                </td>
                <td>https://profiles.ihe.net/ITI/mCSD/CodeSystem/MCSDEndpointTypes</td>
                <td/>
              </tr>
              <tr>
                <td style="white-space:nowrap">
                  <a name="x-https://profiles.ihe.net/ITI/mCSD/CodeSystem/MCSDEndpointTypes-ihe-xca"> </a>  
                  <a href="CodeSystem-MCSDEndpointTypes.html#MCSDEndpointTypes-ihe-xca">ihe-xca</a>
                </td>
                <td>https://profiles.ihe.net/ITI/mCSD/CodeSystem/MCSDEndpointTypes</td>
                <td/>
              </tr>
              <tr>
                <td style="white-space:nowrap">
                  <a name="x-https://profiles.ihe.net/ITI/mCSD/CodeSystem/MCSDEndpointTypes-ihe-xds"> </a>  
                  <a href="CodeSystem-MCSDEndpointTypes.html#MCSDEndpointTypes-ihe-xds">ihe-xds</a>
                </td>
                <td>https://profiles.ihe.net/ITI/mCSD/CodeSystem/MCSDEndpointTypes</td>
                <td/>
              </tr>
              <tr>
                <td style="white-space:nowrap">
                  <a name="x-https://profiles.ihe.net/ITI/mCSD/CodeSystem/MCSDEndpointTypes-ihe-xdr"> </a>  
                  <a href="CodeSystem-MCSDEndpointTypes.html#MCSDEndpointTypes-ihe-xdr">ihe-xdr</a>
                </td>
                <td>https://profiles.ihe.net/ITI/mCSD/CodeSystem/MCSDEndpointTypes</td>
                <td/>
              </tr>
              <tr>
                <td style="white-space:nowrap">
                  <a name="x-https://profiles.ihe.net/ITI/mCSD/CodeSystem/MCSDEndpointTypes-ihe-pdq"> </a>  
                  <a href="CodeSystem-MCSDEndpointTypes.html#MCSDEndpointTypes-ihe-pdq">ihe-pdq</a>
                </td>
                <td>https://profiles.ihe.net/ITI/mCSD/CodeSystem/MCSDEndpointTypes</td>
                <td/>
              </tr>
              <tr>
                <td style="white-space:nowrap">
                  <a name="x-https://profiles.ihe.net/ITI/mCSD/CodeSystem/MCSDEndpointTypes-ihe-pix"> </a>  
                  <a href="CodeSystem-MCSDEndpointTypes.html#MCSDEndpointTypes-ihe-pix">ihe-pix</a>
                </td>
                <td>https://profiles.ihe.net/ITI/mCSD/CodeSystem/MCSDEndpointTypes</td>
                <td/>
              </tr>
              <tr>
                <td style="white-space:nowrap">
                  <a name="x-https://profiles.ihe.net/ITI/mCSD/CodeSystem/MCSDEndpointTypes-ihe-mhd"> </a>  
                  <a href="CodeSystem-MCSDEndpointTypes.html#MCSDEndpointTypes-ihe-mhd">ihe-mhd</a>
                </td>
                <td>https://profiles.ihe.net/ITI/mCSD/CodeSystem/MCSDEndpointTypes</td>
                <td/>
              </tr>
            </table>
          </div>
        </text>
        <url value="https://profiles.ihe.net/ITI/mCSD/ValueSet/MCSDEndpointTypesCoreDocShareVS"/>
        <version value="4.0.0-comment"/>
        <name value="MCSDEndpointTypesCoreDocShareVS"/>
        <title value="mCSD Endpoint Core Document Sharing Types ValueSet"/>
        <status value="active"/>
        <experimental value="false"/>
        <date value="2025-03-12T10:57:46-05:00"/>
        <jurisdiction>
          <coding>
            <system value="http://unstats.un.org/unsd/methods/m49/m49.htm"/>
            <code value="001"/>
          </coding>
        </jurisdiction>
        <expansion>
          <identifier value="urn:uuid:d4e21186-6a0e-40d3-b1ba-a4e5bb03e70d"/>
          <timestamp value="2025-03-12T11:00:37-05:00"/>
          <total value="7"/>
          <offset value="0"/>
          <parameter>
            <name value="displayLanguage"/>
            <valueCode value="en-US"/>
          </parameter>
          <parameter>
            <name value="count"/>
            <valueInteger value="1000"/>
          </parameter>
          <parameter>
            <name value="offset"/>
            <valueInteger value="0"/>
          </parameter>
          <parameter>
            <name value="excludeNested"/>
            <valueBoolean value="false"/>
          </parameter>
          <parameter>
            <name value="used-codesystem"/>
            <valueUri value="https://profiles.ihe.net/ITI/mCSD/CodeSystem/MCSDEndpointTypes|4.0.0-comment"/>
          </parameter>
          <contains>
            <system value="https://profiles.ihe.net/ITI/mCSD/CodeSystem/MCSDEndpointTypes"/>
            <code value="ihe-xcpd"/>
          </contains>
          <contains>
            <system value="https://profiles.ihe.net/ITI/mCSD/CodeSystem/MCSDEndpointTypes"/>
            <code value="ihe-xca"/>
          </contains>
          <contains>
            <system value="https://profiles.ihe.net/ITI/mCSD/CodeSystem/MCSDEndpointTypes"/>
            <code value="ihe-xds"/>
          </contains>
          <contains>
            <system value="https://profiles.ihe.net/ITI/mCSD/CodeSystem/MCSDEndpointTypes"/>
            <code value="ihe-xdr"/>
          </contains>
          <contains>
            <system value="https://profiles.ihe.net/ITI/mCSD/CodeSystem/MCSDEndpointTypes"/>
            <code value="ihe-pdq"/>
          </contains>
          <contains>
            <system value="https://profiles.ihe.net/ITI/mCSD/CodeSystem/MCSDEndpointTypes"/>
            <code value="ihe-pix"/>
          </contains>
          <contains>
            <system value="https://profiles.ihe.net/ITI/mCSD/CodeSystem/MCSDEndpointTypes"/>
            <code value="ihe-mhd"/>
          </contains>
        </expansion>
      </ValueSet>
    </resource>
  </entry>
  <entry>
    <fullUrl value="https://profiles.ihe.net/ITI/mCSD/ValueSet/MCSDEndpointTypesVS"/>
    <resource>
      <ValueSet>
        <text>
          <status value="generated"/>
          <div xmlns="http://www.w3.org/1999/xhtml">
            <p class="res-header-id">
              <b>ValueSet </b>
            </p>
            <p style="border: black 1px dotted; background-color: #EEEEEE; padding: 8px; margin-bottom: 8px">Expansion performed internally based on 
              <a href="CodeSystem-MCSDEndpointTypes.html">codesystem mCSD Endpoint Types v4.0.0-comment (CodeSystem)</a>
            </p>
            <p>This value set contains 47 concepts</p>
            <table class="codes">
              <tr>
                <td>
                  <b>Level</b>
                </td>
                <td style="white-space:nowrap">
                  <b>Code</b>
                </td>
                <td>
                  <b>System</b>
                </td>
                <td>
                  <b>Display (en-US)</b>
                </td>
              </tr>
              <tr>
                <td>
                  <a name="x-https://profiles.ihe.net/ITI/mCSD/CodeSystem/MCSDEndpointTypes-ihe-xca"> </a>1
                </td>
                <td style="white-space:nowrap">  
                  <a href="CodeSystem-MCSDEndpointTypes.html#MCSDEndpointTypes-ihe-xca">ihe-xca</a>
                </td>
                <td>https://profiles.ihe.net/ITI/mCSD/CodeSystem/MCSDEndpointTypes</td>
                <td/>
              </tr>
              <tr>
                <td>
                  <a name="x-https://profiles.ihe.net/ITI/mCSD/CodeSystem/MCSDEndpointTypes-XCA-InitGateway-Query"> </a>2
                </td>
                <td style="white-space:nowrap">    
                  <a href="CodeSystem-MCSDEndpointTypes.html#MCSDEndpointTypes-XCA-InitGateway-Query">XCA-InitGateway-Query</a>
                </td>
                <td>https://profiles.ihe.net/ITI/mCSD/CodeSystem/MCSDEndpointTypes</td>
                <td/>
              </tr>
              <tr>
                <td>
                  <a name="x-https://profiles.ihe.net/ITI/mCSD/CodeSystem/MCSDEndpointTypes-XCA-InitGateway-Retrieve"> </a>2
                </td>
                <td style="white-space:nowrap">    
                  <a href="CodeSystem-MCSDEndpointTypes.html#MCSDEndpointTypes-XCA-InitGateway-Retrieve">XCA-InitGateway-Retrieve</a>
                </td>
                <td>https://profiles.ihe.net/ITI/mCSD/CodeSystem/MCSDEndpointTypes</td>
                <td/>
              </tr>
              <tr>
                <td>
                  <a name="x-https://profiles.ihe.net/ITI/mCSD/CodeSystem/MCSDEndpointTypes-XCA-InitGateway-Query-Async"> </a>2
                </td>
                <td style="white-space:nowrap">    
                  <a href="CodeSystem-MCSDEndpointTypes.html#MCSDEndpointTypes-XCA-InitGateway-Query-Async">XCA-InitGateway-Query-Async</a>
                </td>
                <td>https://profiles.ihe.net/ITI/mCSD/CodeSystem/MCSDEndpointTypes</td>
                <td/>
              </tr>
              <tr>
                <td>
                  <a name="x-https://profiles.ihe.net/ITI/mCSD/CodeSystem/MCSDEndpointTypes-XCA-InitGateway-Retrieve-Async"> </a>2
                </td>
                <td style="white-space:nowrap">    
                  <a href="CodeSystem-MCSDEndpointTypes.html#MCSDEndpointTypes-XCA-InitGateway-Retrieve-Async">XCA-InitGateway-Retrieve-Async</a>
                </td>
                <td>https://profiles.ihe.net/ITI/mCSD/CodeSystem/MCSDEndpointTypes</td>
                <td/>
              </tr>
              <tr>
                <td>
                  <a name="x-https://profiles.ihe.net/ITI/mCSD/CodeSystem/MCSDEndpointTypes-XCA-InitGateway-Query-AsyncResponse"> </a>2
                </td>
                <td style="white-space:nowrap">    
                  <a href="CodeSystem-MCSDEndpointTypes.html#MCSDEndpointTypes-XCA-InitGateway-Query-AsyncResponse">XCA-InitGateway-Query-AsyncResponse</a>
                </td>
                <td>https://profiles.ihe.net/ITI/mCSD/CodeSystem/MCSDEndpointTypes</td>
                <td/>
              </tr>
              <tr>
                <td>
                  <a name="x-https://profiles.ihe.net/ITI/mCSD/CodeSystem/MCSDEndpointTypes-XCA-InitGateway-Retrieve-AsyncResponse"> </a>2
                </td>
                <td style="white-space:nowrap">    
                  <a href="CodeSystem-MCSDEndpointTypes.html#MCSDEndpointTypes-XCA-InitGateway-Retrieve-AsyncResponse">XCA-InitGateway-Retrieve-AsyncResponse</a>
                </td>
                <td>https://profiles.ihe.net/ITI/mCSD/CodeSystem/MCSDEndpointTypes</td>
                <td/>
              </tr>
              <tr>
                <td>
                  <a name="x-https://profiles.ihe.net/ITI/mCSD/CodeSystem/MCSDEndpointTypes-XCA-RespGateway-Query"> </a>2
                </td>
                <td style="white-space:nowrap">    
                  <a href="CodeSystem-MCSDEndpointTypes.html#MCSDEndpointTypes-XCA-RespGateway-Query">XCA-RespGateway-Query</a>
                </td>
                <td>https://profiles.ihe.net/ITI/mCSD/CodeSystem/MCSDEndpointTypes</td>
                <td/>
              </tr>
              <tr>
                <td>
                  <a name="x-https://profiles.ihe.net/ITI/mCSD/CodeSystem/MCSDEndpointTypes-XCA-RespGateway-Retrieve"> </a>2
                </td>
                <td style="white-space:nowrap">    
                  <a href="CodeSystem-MCSDEndpointTypes.html#MCSDEndpointTypes-XCA-RespGateway-Retrieve">XCA-RespGateway-Retrieve</a>
                </td>
                <td>https://profiles.ihe.net/ITI/mCSD/CodeSystem/MCSDEndpointTypes</td>
                <td/>
              </tr>
              <tr>
                <td>
                  <a name="x-https://profiles.ihe.net/ITI/mCSD/CodeSystem/MCSDEndpointTypes-XCA-RespGateway-Query-Async"> </a>2
                </td>
                <td style="white-space:nowrap">    
                  <a href="CodeSystem-MCSDEndpointTypes.html#MCSDEndpointTypes-XCA-RespGateway-Query-Async">XCA-RespGateway-Query-Async</a>
                </td>
                <td>https://profiles.ihe.net/ITI/mCSD/CodeSystem/MCSDEndpointTypes</td>
                <td/>
              </tr>
              <tr>
                <td>
                  <a name="x-https://profiles.ihe.net/ITI/mCSD/CodeSystem/MCSDEndpointTypes-XCA-RespGateway-Retrieve-Async"> </a>2
                </td>
                <td style="white-space:nowrap">    
                  <a href="CodeSystem-MCSDEndpointTypes.html#MCSDEndpointTypes-XCA-RespGateway-Retrieve-Async">XCA-RespGateway-Retrieve-Async</a>
                </td>
                <td>https://profiles.ihe.net/ITI/mCSD/CodeSystem/MCSDEndpointTypes</td>
                <td/>
              </tr>
              <tr>
                <td>
                  <a name="x-https://profiles.ihe.net/ITI/mCSD/CodeSystem/MCSDEndpointTypes-ihe-xcpd"> </a>1
                </td>
                <td style="white-space:nowrap">  
                  <a href="CodeSystem-MCSDEndpointTypes.html#MCSDEndpointTypes-ihe-xcpd">ihe-xcpd</a>
                </td>
                <td>https://profiles.ihe.net/ITI/mCSD/CodeSystem/MCSDEndpointTypes</td>
                <td/>
              </tr>
              <tr>
                <td>
                  <a name="x-https://profiles.ihe.net/ITI/mCSD/CodeSystem/MCSDEndpointTypes-XCPD-InitGateway-PatientDiscovery-AsyncResponse"> </a>2
                </td>
                <td style="white-space:nowrap">    
                  <a href="CodeSystem-MCSDEndpointTypes.html#MCSDEndpointTypes-XCPD-InitGateway-PatientDiscovery-AsyncResponse">XCPD-InitGateway-PatientDiscovery-AsyncResponse</a>
                </td>
                <td>https://profiles.ihe.net/ITI/mCSD/CodeSystem/MCSDEndpointTypes</td>
                <td/>
              </tr>
              <tr>
                <td>
                  <a name="x-https://profiles.ihe.net/ITI/mCSD/CodeSystem/MCSDEndpointTypes-XCPD-RespGateway-PatientDiscovery"> </a>2
                </td>
                <td style="white-space:nowrap">    
                  <a href="CodeSystem-MCSDEndpointTypes.html#MCSDEndpointTypes-XCPD-RespGateway-PatientDiscovery">XCPD-RespGateway-PatientDiscovery</a>
                </td>
                <td>https://profiles.ihe.net/ITI/mCSD/CodeSystem/MCSDEndpointTypes</td>
                <td/>
              </tr>
              <tr>
                <td>
                  <a name="x-https://profiles.ihe.net/ITI/mCSD/CodeSystem/MCSDEndpointTypes-XCPD-RespGateway-PatientDiscovery-Async"> </a>2
                </td>
                <td style="white-space:nowrap">    
                  <a href="CodeSystem-MCSDEndpointTypes.html#MCSDEndpointTypes-XCPD-RespGateway-PatientDiscovery-Async">XCPD-RespGateway-PatientDiscovery-Async</a>
                </td>
                <td>https://profiles.ihe.net/ITI/mCSD/CodeSystem/MCSDEndpointTypes</td>
                <td/>
              </tr>
              <tr>
                <td>
                  <a name="x-https://profiles.ihe.net/ITI/mCSD/CodeSystem/MCSDEndpointTypes-ihe-xds"> </a>1
                </td>
                <td style="white-space:nowrap">  
                  <a href="CodeSystem-MCSDEndpointTypes.html#MCSDEndpointTypes-ihe-xds">ihe-xds</a>
                </td>
                <td>https://profiles.ihe.net/ITI/mCSD/CodeSystem/MCSDEndpointTypes</td>
                <td/>
              </tr>
              <tr>
                <td>
                  <a name="x-https://profiles.ihe.net/ITI/mCSD/CodeSystem/MCSDEndpointTypes-XDS-Registry-Feed"> </a>2
                </td>
                <td style="white-space:nowrap">    
                  <a href="CodeSystem-MCSDEndpointTypes.html#MCSDEndpointTypes-XDS-Registry-Feed">XDS-Registry-Feed</a>
                </td>
                <td>https://profiles.ihe.net/ITI/mCSD/CodeSystem/MCSDEndpointTypes</td>
                <td/>
              </tr>
              <tr>
                <td>
                  <a name="x-https://profiles.ihe.net/ITI/mCSD/CodeSystem/MCSDEndpointTypes-XDS-Registry-Feed-v3"> </a>2
                </td>
                <td style="white-space:nowrap">    
                  <a href="CodeSystem-MCSDEndpointTypes.html#MCSDEndpointTypes-XDS-Registry-Feed-v3">XDS-Registry-Feed-v3</a>
                </td>
                <td>https://profiles.ihe.net/ITI/mCSD/CodeSystem/MCSDEndpointTypes</td>
                <td/>
              </tr>
              <tr>
                <td>
                  <a name="x-https://profiles.ihe.net/ITI/mCSD/CodeSystem/MCSDEndpointTypes-XDS-Registry-Register"> </a>2
                </td>
                <td style="white-space:nowrap">    
                  <a href="CodeSystem-MCSDEndpointTypes.html#MCSDEndpointTypes-XDS-Registry-Register">XDS-Registry-Register</a>
                </td>
                <td>https://profiles.ihe.net/ITI/mCSD/CodeSystem/MCSDEndpointTypes</td>
                <td/>
              </tr>
              <tr>
                <td>
                  <a name="x-https://profiles.ihe.net/ITI/mCSD/CodeSystem/MCSDEndpointTypes-XDS-Registry-Query"> </a>2
                </td>
                <td style="white-space:nowrap">    
                  <a href="CodeSystem-MCSDEndpointTypes.html#MCSDEndpointTypes-XDS-Registry-Query">XDS-Registry-Query</a>
                </td>
                <td>https://profiles.ihe.net/ITI/mCSD/CodeSystem/MCSDEndpointTypes</td>
                <td/>
              </tr>
              <tr>
                <td>
                  <a name="x-https://profiles.ihe.net/ITI/mCSD/CodeSystem/MCSDEndpointTypes-XDS-Registry-RegOnDemand"> </a>2
                </td>
                <td style="white-space:nowrap">    
                  <a href="CodeSystem-MCSDEndpointTypes.html#MCSDEndpointTypes-XDS-Registry-RegOnDemand">XDS-Registry-RegOnDemand</a>
                </td>
                <td>https://profiles.ihe.net/ITI/mCSD/CodeSystem/MCSDEndpointTypes</td>
                <td/>
              </tr>
              <tr>
                <td>
                  <a name="x-https://profiles.ihe.net/ITI/mCSD/CodeSystem/MCSDEndpointTypes-XDS-Registry-Register-Async"> </a>2
                </td>
                <td style="white-space:nowrap">    
                  <a href="CodeSystem-MCSDEndpointTypes.html#MCSDEndpointTypes-XDS-Registry-Register-Async">XDS-Registry-Register-Async</a>
                </td>
                <td>https://profiles.ihe.net/ITI/mCSD/CodeSystem/MCSDEndpointTypes</td>
                <td/>
              </tr>
              <tr>
                <td>
                  <a name="x-https://profiles.ihe.net/ITI/mCSD/CodeSystem/MCSDEndpointTypes-XDS-Registry-Query-Async"> </a>2
                </td>
                <td style="white-space:nowrap">    
                  <a href="CodeSystem-MCSDEndpointTypes.html#MCSDEndpointTypes-XDS-Registry-Query-Async">XDS-Registry-Query-Async</a>
                </td>
                <td>https://profiles.ihe.net/ITI/mCSD/CodeSystem/MCSDEndpointTypes</td>
                <td/>
              </tr>
              <tr>
                <td>
                  <a name="x-https://profiles.ihe.net/ITI/mCSD/CodeSystem/MCSDEndpointTypes-XDS-Registry-RegOnDemand-Async"> </a>2
                </td>
                <td style="white-space:nowrap">    
                  <a href="CodeSystem-MCSDEndpointTypes.html#MCSDEndpointTypes-XDS-Registry-RegOnDemand-Async">XDS-Registry-RegOnDemand-Async</a>
                </td>
                <td>https://profiles.ihe.net/ITI/mCSD/CodeSystem/MCSDEndpointTypes</td>
                <td/>
              </tr>
              <tr>
                <td>
                  <a name="x-https://profiles.ihe.net/ITI/mCSD/CodeSystem/MCSDEndpointTypes-XDS-Repository-ProvideReg"> </a>2
                </td>
                <td style="white-space:nowrap">    
                  <a href="CodeSystem-MCSDEndpointTypes.html#MCSDEndpointTypes-XDS-Repository-ProvideReg">XDS-Repository-ProvideReg</a>
                </td>
                <td>https://profiles.ihe.net/ITI/mCSD/CodeSystem/MCSDEndpointTypes</td>
                <td/>
              </tr>
              <tr>
                <td>
                  <a name="x-https://profiles.ihe.net/ITI/mCSD/CodeSystem/MCSDEndpointTypes-XDS-Repository-Retrieve"> </a>2
                </td>
                <td style="white-space:nowrap">    
                  <a href="CodeSystem-MCSDEndpointTypes.html#MCSDEndpointTypes-XDS-Repository-Retrieve">XDS-Repository-Retrieve</a>
                </td>
                <td>https://profiles.ihe.net/ITI/mCSD/CodeSystem/MCSDEndpointTypes</td>
                <td/>
              </tr>
              <tr>
                <td>
                  <a name="x-https://profiles.ihe.net/ITI/mCSD/CodeSystem/MCSDEndpointTypes-XDS-Repository-ProvideReg-Async"> </a>2
                </td>
                <td style="white-space:nowrap">    
                  <a href="CodeSystem-MCSDEndpointTypes.html#MCSDEndpointTypes-XDS-Repository-ProvideReg-Async">XDS-Repository-ProvideReg-Async</a>
                </td>
                <td>https://profiles.ihe.net/ITI/mCSD/CodeSystem/MCSDEndpointTypes</td>
                <td/>
              </tr>
              <tr>
                <td>
                  <a name="x-https://profiles.ihe.net/ITI/mCSD/CodeSystem/MCSDEndpointTypes-XDS-Repository-Retrieve-Async"> </a>2
                </td>
                <td style="white-space:nowrap">    
                  <a href="CodeSystem-MCSDEndpointTypes.html#MCSDEndpointTypes-XDS-Repository-Retrieve-Async">XDS-Repository-Retrieve-Async</a>
                </td>
                <td>https://profiles.ihe.net/ITI/mCSD/CodeSystem/MCSDEndpointTypes</td>
                <td/>
              </tr>
              <tr>
                <td>
                  <a name="x-https://profiles.ihe.net/ITI/mCSD/CodeSystem/MCSDEndpointTypes-XDS-Repository-Register-AsyncResponse"> </a>2
                </td>
                <td style="white-space:nowrap">    
                  <a href="CodeSystem-MCSDEndpointTypes.html#MCSDEndpointTypes-XDS-Repository-Register-AsyncResponse">XDS-Repository-Register-AsyncResponse</a>
                </td>
                <td>https://profiles.ihe.net/ITI/mCSD/CodeSystem/MCSDEndpointTypes</td>
                <td/>
              </tr>
              <tr>
                <td>
                  <a name="x-https://profiles.ihe.net/ITI/mCSD/CodeSystem/MCSDEndpointTypes-XDS-OnDemandSource-Retrieve"> </a>2
                </td>
                <td style="white-space:nowrap">    
                  <a href="CodeSystem-MCSDEndpointTypes.html#MCSDEndpointTypes-XDS-OnDemandSource-Retrieve">XDS-OnDemandSource-Retrieve</a>
                </td>
                <td>https://profiles.ihe.net/ITI/mCSD/CodeSystem/MCSDEndpointTypes</td>
                <td/>
              </tr>
              <tr>
                <td>
                  <a name="x-https://profiles.ihe.net/ITI/mCSD/CodeSystem/MCSDEndpointTypes-XDS-OnDemandSource-Retrieve-Async"> </a>2
                </td>
                <td style="white-space:nowrap">    
                  <a href="CodeSystem-MCSDEndpointTypes.html#MCSDEndpointTypes-XDS-OnDemandSource-Retrieve-Async">XDS-OnDemandSource-Retrieve-Async</a>
                </td>
                <td>https://profiles.ihe.net/ITI/mCSD/CodeSystem/MCSDEndpointTypes</td>
                <td/>
              </tr>
              <tr>
                <td>
                  <a name="x-https://profiles.ihe.net/ITI/mCSD/CodeSystem/MCSDEndpointTypes-XDS-OnDemandSource-RegOnDemand-AsyncResponse"> </a>2
                </td>
                <td style="white-space:nowrap">    
                  <a href="CodeSystem-MCSDEndpointTypes.html#MCSDEndpointTypes-XDS-OnDemandSource-RegOnDemand-AsyncResponse">XDS-OnDemandSource-RegOnDemand-AsyncResponse</a>
                </td>
                <td>https://profiles.ihe.net/ITI/mCSD/CodeSystem/MCSDEndpointTypes</td>
                <td/>
              </tr>
              <tr>
                <td>
                  <a name="x-https://profiles.ihe.net/ITI/mCSD/CodeSystem/MCSDEndpointTypes-XDS-Source-ProvideReg-AsyncResponse"> </a>2
                </td>
                <td style="white-space:nowrap">    
                  <a href="CodeSystem-MCSDEndpointTypes.html#MCSDEndpointTypes-XDS-Source-ProvideReg-AsyncResponse">XDS-Source-ProvideReg-AsyncResponse</a>
                </td>
                <td>https://profiles.ihe.net/ITI/mCSD/CodeSystem/MCSDEndpointTypes</td>
                <td/>
              </tr>
              <tr>
                <td>
                  <a name="x-https://profiles.ihe.net/ITI/mCSD/CodeSystem/MCSDEndpointTypes-XDS-Consumer-Query-AsyncResponse"> </a>2
                </td>
                <td style="white-space:nowrap">    
                  <a href="CodeSystem-MCSDEndpointTypes.html#MCSDEndpointTypes-XDS-Consumer-Query-AsyncResponse">XDS-Consumer-Query-AsyncResponse</a>
                </td>
                <td>https://profiles.ihe.net/ITI/mCSD/CodeSystem/MCSDEndpointTypes</td>
                <td/>
              </tr>
              <tr>
                <td>
                  <a name="x-https://profiles.ihe.net/ITI/mCSD/CodeSystem/MCSDEndpointTypes-XDS-Consumer-Retrieve-AsyncResponse"> </a>2
                </td>
                <td style="white-space:nowrap">    
                  <a href="CodeSystem-MCSDEndpointTypes.html#MCSDEndpointTypes-XDS-Consumer-Retrieve-AsyncResponse">XDS-Consumer-Retrieve-AsyncResponse</a>
                </td>
                <td>https://profiles.ihe.net/ITI/mCSD/CodeSystem/MCSDEndpointTypes</td>
                <td/>
              </tr>
              <tr>
                <td>
                  <a name="x-https://profiles.ihe.net/ITI/mCSD/CodeSystem/MCSDEndpointTypes-ihe-pdq"> </a>1
                </td>
                <td style="white-space:nowrap">  
                  <a href="CodeSystem-MCSDEndpointTypes.html#MCSDEndpointTypes-ihe-pdq">ihe-pdq</a>
                </td>
                <td>https://profiles.ihe.net/ITI/mCSD/CodeSystem/MCSDEndpointTypes</td>
                <td/>
              </tr>
              <tr>
                <td>
                  <a name="x-https://profiles.ihe.net/ITI/mCSD/CodeSystem/MCSDEndpointTypes-PDQ-Supplier-Query"> </a>2
                </td>
                <td style="white-space:nowrap">    
                  <a href="CodeSystem-MCSDEndpointTypes.html#MCSDEndpointTypes-PDQ-Supplier-Query">PDQ-Supplier-Query</a>
                </td>
                <td>https://profiles.ihe.net/ITI/mCSD/CodeSystem/MCSDEndpointTypes</td>
                <td/>
              </tr>
              <tr>
                <td>
                  <a name="x-https://profiles.ihe.net/ITI/mCSD/CodeSystem/MCSDEndpointTypes-PDQ-Supplier-VisitQuery"> </a>2
                </td>
                <td style="white-space:nowrap">    
                  <a href="CodeSystem-MCSDEndpointTypes.html#MCSDEndpointTypes-PDQ-Supplier-VisitQuery">PDQ-Supplier-VisitQuery</a>
                </td>
                <td>https://profiles.ihe.net/ITI/mCSD/CodeSystem/MCSDEndpointTypes</td>
                <td/>
              </tr>
              <tr>
                <td>
                  <a name="x-https://profiles.ihe.net/ITI/mCSD/CodeSystem/MCSDEndpointTypes-ihe-pix"> </a>1
                </td>
                <td style="white-space:nowrap">  
                  <a href="CodeSystem-MCSDEndpointTypes.html#MCSDEndpointTypes-ihe-pix">ihe-pix</a>
                </td>
                <td>https://profiles.ihe.net/ITI/mCSD/CodeSystem/MCSDEndpointTypes</td>
                <td/>
              </tr>
              <tr>
                <td>
                  <a name="x-https://profiles.ihe.net/ITI/mCSD/CodeSystem/MCSDEndpointTypes-PIX-Xmanager-Feed"> </a>2
                </td>
                <td style="white-space:nowrap">    
                  <a href="CodeSystem-MCSDEndpointTypes.html#MCSDEndpointTypes-PIX-Xmanager-Feed">PIX-Xmanager-Feed</a>
                </td>
                <td>https://profiles.ihe.net/ITI/mCSD/CodeSystem/MCSDEndpointTypes</td>
                <td/>
              </tr>
              <tr>
                <td>
                  <a name="x-https://profiles.ihe.net/ITI/mCSD/CodeSystem/MCSDEndpointTypes-PIX-Xmanager-Feed-v3"> </a>2
                </td>
                <td style="white-space:nowrap">    
                  <a href="CodeSystem-MCSDEndpointTypes.html#MCSDEndpointTypes-PIX-Xmanager-Feed-v3">PIX-Xmanager-Feed-v3</a>
                </td>
                <td>https://profiles.ihe.net/ITI/mCSD/CodeSystem/MCSDEndpointTypes</td>
                <td/>
              </tr>
              <tr>
                <td>
                  <a name="x-https://profiles.ihe.net/ITI/mCSD/CodeSystem/MCSDEndpointTypes-PIX-Xmanager-Query"> </a>2
                </td>
                <td style="white-space:nowrap">    
                  <a href="CodeSystem-MCSDEndpointTypes.html#MCSDEndpointTypes-PIX-Xmanager-Query">PIX-Xmanager-Query</a>
                </td>
                <td>https://profiles.ihe.net/ITI/mCSD/CodeSystem/MCSDEndpointTypes</td>
                <td/>
              </tr>
              <tr>
                <td>
                  <a name="x-https://profiles.ihe.net/ITI/mCSD/CodeSystem/MCSDEndpointTypes-PIX-Consumer"> </a>2
                </td>
                <td style="white-space:nowrap">    
                  <a href="CodeSystem-MCSDEndpointTypes.html#MCSDEndpointTypes-PIX-Consumer">PIX-Consumer</a>
                </td>
                <td>https://profiles.ihe.net/ITI/mCSD/CodeSystem/MCSDEndpointTypes</td>
                <td/>
              </tr>
              <tr>
                <td>
                  <a name="x-https://profiles.ihe.net/ITI/mCSD/CodeSystem/MCSDEndpointTypes-ihe-xdr"> </a>1
                </td>
                <td style="white-space:nowrap">  
                  <a href="CodeSystem-MCSDEndpointTypes.html#MCSDEndpointTypes-ihe-xdr">ihe-xdr</a>
                </td>
                <td>https://profiles.ihe.net/ITI/mCSD/CodeSystem/MCSDEndpointTypes</td>
                <td/>
              </tr>
              <tr>
                <td>
                  <a name="x-https://profiles.ihe.net/ITI/mCSD/CodeSystem/MCSDEndpointTypes-XDR-Recipient-ProvideReg"> </a>2
                </td>
                <td style="white-space:nowrap">    
                  <a href="CodeSystem-MCSDEndpointTypes.html#MCSDEndpointTypes-XDR-Recipient-ProvideReg">XDR-Recipient-ProvideReg</a>
                </td>
                <td>https://profiles.ihe.net/ITI/mCSD/CodeSystem/MCSDEndpointTypes</td>
                <td/>
              </tr>
              <tr>
                <td>
                  <a name="x-https://profiles.ihe.net/ITI/mCSD/CodeSystem/MCSDEndpointTypes-ihe-mhd"> </a>1
                </td>
                <td style="white-space:nowrap">  
                  <a href="CodeSystem-MCSDEndpointTypes.html#MCSDEndpointTypes-ihe-mhd">ihe-mhd</a>
                </td>
                <td>https://profiles.ihe.net/ITI/mCSD/CodeSystem/MCSDEndpointTypes</td>
                <td/>
              </tr>
              <tr>
                <td>
                  <a name="x-https://profiles.ihe.net/ITI/mCSD/CodeSystem/MCSDEndpointTypes-MHD-Recipient-ProvideReg"> </a>2
                </td>
                <td style="white-space:nowrap">    
                  <a href="CodeSystem-MCSDEndpointTypes.html#MCSDEndpointTypes-MHD-Recipient-ProvideReg">MHD-Recipient-ProvideReg</a>
                </td>
                <td>https://profiles.ihe.net/ITI/mCSD/CodeSystem/MCSDEndpointTypes</td>
                <td/>
              </tr>
            </table>
          </div>
        </text>
        <url value="https://profiles.ihe.net/ITI/mCSD/ValueSet/MCSDEndpointTypesVS"/>
        <version value="4.0.0-comment"/>
        <name value="MCSDEndpointTypesVS"/>
        <title value="mCSD Endpoint Types ValueSet"/>
        <status value="active"/>
        <experimental value="false"/>
        <date value="2025-03-12T10:57:46-05:00"/>
        <jurisdiction>
          <coding>
            <system value="http://unstats.un.org/unsd/methods/m49/m49.htm"/>
            <code value="001"/>
          </coding>
        </jurisdiction>
        <expansion>
          <identifier value="urn:uuid:cdc7b297-3f97-4ca1-a78e-7fb90b2f510e"/>
          <timestamp value="2025-03-12T11:00:38-05:00"/>
          <total value="47"/>
          <offset value="0"/>
          <parameter>
            <name value="displayLanguage"/>
            <valueCode value="en-US"/>
          </parameter>
          <parameter>
            <name value="count"/>
            <valueInteger value="1000"/>
          </parameter>
          <parameter>
            <name value="offset"/>
            <valueInteger value="0"/>
          </parameter>
          <parameter>
            <name value="excludeNested"/>
            <valueBoolean value="false"/>
          </parameter>
          <parameter>
            <name value="used-codesystem"/>
            <valueUri value="https://profiles.ihe.net/ITI/mCSD/CodeSystem/MCSDEndpointTypes|4.0.0-comment"/>
          </parameter>
          <contains>
            <system value="https://profiles.ihe.net/ITI/mCSD/CodeSystem/MCSDEndpointTypes"/>
            <code value="ihe-xca"/>
            <contains>
              <system value="https://profiles.ihe.net/ITI/mCSD/CodeSystem/MCSDEndpointTypes"/>
              <code value="XCA-InitGateway-Query"/>
            </contains>
            <contains>
              <system value="https://profiles.ihe.net/ITI/mCSD/CodeSystem/MCSDEndpointTypes"/>
              <code value="XCA-InitGateway-Retrieve"/>
            </contains>
            <contains>
              <system value="https://profiles.ihe.net/ITI/mCSD/CodeSystem/MCSDEndpointTypes"/>
              <code value="XCA-InitGateway-Query-Async"/>
            </contains>
            <contains>
              <system value="https://profiles.ihe.net/ITI/mCSD/CodeSystem/MCSDEndpointTypes"/>
              <code value="XCA-InitGateway-Retrieve-Async"/>
            </contains>
            <contains>
              <system value="https://profiles.ihe.net/ITI/mCSD/CodeSystem/MCSDEndpointTypes"/>
              <code value="XCA-InitGateway-Query-AsyncResponse"/>
            </contains>
            <contains>
              <system value="https://profiles.ihe.net/ITI/mCSD/CodeSystem/MCSDEndpointTypes"/>
              <code value="XCA-InitGateway-Retrieve-AsyncResponse"/>
            </contains>
            <contains>
              <system value="https://profiles.ihe.net/ITI/mCSD/CodeSystem/MCSDEndpointTypes"/>
              <code value="XCA-RespGateway-Query"/>
            </contains>
            <contains>
              <system value="https://profiles.ihe.net/ITI/mCSD/CodeSystem/MCSDEndpointTypes"/>
              <code value="XCA-RespGateway-Retrieve"/>
            </contains>
            <contains>
              <system value="https://profiles.ihe.net/ITI/mCSD/CodeSystem/MCSDEndpointTypes"/>
              <code value="XCA-RespGateway-Query-Async"/>
            </contains>
            <contains>
              <system value="https://profiles.ihe.net/ITI/mCSD/CodeSystem/MCSDEndpointTypes"/>
              <code value="XCA-RespGateway-Retrieve-Async"/>
            </contains>
          </contains>
          <contains>
            <system value="https://profiles.ihe.net/ITI/mCSD/CodeSystem/MCSDEndpointTypes"/>
            <code value="ihe-xcpd"/>
            <contains>
              <system value="https://profiles.ihe.net/ITI/mCSD/CodeSystem/MCSDEndpointTypes"/>
              <code value="XCPD-InitGateway-PatientDiscovery-AsyncResponse"/>
            </contains>
            <contains>
              <system value="https://profiles.ihe.net/ITI/mCSD/CodeSystem/MCSDEndpointTypes"/>
              <code value="XCPD-RespGateway-PatientDiscovery"/>
            </contains>
            <contains>
              <system value="https://profiles.ihe.net/ITI/mCSD/CodeSystem/MCSDEndpointTypes"/>
              <code value="XCPD-RespGateway-PatientDiscovery-Async"/>
            </contains>
          </contains>
          <contains>
            <system value="https://profiles.ihe.net/ITI/mCSD/CodeSystem/MCSDEndpointTypes"/>
            <code value="ihe-xds"/>
            <contains>
              <system value="https://profiles.ihe.net/ITI/mCSD/CodeSystem/MCSDEndpointTypes"/>
              <code value="XDS-Registry-Feed"/>
            </contains>
            <contains>
              <system value="https://profiles.ihe.net/ITI/mCSD/CodeSystem/MCSDEndpointTypes"/>
              <code value="XDS-Registry-Feed-v3"/>
            </contains>
            <contains>
              <system value="https://profiles.ihe.net/ITI/mCSD/CodeSystem/MCSDEndpointTypes"/>
              <code value="XDS-Registry-Register"/>
            </contains>
            <contains>
              <system value="https://profiles.ihe.net/ITI/mCSD/CodeSystem/MCSDEndpointTypes"/>
              <code value="XDS-Registry-Query"/>
            </contains>
            <contains>
              <system value="https://profiles.ihe.net/ITI/mCSD/CodeSystem/MCSDEndpointTypes"/>
              <code value="XDS-Registry-RegOnDemand"/>
            </contains>
            <contains>
              <system value="https://profiles.ihe.net/ITI/mCSD/CodeSystem/MCSDEndpointTypes"/>
              <code value="XDS-Registry-Register-Async"/>
            </contains>
            <contains>
              <system value="https://profiles.ihe.net/ITI/mCSD/CodeSystem/MCSDEndpointTypes"/>
              <code value="XDS-Registry-Query-Async"/>
            </contains>
            <contains>
              <system value="https://profiles.ihe.net/ITI/mCSD/CodeSystem/MCSDEndpointTypes"/>
              <code value="XDS-Registry-RegOnDemand-Async"/>
            </contains>
            <contains>
              <system value="https://profiles.ihe.net/ITI/mCSD/CodeSystem/MCSDEndpointTypes"/>
              <code value="XDS-Repository-ProvideReg"/>
            </contains>
            <contains>
              <system value="https://profiles.ihe.net/ITI/mCSD/CodeSystem/MCSDEndpointTypes"/>
              <code value="XDS-Repository-Retrieve"/>
            </contains>
            <contains>
              <system value="https://profiles.ihe.net/ITI/mCSD/CodeSystem/MCSDEndpointTypes"/>
              <code value="XDS-Repository-ProvideReg-Async"/>
            </contains>
            <contains>
              <system value="https://profiles.ihe.net/ITI/mCSD/CodeSystem/MCSDEndpointTypes"/>
              <code value="XDS-Repository-Retrieve-Async"/>
            </contains>
            <contains>
              <system value="https://profiles.ihe.net/ITI/mCSD/CodeSystem/MCSDEndpointTypes"/>
              <code value="XDS-Repository-Register-AsyncResponse"/>
            </contains>
            <contains>
              <system value="https://profiles.ihe.net/ITI/mCSD/CodeSystem/MCSDEndpointTypes"/>
              <code value="XDS-OnDemandSource-Retrieve"/>
            </contains>
            <contains>
              <system value="https://profiles.ihe.net/ITI/mCSD/CodeSystem/MCSDEndpointTypes"/>
              <code value="XDS-OnDemandSource-Retrieve-Async"/>
            </contains>
            <contains>
              <system value="https://profiles.ihe.net/ITI/mCSD/CodeSystem/MCSDEndpointTypes"/>
              <code value="XDS-OnDemandSource-RegOnDemand-AsyncResponse"/>
            </contains>
            <contains>
              <system value="https://profiles.ihe.net/ITI/mCSD/CodeSystem/MCSDEndpointTypes"/>
              <code value="XDS-Source-ProvideReg-AsyncResponse"/>
            </contains>
            <contains>
              <system value="https://profiles.ihe.net/ITI/mCSD/CodeSystem/MCSDEndpointTypes"/>
              <code value="XDS-Consumer-Query-AsyncResponse"/>
            </contains>
            <contains>
              <system value="https://profiles.ihe.net/ITI/mCSD/CodeSystem/MCSDEndpointTypes"/>
              <code value="XDS-Consumer-Retrieve-AsyncResponse"/>
            </contains>
          </contains>
          <contains>
            <system value="https://profiles.ihe.net/ITI/mCSD/CodeSystem/MCSDEndpointTypes"/>
            <code value="ihe-pdq"/>
            <contains>
              <system value="https://profiles.ihe.net/ITI/mCSD/CodeSystem/MCSDEndpointTypes"/>
              <code value="PDQ-Supplier-Query"/>
            </contains>
            <contains>
              <system value="https://profiles.ihe.net/ITI/mCSD/CodeSystem/MCSDEndpointTypes"/>
              <code value="PDQ-Supplier-VisitQuery"/>
            </contains>
          </contains>
          <contains>
            <system value="https://profiles.ihe.net/ITI/mCSD/CodeSystem/MCSDEndpointTypes"/>
            <code value="ihe-pix"/>
            <contains>
              <system value="https://profiles.ihe.net/ITI/mCSD/CodeSystem/MCSDEndpointTypes"/>
              <code value="PIX-Xmanager-Feed"/>
            </contains>
            <contains>
              <system value="https://profiles.ihe.net/ITI/mCSD/CodeSystem/MCSDEndpointTypes"/>
              <code value="PIX-Xmanager-Feed-v3"/>
            </contains>
            <contains>
              <system value="https://profiles.ihe.net/ITI/mCSD/CodeSystem/MCSDEndpointTypes"/>
              <code value="PIX-Xmanager-Query"/>
            </contains>
            <contains>
              <system value="https://profiles.ihe.net/ITI/mCSD/CodeSystem/MCSDEndpointTypes"/>
              <code value="PIX-Consumer"/>
            </contains>
          </contains>
          <contains>
            <system value="https://profiles.ihe.net/ITI/mCSD/CodeSystem/MCSDEndpointTypes"/>
            <code value="ihe-xdr"/>
            <contains>
              <system value="https://profiles.ihe.net/ITI/mCSD/CodeSystem/MCSDEndpointTypes"/>
              <code value="XDR-Recipient-ProvideReg"/>
            </contains>
          </contains>
          <contains>
            <system value="https://profiles.ihe.net/ITI/mCSD/CodeSystem/MCSDEndpointTypes"/>
            <code value="ihe-mhd"/>
            <contains>
              <system value="https://profiles.ihe.net/ITI/mCSD/CodeSystem/MCSDEndpointTypes"/>
              <code value="MHD-Recipient-ProvideReg"/>
            </contains>
          </contains>
        </expansion>
      </ValueSet>
    </resource>
  </entry>
  <entry>
    <fullUrl value="https://profiles.ihe.net/ITI/mCSD/ValueSet/MCSDOrgAffTypesVS"/>
    <resource>
      <ValueSet>
        <text>
          <status value="generated"/>
          <div xmlns="http://www.w3.org/1999/xhtml">
            <p class="res-header-id">
              <b>ValueSet </b>
            </p>
            <div style="border: black 1px dotted; background-color: #EEEEEE; padding: 8px; margin-bottom: 8px">
              <p>Expansion performed internally based on:</p>
              <ul>
                <li>
                  <a href="http://hl7.org/fhir/R4/codesystem-organization-role.html">codesystem Organization Affiliation Role v4.0.1 (CodeSystem)</a>
                </li>
                <li>
                  <a href="CodeSystem-MCSDOrgAffTypes.html">codesystem mCSD Organization Affiliation Types v4.0.0-comment (CodeSystem)</a>
                </li>
              </ul>
            </div>
            <p>This value set contains 9 concepts</p>
            <table class="codes">
              <tr>
                <td style="white-space:nowrap">
                  <b>Code</b>
                </td>
                <td>
                  <b>System</b>
                </td>
                <td>
                  <b>Display (en-US)</b>
                </td>
                <td>
                  <b>Definition</b>
                </td>
              </tr>
              <tr>
                <td style="white-space:nowrap">
                  <a name="x-https://profiles.ihe.net/ITI/mCSD/CodeSystem/MCSDOrgAffTypes-DocShare-federate"> </a>  
                  <a href="CodeSystem-MCSDOrgAffTypes.html#MCSDOrgAffTypes-DocShare-federate">DocShare-federate</a>
                </td>
                <td>https://profiles.ihe.net/ITI/mCSD/CodeSystem/MCSDOrgAffTypes</td>
                <td/>
                <td>
                  <div/>
                </td>
              </tr>
              <tr>
                <td style="white-space:nowrap">
                  <a name="x-http://hl7.org/fhir/organization-role-provider"> </a>  
                  <a href="http://hl7.org/fhir/R4/codesystem-organization-role.html#organization-role-provider">provider</a>
                </td>
                <td>http://hl7.org/fhir/organization-role</td>
                <td/>
                <td>
                  <div/>
                </td>
              </tr>
              <tr>
                <td style="white-space:nowrap">
                  <a name="x-http://hl7.org/fhir/organization-role-agency"> </a>  
                  <a href="http://hl7.org/fhir/R4/codesystem-organization-role.html#organization-role-agency">agency</a>
                </td>
                <td>http://hl7.org/fhir/organization-role</td>
                <td/>
                <td>
                  <div>
                    <p>An organization such as a public health agency, community/social services provider, etc.</p>

                  </div>
                </td>
              </tr>
              <tr>
                <td style="white-space:nowrap">
                  <a name="x-http://hl7.org/fhir/organization-role-research"> </a>  
                  <a href="http://hl7.org/fhir/R4/codesystem-organization-role.html#organization-role-research">research</a>
                </td>
                <td>http://hl7.org/fhir/organization-role</td>
                <td/>
                <td>
                  <div>
                    <p>An organization providing research-related services such as conducting research, recruiting research participants, analyzing data, etc.</p>

                  </div>
                </td>
              </tr>
              <tr>
                <td style="white-space:nowrap">
                  <a name="x-http://hl7.org/fhir/organization-role-payer"> </a>  
                  <a href="http://hl7.org/fhir/R4/codesystem-organization-role.html#organization-role-payer">payer</a>
                </td>
                <td>http://hl7.org/fhir/organization-role</td>
                <td/>
                <td>
                  <div>
                    <p>An organization providing reimbursement, payment, or related services</p>

                  </div>
                </td>
              </tr>
              <tr>
                <td style="white-space:nowrap">
                  <a name="x-http://hl7.org/fhir/organization-role-diagnostics"> </a>  
                  <a href="http://hl7.org/fhir/R4/codesystem-organization-role.html#organization-role-diagnostics">diagnostics</a>
                </td>
                <td>http://hl7.org/fhir/organization-role</td>
                <td/>
                <td>
                  <div>
                    <p>An organization providing diagnostic testing/laboratory services</p>

                  </div>
                </td>
              </tr>
              <tr>
                <td style="white-space:nowrap">
                  <a name="x-http://hl7.org/fhir/organization-role-supplier"> </a>  
                  <a href="http://hl7.org/fhir/R4/codesystem-organization-role.html#organization-role-supplier">supplier</a>
                </td>
                <td>http://hl7.org/fhir/organization-role</td>
                <td/>
                <td>
                  <div>
                    <p>An organization that provides medical supplies (e.g. medical devices, equipment, pharmaceutical products, etc.)</p>

                  </div>
                </td>
              </tr>
              <tr>
                <td style="white-space:nowrap">
                  <a name="x-http://hl7.org/fhir/organization-role-HIE/HIO"> </a>  
                  <a href="http://hl7.org/fhir/R4/codesystem-organization-role.html#organization-role-HIE.47HIO">HIE/HIO</a>
                </td>
                <td>http://hl7.org/fhir/organization-role</td>
                <td/>
                <td>
                  <div>
                    <p>An organization that facilitates electronic clinical data exchange between entities</p>

                  </div>
                </td>
              </tr>
              <tr>
                <td style="white-space:nowrap">
                  <a name="x-http://hl7.org/fhir/organization-role-member"> </a>  
                  <a href="http://hl7.org/fhir/R4/codesystem-organization-role.html#organization-role-member">member</a>
                </td>
                <td>http://hl7.org/fhir/organization-role</td>
                <td/>
                <td>
                  <div>
                    <p>A type of non-ownership relationship between entities (encompasses partnerships, collaboration, joint ventures, etc.)</p>

                  </div>
                </td>
              </tr>
            </table>
          </div>
        </text>
        <url value="https://profiles.ihe.net/ITI/mCSD/ValueSet/MCSDOrgAffTypesVS"/>
        <version value="4.0.0-comment"/>
        <name value="MCSDOrgAffTypesVS"/>
        <title value="mCSD Organization Affiliation Types ValueSet"/>
        <status value="active"/>
        <experimental value="false"/>
        <date value="2025-03-12T10:57:46-05:00"/>
        <jurisdiction>
          <coding>
            <system value="http://unstats.un.org/unsd/methods/m49/m49.htm"/>
            <code value="001"/>
          </coding>
        </jurisdiction>
        <expansion>
          <identifier value="urn:uuid:dfd4e04e-8fd0-4f5b-9803-c676a12385d5"/>
          <timestamp value="2025-03-12T11:00:38-05:00"/>
          <total value="9"/>
          <offset value="0"/>
          <parameter>
            <name value="displayLanguage"/>
            <valueCode value="en-US"/>
          </parameter>
          <parameter>
            <name value="count"/>
            <valueInteger value="1000"/>
          </parameter>
          <parameter>
            <name value="offset"/>
            <valueInteger value="0"/>
          </parameter>
          <parameter>
            <name value="excludeNested"/>
            <valueBoolean value="false"/>
          </parameter>
          <parameter>
            <name value="used-codesystem"/>
            <valueUri value="https://profiles.ihe.net/ITI/mCSD/CodeSystem/MCSDOrgAffTypes|4.0.0-comment"/>
          </parameter>
          <parameter>
            <name value="warning-draft"/>
            <valueUri value="http://hl7.org/fhir/organization-role|4.0.1"/>
          </parameter>
          <parameter>
            <name value="used-codesystem"/>
            <valueUri value="http://hl7.org/fhir/organization-role|4.0.1"/>
          </parameter>
          <contains>
            <system value="https://profiles.ihe.net/ITI/mCSD/CodeSystem/MCSDOrgAffTypes"/>
            <code value="DocShare-federate"/>
          </contains>
          <contains>
            <system value="http://hl7.org/fhir/organization-role"/>
            <code value="provider"/>
          </contains>
          <contains>
            <system value="http://hl7.org/fhir/organization-role"/>
            <code value="agency"/>
          </contains>
          <contains>
            <system value="http://hl7.org/fhir/organization-role"/>
            <code value="research"/>
          </contains>
          <contains>
            <system value="http://hl7.org/fhir/organization-role"/>
            <code value="payer"/>
          </contains>
          <contains>
            <system value="http://hl7.org/fhir/organization-role"/>
            <code value="diagnostics"/>
          </contains>
          <contains>
            <system value="http://hl7.org/fhir/organization-role"/>
            <code value="supplier"/>
          </contains>
          <contains>
            <system value="http://hl7.org/fhir/organization-role"/>
            <code value="HIE/HIO"/>
          </contains>
          <contains>
            <system value="http://hl7.org/fhir/organization-role"/>
            <code value="member"/>
          </contains>
        </expansion>
      </ValueSet>
    </resource>
  </entry>
  <entry>
    <fullUrl value="https://profiles.ihe.net/ITI/mCSD/ValueSet/MCSDOrganizationIdentifierTypeValueSet"/>
    <resource>
      <ValueSet>
        <text>
          <status value="generated"/>
          <div xmlns="http://www.w3.org/1999/xhtml">
            <p class="res-header-id">
              <b>ValueSet </b>
            </p>
            <p style="border: black 1px dotted; background-color: #EEEEEE; padding: 8px; margin-bottom: 8px">Expansion performed internally based on 
              <a href="CodeSystem-MCSDOrganizationIdentifierTypes.html">codesystem mCSD Type codes for Organization.identifier v4.0.0-comment (CodeSystem)</a>
            </p>
            <p>This value set contains 2 concepts</p>
            <table class="codes">
              <tr>
                <td style="white-space:nowrap">
                  <b>Code</b>
                </td>
                <td>
                  <b>System</b>
                </td>
                <td>
                  <b>Display (en-US)</b>
                </td>
              </tr>
              <tr>
                <td style="white-space:nowrap">
                  <a name="x-https://profiles.ihe.net/ITI/mCSD/CodeSystem/MCSDOrganizationIdentifierTypes-HCID"> </a>  
                  <a href="CodeSystem-MCSDOrganizationIdentifierTypes.html#MCSDOrganizationIdentifierTypes-HCID">HCID</a>
                </td>
                <td>https://profiles.ihe.net/ITI/mCSD/CodeSystem/MCSDOrganizationIdentifierTypes</td>
                <td/>
              </tr>
              <tr>
                <td style="white-space:nowrap">
                  <a name="x-https://profiles.ihe.net/ITI/mCSD/CodeSystem/MCSDOrganizationIdentifierTypes-AuthOrgId"> </a>  
                  <a href="CodeSystem-MCSDOrganizationIdentifierTypes.html#MCSDOrganizationIdentifierTypes-AuthOrgId">AuthOrgId</a>
                </td>
                <td>https://profiles.ihe.net/ITI/mCSD/CodeSystem/MCSDOrganizationIdentifierTypes</td>
                <td/>
              </tr>
            </table>
          </div>
        </text>
        <url value="https://profiles.ihe.net/ITI/mCSD/ValueSet/MCSDOrganizationIdentifierTypeValueSet"/>
        <version value="4.0.0-comment"/>
        <name value="MCSDOrganizationIdentifierTypeValueSet"/>
        <title value="mCSD Type codes for Organization.identifier"/>
        <status value="active"/>
        <experimental value="false"/>
        <date value="2025-03-12T10:57:46-05:00"/>
        <jurisdiction>
          <coding>
            <system value="http://unstats.un.org/unsd/methods/m49/m49.htm"/>
            <code value="001"/>
          </coding>
        </jurisdiction>
        <expansion>
          <identifier value="urn:uuid:6809de66-1997-4aa3-81d7-38a606cb0b6f"/>
          <timestamp value="2025-03-12T11:00:38-05:00"/>
          <total value="2"/>
          <offset value="0"/>
          <parameter>
            <name value="displayLanguage"/>
            <valueCode value="en-US"/>
          </parameter>
          <parameter>
            <name value="count"/>
            <valueInteger value="1000"/>
          </parameter>
          <parameter>
            <name value="offset"/>
            <valueInteger value="0"/>
          </parameter>
          <parameter>
            <name value="excludeNested"/>
            <valueBoolean value="false"/>
          </parameter>
          <parameter>
            <name value="used-codesystem"/>
            <valueUri value="https://profiles.ihe.net/ITI/mCSD/CodeSystem/MCSDOrganizationIdentifierTypes|4.0.0-comment"/>
          </parameter>
          <contains>
            <system value="https://profiles.ihe.net/ITI/mCSD/CodeSystem/MCSDOrganizationIdentifierTypes"/>
            <code value="HCID"/>
          </contains>
          <contains>
            <system value="https://profiles.ihe.net/ITI/mCSD/CodeSystem/MCSDOrganizationIdentifierTypes"/>
            <code value="AuthOrgId"/>
          </contains>
        </expansion>
      </ValueSet>
    </resource>
  </entry>
</Bundle>