<?xml version="1.0" encoding="UTF-8"?>

<CodeSystem xmlns="http://hl7.org/fhir">
  <id value="mcsd-example-hierarchy"/>
  <text>
    <status value="generated"/><div xmlns="http://www.w3.org/1999/xhtml"><p>This code system https://profiles.ihe.net/ITI/mCSD/CodeSystem/mcsd-example-hierarchy defines the following codes:</p><table class="codes"><tr><td style="white-space:nowrap"><b>Code</b></td><td><b>Display</b></td></tr><tr><td style="white-space:nowrap">supply<a name="mcsd-example-hierarchy-supply"> </a></td><td>Supply Chain</td></tr><tr><td style="white-space:nowrap">admin<a name="mcsd-example-hierarchy-admin"> </a></td><td>Administrative</td></tr></table></div>
  </text>
  <url value="https://profiles.ihe.net/ITI/mCSD/CodeSystem/mcsd-example-hierarchy"/>
  <version value="3.8.0"/>
  <name value="MCSDExampleHierarchy"/>
  <title value="mCSD Example Hierarchy Code System"/>
  <status value="active"/>
  <experimental value="true"/>
  <date value="2022-08-12T09:41:58-05:00"/>
  <publisher value="IHE IT Infrastructure Technical Committee"/>
  <contact>
    <telecom>
      <system value="url"/>
      <value value="https://www.ihe.net/ihe_domains/it_infrastructure/"/>
    </telecom>
  </contact>
  <contact>
    <telecom>
      <system value="email"/>
      <value value="iti@ihe.net"/>
    </telecom>
  </contact>
  <contact>
    <name value="IHE IT Infrastructure Technical Committee"/>
    <telecom>
      <system value="email"/>
      <value value="iti@ihe.net"/>
    </telecom>
  </contact>
  <description value="An example vocabulary of hierarchies."/>
  <jurisdiction>
    <coding>
      <system value="http://unstats.un.org/unsd/methods/m49/m49.htm"/>
      <code value="001"/>
    </coding>
  </jurisdiction>
  <caseSensitive value="false"/>
  <content value="complete"/>
  <count value="2"/>
  <concept>
    <code value="supply"/>
    <display value="Supply Chain"/>
  </concept>
  <concept>
    <code value="admin"/>
    <display value="Administrative"/>
  </concept>
</CodeSystem>