{
  "codeSystems" : [
    {
      "url" : "http://dicom.nema.org/resources/ontology/DCM",
      "version" : "01",
      "status" : "active",
      "name" : "DICOM Controlled Terminology Definitions",
      "title" : null,
      "description" : "DICOM Code Definitions (Coding Scheme Designator \"DCM\" Coding Scheme Version \"01\")",
      "oids" : ["1.2.840.10008.2.16.4"],
      "uses" : {
      },
      "ValueSet-formatcode.html" : "IHE ValueSet of Format Codes for use with Document Sharing"
    },
    {
      "url" : "http://ihe.net/fhir/ihe.formatcode.fhir/CodeSystem/formatcode",
      "version" : "1.1.1",
      "status" : "active",
      "name" : "IHE_FormatCode_codesystem",
      "title" : "IHE Format Code set for use with Document Sharing",
      "description" : "The [IHE](http://www.ihe.net) FormatCode code system with canonical URI of http://ihe.net/fhir/ihe.formatcode.fhir/CodeSystem/formatcode is defined to be the set of FormatCodes define by IHE, for use with [Document Sharing](https://profiles.ihe.net/ITI/HIE-Whitepaper/index.html). This code set additionally includes, as deprecated, format codes defined by [HL7 for some Implementation Guides](http://wiki.hl7.org/index.php?title=CDA_Format_Codes_for_IHE_XDS). The HL7 codes are now managed by HL7. The set of IHE FormatCode codes was listed in HITSP C80 Table 2-153 Format Code Value Set Definition, but since has been updated. The use of the FormatCode specifies the technical format of the document. The FormatCode tends to reference the IHE Content Profile (Implementation Guide) that defines the use-case and constraints. The FormatCode is a further specialization more detailed than the mime-type. The FormatCode provides sufficient metadata information to allow any potential document content consumer to know if it can process and/or display by identifying a document encoding, structure and template. The set of codes is intended to be preferred.",
      "oids" : ["1.3.6.1.4.1.19376.1.2.3"],
      "uses" : {
      },
      "ValueSet-formatcode.html" : "IHE ValueSet of Format Codes for use with Document Sharing"
    },
    {
      "url" : "http://terminology.hl7.org/CodeSystem/v3-HL7DocumentFormatCodes",
      "version" : "3.0.0",
      "status" : "active",
      "name" : "HL7DocumentFormatCodes",
      "title" : "HL7 Document Format Codes",
      "description" : "This codeSystem contains codes which specify the technical format of a document. Each code provides sufficient information to allow any potential document consumer to know if it will be able to process the document. The codes are sufficiently specific to ensure processing/display by identifying a document encoding, structure and template. For example, formatCodes can be used in the FHIR DocumentReference resource to characterize the document being referenced.",
      "oids" : ["2.16.840.1.113883.4.642.1.1407"],
      "uses" : {
      },
      "ValueSet-formatcode.html" : "IHE ValueSet of Format Codes for use with Document Sharing"
    }
  ]
}
