{
  "resourceType" : "CodeSystem",
  "id" : "DSUBmlistTypes",
  "text" : {
    "status" : "generated",
    "div" : "<div xmlns=\"http://www.w3.org/1999/xhtml\"><p>This case-sensitive code system <code>https://profiles.ihe.net/ITI/DSUBm/CodeSystem/DSUBmlistTypes</code> defines the following codes:</p><table class=\"codes\"><tr><td style=\"white-space:nowrap\"><b>Code</b></td><td><b>Display</b></td></tr><tr><td style=\"white-space:nowrap\">folder<a name=\"DSUBmlistTypes-folder\"> </a></td><td>Folder as a FHIR List</td></tr><tr><td style=\"white-space:nowrap\">submissionset<a name=\"DSUBmlistTypes-submissionset\"> </a></td><td>SubmissionSet as a FHIR List</td></tr></table></div>"
  },
  "url" : "https://profiles.ihe.net/ITI/DSUBm/CodeSystem/DSUBmlistTypes",
  "version" : "1.0.0-comment",
  "name" : "DSUBmlistTypes",
  "title" : "DSUBm List Types",
  "status" : "active",
  "experimental" : false,
  "date" : "2023-11-17T09:35:47-06:00",
  "publisher" : "IHE IT Infrastructure Technical Committee",
  "contact" : [{
    "telecom" : [{
      "system" : "url",
      "value" : "https://www.ihe.net/ihe_domains/it_infrastructure/"
    }]
  },
  {
    "telecom" : [{
      "system" : "email",
      "value" : "iti@ihe.net"
    }]
  },
  {
    "name" : "IHE IT Infrastructure Technical Committee",
    "telecom" : [{
      "system" : "email",
      "value" : "iti@ihe.net"
    }]
  }],
  "description" : "To use the List resource for two different use-cases we define a code-system with the types of List needed in DSUBm",
  "jurisdiction" : [{
    "coding" : [{
      "system" : "http://unstats.un.org/unsd/methods/m49/m49.htm",
      "code" : "001"
    }]
  }],
  "caseSensitive" : true,
  "content" : "complete",
  "count" : 2,
  "concept" : [{
    "code" : "folder",
    "display" : "Folder as a FHIR List"
  },
  {
    "code" : "submissionset",
    "display" : "SubmissionSet as a FHIR List"
  }]
}