﻿{
  "openapi": "3.0.2",
  "info": {
    "title": "IHE DSUBm ResourceNotificationPublisher Folder Upd",
    "description": "The DSUBm Resource Notification Publisher Actor CapabilityStatement requirements expresses the requirements that shall be provided when implementing Folder Subscription for Update option.\n\n- Using FHIR R4B\n- Shall support both json and xml encoding\n- Should use a security framework. Recommend [ATNA](https://profiles.ihe.net/ITI/TF/Volume1/ch-9.html), encouraged [IHE-IUA](https://profiles.ihe.net/ITI/IUA/index.html) or [SMART-app-launch](http://www.hl7.org/fhir/smart-app-launch/)\n- Shall support the ITI-111 transaction for the basic trigger events\n- Shall be able to support in the Resource Publish [ITI-111] transaction the triggers events defined in Section [2:3.111.5.1.5 Folder Subscription for Update option Trigger Events](ITI-111.html#23111515-folder-subscription-for-update-option-trigger-events) and to comunicate the stream of events to the Resource Notification Broker as defined in Section [2:3.111.5.2.5 Folder Subscription for Update option Bundle](ITI-111.html#23111525-folder-subscription-for-update-option-bundle)",
    "license": {
      "name": "Creative Commons Attribution 4.0 International",
      "url": "http://spdx.org/licenses/CC-BY-4.0.html"
    },
    "version": "1.0.0-comment",
    "contact": {
      "name": "IHE IT Infrastructure Technical Committee",
      "email": "iti@ihe.net"
    }
  },
  "externalDocs": {
    "url": "https://profiles.ihe.net/ITI/DSUBm/CapabilityStatement/IHE.DSUBm.ResourceNotificationPublisher.Folder.Upd",
    "description": "FHIR CapabilityStatement"
  },
  "components": {
    "parameters": {
      "rid": {
        "name": "rid",
        "in": "path",
        "description": "id of the resource (\u003dResource.id)",
        "required": true,
        "allowEmptyValue": false,
        "style": "simple",
        "schema": {
          "type": "string"
        }
      },
      "hid": {
        "name": "hid",
        "in": "path",
        "description": "id of the history entry (\u003dResource.meta.versionId)",
        "required": true,
        "allowEmptyValue": false,
        "style": "simple",
        "schema": {
          "type": "string"
        }
      },
      "summary": {
        "name": "_summary",
        "in": "query",
        "description": "Requests the server to return a designated subset of the resource",
        "allowEmptyValue": true,
        "style": "form",
        "schema": {
          "type": "string",
          "enum": [
            "true",
            "text",
            "data",
            "count",
            "false"
          ]
        }
      },
      "format": {
        "name": "_format",
        "in": "query",
        "description": "Specify alternative response formats by their MIME-types (when a client is unable acccess accept: header)",
        "allowEmptyValue": true,
        "style": "form",
        "schema": {
          "type": "string",
          "format": "mime-type"
        }
      },
      "pretty": {
        "name": "_pretty",
        "in": "query",
        "description": "Ask for a pretty printed response for human convenience",
        "allowEmptyValue": true,
        "style": "form",
        "schema": {
          "type": "boolean"
        }
      },
      "elements": {
        "name": "_elements",
        "in": "query",
        "description": "Requests the server to return a collection of elements from the resource",
        "allowEmptyValue": true,
        "style": "form",
        "explode": false,
        "schema": {
          "type": "array",
          "format": "string",
          "items": {
            "format": "string"
          }
        }
      },
      "count": {
        "name": "_count",
        "in": "query",
        "description": "The maximum number of search results on a page. The server is not bound to return the number requested, but cannot return more",
        "schema": {
          "type": "number"
        }
      }
    }
  }
}