﻿{
  "openapi": "3.0.2",
  "info": {
    "title": "IHE DSUBm ResourceNotificationBroker Folder Basic",
    "description": "The DSUBm Resource Notification Broker Actor CapabilityStatement requirements expresses the requirements that shall be provided when implementing Basic Folder Subscription option.\n\n- Using FHIR R4B\n- Shall support both json and xml encoding\n- Should use a security framework. Recommend [ATNA](https://profiles.ihe.net/ITI/TF/Volume1/ch-9.html), encouraged [IHE-IUA](https://profiles.ihe.net/ITI/IUA/index.html) or [SMART-app-launch](http://www.hl7.org/fhir/smart-app-launch/)\n- Shall support the ITI-110 transaction and support the basic type of Subscription and related SubscriptionTopic\n- Shall be able to support the Subscription defined in Section [2:3.110.5.2.1.3 Subscription with Basic Folder Subscription option](ITI-110.html#231105213-subscription-with-basic-folder-subscription-option), and the related SubscriptionTopic\n- May support the ITI-111 transaction\n- Shall support the ITI-112 transaction:\n  - Shall support Handshake Notification\n  - Shall support Heartbeat Notification\n  - Shall support Event Notification\n  - Should support Subscription Deactivation Notification\n- Shall support the ITI-113 transaction: \n    - Shall support the following [Search Parameters](ITI-113.html#2311352-message-semantics)\n      - _id\n      - status\n      - url\n      - filter-criteria\n      - topic\n    - Shall support the DSUBm $status operation  \n    - Should support the DSUBm $events operation  \n- Shall support the ITI-114 transaction:\n    - Shall support the following [Search Parameters](ITI-114.html#2311452-message-semantics)\n      - _id\n      - resource\n      - derived-or-self\n      - status\n      - url\n",
    "license": {
      "name": "Creative Commons Attribution 4.0 International",
      "url": "http://spdx.org/licenses/CC-BY-4.0.html"
    },
    "version": "1.0.0-comment",
    "contact": {
      "name": "IHE IT Infrastructure Technical Committee",
      "email": "iti@ihe.net"
    }
  },
  "externalDocs": {
    "url": "https://profiles.ihe.net/ITI/DSUBm/CapabilityStatement/IHE.DSUBm.ResourceNotificationBroker.Folder.Basic",
    "description": "FHIR CapabilityStatement"
  },
  "paths": {
    "/metadata": {
      "summary": "Access to the Server\u0027s Capability Statement",
      "description": "All FHIR Servers return a CapabilityStatement that describes what services they perform",
      "get": {
        "summary": "Return the server\u0027s capability statement",
        "operationId": "metadata",
        "responses": {
          "default": {
            "description": "Error, with details",
            "content": {
              "application/fhir+json": {
                "schema": {
                  "$ref": "https://build.fhir.org/fhir.schema.json#/definitions/OperationOutcome"
                }
              },
              "application/fhir+xml": {
                "schema": {
                  "$ref": "https://build.fhir.org/OperationOutcome.xsd"
                }
              }
            }
          },
          "200": {
            "description": "the capbility statement",
            "content": {
              "application/fhir+json": {
                "schema": {
                  "$ref": "https://build.fhir.org/fhir.schema.json#/definitions/CapabilityStatement"
                }
              },
              "application/fhir+xml": {
                "schema": {
                  "$ref": "https://build.fhir.org/CapabilityStatement.xsd"
                }
              }
            }
          }
        },
        "parameters": [
          {
            "$ref": "#/components/parameters/format"
          },
          {
            "$ref": "#/components/parameters/pretty"
          },
          {
            "$ref": "#/components/parameters/summary"
          },
          {
            "$ref": "#/components/parameters/elements"
          }
        ]
      }
    },
    "/Subscription": {
      "summary": "Manager for resources of type Subscription",
      "description": "The Manager for resources of type Subscription: provides services to manage the collection of all the Subscription instances",
      "get": {
        "summary": "Search all resources of type Subscription based on a set of criteria",
        "operationId": "searchSubscription",
        "responses": {
          "default": {
            "description": "Error, with details",
            "content": {
              "application/fhir+json": {
                "schema": {
                  "$ref": "https://build.fhir.org/fhir.schema.json#/definitions/OperationOutcome"
                }
              },
              "application/fhir+xml": {
                "schema": {
                  "$ref": "https://build.fhir.org/OperationOutcome.xsd"
                }
              }
            }
          },
          "200": {
            "description": "the resource being returned",
            "content": {
              "application/fhir+json": {
                "schema": {
                  "$ref": "https://build.fhir.org/fhir.schema.json#/definitions/Bundle"
                }
              },
              "application/fhir+xml": {
                "schema": {
                  "$ref": "https://build.fhir.org/Bundle.xsd"
                }
              }
            }
          }
        },
        "parameters": [
          {
            "$ref": "#/components/parameters/format"
          },
          {
            "$ref": "#/components/parameters/pretty"
          },
          {
            "$ref": "#/components/parameters/summary"
          },
          {
            "$ref": "#/components/parameters/elements"
          },
          {
            "name": "_id",
            "in": "query",
            "description": "The id of the Subscription",
            "schema": {
              "type": "string"
            }
          },
          {
            "name": "status",
            "in": "query",
            "description": "The current state of the subscription",
            "schema": {
              "type": "string"
            }
          },
          {
            "name": "url",
            "in": "query",
            "description": "The URI that will receive the notifications",
            "schema": {
              "type": "string"
            }
          },
          {
            "name": "filter-criteria",
            "in": "query",
            "description": "This SearchParameter enables query of subscriptions by filter criteria.",
            "schema": {
              "type": "string"
            }
          },
          {
            "name": "topic",
            "in": "query",
            "description": "This SearchParameter enables query of subscriptions by canonical topic-url.",
            "schema": {
              "type": "string"
            }
          }
        ]
      },
      "post": {
        "summary": "Create a new resource",
        "operationId": "createSubscription",
        "requestBody": {
          "description": "The new state of the resource",
          "required": true,
          "content": {
            "application/fhir+json": {
              "schema": {
                "$ref": "https://build.fhir.org/fhir.schema.json#/definitions/Subscription"
              }
            },
            "application/fhir+xml": {
              "schema": {
                "$ref": "https://build.fhir.org/Subscription.xsd"
              }
            }
          }
        },
        "responses": {
          "default": {
            "description": "Error, with details",
            "content": {
              "application/fhir+json": {
                "schema": {
                  "$ref": "https://build.fhir.org/fhir.schema.json#/definitions/OperationOutcome"
                }
              },
              "application/fhir+xml": {
                "schema": {
                  "$ref": "https://build.fhir.org/OperationOutcome.xsd"
                }
              }
            }
          },
          "200": {
            "description": "the resource being returned after being updated",
            "headers": {
              "ETag": {
                "description": "Version from Resource.meta.version as a weak ETag",
                "schema": {
                  "type": "string"
                }
              }
            },
            "content": {
              "application/fhir+json": {
                "schema": {
                  "$ref": "https://build.fhir.org/fhir.schema.json#/definitions/Subscription"
                }
              },
              "application/fhir+xml": {
                "schema": {
                  "$ref": "https://build.fhir.org/Subscription.xsd"
                }
              }
            }
          }
        },
        "parameters": [
          {
            "$ref": "#/components/parameters/summary"
          },
          {
            "$ref": "#/components/parameters/format"
          },
          {
            "$ref": "#/components/parameters/pretty"
          },
          {
            "$ref": "#/components/parameters/elements"
          }
        ]
      }
    },
    "/Subscription/{rid}": {
      "summary": "Read/Write/etc resource instance of type Subscription",
      "description": "Access to services to manage the state of a single resource of type Subscription",
      "get": {
        "summary": "Read the current state of the resource",
        "operationId": "readSubscription",
        "responses": {
          "default": {
            "description": "Error, with details",
            "content": {
              "application/fhir+json": {
                "schema": {
                  "$ref": "https://build.fhir.org/fhir.schema.json#/definitions/OperationOutcome"
                }
              },
              "application/fhir+xml": {
                "schema": {
                  "$ref": "https://build.fhir.org/OperationOutcome.xsd"
                }
              }
            }
          },
          "200": {
            "description": "the resource being returned",
            "headers": {
              "ETag": {
                "description": "Version from Resource.meta.version as a weak ETag",
                "schema": {
                  "type": "string"
                }
              }
            },
            "content": {
              "application/fhir+json": {
                "schema": {
                  "$ref": "https://build.fhir.org/fhir.schema.json#/definitions/Subscription"
                }
              },
              "application/fhir+xml": {
                "schema": {
                  "$ref": "https://build.fhir.org/Subscription.xsd"
                }
              }
            }
          }
        },
        "parameters": [
          {
            "$ref": "#/components/parameters/rid"
          },
          {
            "$ref": "#/components/parameters/summary"
          },
          {
            "$ref": "#/components/parameters/format"
          },
          {
            "$ref": "#/components/parameters/pretty"
          },
          {
            "$ref": "#/components/parameters/elements"
          }
        ]
      },
      "put": {
        "summary": "Update the current state of the resource",
        "operationId": "updateSubscription",
        "requestBody": {
          "description": "The new state of the resource",
          "required": true,
          "content": {
            "application/fhir+json": {
              "schema": {
                "$ref": "https://build.fhir.org/fhir.schema.json#/definitions/Subscription"
              }
            },
            "application/fhir+xml": {
              "schema": {
                "$ref": "https://build.fhir.org/Subscription.xsd"
              }
            }
          }
        },
        "responses": {
          "default": {
            "description": "Error, with details",
            "content": {
              "application/fhir+json": {
                "schema": {
                  "$ref": "https://build.fhir.org/fhir.schema.json#/definitions/OperationOutcome"
                }
              },
              "application/fhir+xml": {
                "schema": {
                  "$ref": "https://build.fhir.org/OperationOutcome.xsd"
                }
              }
            }
          },
          "200": {
            "description": "the resource being returned after being updated",
            "headers": {
              "ETag": {
                "description": "Version from Resource.meta.version as a weak ETag",
                "schema": {
                  "type": "string"
                }
              }
            },
            "content": {
              "application/fhir+json": {
                "schema": {
                  "$ref": "https://build.fhir.org/fhir.schema.json#/definitions/Subscription"
                }
              },
              "application/fhir+xml": {
                "schema": {
                  "$ref": "https://build.fhir.org/Subscription.xsd"
                }
              }
            }
          }
        },
        "parameters": [
          {
            "$ref": "#/components/parameters/rid"
          },
          {
            "$ref": "#/components/parameters/summary"
          },
          {
            "$ref": "#/components/parameters/format"
          },
          {
            "$ref": "#/components/parameters/pretty"
          },
          {
            "$ref": "#/components/parameters/elements"
          }
        ]
      }
    },
    "/SubscriptionTopic": {
      "summary": "manage the collection of resources of type SubscriptionTopic",
      "description": "Access to services to manage the collection of all resources of type SubscriptionTopic",
      "get": {
        "summary": "Search all resources of type SubscriptionTopic based on a set of criteria",
        "operationId": "searchSubscriptionTopic",
        "responses": {
          "default": {
            "description": "Error, with details",
            "content": {
              "application/fhir+json": {
                "schema": {
                  "$ref": "https://build.fhir.org/fhir.schema.json#/definitions/OperationOutcome"
                }
              },
              "application/fhir+xml": {
                "schema": {
                  "$ref": "https://build.fhir.org/OperationOutcome.xsd"
                }
              }
            }
          },
          "200": {
            "description": "the resource being returned",
            "content": {
              "application/fhir+json": {
                "schema": {
                  "$ref": "https://build.fhir.org/fhir.schema.json#/definitions/Bundle"
                }
              },
              "application/fhir+xml": {
                "schema": {
                  "$ref": "https://build.fhir.org/Bundle.xsd"
                }
              }
            }
          }
        },
        "parameters": [
          {
            "$ref": "#/components/parameters/format"
          },
          {
            "$ref": "#/components/parameters/pretty"
          },
          {
            "$ref": "#/components/parameters/summary"
          },
          {
            "$ref": "#/components/parameters/elements"
          },
          {
            "name": "_id",
            "in": "query",
            "description": "The id of the SubscriptionTopic",
            "schema": {
              "type": "string"
            }
          },
          {
            "name": "resource",
            "in": "query",
            "description": "Allowed Data type or Resource (reference to definition) for this definition, searches resourceTrigger, eventTrigger, and notificationShape for matches.",
            "schema": {
              "type": "string"
            }
          },
          {
            "name": "derived-or-self",
            "in": "query",
            "description": "A server defined search that matches either the url or derivedFrom",
            "schema": {
              "type": "string"
            }
          },
          {
            "name": "status",
            "in": "query",
            "description": "Should be valued with `active`",
            "schema": {
              "type": "string"
            }
          },
          {
            "name": "url",
            "in": "query",
            "description": "Logical canonical URL to reference this SubscriptionTopic (globally unique)",
            "schema": {
              "type": "string"
            }
          }
        ]
      }
    },
    "/SubscriptionTopic/{rid}": {
      "summary": "Read/Write/etc resource instance of type SubscriptionTopic",
      "description": "Access to services to manage the state of a single resource of type SubscriptionTopic",
      "get": {
        "summary": "Read the current state of the resource",
        "operationId": "readSubscriptionTopic",
        "responses": {
          "default": {
            "description": "Error, with details",
            "content": {
              "application/fhir+json": {
                "schema": {
                  "$ref": "https://build.fhir.org/fhir.schema.json#/definitions/OperationOutcome"
                }
              },
              "application/fhir+xml": {
                "schema": {
                  "$ref": "https://build.fhir.org/OperationOutcome.xsd"
                }
              }
            }
          },
          "200": {
            "description": "the resource being returned",
            "headers": {
              "ETag": {
                "description": "Version from Resource.meta.version as a weak ETag",
                "schema": {
                  "type": "string"
                }
              }
            },
            "content": {
              "application/fhir+json": {
                "schema": {
                  "$ref": "https://build.fhir.org/fhir.schema.json#/definitions/SubscriptionTopic"
                }
              },
              "application/fhir+xml": {
                "schema": {
                  "$ref": "https://build.fhir.org/SubscriptionTopic.xsd"
                }
              }
            }
          }
        },
        "parameters": [
          {
            "$ref": "#/components/parameters/rid"
          },
          {
            "$ref": "#/components/parameters/summary"
          },
          {
            "$ref": "#/components/parameters/format"
          },
          {
            "$ref": "#/components/parameters/pretty"
          },
          {
            "$ref": "#/components/parameters/elements"
          }
        ]
      }
    },
    "/": {
      "summary": "System level operations",
      "description": "System level operations",
      "put": {
        "summary": "Batch or Transaction",
        "operationId": "transaction",
        "requestBody": {
          "description": "The batch or transaction",
          "required": true,
          "content": {
            "application/fhir+json": {
              "schema": {
                "$ref": "https://build.fhir.org/fhir.schema.json#/definitions/Bundle"
              }
            },
            "application/fhir+xml": {
              "schema": {
                "$ref": "https://build.fhir.org/Bundle.xsd"
              }
            }
          }
        },
        "responses": {
          "default": {
            "description": "Error, with details",
            "content": {
              "application/fhir+json": {
                "schema": {
                  "$ref": "https://build.fhir.org/fhir.schema.json#/definitions/OperationOutcome"
                }
              },
              "application/fhir+xml": {
                "schema": {
                  "$ref": "https://build.fhir.org/OperationOutcome.xsd"
                }
              }
            }
          },
          "200": {
            "description": "Batch or Transaction response",
            "content": {
              "application/fhir+json": {
                "schema": {
                  "$ref": "https://build.fhir.org/fhir.schema.json#/definitions/Bundle"
                }
              },
              "application/fhir+xml": {
                "schema": {
                  "$ref": "https://build.fhir.org/Bundle.xsd"
                }
              }
            }
          }
        },
        "parameters": [
          {
            "$ref": "#/components/parameters/format"
          },
          {
            "$ref": "#/components/parameters/pretty"
          }
        ]
      }
    }
  },
  "components": {
    "parameters": {
      "rid": {
        "name": "rid",
        "in": "path",
        "description": "id of the resource (\u003dResource.id)",
        "required": true,
        "allowEmptyValue": false,
        "style": "simple",
        "schema": {
          "type": "string"
        }
      },
      "hid": {
        "name": "hid",
        "in": "path",
        "description": "id of the history entry (\u003dResource.meta.versionId)",
        "required": true,
        "allowEmptyValue": false,
        "style": "simple",
        "schema": {
          "type": "string"
        }
      },
      "summary": {
        "name": "_summary",
        "in": "query",
        "description": "Requests the server to return a designated subset of the resource",
        "allowEmptyValue": true,
        "style": "form",
        "schema": {
          "type": "string",
          "enum": [
            "true",
            "text",
            "data",
            "count",
            "false"
          ]
        }
      },
      "format": {
        "name": "_format",
        "in": "query",
        "description": "Specify alternative response formats by their MIME-types (when a client is unable acccess accept: header)",
        "allowEmptyValue": true,
        "style": "form",
        "schema": {
          "type": "string",
          "format": "mime-type"
        }
      },
      "pretty": {
        "name": "_pretty",
        "in": "query",
        "description": "Ask for a pretty printed response for human convenience",
        "allowEmptyValue": true,
        "style": "form",
        "schema": {
          "type": "boolean"
        }
      },
      "elements": {
        "name": "_elements",
        "in": "query",
        "description": "Requests the server to return a collection of elements from the resource",
        "allowEmptyValue": true,
        "style": "form",
        "explode": false,
        "schema": {
          "type": "array",
          "format": "string",
          "items": {
            "format": "string"
          }
        }
      },
      "count": {
        "name": "_count",
        "in": "query",
        "description": "The maximum number of search results on a page. The server is not bound to return the number requested, but cannot return more",
        "schema": {
          "type": "number"
        }
      }
    }
  }
}