URL,Version,Status,OIDs,Name,Title,Descriptino,Used
http://dicom.nema.org/resources/ontology/DCM,01,active,"1.2.840.10008.2.16.4",DICOM Controlled Terminology Definitions,null,"DICOM Code Definitions (Coding Scheme Designator ""DCM"" Coding Scheme Version ""01"")","ValueSet/formatcode"
http://hl7.org/fhir/document-reference-status,4.3.0,draft,"2.16.840.1.113883.4.642.1.8",DocumentReferenceStatus,DocumentReferenceStatus,"The status of the document reference.","ValueSet/DocumentReferenceStats"
http://hl7.org/fhir/http-verb,4.3.0,active,"2.16.840.1.113883.4.642.4.625",HTTPVerb,HTTPVerb,"HTTP verbs (in the HTTP command line). See [HTTP rfc](https://tools.ietf.org/html/rfc7231) for details.","ValueSet/DSUBmPublishBundleActions,ValueSet/MHDprovidePatientActions"
http://ihe.net/fhir/ihe.formatcode.fhir/CodeSystem/formatcode,1.1.0,active,"1.3.6.1.4.1.19376.1.2.3",IHE_FormatCode_codesystem,IHE Format Code set for use with Document Sharing,"The [IHE](http://www.ihe.net) FormatCode code system with canonical URI of http://ihe.net/fhir/ihe.formatcode.fhir/CodeSystem/formatcode is defined to be the set of [FormatCode(s) define by IHE] (http://wiki.ihe.net/index.php?title=IHE_Format_Codes), for use with [Document Sharing](https://wiki.ihe.net/index.php/Category:DocShare). This code set additionally includes, as deprecated, format codes defined by [HL7 for some Implementation Guides](http://wiki.hl7.org/index.php?title=CDA_Format_Codes_for_IHE_XDS). The HL7 codes are now managed by HL7. The set of IHE FormatCode codes was listed in HITSP C80 Table 2-153 Format Code Value Set Definition, but since has been updated. The use of the FormatCode specifies the technical format of the document. The FormatCode tends to reference the IHE Content Profile (Implementation Guide) that defines the use-case and constraints. The FormatCode is a further specialization more detailed than the mime-type. The FormatCode provides sufficient metadata information to allow any potential document content consumer to know if it can process and/or display by identifying a document encoding, structure and template. The set of codes is intended to be extensible.","ValueSet/formatcode"
https://profiles.ihe.net/ITI/DSUBm/CodeSystem/DSUBmlistTypes,1.0.0-comment,active,,DSUBmlistTypes,DSUBm List Types,"To use the List resource for two different use-cases we define a code-system with the types of List needed in DSUBm","ValueSet/DSUBmlistTypesVS"
