URL,Version,Status,OIDs,Name,Title,Descriptino,Uses,Used,Sources
http://ihe.net/fhir/ihe.formatcode.fhir/ValueSet/formatcode,1.1.0,active,"1.3.6.1.4.1.19376.1.2.7.1",IHE_FormatCode_vs,IHE ValueSet of Format Codes for use with Document Sharing,"The IHE FormatCode Value set is defined to be the set of FormatCode(s) defined by IHE, DICOM and HL7. These codes are intended to be preferred.","StructureDefinition/IHE.DSUBm.Minimal.DocumentReference","ihe.formatcode.fhir,THO,DICOM"
https://profiles.ihe.net/ITI/DSUBm/ValueSet/DSUBmPublishBundleActions,1.0.0-comment,active,,DSUBmPublishBundleActions,DSUBm Update to document sharing resources actions ValueSet,"A ValueSet of the allowed actions in a ITI-111 Resource Publish for the Folder List type and the DocumentReference resources.","StructureDefinition/IHE.DSUBm.EventNotification,StructureDefinition/IHE.DSUBm.EventsOperation-Bundle,StructureDefinition/IHE.DSUBm.ResourceBundle","hl7.fhir.r4b.core"
https://profiles.ihe.net/ITI/DSUBm/ValueSet/DSUBmlistTypesVS,1.0.0-comment,active,,DSUBmlistTypesVS,DSUBm List Types ValueSet,"ValueSet of the DSUBm List Types allowed","StructureDefinition/IHE.DSUBm.List","Internal"
https://profiles.ihe.net/ITI/DSUBm/ValueSet/DocumentReferenceStats,1.0.0-comment,active,,DocumentReferenceStats,DSUBm DocumentReference status codes,"ValueSet that does not include entered-in-error as that does not map","StructureDefinition/IHE.DSUBm.Minimal.DocumentReference","hl7.fhir.r4b.core"
https://profiles.ihe.net/ITI/DSUBm/ValueSet/payload-content-value-set,1.0.0-comment,active,,DSUBmPayload,DSUBm payload admitted Value Set,"Codes to represent the admitted payload MIME type chosen when creating subscription","StructureDefinition/DSUBm-DocumentReference-PatientDependent-Subscription-MinUpdate,StructureDefinition/DSUBm-Folder-Subscription-MinUpdateOpt,StructureDefinition/DSUBm-DocumentReference-PatientDependent-Subscription-AllEvents,StructureDefinition/DSUBm-DocumentReference-PatientDependent-Subscription,StructureDefinition/DSUBm-Folder-Subscription-UpdateOpt,StructureDefinition/DSUBm-SubmissionSet-MultiPatient-Subscription,StructureDefinition/DSUBm-DocumentReference-MultiPatient-Subscription,StructureDefinition/DSUBm-DocumentReference-MultiPatient-Subscription-AllEvents,StructureDefinition/DSUBm-DocumentReference-MultiPatient-Subscription-MinUpdate,StructureDefinition/DSUBm-Folder-Subscription-for-Full-Events,StructureDefinition/DSUBm-Basic-Folder-Subscription,StructureDefinition/DSUBm-SubmissionSet-PatientDependent-Subscription","Other"
https://profiles.ihe.net/ITI/MHD/ValueSet/MHDprovidePatientActions,4.2.1,active,,MHDprovidePatientActions,MHD Patient Types ValueSet,"A ValueSet of the allowed actions in a ITI-65 Provide Document Bundle for the Patient type Resource. Where Patient would typically be indicated as a GET (read), but might be created or updated depending on policy.","StructureDefinition/IHE.DSUBm.EventNotification,StructureDefinition/IHE.DSUBm.EventsOperation-Bundle,StructureDefinition/IHE.DSUBm.ResourceBundle","hl7.fhir.r4b.core"
