{"resourceType":"CapabilityStatement","id":"IHE.mCSD.Directory.Feed","text":{"status":"extensions","div":"<div xmlns=\"http://www.w3.org/1999/xhtml\"><p class=\"res-header-id\"><b>Generated Narrative: CapabilityStatement IHE.mCSD.Directory.Feed</b></p><a name=\"IHE.mCSD.Directory.Feed\"> </a><a name=\"hcIHE.mCSD.Directory.Feed\"> </a><a name=\"IHE.mCSD.Directory.Feed-en-US\"> </a><h2 id=\"title\">IHE ITI Mobile Care Services Discovery (mCSD) - Directory Feed Option</h2><ul><li>Implementation Guide Version: 4.0.0 </li><li>FHIR Version: 4.0.1 </li><li>Supported Formats: <code>application/fhir+xml</code>, <code>application/fhir+json</code></li><li>Supported Patch Formats: </li><li>Published on: 2025-02-18 </li><li>Published by: IHE IT Infrastructure Technical Committee </li></ul><blockquote class=\"impl-note\"><p><strong>Note to Implementers: FHIR Capabilities</strong></p><p>Any FHIR capability may be 'allowed' by the system unless explicitly marked as 'SHALL NOT'. A few items are marked as MAY in the Implementation Guide to highlight their potential relevance to the use case.</p></blockquote><h2 id=\"rest\">FHIR RESTful Capabilities</h2><div class=\"panel panel-default\"><div class=\"panel-heading\"><h3 id=\"mode1\" class=\"panel-title\">Mode: <code>server</code></h3></div><div class=\"panel-body\"><div><p>IHE ITI mCSD ITI-130 endpoint</p>\n</div><div class=\"lead\"><em>Summary of System-wide Interactions</em></div><ul><li><strong>SHALL </strong>support the <code>transaction</code>interaction.</li></ul></div></div><h3 id=\"resourcesCap1\">Capabilities by Resource/Profile</h3><h4 id=\"resourcesSummary1\">Summary</h4><p>The summary table lists the resources that are part of this configuration, and for each resource it lists:</p><ul><li>The relevant profiles (if any)</li><li>The interactions supported by each resource (<b><span class=\"bg-info\">R</span></b>ead, <b><span class=\"bg-info\">S</span></b>earch, <b><span class=\"bg-info\">U</span></b>pdate, and <b><span class=\"bg-info\">C</span></b>reate, are always shown, while <b><span class=\"bg-info\">VR</span></b>ead, <b><span class=\"bg-info\">P</span></b>atch, <b><span class=\"bg-info\">D</span></b>elete, <b><span class=\"bg-info\">H</span></b>istory on <b><span class=\"bg-info\">I</span></b>nstance, or <b><span class=\"bg-info\">H</span></b>istory on <b><span class=\"bg-info\">T</span></b>ype are only present if at least one of the resources has support for them.</li><li><span>The required, recommended, and some optional search parameters (if any). </span></li><li>The linked resources enabled for <code>_include</code></li><li>The other resources enabled for <code>_revinclude</code></li><li>The operations on the resource (if any)</li></ul><div class=\"table-responsive\"><table class=\"table table-condensed table-hover\"><thead><tr><th><b>Resource Type</b></th><th><b>Profile</b></th><th class=\"text-center\"><b title=\"GET a resource (read interaction)\">R</b></th><th class=\"text-center\"><b title=\"GET all set of resources of the type (search interaction)\">S</b></th><th class=\"text-center\"><b title=\"PUT a new resource version (update interaction)\">U</b></th><th class=\"text-center\"><b title=\"POST a new resource (create interaction)\">C</b></th><th class=\"text-center\"><b title=\"DELETE a resource (delete interaction)\">D</b></th><th><b title=\"Required and recommended search parameters\">Searches</b></th><th><code><b>_include</b></code></th><th><code><b>_revinclude</b></code></th><th><b>Operations</b></th></tr></thead><tbody><tr><td><a href=\"#HealthcareService1-1\">HealthcareService</a></td><td>Supported Profiles<br/>\u00a0\u00a0<a href=\"StructureDefinition-IHE.mCSD.HealthcareService.html\">mCSD HealthcareService</a></td><td class=\"text-center\"></td><td class=\"text-center\"></td><td class=\"text-center\">y</td><td class=\"text-center\">y</td><td class=\"text-center\">y</td><td></td><td/><td/><td/></tr><tr><td><a href=\"#Location1-2\">Location</a></td><td>Supported Profiles<br/>\u00a0\u00a0<a href=\"StructureDefinition-IHE.mCSD.Location.html\">mCSD Location</a><br/>\u00a0\u00a0<a href=\"StructureDefinition-IHE.mCSD.FacilityLocation.html\">mCSD Location for Facilities</a><br/>\u00a0\u00a0<a href=\"StructureDefinition-IHE.mCSD.JurisdictionLocation.html\">mCSD Location for Jurisdictions</a><br/>\u00a0\u00a0<a href=\"StructureDefinition-IHE.mCSD.LocationDistance.html\">mCSD Location with Distance</a></td><td class=\"text-center\"></td><td class=\"text-center\"></td><td class=\"text-center\">y</td><td class=\"text-center\">y</td><td class=\"text-center\">y</td><td></td><td/><td/><td/></tr><tr><td><a href=\"#Organization1-3\">Organization</a></td><td>Supported Profiles<br/>\u00a0\u00a0<a href=\"StructureDefinition-IHE.mCSD.Organization.html\">mCSD Organization</a><br/>\u00a0\u00a0<a href=\"StructureDefinition-IHE.mCSD.FacilityOrganization.html\">mCSD Organization for Facilities</a><br/>\u00a0\u00a0<a href=\"StructureDefinition-IHE.mCSD.JurisdictionOrganization.html\">mCSD Organization for Jurisdictions</a></td><td class=\"text-center\"></td><td class=\"text-center\"></td><td class=\"text-center\">y</td><td class=\"text-center\">y</td><td class=\"text-center\">y</td><td></td><td/><td/><td/></tr><tr><td><a href=\"#Practitioner1-4\">Practitioner</a></td><td>Supported Profiles<br/>\u00a0\u00a0<a href=\"StructureDefinition-IHE.mCSD.Practitioner.html\">mCSD Practitioner</a></td><td class=\"text-center\"></td><td class=\"text-center\"></td><td class=\"text-center\">y</td><td class=\"text-center\">y</td><td class=\"text-center\">y</td><td></td><td/><td/><td/></tr><tr><td><a href=\"#PractitionerRole1-5\">PractitionerRole</a></td><td>Supported Profiles<br/>\u00a0\u00a0<a href=\"StructureDefinition-IHE.mCSD.PractitionerRole.html\">mCSD PractitionerRole</a></td><td class=\"text-center\"></td><td class=\"text-center\"></td><td class=\"text-center\">y</td><td class=\"text-center\">y</td><td class=\"text-center\">y</td><td></td><td/><td/><td/></tr><tr><td><a href=\"#Endpoint1-6\">Endpoint</a></td><td>Supported Profiles<br/>\u00a0\u00a0<a href=\"StructureDefinition-IHE.mCSD.Endpoint.html\">mCSD Endpoint</a><br/>\u00a0\u00a0<a href=\"StructureDefinition-IHE.mCSD.Endpoint.DocShare.html\">mCSD Endpoint for Document Sharing</a></td><td class=\"text-center\"></td><td class=\"text-center\"></td><td class=\"text-center\">y</td><td class=\"text-center\">y</td><td class=\"text-center\">y</td><td></td><td/><td/><td/></tr><tr><td><a href=\"#OrganizationAffiliation1-7\">OrganizationAffiliation</a></td><td>Supported Profiles<br/>\u00a0\u00a0<a href=\"StructureDefinition-IHE.mCSD.OrganizationAffiliation.html\">mCSD Organization Affiliation</a><br/>\u00a0\u00a0<a href=\"StructureDefinition-IHE.mCSD.OrganizationAffiliation.DocShare.html\">mCSD Organization Affiliation DocumentSharing</a></td><td class=\"text-center\"></td><td class=\"text-center\"></td><td class=\"text-center\">y</td><td class=\"text-center\">y</td><td class=\"text-center\">y</td><td></td><td/><td/><td/></tr></tbody></table></div><hr/><div class=\"panel panel-default\"><div class=\"panel-heading\"><h4 id=\"HealthcareService1-1\" class=\"panel-title\"><span style=\"float: right;\">Resource Conformance: MAY </span>HealthcareService</h4></div><div class=\"panel-body\"><div class=\"container\"><div class=\"row\"><div class=\"col-lg-4\"><span class=\"lead\">Core FHIR Resource</span><br/><a href=\"http://hl7.org/fhir/R4/healthcareservice.html\">HealthcareService</a></div><div class=\"col-lg-4\"><span class=\"lead\">Reference Policy</span><br/></div><div class=\"col-lg-4\"><span class=\"lead\">Interaction summary</span><br/><ul><li><strong>SHALL</strong> support <code>create</code>, <code>update</code>.</li><li><strong>MAY</strong> support <code>delete</code>.</li></ul></div></div><p/><div class=\"row\"><div class=\"col-6\"><span class=\"lead\">Supported Profiles</span><p><a href=\"StructureDefinition-IHE.mCSD.HealthcareService.html\">mCSD HealthcareService</a></p></div></div><p/><div class=\"row\"><div class=\"col-12\"><span class=\"lead\">Documentation</span><blockquote><div><p>.</p>\n</div></blockquote></div></div></div></div></div><div class=\"panel panel-default\"><div class=\"panel-heading\"><h4 id=\"Location1-2\" class=\"panel-title\"><span style=\"float: right;\">Resource Conformance: MAY </span>Location</h4></div><div class=\"panel-body\"><div class=\"container\"><div class=\"row\"><div class=\"col-lg-4\"><span class=\"lead\">Core FHIR Resource</span><br/><a href=\"http://hl7.org/fhir/R4/location.html\">Location</a></div><div class=\"col-lg-4\"><span class=\"lead\">Reference Policy</span><br/></div><div class=\"col-lg-4\"><span class=\"lead\">Interaction summary</span><br/><ul><li><strong>SHALL</strong> support <code>create</code>, <code>update</code>.</li><li><strong>MAY</strong> support <code>delete</code>.</li></ul></div></div><p/><div class=\"row\"><div class=\"col-6\"><span class=\"lead\">Supported Profiles</span><p><a href=\"StructureDefinition-IHE.mCSD.Location.html\">mCSD Location</a><br/><a href=\"StructureDefinition-IHE.mCSD.FacilityLocation.html\">mCSD Location for Facilities</a><br/><a href=\"StructureDefinition-IHE.mCSD.JurisdictionLocation.html\">mCSD Location for Jurisdictions</a><br/><a href=\"StructureDefinition-IHE.mCSD.LocationDistance.html\">mCSD Location with Distance</a></p></div></div><p/><div class=\"row\"><div class=\"col-12\"><span class=\"lead\">Documentation</span><blockquote><div><p>.</p>\n</div></blockquote></div></div></div></div></div><div class=\"panel panel-default\"><div class=\"panel-heading\"><h4 id=\"Organization1-3\" class=\"panel-title\"><span style=\"float: right;\">Resource Conformance: MAY </span>Organization</h4></div><div class=\"panel-body\"><div class=\"container\"><div class=\"row\"><div class=\"col-lg-4\"><span class=\"lead\">Core FHIR Resource</span><br/><a href=\"http://hl7.org/fhir/R4/organization.html\">Organization</a></div><div class=\"col-lg-4\"><span class=\"lead\">Reference Policy</span><br/></div><div class=\"col-lg-4\"><span class=\"lead\">Interaction summary</span><br/><ul><li><strong>SHALL</strong> support <code>create</code>, <code>update</code>.</li><li><strong>MAY</strong> support <code>delete</code>.</li></ul></div></div><p/><div class=\"row\"><div class=\"col-6\"><span class=\"lead\">Supported Profiles</span><p><a href=\"StructureDefinition-IHE.mCSD.Organization.html\">mCSD Organization</a><br/><a href=\"StructureDefinition-IHE.mCSD.FacilityOrganization.html\">mCSD Organization for Facilities</a><br/><a href=\"StructureDefinition-IHE.mCSD.JurisdictionOrganization.html\">mCSD Organization for Jurisdictions</a></p></div></div><p/><div class=\"row\"><div class=\"col-12\"><span class=\"lead\">Documentation</span><blockquote><div><p>.</p>\n</div></blockquote></div></div></div></div></div><div class=\"panel panel-default\"><div class=\"panel-heading\"><h4 id=\"Practitioner1-4\" class=\"panel-title\"><span style=\"float: right;\">Resource Conformance: MAY </span>Practitioner</h4></div><div class=\"panel-body\"><div class=\"container\"><div class=\"row\"><div class=\"col-lg-4\"><span class=\"lead\">Core FHIR Resource</span><br/><a href=\"http://hl7.org/fhir/R4/practitioner.html\">Practitioner</a></div><div class=\"col-lg-4\"><span class=\"lead\">Reference Policy</span><br/></div><div class=\"col-lg-4\"><span class=\"lead\">Interaction summary</span><br/><ul><li><strong>SHALL</strong> support <code>create</code>, <code>update</code>.</li><li><strong>MAY</strong> support <code>delete</code>.</li></ul></div></div><p/><div class=\"row\"><div class=\"col-6\"><span class=\"lead\">Supported Profiles</span><p><a href=\"StructureDefinition-IHE.mCSD.Practitioner.html\">mCSD Practitioner</a></p></div></div><p/><div class=\"row\"><div class=\"col-12\"><span class=\"lead\">Documentation</span><blockquote><div><p>.</p>\n</div></blockquote></div></div></div></div></div><div class=\"panel panel-default\"><div class=\"panel-heading\"><h4 id=\"PractitionerRole1-5\" class=\"panel-title\"><span style=\"float: right;\">Resource Conformance: MAY </span>PractitionerRole</h4></div><div class=\"panel-body\"><div class=\"container\"><div class=\"row\"><div class=\"col-lg-4\"><span class=\"lead\">Core FHIR Resource</span><br/><a href=\"http://hl7.org/fhir/R4/practitionerrole.html\">PractitionerRole</a></div><div class=\"col-lg-4\"><span class=\"lead\">Reference Policy</span><br/></div><div class=\"col-lg-4\"><span class=\"lead\">Interaction summary</span><br/><ul><li><strong>SHALL</strong> support <code>create</code>, <code>update</code>.</li><li><strong>MAY</strong> support <code>delete</code>.</li></ul></div></div><p/><div class=\"row\"><div class=\"col-6\"><span class=\"lead\">Supported Profiles</span><p><a href=\"StructureDefinition-IHE.mCSD.PractitionerRole.html\">mCSD PractitionerRole</a></p></div></div><p/><div class=\"row\"><div class=\"col-12\"><span class=\"lead\">Documentation</span><blockquote><div><p>.</p>\n</div></blockquote></div></div></div></div></div><div class=\"panel panel-default\"><div class=\"panel-heading\"><h4 id=\"Endpoint1-6\" class=\"panel-title\"><span style=\"float: right;\">Resource Conformance: MAY </span>Endpoint</h4></div><div class=\"panel-body\"><div class=\"container\"><div class=\"row\"><div class=\"col-lg-4\"><span class=\"lead\">Core FHIR Resource</span><br/><a href=\"http://hl7.org/fhir/R4/endpoint.html\">Endpoint</a></div><div class=\"col-lg-4\"><span class=\"lead\">Reference Policy</span><br/></div><div class=\"col-lg-4\"><span class=\"lead\">Interaction summary</span><br/><ul><li><strong>SHALL</strong> support <code>create</code>, <code>update</code>.</li><li><strong>MAY</strong> support <code>delete</code>.</li></ul></div></div><p/><div class=\"row\"><div class=\"col-6\"><span class=\"lead\">Supported Profiles</span><p><a href=\"StructureDefinition-IHE.mCSD.Endpoint.html\">mCSD Endpoint</a><br/><a href=\"StructureDefinition-IHE.mCSD.Endpoint.DocShare.html\">mCSD Endpoint for Document Sharing</a></p></div></div><p/><div class=\"row\"><div class=\"col-12\"><span class=\"lead\">Documentation</span><blockquote><div><p>.</p>\n</div></blockquote></div></div></div></div></div><div class=\"panel panel-default\"><div class=\"panel-heading\"><h4 id=\"OrganizationAffiliation1-7\" class=\"panel-title\"><span style=\"float: right;\">Resource Conformance: MAY </span>OrganizationAffiliation</h4></div><div class=\"panel-body\"><div class=\"container\"><div class=\"row\"><div class=\"col-lg-4\"><span class=\"lead\">Core FHIR Resource</span><br/><a href=\"http://hl7.org/fhir/R4/organizationaffiliation.html\">OrganizationAffiliation</a></div><div class=\"col-lg-4\"><span class=\"lead\">Reference Policy</span><br/></div><div class=\"col-lg-4\"><span class=\"lead\">Interaction summary</span><br/><ul><li><strong>SHALL</strong> support <code>create</code>, <code>update</code>.</li><li><strong>MAY</strong> support <code>delete</code>.</li></ul></div></div><p/><div class=\"row\"><div class=\"col-6\"><span class=\"lead\">Supported Profiles</span><p><a href=\"StructureDefinition-IHE.mCSD.OrganizationAffiliation.html\">mCSD Organization Affiliation</a><br/><a href=\"StructureDefinition-IHE.mCSD.OrganizationAffiliation.DocShare.html\">mCSD Organization Affiliation DocumentSharing</a></p></div></div><p/><div class=\"row\"><div class=\"col-12\"><span class=\"lead\">Documentation</span><blockquote><div><p>.</p>\n</div></blockquote></div></div></div></div></div></div>"},"url":"https://profiles.ihe.net/ITI/mCSD/CapabilityStatement/IHE.mCSD.Directory.Feed","version":"4.0.0","name":"IHE_mCSD_Directory_Feed","title":"IHE ITI Mobile Care Services Discovery (mCSD) - Directory Feed Option","status":"active","experimental":false,"date":"2025-02-18","publisher":"IHE IT Infrastructure Technical Committee","contact":[{"telecom":[{"system":"url","value":"https://www.ihe.net/ihe_domains/it_infrastructure/"}]},{"telecom":[{"system":"email","value":"iti@ihe.net"}]},{"name":"IHE IT Infrastructure Technical Committee","telecom":[{"system":"email","value":"iti@ihe.net"}]}],"description":"CapabilityStatement for Directory Actor with the Feed Option in the IHE IT Infrastructure Technical Framework Supplement IHE mCSD.","jurisdiction":[{"coding":[{"system":"http://unstats.un.org/unsd/methods/m49/m49.htm","code":"001"}]}],"kind":"requirements","fhirVersion":"4.0.1","format":["application/fhir+xml","application/fhir+json"],"rest":[{"mode":"server","documentation":"IHE ITI mCSD ITI-130 endpoint","resource":[{"extension":[{"url":"http://hl7.org/fhir/StructureDefinition/capabilitystatement-expectation","valueCode":"MAY"}],"type":"HealthcareService","supportedProfile":["https://profiles.ihe.net/ITI/mCSD/StructureDefinition/IHE.mCSD.HealthcareService"],"documentation":".","interaction":[{"extension":[{"url":"http://hl7.org/fhir/StructureDefinition/capabilitystatement-expectation","valueCode":"SHALL"}],"code":"create"},{"extension":[{"url":"http://hl7.org/fhir/StructureDefinition/capabilitystatement-expectation","valueCode":"SHALL"}],"code":"update"},{"extension":[{"url":"http://hl7.org/fhir/StructureDefinition/capabilitystatement-expectation","valueCode":"MAY"}],"code":"delete"}]},{"extension":[{"url":"http://hl7.org/fhir/StructureDefinition/capabilitystatement-expectation","valueCode":"MAY"}],"type":"Location","supportedProfile":["https://profiles.ihe.net/ITI/mCSD/StructureDefinition/IHE.mCSD.Location","https://profiles.ihe.net/ITI/mCSD/StructureDefinition/IHE.mCSD.FacilityLocation","https://profiles.ihe.net/ITI/mCSD/StructureDefinition/IHE.mCSD.JurisdictionLocation","https://profiles.ihe.net/ITI/mCSD/StructureDefinition/IHE.mCSD.LocationDistance"],"documentation":".","interaction":[{"extension":[{"url":"http://hl7.org/fhir/StructureDefinition/capabilitystatement-expectation","valueCode":"SHALL"}],"code":"create"},{"extension":[{"url":"http://hl7.org/fhir/StructureDefinition/capabilitystatement-expectation","valueCode":"SHALL"}],"code":"update"},{"extension":[{"url":"http://hl7.org/fhir/StructureDefinition/capabilitystatement-expectation","valueCode":"MAY"}],"code":"delete"}]},{"extension":[{"url":"http://hl7.org/fhir/StructureDefinition/capabilitystatement-expectation","valueCode":"MAY"}],"type":"Organization","supportedProfile":["https://profiles.ihe.net/ITI/mCSD/StructureDefinition/IHE.mCSD.Organization","https://profiles.ihe.net/ITI/mCSD/StructureDefinition/IHE.mCSD.FacilityOrganization","https://profiles.ihe.net/ITI/mCSD/StructureDefinition/IHE.mCSD.JurisdictionOrganization"],"documentation":".","interaction":[{"extension":[{"url":"http://hl7.org/fhir/StructureDefinition/capabilitystatement-expectation","valueCode":"SHALL"}],"code":"create"},{"extension":[{"url":"http://hl7.org/fhir/StructureDefinition/capabilitystatement-expectation","valueCode":"SHALL"}],"code":"update"},{"extension":[{"url":"http://hl7.org/fhir/StructureDefinition/capabilitystatement-expectation","valueCode":"MAY"}],"code":"delete"}]},{"extension":[{"url":"http://hl7.org/fhir/StructureDefinition/capabilitystatement-expectation","valueCode":"MAY"}],"type":"Practitioner","supportedProfile":["https://profiles.ihe.net/ITI/mCSD/StructureDefinition/IHE.mCSD.Practitioner"],"documentation":".","interaction":[{"extension":[{"url":"http://hl7.org/fhir/StructureDefinition/capabilitystatement-expectation","valueCode":"SHALL"}],"code":"create"},{"extension":[{"url":"http://hl7.org/fhir/StructureDefinition/capabilitystatement-expectation","valueCode":"SHALL"}],"code":"update"},{"extension":[{"url":"http://hl7.org/fhir/StructureDefinition/capabilitystatement-expectation","valueCode":"MAY"}],"code":"delete"}]},{"extension":[{"url":"http://hl7.org/fhir/StructureDefinition/capabilitystatement-expectation","valueCode":"MAY"}],"type":"PractitionerRole","supportedProfile":["https://profiles.ihe.net/ITI/mCSD/StructureDefinition/IHE.mCSD.PractitionerRole"],"documentation":".","interaction":[{"extension":[{"url":"http://hl7.org/fhir/StructureDefinition/capabilitystatement-expectation","valueCode":"SHALL"}],"code":"create"},{"extension":[{"url":"http://hl7.org/fhir/StructureDefinition/capabilitystatement-expectation","valueCode":"SHALL"}],"code":"update"},{"extension":[{"url":"http://hl7.org/fhir/StructureDefinition/capabilitystatement-expectation","valueCode":"MAY"}],"code":"delete"}]},{"extension":[{"url":"http://hl7.org/fhir/StructureDefinition/capabilitystatement-expectation","valueCode":"MAY"}],"type":"Endpoint","supportedProfile":["https://profiles.ihe.net/ITI/mCSD/StructureDefinition/IHE.mCSD.Endpoint","https://profiles.ihe.net/ITI/mCSD/StructureDefinition/IHE.mCSD.Endpoint.DocShare"],"documentation":".","interaction":[{"extension":[{"url":"http://hl7.org/fhir/StructureDefinition/capabilitystatement-expectation","valueCode":"SHALL"}],"code":"create"},{"extension":[{"url":"http://hl7.org/fhir/StructureDefinition/capabilitystatement-expectation","valueCode":"SHALL"}],"code":"update"},{"extension":[{"url":"http://hl7.org/fhir/StructureDefinition/capabilitystatement-expectation","valueCode":"MAY"}],"code":"delete"}]},{"extension":[{"url":"http://hl7.org/fhir/StructureDefinition/capabilitystatement-expectation","valueCode":"MAY"}],"type":"OrganizationAffiliation","supportedProfile":["https://profiles.ihe.net/ITI/mCSD/StructureDefinition/IHE.mCSD.OrganizationAffiliation","https://profiles.ihe.net/ITI/mCSD/StructureDefinition/IHE.mCSD.OrganizationAffiliation.DocShare"],"documentation":".","interaction":[{"extension":[{"url":"http://hl7.org/fhir/StructureDefinition/capabilitystatement-expectation","valueCode":"SHALL"}],"code":"create"},{"extension":[{"url":"http://hl7.org/fhir/StructureDefinition/capabilitystatement-expectation","valueCode":"SHALL"}],"code":"update"},{"extension":[{"url":"http://hl7.org/fhir/StructureDefinition/capabilitystatement-expectation","valueCode":"MAY"}],"code":"delete"}]}],"interaction":[{"extension":[{"url":"http://hl7.org/fhir/StructureDefinition/capabilitystatement-expectation","valueCode":"SHALL"}],"code":"transaction"}]}]}