{"resourceType":"ImplementationGuide","id":"ihe.iti.mcsd","text":{"status":"generated","div":"<div xmlns=\"http://www.w3.org/1999/xhtml\"><p class=\"res-header-id\"><b>Generated Narrative: ImplementationGuide ihe.iti.mcsd</b></p><a name=\"ihe.iti.mcsd\"> </a><a name=\"hcihe.iti.mcsd\"> </a><a name=\"ihe.iti.mcsd-en-US\"> </a><h2>IHE_ITI_mCSD</h2><p>The official URL for this implementation guide is: </p><pre>https://profiles.ihe.net/ITI/mCSD/ImplementationGuide/ihe.iti.mcsd</pre><div><p>The IHE Mobile Care Services Discovery (mCSD) IG provides a transaction for mobile and lightweight browser-based applications to find and update care services resources.</p>\n</div></div>"},"url":"https://profiles.ihe.net/ITI/mCSD/ImplementationGuide/ihe.iti.mcsd","version":"3.9.0","name":"IHE_ITI_mCSD","title":"Mobile Care Services Discovery (mCSD)","status":"active","date":"2024-12-12","publisher":"IHE IT Infrastructure Technical Committee","contact":[{"telecom":[{"system":"url","value":"https://www.ihe.net/ihe_domains/it_infrastructure/"}]},{"telecom":[{"system":"email","value":"iti@ihe.net"}]},{"name":"IHE IT Infrastructure Technical Committee","telecom":[{"system":"email","value":"iti@ihe.net"}]}],"description":"The IHE Mobile Care Services Discovery (mCSD) IG provides a transaction for mobile and lightweight browser-based applications to find and update care services resources.","jurisdiction":[{"coding":[{"system":"http://unstats.un.org/unsd/methods/m49/m49.htm","code":"001"}]}],"packageId":"ihe.iti.mcsd","license":"CC-BY-4.0","fhirVersion":["4.0.1"],"dependsOn":[{"id":"hl7tx","extension":[{"url":"http://hl7.org/fhir/tools/StructureDefinition/implementationguide-dependency-comment","valueMarkdown":"Automatically added as a dependency - all IGs depend on HL7 Terminology"}],"uri":"http://terminology.hl7.org/ImplementationGuide/hl7.terminology","packageId":"hl7.terminology.r4","version":"6.1.0"},{"id":"hl7ext","extension":[{"url":"http://hl7.org/fhir/tools/StructureDefinition/implementationguide-dependency-comment","valueMarkdown":"Automatically added as a dependency - all IGs depend on the HL7 Extension Pack"}],"uri":"http://hl7.org/fhir/extensions/ImplementationGuide/hl7.fhir.uv.extensions","packageId":"hl7.fhir.uv.extensions.r4","version":"5.1.0"},{"id":"ihe_iti_balp","uri":"http://fhir.org/packages/ihe.iti.balp/ImplementationGuide/ihe.iti.balp","packageId":"ihe.iti.balp","version":"1.1.x"}],"definition":{"extension":[{"extension":[{"url":"code","valueString":"copyrightyear"},{"url":"value","valueString":"2022+"}],"url":"http://hl7.org/fhir/tools/StructureDefinition/ig-parameter"},{"extension":[{"url":"code","valueString":"releaselabel"},{"url":"value","valueString":"Trial-Implementation"}],"url":"http://hl7.org/fhir/tools/StructureDefinition/ig-parameter"},{"extension":[{"url":"code","valueString":"show-inherited-invariants"},{"url":"value","valueString":"false"}],"url":"http://hl7.org/fhir/tools/StructureDefinition/ig-parameter"},{"extension":[{"url":"code","valueString":"usage-stats-opt-out"},{"url":"value","valueString":"false"}],"url":"http://hl7.org/fhir/tools/StructureDefinition/ig-parameter"},{"extension":[{"url":"code","valueString":"logging"},{"url":"value","valueString":"progress"}],"url":"http://hl7.org/fhir/tools/StructureDefinition/ig-parameter"},{"extension":[{"url":"code","valueString":"shownav"},{"url":"value","valueString":"true"}],"url":"http://hl7.org/fhir/tools/StructureDefinition/ig-parameter"},{"extension":[{"url":"code","valueString":"active-tables"},{"url":"value","valueString":"false"}],"url":"http://hl7.org/fhir/tools/StructureDefinition/ig-parameter"},{"extension":[{"url":"code","valueString":"apply-contact"},{"url":"value","valueString":"true"}],"url":"http://hl7.org/fhir/tools/StructureDefinition/ig-parameter"},{"extension":[{"url":"code","valueString":"apply-jurisdiction"},{"url":"value","valueString":"true"}],"url":"http://hl7.org/fhir/tools/StructureDefinition/ig-parameter"},{"extension":[{"url":"code","valueString":"apply-publisher"},{"url":"value","valueString":"true"}],"url":"http://hl7.org/fhir/tools/StructureDefinition/ig-parameter"},{"extension":[{"url":"code","valueString":"apply-version"},{"url":"value","valueString":"true"}],"url":"http://hl7.org/fhir/tools/StructureDefinition/ig-parameter"},{"extension":[{"url":"code","valueString":"special-url"},{"url":"value","valueString":"urn:ihe:event-type-code"}],"url":"http://hl7.org/fhir/tools/StructureDefinition/ig-parameter"},{"extension":[{"url":"code","valueString":"autoload-resources"},{"url":"value","valueString":"true"}],"url":"http://hl7.org/fhir/tools/StructureDefinition/ig-parameter"},{"extension":[{"url":"code","valueString":"path-liquid"},{"url":"value","valueString":"template/liquid"}],"url":"http://hl7.org/fhir/tools/StructureDefinition/ig-parameter"},{"extension":[{"url":"code","valueString":"path-liquid"},{"url":"value","valueString":"input/liquid"}],"url":"http://hl7.org/fhir/tools/StructureDefinition/ig-parameter"},{"extension":[{"url":"code","valueString":"path-qa"},{"url":"value","valueString":"temp/qa"}],"url":"http://hl7.org/fhir/tools/StructureDefinition/ig-parameter"},{"extension":[{"url":"code","valueString":"path-temp"},{"url":"value","valueString":"temp/pages"}],"url":"http://hl7.org/fhir/tools/StructureDefinition/ig-parameter"},{"extension":[{"url":"code","valueString":"path-output"},{"url":"value","valueString":"output"}],"url":"http://hl7.org/fhir/tools/StructureDefinition/ig-parameter"},{"extension":[{"url":"code","valueString":"path-suppressed-warnings"},{"url":"value","valueString":"input/ignoreWarnings.txt"}],"url":"http://hl7.org/fhir/tools/StructureDefinition/ig-parameter"},{"extension":[{"url":"code","valueString":"path-history"},{"url":"value","valueString":"https://profiles.ihe.net/ITI/mCSD/history.html"}],"url":"http://hl7.org/fhir/tools/StructureDefinition/ig-parameter"},{"extension":[{"url":"code","valueString":"template-html"},{"url":"value","valueString":"template-page.html"}],"url":"http://hl7.org/fhir/tools/StructureDefinition/ig-parameter"},{"extension":[{"url":"code","valueString":"template-md"},{"url":"value","valueString":"template-page-md.html"}],"url":"http://hl7.org/fhir/tools/StructureDefinition/ig-parameter"},{"extension":[{"url":"code","valueString":"apply-context"},{"url":"value","valueString":"true"}],"url":"http://hl7.org/fhir/tools/StructureDefinition/ig-parameter"},{"extension":[{"url":"code","valueString":"apply-copyright"},{"url":"value","valueString":"true"}],"url":"http://hl7.org/fhir/tools/StructureDefinition/ig-parameter"},{"extension":[{"url":"code","valueString":"apply-license"},{"url":"value","valueString":"true"}],"url":"http://hl7.org/fhir/tools/StructureDefinition/ig-parameter"},{"extension":[{"url":"code","valueString":"apply-wg"},{"url":"value","valueString":"true"}],"url":"http://hl7.org/fhir/tools/StructureDefinition/ig-parameter"},{"extension":[{"url":"code","valueString":"fmm-definition"},{"url":"value","valueString":"http://hl7.org/fhir/versions.html#maturity"}],"url":"http://hl7.org/fhir/tools/StructureDefinition/ig-parameter"},{"extension":[{"url":"code","valueString":"propagate-status"},{"url":"value","valueString":"true"}],"url":"http://hl7.org/fhir/tools/StructureDefinition/ig-parameter"},{"extension":[{"url":"code","valueString":"excludelogbinaryformat"},{"url":"value","valueString":"true"}],"url":"http://hl7.org/fhir/tools/StructureDefinition/ig-parameter"},{"extension":[{"url":"code","valueString":"tabbed-snapshots"},{"url":"value","valueString":"true"}],"url":"http://hl7.org/fhir/tools/StructureDefinition/ig-parameter"},{"url":"http://hl7.org/fhir/tools/StructureDefinition/ig-internal-dependency","valueCode":"hl7.fhir.uv.tools.r4#0.3.0"},{"extension":[{"url":"code","valueCode":"copyrightyear"},{"url":"value","valueString":"2022+"}],"url":"http://hl7.org/fhir/tools/StructureDefinition/ig-parameter"},{"extension":[{"url":"code","valueCode":"releaselabel"},{"url":"value","valueString":"Trial-Implementation"}],"url":"http://hl7.org/fhir/tools/StructureDefinition/ig-parameter"},{"extension":[{"url":"code","valueCode":"show-inherited-invariants"},{"url":"value","valueString":"false"}],"url":"http://hl7.org/fhir/tools/StructureDefinition/ig-parameter"},{"extension":[{"url":"code","valueCode":"usage-stats-opt-out"},{"url":"value","valueString":"false"}],"url":"http://hl7.org/fhir/tools/StructureDefinition/ig-parameter"},{"extension":[{"url":"code","valueCode":"logging"},{"url":"value","valueString":"progress"}],"url":"http://hl7.org/fhir/tools/StructureDefinition/ig-parameter"},{"extension":[{"url":"code","valueCode":"shownav"},{"url":"value","valueString":"true"}],"url":"http://hl7.org/fhir/tools/StructureDefinition/ig-parameter"},{"extension":[{"url":"code","valueCode":"active-tables"},{"url":"value","valueString":"false"}],"url":"http://hl7.org/fhir/tools/StructureDefinition/ig-parameter"},{"extension":[{"url":"code","valueCode":"apply-contact"},{"url":"value","valueString":"true"}],"url":"http://hl7.org/fhir/tools/StructureDefinition/ig-parameter"},{"extension":[{"url":"code","valueCode":"apply-jurisdiction"},{"url":"value","valueString":"true"}],"url":"http://hl7.org/fhir/tools/StructureDefinition/ig-parameter"},{"extension":[{"url":"code","valueCode":"apply-publisher"},{"url":"value","valueString":"true"}],"url":"http://hl7.org/fhir/tools/StructureDefinition/ig-parameter"},{"extension":[{"url":"code","valueCode":"apply-version"},{"url":"value","valueString":"true"}],"url":"http://hl7.org/fhir/tools/StructureDefinition/ig-parameter"},{"extension":[{"url":"code","valueCode":"special-url"},{"url":"value","valueString":"urn:ihe:event-type-code"}],"url":"http://hl7.org/fhir/tools/StructureDefinition/ig-parameter"},{"extension":[{"url":"code","valueCode":"autoload-resources"},{"url":"value","valueString":"true"}],"url":"http://hl7.org/fhir/tools/StructureDefinition/ig-parameter"},{"extension":[{"url":"code","valueCode":"path-liquid"},{"url":"value","valueString":"template/liquid"}],"url":"http://hl7.org/fhir/tools/StructureDefinition/ig-parameter"},{"extension":[{"url":"code","valueCode":"path-liquid"},{"url":"value","valueString":"input/liquid"}],"url":"http://hl7.org/fhir/tools/StructureDefinition/ig-parameter"},{"extension":[{"url":"code","valueCode":"path-qa"},{"url":"value","valueString":"temp/qa"}],"url":"http://hl7.org/fhir/tools/StructureDefinition/ig-parameter"},{"extension":[{"url":"code","valueCode":"path-temp"},{"url":"value","valueString":"temp/pages"}],"url":"http://hl7.org/fhir/tools/StructureDefinition/ig-parameter"},{"extension":[{"url":"code","valueCode":"path-output"},{"url":"value","valueString":"output"}],"url":"http://hl7.org/fhir/tools/StructureDefinition/ig-parameter"},{"extension":[{"url":"code","valueCode":"path-suppressed-warnings"},{"url":"value","valueString":"input/ignoreWarnings.txt"}],"url":"http://hl7.org/fhir/tools/StructureDefinition/ig-parameter"},{"extension":[{"url":"code","valueCode":"path-history"},{"url":"value","valueString":"https://profiles.ihe.net/ITI/mCSD/history.html"}],"url":"http://hl7.org/fhir/tools/StructureDefinition/ig-parameter"},{"extension":[{"url":"code","valueCode":"template-html"},{"url":"value","valueString":"template-page.html"}],"url":"http://hl7.org/fhir/tools/StructureDefinition/ig-parameter"},{"extension":[{"url":"code","valueCode":"template-md"},{"url":"value","valueString":"template-page-md.html"}],"url":"http://hl7.org/fhir/tools/StructureDefinition/ig-parameter"},{"extension":[{"url":"code","valueCode":"apply-context"},{"url":"value","valueString":"true"}],"url":"http://hl7.org/fhir/tools/StructureDefinition/ig-parameter"},{"extension":[{"url":"code","valueCode":"apply-copyright"},{"url":"value","valueString":"true"}],"url":"http://hl7.org/fhir/tools/StructureDefinition/ig-parameter"},{"extension":[{"url":"code","valueCode":"apply-license"},{"url":"value","valueString":"true"}],"url":"http://hl7.org/fhir/tools/StructureDefinition/ig-parameter"},{"extension":[{"url":"code","valueCode":"apply-wg"},{"url":"value","valueString":"true"}],"url":"http://hl7.org/fhir/tools/StructureDefinition/ig-parameter"},{"extension":[{"url":"code","valueCode":"fmm-definition"},{"url":"value","valueString":"http://hl7.org/fhir/versions.html#maturity"}],"url":"http://hl7.org/fhir/tools/StructureDefinition/ig-parameter"},{"extension":[{"url":"code","valueCode":"propagate-status"},{"url":"value","valueString":"true"}],"url":"http://hl7.org/fhir/tools/StructureDefinition/ig-parameter"},{"extension":[{"url":"code","valueCode":"excludelogbinaryformat"},{"url":"value","valueString":"true"}],"url":"http://hl7.org/fhir/tools/StructureDefinition/ig-parameter"},{"extension":[{"url":"code","valueCode":"tabbed-snapshots"},{"url":"value","valueString":"true"}],"url":"http://hl7.org/fhir/tools/StructureDefinition/ig-parameter"},{"extension":[{"url":"code","valueCode":"copyrightyear"},{"url":"value","valueString":"2022+"}],"url":"http://hl7.org/fhir/tools/StructureDefinition/ig-parameter"},{"extension":[{"url":"code","valueCode":"releaselabel"},{"url":"value","valueString":"Trial-Implementation"}],"url":"http://hl7.org/fhir/tools/StructureDefinition/ig-parameter"},{"extension":[{"url":"code","valueCode":"show-inherited-invariants"},{"url":"value","valueString":"false"}],"url":"http://hl7.org/fhir/tools/StructureDefinition/ig-parameter"},{"extension":[{"url":"code","valueCode":"usage-stats-opt-out"},{"url":"value","valueString":"false"}],"url":"http://hl7.org/fhir/tools/StructureDefinition/ig-parameter"},{"extension":[{"url":"code","valueCode":"logging"},{"url":"value","valueString":"progress"}],"url":"http://hl7.org/fhir/tools/StructureDefinition/ig-parameter"},{"extension":[{"url":"code","valueCode":"shownav"},{"url":"value","valueString":"true"}],"url":"http://hl7.org/fhir/tools/StructureDefinition/ig-parameter"},{"extension":[{"url":"code","valueCode":"active-tables"},{"url":"value","valueString":"false"}],"url":"http://hl7.org/fhir/tools/StructureDefinition/ig-parameter"},{"extension":[{"url":"code","valueCode":"apply-contact"},{"url":"value","valueString":"true"}],"url":"http://hl7.org/fhir/tools/StructureDefinition/ig-parameter"},{"extension":[{"url":"code","valueCode":"apply-jurisdiction"},{"url":"value","valueString":"true"}],"url":"http://hl7.org/fhir/tools/StructureDefinition/ig-parameter"},{"extension":[{"url":"code","valueCode":"apply-publisher"},{"url":"value","valueString":"true"}],"url":"http://hl7.org/fhir/tools/StructureDefinition/ig-parameter"},{"extension":[{"url":"code","valueCode":"apply-version"},{"url":"value","valueString":"true"}],"url":"http://hl7.org/fhir/tools/StructureDefinition/ig-parameter"},{"extension":[{"url":"code","valueCode":"special-url"},{"url":"value","valueString":"urn:ihe:event-type-code"}],"url":"http://hl7.org/fhir/tools/StructureDefinition/ig-parameter"},{"extension":[{"url":"code","valueCode":"autoload-resources"},{"url":"value","valueString":"true"}],"url":"http://hl7.org/fhir/tools/StructureDefinition/ig-parameter"},{"extension":[{"url":"code","valueCode":"path-liquid"},{"url":"value","valueString":"template/liquid"}],"url":"http://hl7.org/fhir/tools/StructureDefinition/ig-parameter"},{"extension":[{"url":"code","valueCode":"path-liquid"},{"url":"value","valueString":"input/liquid"}],"url":"http://hl7.org/fhir/tools/StructureDefinition/ig-parameter"},{"extension":[{"url":"code","valueCode":"path-qa"},{"url":"value","valueString":"temp/qa"}],"url":"http://hl7.org/fhir/tools/StructureDefinition/ig-parameter"},{"extension":[{"url":"code","valueCode":"path-temp"},{"url":"value","valueString":"temp/pages"}],"url":"http://hl7.org/fhir/tools/StructureDefinition/ig-parameter"},{"extension":[{"url":"code","valueCode":"path-output"},{"url":"value","valueString":"output"}],"url":"http://hl7.org/fhir/tools/StructureDefinition/ig-parameter"},{"extension":[{"url":"code","valueCode":"path-suppressed-warnings"},{"url":"value","valueString":"input/ignoreWarnings.txt"}],"url":"http://hl7.org/fhir/tools/StructureDefinition/ig-parameter"},{"extension":[{"url":"code","valueCode":"path-history"},{"url":"value","valueString":"https://profiles.ihe.net/ITI/mCSD/history.html"}],"url":"http://hl7.org/fhir/tools/StructureDefinition/ig-parameter"},{"extension":[{"url":"code","valueCode":"template-html"},{"url":"value","valueString":"template-page.html"}],"url":"http://hl7.org/fhir/tools/StructureDefinition/ig-parameter"},{"extension":[{"url":"code","valueCode":"template-md"},{"url":"value","valueString":"template-page-md.html"}],"url":"http://hl7.org/fhir/tools/StructureDefinition/ig-parameter"},{"extension":[{"url":"code","valueCode":"apply-context"},{"url":"value","valueString":"true"}],"url":"http://hl7.org/fhir/tools/StructureDefinition/ig-parameter"},{"extension":[{"url":"code","valueCode":"apply-copyright"},{"url":"value","valueString":"true"}],"url":"http://hl7.org/fhir/tools/StructureDefinition/ig-parameter"},{"extension":[{"url":"code","valueCode":"apply-license"},{"url":"value","valueString":"true"}],"url":"http://hl7.org/fhir/tools/StructureDefinition/ig-parameter"},{"extension":[{"url":"code","valueCode":"apply-wg"},{"url":"value","valueString":"true"}],"url":"http://hl7.org/fhir/tools/StructureDefinition/ig-parameter"},{"extension":[{"url":"code","valueCode":"fmm-definition"},{"url":"value","valueString":"http://hl7.org/fhir/versions.html#maturity"}],"url":"http://hl7.org/fhir/tools/StructureDefinition/ig-parameter"},{"extension":[{"url":"code","valueCode":"propagate-status"},{"url":"value","valueString":"true"}],"url":"http://hl7.org/fhir/tools/StructureDefinition/ig-parameter"},{"extension":[{"url":"code","valueCode":"excludelogbinaryformat"},{"url":"value","valueString":"true"}],"url":"http://hl7.org/fhir/tools/StructureDefinition/ig-parameter"},{"extension":[{"url":"code","valueCode":"tabbed-snapshots"},{"url":"value","valueString":"true"}],"url":"http://hl7.org/fhir/tools/StructureDefinition/ig-parameter"}],"grouping":[{"id":"-dyn-capabilitystatement","name":"Behavior: Capability Statements","description":"The following artifacts define the specific capabilities that different types of systems are expected to have in order to comply with this implementation guide.  Systems conforming to this implementation guide are expected to declare conformance to one or more of the following capability statements."},{"id":"-dyn-searchparameter","name":"Behavior: Search Parameters","description":"These define the properties by which a RESTful server can be searched.  They can also be used for sorting and including related resources."},{"id":"-str-profile","name":"Structures: Resource Profiles","description":"These define constraints on FHIR resources for systems conforming to this implementation guide."},{"id":"-str-extension","name":"Structures: Extension Definitions","description":"These define constraints on FHIR data types for systems conforming to this implementation guide."},{"id":"-term-valueset","name":"Terminology: Value Sets","description":"These define sets of codes used by systems conforming to this implementation guide."},{"id":"-term-codesystem","name":"Terminology: Code Systems","description":"These define new code systems used by systems conforming to this implementation guide."},{"id":"-ex-example","name":"Example: Example Instances","description":"These are example instances that show what data produced and consumed by systems conforming with this implementation guide might look like."}],"resource":[{"extension":[{"url":"http://hl7.org/fhir/tools/StructureDefinition/resource-sort","valueInteger":999999999},{"url":"http://hl7.org/fhir/StructureDefinition/implementationguide-page","valueUri":"CapabilityStatement-IHE.mCSD.CareServicesSelectiveConsumer.html"}],"reference":{"reference":"CapabilityStatement/IHE.mCSD.CareServicesSelectiveConsumer"},"name":"IHE ITI Mobile Care Services Discovery (mCSD) - Care Services Selective Consumer","description":"CapabilityStatement for Care Services Selective Consumer Actor in the IHE IT Infrastructure Technical Framework Supplement IHE mCSD.","exampleBoolean":false,"groupingId":"-dyn-capabilitystatement"},{"extension":[{"url":"http://hl7.org/fhir/tools/StructureDefinition/resource-sort","valueInteger":999999999},{"url":"http://hl7.org/fhir/StructureDefinition/implementationguide-page","valueUri":"CapabilityStatement-IHE.mCSD.CareServicesSelectiveConsumer.LocationDistance.html"}],"reference":{"reference":"CapabilityStatement/IHE.mCSD.CareServicesSelectiveConsumer.LocationDistance"},"name":"IHE ITI Mobile Care Services Discovery (mCSD) - Care Services Selective Consumer Location Distance Option","description":"CapabilityStatement for Care Services Selective Consumer Actor with the Location Distance Option in the IHE IT Infrastructure Technical Framework Supplement IHE mCSD.","exampleBoolean":false,"groupingId":"-dyn-capabilitystatement"},{"extension":[{"url":"http://hl7.org/fhir/tools/StructureDefinition/resource-sort","valueInteger":999999999},{"url":"http://hl7.org/fhir/StructureDefinition/implementationguide-page","valueUri":"CapabilityStatement-IHE.mCSD.CareServicesSelectiveSupplier.html"}],"reference":{"reference":"CapabilityStatement/IHE.mCSD.CareServicesSelectiveSupplier"},"name":"IHE ITI Mobile Care Services Discovery (mCSD) - Care Services Selective Supplier","description":"CapabilityStatement for Care Services Selective Supplier Actor in the IHE IT Infrastructure Technical Framework Supplement IHE mCSD.","exampleBoolean":false,"groupingId":"-dyn-capabilitystatement"},{"extension":[{"url":"http://hl7.org/fhir/tools/StructureDefinition/resource-sort","valueInteger":999999999},{"url":"http://hl7.org/fhir/StructureDefinition/implementationguide-page","valueUri":"CapabilityStatement-IHE.mCSD.CareServicesSelectiveSupplier.LocationDistance.html"}],"reference":{"reference":"CapabilityStatement/IHE.mCSD.CareServicesSelectiveSupplier.LocationDistance"},"name":"IHE ITI Mobile Care Services Discovery (mCSD) - Care Services Selective Supplier Location Distance Option","description":"CapabilityStatement for Care Services Selective Supplier Actor with the Location Distance option in the IHE IT Infrastructure Technical Framework Supplement IHE mCSD.","exampleBoolean":false,"groupingId":"-dyn-capabilitystatement"},{"extension":[{"url":"http://hl7.org/fhir/tools/StructureDefinition/resource-sort","valueInteger":999999999},{"url":"http://hl7.org/fhir/StructureDefinition/implementationguide-page","valueUri":"CapabilityStatement-IHE.mCSD.CareServicesUpdateConsumer.html"}],"reference":{"reference":"CapabilityStatement/IHE.mCSD.CareServicesUpdateConsumer"},"name":"IHE ITI Mobile Care Services Discovery (mCSD) - Care Services Update Consumer","description":"CapabilityStatement for Care Services Update Consumer Actor in the IHE IT Infrastructure Technical Framework Supplement IHE mCSD.","exampleBoolean":false,"groupingId":"-dyn-capabilitystatement"},{"extension":[{"url":"http://hl7.org/fhir/tools/StructureDefinition/resource-sort","valueInteger":999999999},{"url":"http://hl7.org/fhir/StructureDefinition/implementationguide-page","valueUri":"CapabilityStatement-IHE.mCSD.CareServicesUpdateConsumer.LocationDistance.html"}],"reference":{"reference":"CapabilityStatement/IHE.mCSD.CareServicesUpdateConsumer.LocationDistance"},"name":"IHE ITI Mobile Care Services Discovery (mCSD) - Care Services Update Consumer Location Distance Option","description":"CapabilityStatement for Care Services Update Consumer Actor with the Location Distance option in the IHE IT Infrastructure Technical Framework Supplement IHE mCSD.","exampleBoolean":false,"groupingId":"-dyn-capabilitystatement"},{"extension":[{"url":"http://hl7.org/fhir/tools/StructureDefinition/resource-sort","valueInteger":999999999},{"url":"http://hl7.org/fhir/StructureDefinition/implementationguide-page","valueUri":"CapabilityStatement-IHE.mCSD.CareServicesUpdateSupplier.html"}],"reference":{"reference":"CapabilityStatement/IHE.mCSD.CareServicesUpdateSupplier"},"name":"IHE ITI Mobile Care Services Discovery (mCSD) - Care Services Update Supplier","description":"CapabilityStatement for Care Services Update Supplier Actor in the IHE IT Infrastructure Technical Framework Supplement IHE mCSD.","exampleBoolean":false,"groupingId":"-dyn-capabilitystatement"},{"extension":[{"url":"http://hl7.org/fhir/tools/StructureDefinition/resource-sort","valueInteger":999999999},{"url":"http://hl7.org/fhir/StructureDefinition/implementationguide-page","valueUri":"CapabilityStatement-IHE.mCSD.CareServicesUpdateSupplier.LocationDistance.html"}],"reference":{"reference":"CapabilityStatement/IHE.mCSD.CareServicesUpdateSupplier.LocationDistance"},"name":"IHE ITI Mobile Care Services Discovery (mCSD) - Care Services Update Supplier Location Distance Option","description":"CapabilityStatement for Care Services Update Supplier Actor with the Location Distance option in the IHE IT Infrastructure Technical Framework Supplement IHE mCSD.","exampleBoolean":false,"groupingId":"-dyn-capabilitystatement"},{"extension":[{"url":"http://hl7.org/fhir/tools/StructureDefinition/resource-sort","valueInteger":999999999},{"url":"http://hl7.org/fhir/StructureDefinition/implementationguide-page","valueUri":"SearchParameter-Endpoint-EndpointSpecificType.html"}],"reference":{"reference":"SearchParameter/Endpoint-EndpointSpecificType"},"name":"Search on the IHE defined extension for Endpoint specificType","description":"This SearchParameter enables finding Endpoints by the specificType code.  This resource is created as informative content.","exampleBoolean":false,"groupingId":"-dyn-searchparameter"},{"extension":[{"url":"http://hl7.org/fhir/tools/StructureDefinition/resource-sort","valueInteger":999999999},{"url":"http://hl7.org/fhir/StructureDefinition/implementationguide-page","valueUri":"SearchParameter-IHE.mCSD.Search.PurposeOfUse.html"}],"reference":{"reference":"SearchParameter/IHE.mCSD.Search.PurposeOfUse"},"name":"Search on the IHE defined extension for Purpose of Use","description":"This SearchParameter enables finding Endpoints or Organizatoins by the purpose of use code.  This resource is created as informative content.","exampleBoolean":false,"groupingId":"-dyn-searchparameter"},{"extension":[{"url":"http://hl7.org/fhir/tools/StructureDefinition/resource-sort","valueInteger":999999999},{"url":"http://hl7.org/fhir/StructureDefinition/implementationguide-page","valueUri":"StructureDefinition-IHE.mCSD.Audit.CareServices.Query.html"}],"reference":{"reference":"StructureDefinition/IHE.mCSD.Audit.CareServices.Query"},"name":"Audit Event for Find Matching Care Services Transaction by the Care Services Selective Consumer and Care Services Selective Supplier for Query","description":"Defines constraints on the AuditEvent Resource to record when a Find Matching Care Services Transaction happens\nto query a Care Services Resource, as recorded by the Care Services Selective Supplier or Care Services Selective Consumer.","exampleBoolean":false,"groupingId":"-str-profile"},{"extension":[{"url":"http://hl7.org/fhir/tools/StructureDefinition/resource-sort","valueInteger":999999999},{"url":"http://hl7.org/fhir/StructureDefinition/implementationguide-page","valueUri":"StructureDefinition-IHE.mCSD.Audit.CareServices.Read.html"}],"reference":{"reference":"StructureDefinition/IHE.mCSD.Audit.CareServices.Read"},"name":"Audit Event for Find Matching Care Services Transaction by the Care Services Selective Consumer and Care Services Selective Supplier for Read","description":"Defines constraints on the AuditEvent Resource to record when a Find Matching Care Services Transaction happens\nto read a Care Services resource, as recorded by the Care Services Selective Consumer or Care Services Selective Supplier.","exampleBoolean":false,"groupingId":"-str-profile"},{"extension":[{"url":"http://hl7.org/fhir/tools/StructureDefinition/resource-sort","valueInteger":999999999},{"url":"http://hl7.org/fhir/StructureDefinition/implementationguide-page","valueUri":"StructureDefinition-IHE.mCSD.Audit.CareServices.Updates.html"}],"reference":{"reference":"StructureDefinition/IHE.mCSD.Audit.CareServices.Updates"},"name":"Audit Event for Request Care Services Updates Transaction by the Care Services Update Consumer and Care Services Update Supplier","description":"Defines constraints on the AuditEvent Resource to record when a Request Care Services Updates Transaction happens\nfor a Care Services Resource updates, as recorded by the Care Services Update Supplier or Care Services Update Consumer.","exampleBoolean":false,"groupingId":"-str-profile"},{"extension":[{"url":"http://hl7.org/fhir/tools/StructureDefinition/resource-sort","valueInteger":999999999},{"url":"http://hl7.org/fhir/StructureDefinition/implementationguide-page","valueUri":"StructureDefinition-IHE.mCSD.Endpoint.html"}],"reference":{"reference":"StructureDefinition/IHE.mCSD.Endpoint"},"name":"mCSD Endpoint","description":"A profile on the mCSD Endpoint.\n\nAn Organization may be reachable through electronic Endpoint(s).\nAn Endpoint may be a FHIR server, an IHE web services actor, or some other\nmechanism. If an Organization does not have an Endpoint, it may still be\nreachable via an Endpoint at its parent Organization or an affiliated Organization.\n\nGiven that in FHIR R4 the .connnectionType is 1..1, each type of endpoint will be indicated with an independent Endpoint resource.","exampleBoolean":false,"groupingId":"-str-profile"},{"extension":[{"url":"http://hl7.org/fhir/tools/StructureDefinition/resource-sort","valueInteger":999999999},{"url":"http://hl7.org/fhir/StructureDefinition/implementationguide-page","valueUri":"StructureDefinition-IHE.mCSD.Endpoint.DocShare.html"}],"reference":{"reference":"StructureDefinition/IHE.mCSD.Endpoint.DocShare"},"name":"mCSD Endpoint for Document Sharing","description":"A profile on the mCSD Endpoint for Document Sharing environments.\n\nGiven that in FHIR R4 the .connnectionType is 1..1, each type of endpoint will be indicated with an independent Endpoint resource. Thus a XCA Responding Gateway will need two Endpoint instances to express Query vs Retrieve.\n\nOpen-Issues:\n1. That payloadType and payloadMimeType are either empty to indicate that the endpoint is not constrained; or fully populated. \n2. That payloadType and PayloadMimeType for XCA/XDS/MHD Query and XCA/XDS/MHD Retrieve would be the same thus replicating the capability at both endpoints. \n3. It did not seem right that Query be indicated with a mimeType of ebRegistry as that is not helpful to the use-case.\n4. should the homeCommunityId be mandated here, should those behind it be here, should this be empty?\n5. would a Proxy service that is supporting OrgAff be a good example of NOT putting a homeCommunityId in the endpoint.identifier?","exampleBoolean":false,"groupingId":"-str-profile"},{"extension":[{"url":"http://hl7.org/fhir/tools/StructureDefinition/resource-sort","valueInteger":999999999},{"url":"http://hl7.org/fhir/StructureDefinition/implementationguide-page","valueUri":"StructureDefinition-IHE.mCSD.HealthcareService.html"}],"reference":{"reference":"StructureDefinition/IHE.mCSD.HealthcareService"},"name":"mCSD HealthcareService","description":"A profile on the HealthcareService resource for mCSD.\n\nEach healthcare service has a unique identifier. Examples include surgical services, antenatal\ncare services, or primary care services. The combination of a Healthcare Service offered at a\n[Location](StructureDefinition-IHE.mCSD.Location.html) may have specific attributes including\ncontact person, hours of operation, etc.","exampleBoolean":false,"groupingId":"-str-profile"},{"extension":[{"url":"http://hl7.org/fhir/tools/StructureDefinition/resource-sort","valueInteger":999999999},{"url":"http://hl7.org/fhir/StructureDefinition/implementationguide-page","valueUri":"StructureDefinition-IHE.mCSD.Location.html"}],"reference":{"reference":"StructureDefinition/IHE.mCSD.Location"},"name":"mCSD Location","description":"A profile on the Location resource for mCSD.\n\nLocations are physical places where care can be delivered such as facilities, buildings, wards,\nrooms, or vehicles. Locations also include jurisdictions such as a village districts or regions.\nA Location has a unique identifier and may have geographic attributes (address, geocode),\nattributes regarding its hours of operation, etc. Each Location may be related to one [Organization](StructureDefinition-IHE.mCSD.Organization.html).\nA location may have a hierarchical relationship with other locations.","exampleBoolean":false,"groupingId":"-str-profile"},{"extension":[{"url":"http://hl7.org/fhir/tools/StructureDefinition/resource-sort","valueInteger":999999999},{"url":"http://hl7.org/fhir/StructureDefinition/implementationguide-page","valueUri":"StructureDefinition-IHE.mCSD.FacilityLocation.html"}],"reference":{"reference":"StructureDefinition/IHE.mCSD.FacilityLocation"},"name":"mCSD Location for Facilities","description":"A profile on mCSD Location for mCSD Facilities.\n\nFacilities are physical care delivery sites such as hospitals, clinics, health outposts, physician offices,\nlabs, pharmacies, etc. A Facility has a unique identifier, geographic attributes (address, geocode), contact\nattributes, attributes regarding its hours of operation, etc. Each Facility is defined by a pairing of \n[Location](StructureDefinition-IHE.mCSD.FacilityLocation.html) and\n[Organization](StructureDefinition-IHE.mCSD.FacilityOrganization.html).\n\nIn addition to the base requirements of [mCSD Location](StructureDefinition-IHE.mCSD.Location.html),\none `type` must be set to `https://profiles.ihe.net/ITI/mCSD/CodeSystem/IHE.mCSD.Organization.Location.Types#facility`.","exampleBoolean":false,"groupingId":"-str-profile"},{"extension":[{"url":"http://hl7.org/fhir/tools/StructureDefinition/resource-sort","valueInteger":999999999},{"url":"http://hl7.org/fhir/StructureDefinition/implementationguide-page","valueUri":"StructureDefinition-IHE.mCSD.JurisdictionLocation.html"}],"reference":{"reference":"StructureDefinition/IHE.mCSD.JurisdictionLocation"},"name":"mCSD Location for Jurisdictions","description":"A profile on the mCSD Location for mCSD Jurisdictions.\n\nJurisdictions are political administrative units or other territories over which authority is exercised. A Jurisdiction\nhas a unique identifier, geographic attributes, etc. Jurisdictions include political administrative units such as village\ndistricts or regions.  Each Jurisdiction is defined by a pairing of [Location](StructureDefinition-IHE.mCSD.JurisdictionLocation.html)\nand [Organization](StructureDefinition-IHE.mCSD.JurisdictionOrganization.html).\n\nIn addition to the base requirements of [mCSD Location](StructureDefinition-IHE.mCSD.Location.html),\none `type` must be set to `https://profiles.ihe.net/ITI/mCSD/CodeSystem/IHE.mCSD.Organization.Location.Types#jurisdiction`.","exampleBoolean":false,"groupingId":"-str-profile"},{"extension":[{"url":"http://hl7.org/fhir/tools/StructureDefinition/resource-sort","valueInteger":999999999},{"url":"http://hl7.org/fhir/StructureDefinition/implementationguide-page","valueUri":"StructureDefinition-IHE.mCSD.LocationDistance.html"}],"reference":{"reference":"StructureDefinition/IHE.mCSD.LocationDistance"},"name":"mCSD Location with Distance","description":"A profile on the mCSD Location resource for distance searches.\n\nThis profile is for when you want to allow distance based searches for an mCSD Location resource.","exampleBoolean":false,"groupingId":"-str-profile"},{"extension":[{"url":"http://hl7.org/fhir/tools/StructureDefinition/resource-sort","valueInteger":999999999},{"url":"http://hl7.org/fhir/StructureDefinition/implementationguide-page","valueUri":"StructureDefinition-IHE.mCSD.Organization.html"}],"reference":{"reference":"StructureDefinition/IHE.mCSD.Organization"},"name":"mCSD Organization","description":"A profile on the Organization resource for mCSD.\n\nOrganizations are “umbrella” entities; these may be consideredthe administrative bodies under whose auspices\ncare services are provided such as Healthcare Information Exchanges (HIEs), Integrated Delivery Networks\n(IDNs), Non-Government Organizations (NGOs), Faith-Based Organizations (FBOs) or even a one-physician family\npractice. An organization has a unique identifier and may have additional administrative attributes such as\ncontact person, mailing address, etc. Departments of an institution, or other administrative units, may be\nrepresented as child Organizations of a parent Organization.","exampleBoolean":false,"groupingId":"-str-profile"},{"extension":[{"url":"http://hl7.org/fhir/tools/StructureDefinition/resource-sort","valueInteger":999999999},{"url":"http://hl7.org/fhir/StructureDefinition/implementationguide-page","valueUri":"StructureDefinition-IHE.mCSD.OrganizationAffiliation.html"}],"reference":{"reference":"StructureDefinition/IHE.mCSD.OrganizationAffiliation"},"name":"mCSD Organization Affiliation","description":"A profile on the OrganizationAffiliation resource for mCSD.\n\nAn Organization may have relationships with\nother organizations that are not hierarchical. These relationships may indicate\nan electronic routing path to other organizations that cannot be reached directly.\nOrganizationAffiliation can be used to specify relationships such as supply chains \nor administrative reporting structures.","exampleBoolean":false,"groupingId":"-str-profile"},{"extension":[{"url":"http://hl7.org/fhir/tools/StructureDefinition/resource-sort","valueInteger":999999999},{"url":"http://hl7.org/fhir/StructureDefinition/implementationguide-page","valueUri":"StructureDefinition-IHE.mCSD.OrganizationAffiliation.DocShare.html"}],"reference":{"reference":"StructureDefinition/IHE.mCSD.OrganizationAffiliation.DocShare"},"name":"mCSD Organization Affiliation DocumentSharing","description":"A profile on the OrganizationAffiliation resource for mCSD in Document Sharing. Karen's Cross, when expanded to either/or a service that translates protocols, or a proxy that mediates network communication.\n\nNot used for direct connected mesh networks of depth 2 as that is handled fine with Organization->Endpoint. \n\nAffiliation is used to show Document Sharing network linkage to a set of communities that are not directly addressible.  \nThe participating organization would not have Organization->Endpoint advertised in the network directory. \nThere will be many OrganizationAffiliations, one for each pathway provided on the network by the serving organization (.organization) to another organization (.participatingOrganization).","exampleBoolean":false,"groupingId":"-str-profile"},{"extension":[{"url":"http://hl7.org/fhir/tools/StructureDefinition/resource-sort","valueInteger":999999999},{"url":"http://hl7.org/fhir/StructureDefinition/implementationguide-page","valueUri":"StructureDefinition-IHE.mCSD.FacilityOrganization.html"}],"reference":{"reference":"StructureDefinition/IHE.mCSD.FacilityOrganization"},"name":"mCSD Organization for Facilities","description":"A profile on mCSD Organization for mCSD Facilities.\n\nFacilities are physical care delivery sites such as hospitals, clinics, health outposts, physician offices,\nlabs, pharmacies, etc. A Facility has a unique identifier, geographic attributes (address, geocode), contact\nattributes, attributes regarding its hours of operation, etc. Each Facility is defined by a pairing of \n[Location](StructureDefinition-IHE.mCSD.FacilityLocation.html) and\n[Organization](StructureDefinition-IHE.mCSD.FacilityOrganization.html).\n\nIn addition to the base requirements of [mCSD Organization](StructureDefinition-IHE.mCSD.Organization.html),\none `type` must be set to `https://profiles.ihe.net/ITI/mCSD/CodeSystem/IHE.mCSD.Organization.Location.Types#facility`.","exampleBoolean":false,"groupingId":"-str-profile"},{"extension":[{"url":"http://hl7.org/fhir/tools/StructureDefinition/resource-sort","valueInteger":999999999},{"url":"http://hl7.org/fhir/StructureDefinition/implementationguide-page","valueUri":"StructureDefinition-IHE.mCSD.JurisdictionOrganization.html"}],"reference":{"reference":"StructureDefinition/IHE.mCSD.JurisdictionOrganization"},"name":"mCSD Organization for Jurisdictions","description":"A profile on the mCSD Organization for mCSD Jurisdictions.\n\nJurisdictions are political administrative units or other territories over which authority is exercised. A Jurisdiction\nhas a unique identifier, geographic attributes, etc. Jurisdictions include political administrative units such as village\ndistricts or regions.  Each Jurisdiction is defined by a pairing of [Location](StructureDefinition-IHE.mCSD.JurisdictionLocation.html)\nand [Organization](StructureDefinition-IHE.mCSD.JurisdictionOrganization.html).\n\nIn addition to the base requirements of [mCSD Organization](StructureDefinition-IHE.mCSD.Organization.html),\none `type` must be set to `https://profiles.ihe.net/ITI/mCSD/CodeSystem/IHE.mCSD.Organization.Location.Types#jurisdiction`.","exampleBoolean":false,"groupingId":"-str-profile"},{"extension":[{"url":"http://hl7.org/fhir/tools/StructureDefinition/resource-sort","valueInteger":999999999},{"url":"http://hl7.org/fhir/StructureDefinition/implementationguide-page","valueUri":"StructureDefinition-IHE.mCSD.Practitioner.html"}],"reference":{"reference":"StructureDefinition/IHE.mCSD.Practitioner"},"name":"mCSD Practitioner","description":"A profile on the Practitioner resource for mCSD.\n\nA Practitioner is a [health worker such as defined by WHO](http://www.who.int/whr/2006/06_chap1_en.pdf); a Practitioner \nmight be a physician, nurse, pharmacist, community health worker, district health manager, etc. Practitioners have\ncontact and demographic attributes. Each Practitioner may be related to one or more\n[Organizations](StructureDefinition-IHE.mCSD.Organization.html), one or more\n[Locations](StructureDefinition-IHE.mCSD.Location.html)\nand one or more [Healthcare Services](StructureDefinition-IHE.mCSD.HealthcareService.html) through a\n[Practitioner Role](StructureDefinition-IHE.mCSD.PractitionerRole.html). Specific attributes may be associated with\nthe Practitioner relationship with these other entities.","exampleBoolean":false,"groupingId":"-str-profile"},{"extension":[{"url":"http://hl7.org/fhir/tools/StructureDefinition/resource-sort","valueInteger":999999999},{"url":"http://hl7.org/fhir/StructureDefinition/implementationguide-page","valueUri":"StructureDefinition-IHE.mCSD.PractitionerRole.html"}],"reference":{"reference":"StructureDefinition/IHE.mCSD.PractitionerRole"},"name":"mCSD PractitionerRole","description":"A profile on the PractitionerRole resource for mCSD.\n\nA PractitionerRole links a [Practitioner](StructureDefinition-IHE.mCSD.Practitioner.html) with a particular\nhealth care role to perform [Healthcare Services](StructureDefinition-IHE.mCSD.HealthcareService.html)\nat a particular [Location](StructureDefinition-IHE.mCSD.Location.html)\nfor an [Organization](StructureDefinition-IHE.mCSD.Organization.html)","exampleBoolean":false,"groupingId":"-str-profile"},{"extension":[{"url":"http://hl7.org/fhir/tools/StructureDefinition/resource-sort","valueInteger":999999999},{"url":"http://hl7.org/fhir/StructureDefinition/implementationguide-page","valueUri":"StructureDefinition-ihe-endpointspecifictype.html"}],"reference":{"reference":"StructureDefinition/ihe-endpointspecifictype"},"name":"Endpoint Specific Type","description":"The specific endpoint type. Given that the FHIR R4 Endpoint.connectionType is limited to a one value from a valueSet given by FHIR core and that valueSet includes XCA thus by Extensible rules one is forced to pick that value, we choose to add an additional codeableConcept for a more detailed code(s).","exampleBoolean":false,"groupingId":"-str-extension"},{"extension":[{"url":"http://hl7.org/fhir/tools/StructureDefinition/resource-sort","valueInteger":999999999},{"url":"http://hl7.org/fhir/StructureDefinition/implementationguide-page","valueUri":"StructureDefinition-IHE.mCSD.PurposeOfUse.html"}],"reference":{"reference":"StructureDefinition/IHE.mCSD.PurposeOfUse"},"name":"Purpose of Use Extension","description":"Set a purpose of use for an mCSD Endpoint or mCSD Organization.","exampleBoolean":false,"groupingId":"-str-extension"},{"extension":[{"url":"http://hl7.org/fhir/tools/StructureDefinition/resource-sort","valueInteger":999999999},{"url":"http://hl7.org/fhir/StructureDefinition/implementationguide-page","valueUri":"ValueSet-MCSDEndpointTypesCoreDocShareVS.html"}],"reference":{"reference":"ValueSet/MCSDEndpointTypesCoreDocShareVS"},"name":"mCSD Endpoint Core Document Sharing Types ValueSet","description":"ValueSet of the Core Document Sharing Endpoint types allowed","exampleBoolean":false,"groupingId":"-term-valueset"},{"extension":[{"url":"http://hl7.org/fhir/tools/StructureDefinition/resource-sort","valueInteger":999999999},{"url":"http://hl7.org/fhir/StructureDefinition/implementationguide-page","valueUri":"ValueSet-MCSDEndpointTypesVS.html"}],"reference":{"reference":"ValueSet/MCSDEndpointTypesVS"},"name":"mCSD Endpoint Types ValueSet","description":"ValueSet of the Endpoint types allowed","exampleBoolean":false,"groupingId":"-term-valueset"},{"extension":[{"url":"http://hl7.org/fhir/tools/StructureDefinition/resource-sort","valueInteger":999999999},{"url":"http://hl7.org/fhir/StructureDefinition/implementationguide-page","valueUri":"ValueSet-MCSDOrgAffTypesVS.html"}],"reference":{"reference":"ValueSet/MCSDOrgAffTypesVS"},"name":"mCSD Organization Affiliation Types ValueSet","description":"ValueSet of Organization Affiliation types allowed","exampleBoolean":false,"groupingId":"-term-valueset"},{"extension":[{"url":"http://hl7.org/fhir/tools/StructureDefinition/resource-sort","valueInteger":999999999},{"url":"http://hl7.org/fhir/StructureDefinition/implementationguide-page","valueUri":"ValueSet-MCSDEndpointIdentifierTypeValueSet.html"}],"reference":{"reference":"ValueSet/MCSDEndpointIdentifierTypeValueSet"},"name":"mCSD Type codes for Endpoint.identifier","description":"mCSD Type codes for specific business identifiers for Endpoint resources.","exampleBoolean":false,"groupingId":"-term-valueset"},{"extension":[{"url":"http://hl7.org/fhir/tools/StructureDefinition/resource-sort","valueInteger":999999999},{"url":"http://hl7.org/fhir/StructureDefinition/implementationguide-page","valueUri":"ValueSet-MCSDOrganizationIdentifierTypeValueSet.html"}],"reference":{"reference":"ValueSet/MCSDOrganizationIdentifierTypeValueSet"},"name":"mCSD Type codes for Organization.identifier","description":"mCSD Type codes for specific business identifiers for Organization resources.","exampleBoolean":false,"groupingId":"-term-valueset"},{"extension":[{"url":"http://hl7.org/fhir/tools/StructureDefinition/resource-sort","valueInteger":999999999},{"url":"http://hl7.org/fhir/StructureDefinition/implementationguide-page","valueUri":"ValueSet-IHE.mCSD.Organization.Location.Types.html"}],"reference":{"reference":"ValueSet/IHE.mCSD.Organization.Location.Types"},"name":"mCSD Types for Organizations and Locations","description":"mCSD Types for specialized Organization and Location resources.","exampleBoolean":false,"groupingId":"-term-valueset"},{"extension":[{"url":"http://hl7.org/fhir/tools/StructureDefinition/resource-sort","valueInteger":999999999},{"url":"http://hl7.org/fhir/StructureDefinition/implementationguide-page","valueUri":"CodeSystem-MCSDEndpointTypes.html"}],"reference":{"reference":"CodeSystem/MCSDEndpointTypes"},"name":"mCSD Endpoint Types","description":"mCSD Endpoint types beyond those in the FHIR core.\n\nThe codes defined here are endpoint types defined in IHE profiles at the time of publication. \nOther codes might be defined in new IHE profiles written later, where they could define their own code and own codeSystem.\n\nCode pattern: `{Profile}-{Actor}-{Transaction}[-{option}]`\n* Where Profile is the acronym\n* Where Actor name compressed to be short yet clear (camel case)\n* Where Transaction name is compressed to be short yet clear (camel case)\n* Where the code definition spells out these using the formal names and transaction number\n* Where an option is important it can be prepended\n\nNote that this codeSystem contains only endpoints needed for Some IHE profiles, and only for the synchronous communication pattern. When Async is supported additional entries will be needed on these actors, and the peer actor will also need to be described. Async is not in scope at this time.","exampleBoolean":false,"groupingId":"-term-codesystem"},{"extension":[{"url":"http://hl7.org/fhir/tools/StructureDefinition/resource-sort","valueInteger":999999999},{"url":"http://hl7.org/fhir/StructureDefinition/implementationguide-page","valueUri":"CodeSystem-mcsd-example-hierarchy.html"}],"reference":{"reference":"CodeSystem/mcsd-example-hierarchy"},"name":"mCSD Example Hierarchy Code System","description":"An example vocabulary of hierarchies.","exampleBoolean":false,"groupingId":"-term-codesystem"},{"extension":[{"url":"http://hl7.org/fhir/tools/StructureDefinition/resource-sort","valueInteger":999999999},{"url":"http://hl7.org/fhir/StructureDefinition/implementationguide-page","valueUri":"CodeSystem-MCSDOrgAffTypes.html"}],"reference":{"reference":"CodeSystem/MCSDOrgAffTypes"},"name":"mCSD Organization Affiliation Types","description":"mCSD OrganizationAffiliation types beyond those in the FHIR core.","exampleBoolean":false,"groupingId":"-term-codesystem"},{"extension":[{"url":"http://hl7.org/fhir/tools/StructureDefinition/resource-sort","valueInteger":999999999},{"url":"http://hl7.org/fhir/StructureDefinition/implementationguide-page","valueUri":"CodeSystem-MCSDEndpointIdentifierTypes.html"}],"reference":{"reference":"CodeSystem/MCSDEndpointIdentifierTypes"},"name":"mCSD Type codes for Endpoint.identifier","description":"mCSD Type codes for specific business identifiers for Endpoint resources.","exampleBoolean":false,"groupingId":"-term-codesystem"},{"extension":[{"url":"http://hl7.org/fhir/tools/StructureDefinition/resource-sort","valueInteger":999999999},{"url":"http://hl7.org/fhir/StructureDefinition/implementationguide-page","valueUri":"CodeSystem-MCSDOrganizationIdentifierTypes.html"}],"reference":{"reference":"CodeSystem/MCSDOrganizationIdentifierTypes"},"name":"mCSD Type codes for Organization.identifier","description":"mCSD Type codes for specific business identifiers for Organization resources.","exampleBoolean":false,"groupingId":"-term-codesystem"},{"extension":[{"url":"http://hl7.org/fhir/tools/StructureDefinition/resource-sort","valueInteger":999999999},{"url":"http://hl7.org/fhir/StructureDefinition/implementationguide-page","valueUri":"CodeSystem-IHE.mCSD.Organization.Location.Types.html"}],"reference":{"reference":"CodeSystem/IHE.mCSD.Organization.Location.Types"},"name":"mCSD Type codes for Organizations and Locations","description":"mCSD Type codes for specialized Organization and Location resources.","exampleBoolean":false,"groupingId":"-term-codesystem"},{"extension":[{"url":"http://hl7.org/fhir/tools/StructureDefinition/resource-sort","valueInteger":999999999},{"url":"http://hl7.org/fhir/StructureDefinition/implementationguide-page","valueUri":"AuditEvent-ex-AuditMcsdCareServicesQuery.html"}],"reference":{"reference":"AuditEvent/ex-AuditMcsdCareServicesQuery"},"name":"Audit example for ITI-90 for Care Services Selective Consumer for query.","description":"Audit example for a Care Services Selective Consumer requesting a query on a Care Services Resource for ITI-90.","exampleCanonical":"https://profiles.ihe.net/ITI/mCSD/StructureDefinition/IHE.mCSD.Audit.CareServices.Query","groupingId":"-ex-example"},{"extension":[{"url":"http://hl7.org/fhir/tools/StructureDefinition/resource-sort","valueInteger":999999999},{"url":"http://hl7.org/fhir/StructureDefinition/implementationguide-page","valueUri":"AuditEvent-ex-AuditMcsdCareServicesRead.html"}],"reference":{"reference":"AuditEvent/ex-AuditMcsdCareServicesRead"},"name":"Audit example for ITI-90 for Care Services Selective Consumer for read.","description":"Audit example for a Care Services Selective Consumer requesting a read on a Care Services resource for ITI-90.","exampleCanonical":"https://profiles.ihe.net/ITI/mCSD/StructureDefinition/IHE.mCSD.Audit.CareServices.Read","groupingId":"-ex-example"},{"extension":[{"url":"http://hl7.org/fhir/tools/StructureDefinition/resource-sort","valueInteger":999999999},{"url":"http://hl7.org/fhir/StructureDefinition/implementationguide-page","valueUri":"AuditEvent-ex-AuditMcsdCareServicesUpdates.html"}],"reference":{"reference":"AuditEvent/ex-AuditMcsdCareServicesUpdates"},"name":"Audit example for ITI-91 for Care Services Update Supplier.","description":"Audit example for a Care Services Update Consumer requesting updates on a Care Services Resource for ITI-91.","exampleCanonical":"https://profiles.ihe.net/ITI/mCSD/StructureDefinition/IHE.mCSD.Audit.CareServices.Updates","groupingId":"-ex-example"},{"extension":[{"url":"http://hl7.org/fhir/tools/StructureDefinition/resource-sort","valueInteger":999999999},{"url":"http://hl7.org/fhir/StructureDefinition/implementationguide-page","valueUri":"Device-ex-device.html"}],"reference":{"reference":"Device/ex-device"},"name":"Device Example for SVCM","description":"Device Example for SVCM.","exampleBoolean":true,"groupingId":"-ex-example"},{"extension":[{"url":"http://hl7.org/fhir/tools/StructureDefinition/resource-sort","valueInteger":999999999},{"url":"http://hl7.org/fhir/StructureDefinition/implementationguide-page","valueUri":"Bundle-Example-MCSD.html"}],"reference":{"reference":"Bundle/Example-MCSD"},"name":"Example Bundle of mCSD Resources","description":"Example Bundle of Core mCSD Resources.","exampleBoolean":true,"groupingId":"-ex-example"},{"extension":[{"url":"http://hl7.org/fhir/tools/StructureDefinition/resource-sort","valueInteger":999999999},{"url":"http://hl7.org/fhir/StructureDefinition/implementationguide-page","valueUri":"Organization-ex-OrgA.html"}],"reference":{"reference":"Organization/ex-OrgA"},"name":"Example Organization A","description":"Example Organization A that wants to communicate with Organization B\n- Note this Organization has no endpoint, but it is a client in this scenario","exampleCanonical":"https://profiles.ihe.net/ITI/mCSD/StructureDefinition/IHE.mCSD.Organization","groupingId":"-ex-example"},{"extension":[{"url":"http://hl7.org/fhir/tools/StructureDefinition/resource-sort","valueInteger":999999999},{"url":"http://hl7.org/fhir/StructureDefinition/implementationguide-page","valueUri":"Organization-ex-OrgB.html"}],"reference":{"reference":"Organization/ex-OrgB"},"name":"Example Organization B","description":"Example Organization B that is not on the network directly\n- Note that this organization has no endpoint as it is not directly participating in the network","exampleCanonical":"https://profiles.ihe.net/ITI/mCSD/StructureDefinition/IHE.mCSD.Organization","groupingId":"-ex-example"},{"extension":[{"url":"http://hl7.org/fhir/tools/StructureDefinition/resource-sort","valueInteger":999999999},{"url":"http://hl7.org/fhir/StructureDefinition/implementationguide-page","valueUri":"Organization-ex-OrgC.html"}],"reference":{"reference":"Organization/ex-OrgC"},"name":"Example Organization C","description":"Example Organization C supports communication with Organization B\n- Note that this organization hosts an XDS Query endpoint on the network. \n- More endponts would be here, but the use-case is simplified to just XDS Query","exampleCanonical":"https://profiles.ihe.net/ITI/mCSD/StructureDefinition/IHE.mCSD.Organization","groupingId":"-ex-example"},{"extension":[{"url":"http://hl7.org/fhir/tools/StructureDefinition/resource-sort","valueInteger":999999999},{"url":"http://hl7.org/fhir/StructureDefinition/implementationguide-page","valueUri":"OrganizationAffiliation-ex-OrgAffC.html"}],"reference":{"reference":"OrganizationAffiliation/ex-OrgAffC"},"name":"Example OrganizationAffiliation C","description":"Example OrganizationAffiliation C that indicates that C will provide communication to B.\n- Note that the endpoint is listed here in addition to in ex-OrgC to be more efficient","exampleCanonical":"https://profiles.ihe.net/ITI/mCSD/StructureDefinition/IHE.mCSD.OrganizationAffiliation.DocShare","groupingId":"-ex-example"},{"extension":[{"url":"http://hl7.org/fhir/tools/StructureDefinition/resource-sort","valueInteger":999999999},{"url":"http://hl7.org/fhir/StructureDefinition/implementationguide-page","valueUri":"Organization-MCSDOrganization-ExamplePartner.html"}],"reference":{"reference":"Organization/MCSDOrganization-ExamplePartner"},"name":"Example Partner Organization","description":"Example Organization for a Partner Organization","exampleCanonical":"https://profiles.ihe.net/ITI/mCSD/StructureDefinition/IHE.mCSD.Organization","groupingId":"-ex-example"},{"extension":[{"url":"http://hl7.org/fhir/tools/StructureDefinition/resource-sort","valueInteger":999999999},{"url":"http://hl7.org/fhir/StructureDefinition/implementationguide-page","valueUri":"OrganizationAffiliation-MCSDFacilityOrganizationAffiliation-Example.html"}],"reference":{"reference":"OrganizationAffiliation/MCSDFacilityOrganizationAffiliation-Example"},"name":"Example mCSD Facility Admin Organization Affiliation","description":"Organization Affiliation resource for an example administrative relationship for a facility.","exampleCanonical":"https://profiles.ihe.net/ITI/mCSD/StructureDefinition/IHE.mCSD.OrganizationAffiliation","groupingId":"-ex-example"},{"extension":[{"url":"http://hl7.org/fhir/tools/StructureDefinition/resource-sort","valueInteger":999999999},{"url":"http://hl7.org/fhir/StructureDefinition/implementationguide-page","valueUri":"Location-MCSDFacilityLocation-Example.html"}],"reference":{"reference":"Location/MCSDFacilityLocation-Example"},"name":"Example mCSD Facility Location","description":"Location resource for an example mCSD Facility","exampleCanonical":"https://profiles.ihe.net/ITI/mCSD/StructureDefinition/IHE.mCSD.FacilityLocation","groupingId":"-ex-example"},{"extension":[{"url":"http://hl7.org/fhir/tools/StructureDefinition/resource-sort","valueInteger":999999999},{"url":"http://hl7.org/fhir/StructureDefinition/implementationguide-page","valueUri":"Organization-MCSDFacilityOrganization-Example.html"}],"reference":{"reference":"Organization/MCSDFacilityOrganization-Example"},"name":"Example mCSD Facility Organization","description":"Organization resource for an example mCSD Facility","exampleCanonical":"https://profiles.ihe.net/ITI/mCSD/StructureDefinition/IHE.mCSD.FacilityOrganization","groupingId":"-ex-example"},{"extension":[{"url":"http://hl7.org/fhir/tools/StructureDefinition/resource-sort","valueInteger":999999999},{"url":"http://hl7.org/fhir/StructureDefinition/implementationguide-page","valueUri":"HealthcareService-MCSDHealthcareService-Example.html"}],"reference":{"reference":"HealthcareService/MCSDHealthcareService-Example"},"name":"Example mCSD HealthcareService","description":"HealthcareService resource example for mCSD.","exampleCanonical":"https://profiles.ihe.net/ITI/mCSD/StructureDefinition/IHE.mCSD.HealthcareService","groupingId":"-ex-example"},{"extension":[{"url":"http://hl7.org/fhir/tools/StructureDefinition/resource-sort","valueInteger":999999999},{"url":"http://hl7.org/fhir/StructureDefinition/implementationguide-page","valueUri":"Location-MCSDJurisdictionLocation-Example.html"}],"reference":{"reference":"Location/MCSDJurisdictionLocation-Example"},"name":"Example mCSD Jurisdiction Location","description":"Location resource for an example mCSD Jurisdiction","exampleCanonical":"https://profiles.ihe.net/ITI/mCSD/StructureDefinition/IHE.mCSD.JurisdictionLocation","groupingId":"-ex-example"},{"extension":[{"url":"http://hl7.org/fhir/tools/StructureDefinition/resource-sort","valueInteger":999999999},{"url":"http://hl7.org/fhir/StructureDefinition/implementationguide-page","valueUri":"Organization-MCSDJurisdictionOrganization-Example.html"}],"reference":{"reference":"Organization/MCSDJurisdictionOrganization-Example"},"name":"Example mCSD Jurisdiction Organization","description":"Organization resource for an example mCSD Jurisdiction","exampleCanonical":"https://profiles.ihe.net/ITI/mCSD/StructureDefinition/IHE.mCSD.JurisdictionOrganization","groupingId":"-ex-example"},{"extension":[{"url":"http://hl7.org/fhir/tools/StructureDefinition/resource-sort","valueInteger":999999999},{"url":"http://hl7.org/fhir/StructureDefinition/implementationguide-page","valueUri":"Location-MCSDLocation-Example.html"}],"reference":{"reference":"Location/MCSDLocation-Example"},"name":"Example mCSD Location","description":"Location resource for an example of an mCSD Location (Ward)","exampleCanonical":"https://profiles.ihe.net/ITI/mCSD/StructureDefinition/IHE.mCSD.Location","groupingId":"-ex-example"},{"extension":[{"url":"http://hl7.org/fhir/tools/StructureDefinition/resource-sort","valueInteger":999999999},{"url":"http://hl7.org/fhir/StructureDefinition/implementationguide-page","valueUri":"Location-MCSDLocationDistance-Example.html"}],"reference":{"reference":"Location/MCSDLocationDistance-Example"},"name":"Example mCSD Location with Distance Option","description":"Location resource for an example of an mCSD Location with Distance Option","exampleCanonical":"https://profiles.ihe.net/ITI/mCSD/StructureDefinition/IHE.mCSD.LocationDistance","groupingId":"-ex-example"},{"extension":[{"url":"http://hl7.org/fhir/tools/StructureDefinition/resource-sort","valueInteger":999999999},{"url":"http://hl7.org/fhir/StructureDefinition/implementationguide-page","valueUri":"Practitioner-MCSDPractitioner-Example.html"}],"reference":{"reference":"Practitioner/MCSDPractitioner-Example"},"name":"Example mCSD Practitioner","description":"Practitioner resource example for mCSD.","exampleCanonical":"https://profiles.ihe.net/ITI/mCSD/StructureDefinition/IHE.mCSD.Practitioner","groupingId":"-ex-example"},{"extension":[{"url":"http://hl7.org/fhir/tools/StructureDefinition/resource-sort","valueInteger":999999999},{"url":"http://hl7.org/fhir/StructureDefinition/implementationguide-page","valueUri":"PractitionerRole-MCSDPractitionerRole-Example.html"}],"reference":{"reference":"PractitionerRole/MCSDPractitionerRole-Example"},"name":"Example mCSD PractitionerRole","description":"PractitionerRole resource example for mCSD.","exampleCanonical":"https://profiles.ihe.net/ITI/mCSD/StructureDefinition/IHE.mCSD.PractitionerRole","groupingId":"-ex-example"},{"extension":[{"url":"http://hl7.org/fhir/tools/StructureDefinition/resource-sort","valueInteger":999999999},{"url":"http://hl7.org/fhir/StructureDefinition/implementationguide-page","valueUri":"Endpoint-ex-endpointDicom.html"}],"reference":{"reference":"Endpoint/ex-endpointDicom"},"name":"Example of an Endpoint that is not constrained by mCSD XCA constraints.","description":"This is an example of a DICOM WADO-RS endpoint.","exampleCanonical":"https://profiles.ihe.net/ITI/mCSD/StructureDefinition/IHE.mCSD.Endpoint","groupingId":"-ex-example"},{"extension":[{"url":"http://hl7.org/fhir/tools/StructureDefinition/resource-sort","valueInteger":999999999},{"url":"http://hl7.org/fhir/StructureDefinition/implementationguide-page","valueUri":"OrganizationAffiliation-ex-OrgAff.html"}],"reference":{"reference":"OrganizationAffiliation/ex-OrgAff"},"name":"Example of an OrganizationAffiliation in mCSD.","description":"This is a simple OrganizationAffiliation for an HIE. This is NOT representative of a Document Sharing affiliation.","exampleCanonical":"https://profiles.ihe.net/ITI/mCSD/StructureDefinition/IHE.mCSD.OrganizationAffiliation","groupingId":"-ex-example"},{"extension":[{"url":"http://hl7.org/fhir/tools/StructureDefinition/resource-sort","valueInteger":999999999},{"url":"http://hl7.org/fhir/StructureDefinition/implementationguide-page","valueUri":"Endpoint-ex-endpointXCAquery.html"}],"reference":{"reference":"Endpoint/ex-endpointXCAquery"},"name":"Example of an mCSD XCA Query Endpoint","description":"This is an example of an XCA Retrieve endpoint for OrgA\n- supports XPHR and IPS\n- supports mime-type for FHIR, CDA, and PDF","exampleCanonical":"https://profiles.ihe.net/ITI/mCSD/StructureDefinition/IHE.mCSD.Endpoint.DocShare","groupingId":"-ex-example"},{"extension":[{"url":"http://hl7.org/fhir/tools/StructureDefinition/resource-sort","valueInteger":999999999},{"url":"http://hl7.org/fhir/StructureDefinition/implementationguide-page","valueUri":"Endpoint-ex-endpointXCAretrieve.html"}],"reference":{"reference":"Endpoint/ex-endpointXCAretrieve"},"name":"Example of an mCSD XCA Retrieve Endpoint","description":"This is an example of an XCA Retrieve endpoint\n- supports XPHR and IPS\n- supports mime-type for FHIR, CDA, and PDF","exampleCanonical":"https://profiles.ihe.net/ITI/mCSD/StructureDefinition/IHE.mCSD.Endpoint.DocShare","groupingId":"-ex-example"}],"page":{"extension":[{"url":"http://hl7.org/fhir/tools/StructureDefinition/ig-page-name","valueUrl":"toc.html"}],"nameUrl":"toc.html","title":"Table of Contents","generation":"html","page":[{"extension":[{"url":"http://hl7.org/fhir/tools/StructureDefinition/ig-page-name","valueUrl":"index.html"}],"nameUrl":"index.html","title":"Mobile Care Services Discovery (mCSD)","generation":"markdown"},{"extension":[{"url":"http://hl7.org/fhir/tools/StructureDefinition/ig-page-name","valueUrl":"volume-1.html"}],"nameUrl":"volume-1.html","title":"1:46 Mobile Care Services Discovery (mCSD)","generation":"markdown"},{"extension":[{"url":"http://hl7.org/fhir/tools/StructureDefinition/ig-page-name","valueUrl":"ITI-90.html"}],"nameUrl":"ITI-90.html","title":"2:3.90 Find Matching Care Services [ITI-90]","generation":"markdown"},{"extension":[{"url":"http://hl7.org/fhir/tools/StructureDefinition/ig-page-name","valueUrl":"ITI-91.html"}],"nameUrl":"ITI-91.html","title":"2:3.91 Request Care Services Updates [ITI-91]","generation":"markdown"},{"extension":[{"url":"http://hl7.org/fhir/tools/StructureDefinition/ig-page-name","valueUrl":"testplan.html"}],"nameUrl":"testplan.html","title":"mCSD Test Plan","generation":"markdown"},{"extension":[{"url":"http://hl7.org/fhir/tools/StructureDefinition/ig-page-name","valueUrl":"issues.html"}],"nameUrl":"issues.html","title":"mCSD Open and Closed issues","generation":"markdown"},{"extension":[{"url":"http://hl7.org/fhir/tools/StructureDefinition/ig-page-name","valueUrl":"other.html"}],"nameUrl":"other.html","title":"Changes to Other Documents","generation":"markdown"},{"extension":[{"url":"http://hl7.org/fhir/tools/StructureDefinition/ig-page-name","valueUrl":"download.html"}],"nameUrl":"download.html","title":"Download and Analysis","generation":"markdown"},{"extension":[{"url":"http://hl7.org/fhir/tools/StructureDefinition/ig-page-name","valueUrl":"artifacts.html"}],"nameUrl":"artifacts.html","title":"Artifacts Summary","generation":"html","page":[{"extension":[{"url":"http://hl7.org/fhir/tools/StructureDefinition/ig-page-name","valueUrl":"CapabilityStatement-IHE.mCSD.CareServicesSelectiveConsumer.html"}],"nameUrl":"CapabilityStatement-IHE.mCSD.CareServicesSelectiveConsumer.html","title":"IHE ITI Mobile Care Services Discovery (mCSD) - Care Services Selective Consumer","generation":"generated"},{"extension":[{"url":"http://hl7.org/fhir/tools/StructureDefinition/ig-page-name","valueUrl":"CapabilityStatement-IHE.mCSD.CareServicesSelectiveConsumer.LocationDistance.html"}],"nameUrl":"CapabilityStatement-IHE.mCSD.CareServicesSelectiveConsumer.LocationDistance.html","title":"IHE ITI Mobile Care Services Discovery (mCSD) - Care Services Selective Consumer Location Distance Option","generation":"generated"},{"extension":[{"url":"http://hl7.org/fhir/tools/StructureDefinition/ig-page-name","valueUrl":"CapabilityStatement-IHE.mCSD.CareServicesSelectiveSupplier.html"}],"nameUrl":"CapabilityStatement-IHE.mCSD.CareServicesSelectiveSupplier.html","title":"IHE ITI Mobile Care Services Discovery (mCSD) - Care Services Selective Supplier","generation":"generated"},{"extension":[{"url":"http://hl7.org/fhir/tools/StructureDefinition/ig-page-name","valueUrl":"CapabilityStatement-IHE.mCSD.CareServicesSelectiveSupplier.LocationDistance.html"}],"nameUrl":"CapabilityStatement-IHE.mCSD.CareServicesSelectiveSupplier.LocationDistance.html","title":"IHE ITI Mobile Care Services Discovery (mCSD) - Care Services Selective Supplier Location Distance Option","generation":"generated"},{"extension":[{"url":"http://hl7.org/fhir/tools/StructureDefinition/ig-page-name","valueUrl":"CapabilityStatement-IHE.mCSD.CareServicesUpdateConsumer.html"}],"nameUrl":"CapabilityStatement-IHE.mCSD.CareServicesUpdateConsumer.html","title":"IHE ITI Mobile Care Services Discovery (mCSD) - Care Services Update Consumer","generation":"generated"},{"extension":[{"url":"http://hl7.org/fhir/tools/StructureDefinition/ig-page-name","valueUrl":"CapabilityStatement-IHE.mCSD.CareServicesUpdateConsumer.LocationDistance.html"}],"nameUrl":"CapabilityStatement-IHE.mCSD.CareServicesUpdateConsumer.LocationDistance.html","title":"IHE ITI Mobile Care Services Discovery (mCSD) - Care Services Update Consumer Location Distance Option","generation":"generated"},{"extension":[{"url":"http://hl7.org/fhir/tools/StructureDefinition/ig-page-name","valueUrl":"CapabilityStatement-IHE.mCSD.CareServicesUpdateSupplier.html"}],"nameUrl":"CapabilityStatement-IHE.mCSD.CareServicesUpdateSupplier.html","title":"IHE ITI Mobile Care Services Discovery (mCSD) - Care Services Update Supplier","generation":"generated"},{"extension":[{"url":"http://hl7.org/fhir/tools/StructureDefinition/ig-page-name","valueUrl":"CapabilityStatement-IHE.mCSD.CareServicesUpdateSupplier.LocationDistance.html"}],"nameUrl":"CapabilityStatement-IHE.mCSD.CareServicesUpdateSupplier.LocationDistance.html","title":"IHE ITI Mobile Care Services Discovery (mCSD) - Care Services Update Supplier Location Distance Option","generation":"generated"},{"extension":[{"url":"http://hl7.org/fhir/tools/StructureDefinition/ig-page-name","valueUrl":"SearchParameter-Endpoint-EndpointSpecificType.html"}],"nameUrl":"SearchParameter-Endpoint-EndpointSpecificType.html","title":"Search on the IHE defined extension for Endpoint specificType","generation":"generated"},{"extension":[{"url":"http://hl7.org/fhir/tools/StructureDefinition/ig-page-name","valueUrl":"SearchParameter-IHE.mCSD.Search.PurposeOfUse.html"}],"nameUrl":"SearchParameter-IHE.mCSD.Search.PurposeOfUse.html","title":"Search on the IHE defined extension for Purpose of Use","generation":"generated"},{"extension":[{"url":"http://hl7.org/fhir/tools/StructureDefinition/ig-page-name","valueUrl":"StructureDefinition-IHE.mCSD.Audit.CareServices.Query.html"}],"nameUrl":"StructureDefinition-IHE.mCSD.Audit.CareServices.Query.html","title":"Audit Event for Find Matching Care Services Transaction by the Care Services Selective Consumer and Care Services Selective Supplier for Query","generation":"generated"},{"extension":[{"url":"http://hl7.org/fhir/tools/StructureDefinition/ig-page-name","valueUrl":"StructureDefinition-IHE.mCSD.Audit.CareServices.Read.html"}],"nameUrl":"StructureDefinition-IHE.mCSD.Audit.CareServices.Read.html","title":"Audit Event for Find Matching Care Services Transaction by the Care Services Selective Consumer and Care Services Selective Supplier for Read","generation":"generated"},{"extension":[{"url":"http://hl7.org/fhir/tools/StructureDefinition/ig-page-name","valueUrl":"StructureDefinition-IHE.mCSD.Audit.CareServices.Updates.html"}],"nameUrl":"StructureDefinition-IHE.mCSD.Audit.CareServices.Updates.html","title":"Audit Event for Request Care Services Updates Transaction by the Care Services Update Consumer and Care Services Update Supplier","generation":"generated"},{"extension":[{"url":"http://hl7.org/fhir/tools/StructureDefinition/ig-page-name","valueUrl":"StructureDefinition-IHE.mCSD.Endpoint.html"}],"nameUrl":"StructureDefinition-IHE.mCSD.Endpoint.html","title":"mCSD Endpoint","generation":"generated"},{"extension":[{"url":"http://hl7.org/fhir/tools/StructureDefinition/ig-page-name","valueUrl":"StructureDefinition-IHE.mCSD.Endpoint.DocShare.html"}],"nameUrl":"StructureDefinition-IHE.mCSD.Endpoint.DocShare.html","title":"mCSD Endpoint for Document Sharing","generation":"generated"},{"extension":[{"url":"http://hl7.org/fhir/tools/StructureDefinition/ig-page-name","valueUrl":"StructureDefinition-IHE.mCSD.HealthcareService.html"}],"nameUrl":"StructureDefinition-IHE.mCSD.HealthcareService.html","title":"mCSD HealthcareService","generation":"generated"},{"extension":[{"url":"http://hl7.org/fhir/tools/StructureDefinition/ig-page-name","valueUrl":"StructureDefinition-IHE.mCSD.Location.html"}],"nameUrl":"StructureDefinition-IHE.mCSD.Location.html","title":"mCSD Location","generation":"generated"},{"extension":[{"url":"http://hl7.org/fhir/tools/StructureDefinition/ig-page-name","valueUrl":"StructureDefinition-IHE.mCSD.FacilityLocation.html"}],"nameUrl":"StructureDefinition-IHE.mCSD.FacilityLocation.html","title":"mCSD Location for Facilities","generation":"generated"},{"extension":[{"url":"http://hl7.org/fhir/tools/StructureDefinition/ig-page-name","valueUrl":"StructureDefinition-IHE.mCSD.JurisdictionLocation.html"}],"nameUrl":"StructureDefinition-IHE.mCSD.JurisdictionLocation.html","title":"mCSD Location for Jurisdictions","generation":"generated"},{"extension":[{"url":"http://hl7.org/fhir/tools/StructureDefinition/ig-page-name","valueUrl":"StructureDefinition-IHE.mCSD.LocationDistance.html"}],"nameUrl":"StructureDefinition-IHE.mCSD.LocationDistance.html","title":"mCSD Location with Distance","generation":"generated"},{"extension":[{"url":"http://hl7.org/fhir/tools/StructureDefinition/ig-page-name","valueUrl":"StructureDefinition-IHE.mCSD.Organization.html"}],"nameUrl":"StructureDefinition-IHE.mCSD.Organization.html","title":"mCSD Organization","generation":"generated"},{"extension":[{"url":"http://hl7.org/fhir/tools/StructureDefinition/ig-page-name","valueUrl":"StructureDefinition-IHE.mCSD.OrganizationAffiliation.html"}],"nameUrl":"StructureDefinition-IHE.mCSD.OrganizationAffiliation.html","title":"mCSD Organization Affiliation","generation":"generated"},{"extension":[{"url":"http://hl7.org/fhir/tools/StructureDefinition/ig-page-name","valueUrl":"StructureDefinition-IHE.mCSD.OrganizationAffiliation.DocShare.html"}],"nameUrl":"StructureDefinition-IHE.mCSD.OrganizationAffiliation.DocShare.html","title":"mCSD Organization Affiliation DocumentSharing","generation":"generated"},{"extension":[{"url":"http://hl7.org/fhir/tools/StructureDefinition/ig-page-name","valueUrl":"StructureDefinition-IHE.mCSD.FacilityOrganization.html"}],"nameUrl":"StructureDefinition-IHE.mCSD.FacilityOrganization.html","title":"mCSD Organization for Facilities","generation":"generated"},{"extension":[{"url":"http://hl7.org/fhir/tools/StructureDefinition/ig-page-name","valueUrl":"StructureDefinition-IHE.mCSD.JurisdictionOrganization.html"}],"nameUrl":"StructureDefinition-IHE.mCSD.JurisdictionOrganization.html","title":"mCSD Organization for Jurisdictions","generation":"generated"},{"extension":[{"url":"http://hl7.org/fhir/tools/StructureDefinition/ig-page-name","valueUrl":"StructureDefinition-IHE.mCSD.Practitioner.html"}],"nameUrl":"StructureDefinition-IHE.mCSD.Practitioner.html","title":"mCSD Practitioner","generation":"generated"},{"extension":[{"url":"http://hl7.org/fhir/tools/StructureDefinition/ig-page-name","valueUrl":"StructureDefinition-IHE.mCSD.PractitionerRole.html"}],"nameUrl":"StructureDefinition-IHE.mCSD.PractitionerRole.html","title":"mCSD PractitionerRole","generation":"generated"},{"extension":[{"url":"http://hl7.org/fhir/tools/StructureDefinition/ig-page-name","valueUrl":"StructureDefinition-ihe-endpointspecifictype.html"}],"nameUrl":"StructureDefinition-ihe-endpointspecifictype.html","title":"Endpoint Specific Type","generation":"generated"},{"extension":[{"url":"http://hl7.org/fhir/tools/StructureDefinition/ig-page-name","valueUrl":"StructureDefinition-IHE.mCSD.PurposeOfUse.html"}],"nameUrl":"StructureDefinition-IHE.mCSD.PurposeOfUse.html","title":"Purpose of Use Extension","generation":"generated"},{"extension":[{"url":"http://hl7.org/fhir/tools/StructureDefinition/ig-page-name","valueUrl":"ValueSet-MCSDEndpointTypesCoreDocShareVS.html"}],"nameUrl":"ValueSet-MCSDEndpointTypesCoreDocShareVS.html","title":"mCSD Endpoint Core Document Sharing Types ValueSet","generation":"generated"},{"extension":[{"url":"http://hl7.org/fhir/tools/StructureDefinition/ig-page-name","valueUrl":"ValueSet-MCSDEndpointTypesVS.html"}],"nameUrl":"ValueSet-MCSDEndpointTypesVS.html","title":"mCSD Endpoint Types ValueSet","generation":"generated"},{"extension":[{"url":"http://hl7.org/fhir/tools/StructureDefinition/ig-page-name","valueUrl":"ValueSet-MCSDOrgAffTypesVS.html"}],"nameUrl":"ValueSet-MCSDOrgAffTypesVS.html","title":"mCSD Organization Affiliation Types ValueSet","generation":"generated"},{"extension":[{"url":"http://hl7.org/fhir/tools/StructureDefinition/ig-page-name","valueUrl":"ValueSet-MCSDEndpointIdentifierTypeValueSet.html"}],"nameUrl":"ValueSet-MCSDEndpointIdentifierTypeValueSet.html","title":"mCSD Type codes for Endpoint.identifier","generation":"generated"},{"extension":[{"url":"http://hl7.org/fhir/tools/StructureDefinition/ig-page-name","valueUrl":"ValueSet-MCSDOrganizationIdentifierTypeValueSet.html"}],"nameUrl":"ValueSet-MCSDOrganizationIdentifierTypeValueSet.html","title":"mCSD Type codes for Organization.identifier","generation":"generated"},{"extension":[{"url":"http://hl7.org/fhir/tools/StructureDefinition/ig-page-name","valueUrl":"ValueSet-IHE.mCSD.Organization.Location.Types.html"}],"nameUrl":"ValueSet-IHE.mCSD.Organization.Location.Types.html","title":"mCSD Types for Organizations and Locations","generation":"generated"},{"extension":[{"url":"http://hl7.org/fhir/tools/StructureDefinition/ig-page-name","valueUrl":"CodeSystem-MCSDEndpointTypes.html"}],"nameUrl":"CodeSystem-MCSDEndpointTypes.html","title":"mCSD Endpoint Types","generation":"generated"},{"extension":[{"url":"http://hl7.org/fhir/tools/StructureDefinition/ig-page-name","valueUrl":"CodeSystem-mcsd-example-hierarchy.html"}],"nameUrl":"CodeSystem-mcsd-example-hierarchy.html","title":"mCSD Example Hierarchy Code System","generation":"generated"},{"extension":[{"url":"http://hl7.org/fhir/tools/StructureDefinition/ig-page-name","valueUrl":"CodeSystem-MCSDOrgAffTypes.html"}],"nameUrl":"CodeSystem-MCSDOrgAffTypes.html","title":"mCSD Organization Affiliation Types","generation":"generated"},{"extension":[{"url":"http://hl7.org/fhir/tools/StructureDefinition/ig-page-name","valueUrl":"CodeSystem-MCSDEndpointIdentifierTypes.html"}],"nameUrl":"CodeSystem-MCSDEndpointIdentifierTypes.html","title":"mCSD Type codes for Endpoint.identifier","generation":"generated"},{"extension":[{"url":"http://hl7.org/fhir/tools/StructureDefinition/ig-page-name","valueUrl":"CodeSystem-MCSDOrganizationIdentifierTypes.html"}],"nameUrl":"CodeSystem-MCSDOrganizationIdentifierTypes.html","title":"mCSD Type codes for Organization.identifier","generation":"generated"},{"extension":[{"url":"http://hl7.org/fhir/tools/StructureDefinition/ig-page-name","valueUrl":"CodeSystem-IHE.mCSD.Organization.Location.Types.html"}],"nameUrl":"CodeSystem-IHE.mCSD.Organization.Location.Types.html","title":"mCSD Type codes for Organizations and Locations","generation":"generated"},{"extension":[{"url":"http://hl7.org/fhir/tools/StructureDefinition/ig-page-name","valueUrl":"AuditEvent-ex-AuditMcsdCareServicesQuery.html"}],"nameUrl":"AuditEvent-ex-AuditMcsdCareServicesQuery.html","title":"Audit example for ITI-90 for Care Services Selective Consumer for query.","generation":"generated"},{"extension":[{"url":"http://hl7.org/fhir/tools/StructureDefinition/ig-page-name","valueUrl":"AuditEvent-ex-AuditMcsdCareServicesRead.html"}],"nameUrl":"AuditEvent-ex-AuditMcsdCareServicesRead.html","title":"Audit example for ITI-90 for Care Services Selective Consumer for read.","generation":"generated"},{"extension":[{"url":"http://hl7.org/fhir/tools/StructureDefinition/ig-page-name","valueUrl":"AuditEvent-ex-AuditMcsdCareServicesUpdates.html"}],"nameUrl":"AuditEvent-ex-AuditMcsdCareServicesUpdates.html","title":"Audit example for ITI-91 for Care Services Update Supplier.","generation":"generated"},{"extension":[{"url":"http://hl7.org/fhir/tools/StructureDefinition/ig-page-name","valueUrl":"Device-ex-device.html"}],"nameUrl":"Device-ex-device.html","title":"Device Example for SVCM","generation":"generated"},{"extension":[{"url":"http://hl7.org/fhir/tools/StructureDefinition/ig-page-name","valueUrl":"Bundle-Example-MCSD.html"}],"nameUrl":"Bundle-Example-MCSD.html","title":"Example Bundle of mCSD Resources","generation":"generated"},{"extension":[{"url":"http://hl7.org/fhir/tools/StructureDefinition/ig-page-name","valueUrl":"OrganizationAffiliation-MCSDFacilityOrganizationAffiliation-Example.html"}],"nameUrl":"OrganizationAffiliation-MCSDFacilityOrganizationAffiliation-Example.html","title":"Example mCSD Facility Admin Organization Affiliation","generation":"generated"},{"extension":[{"url":"http://hl7.org/fhir/tools/StructureDefinition/ig-page-name","valueUrl":"Location-MCSDFacilityLocation-Example.html"}],"nameUrl":"Location-MCSDFacilityLocation-Example.html","title":"Example mCSD Facility Location","generation":"generated"},{"extension":[{"url":"http://hl7.org/fhir/tools/StructureDefinition/ig-page-name","valueUrl":"Organization-MCSDFacilityOrganization-Example.html"}],"nameUrl":"Organization-MCSDFacilityOrganization-Example.html","title":"Example mCSD Facility Organization","generation":"generated"},{"extension":[{"url":"http://hl7.org/fhir/tools/StructureDefinition/ig-page-name","valueUrl":"HealthcareService-MCSDHealthcareService-Example.html"}],"nameUrl":"HealthcareService-MCSDHealthcareService-Example.html","title":"Example mCSD HealthcareService","generation":"generated"},{"extension":[{"url":"http://hl7.org/fhir/tools/StructureDefinition/ig-page-name","valueUrl":"Location-MCSDJurisdictionLocation-Example.html"}],"nameUrl":"Location-MCSDJurisdictionLocation-Example.html","title":"Example mCSD Jurisdiction Location","generation":"generated"},{"extension":[{"url":"http://hl7.org/fhir/tools/StructureDefinition/ig-page-name","valueUrl":"Organization-MCSDJurisdictionOrganization-Example.html"}],"nameUrl":"Organization-MCSDJurisdictionOrganization-Example.html","title":"Example mCSD Jurisdiction Organization","generation":"generated"},{"extension":[{"url":"http://hl7.org/fhir/tools/StructureDefinition/ig-page-name","valueUrl":"Location-MCSDLocation-Example.html"}],"nameUrl":"Location-MCSDLocation-Example.html","title":"Example mCSD Location","generation":"generated"},{"extension":[{"url":"http://hl7.org/fhir/tools/StructureDefinition/ig-page-name","valueUrl":"Location-MCSDLocationDistance-Example.html"}],"nameUrl":"Location-MCSDLocationDistance-Example.html","title":"Example mCSD Location with Distance Option","generation":"generated"},{"extension":[{"url":"http://hl7.org/fhir/tools/StructureDefinition/ig-page-name","valueUrl":"Practitioner-MCSDPractitioner-Example.html"}],"nameUrl":"Practitioner-MCSDPractitioner-Example.html","title":"Example mCSD Practitioner","generation":"generated"},{"extension":[{"url":"http://hl7.org/fhir/tools/StructureDefinition/ig-page-name","valueUrl":"PractitionerRole-MCSDPractitionerRole-Example.html"}],"nameUrl":"PractitionerRole-MCSDPractitionerRole-Example.html","title":"Example mCSD PractitionerRole","generation":"generated"},{"extension":[{"url":"http://hl7.org/fhir/tools/StructureDefinition/ig-page-name","valueUrl":"Endpoint-ex-endpointDicom.html"}],"nameUrl":"Endpoint-ex-endpointDicom.html","title":"Example of an Endpoint that is not constrained by mCSD XCA constraints.","generation":"generated"},{"extension":[{"url":"http://hl7.org/fhir/tools/StructureDefinition/ig-page-name","valueUrl":"Endpoint-ex-endpointXCAquery.html"}],"nameUrl":"Endpoint-ex-endpointXCAquery.html","title":"Example of an mCSD XCA Query Endpoint","generation":"generated"},{"extension":[{"url":"http://hl7.org/fhir/tools/StructureDefinition/ig-page-name","valueUrl":"Endpoint-ex-endpointXCAretrieve.html"}],"nameUrl":"Endpoint-ex-endpointXCAretrieve.html","title":"Example of an mCSD XCA Retrieve Endpoint","generation":"generated"},{"extension":[{"url":"http://hl7.org/fhir/tools/StructureDefinition/ig-page-name","valueUrl":"OrganizationAffiliation-ex-OrgAff.html"}],"nameUrl":"OrganizationAffiliation-ex-OrgAff.html","title":"Example of an OrganizationAffiliation in mCSD.","generation":"generated"},{"extension":[{"url":"http://hl7.org/fhir/tools/StructureDefinition/ig-page-name","valueUrl":"Organization-ex-OrgA.html"}],"nameUrl":"Organization-ex-OrgA.html","title":"Example Organization A","generation":"generated"},{"extension":[{"url":"http://hl7.org/fhir/tools/StructureDefinition/ig-page-name","valueUrl":"Organization-ex-OrgB.html"}],"nameUrl":"Organization-ex-OrgB.html","title":"Example Organization B","generation":"generated"},{"extension":[{"url":"http://hl7.org/fhir/tools/StructureDefinition/ig-page-name","valueUrl":"Organization-ex-OrgC.html"}],"nameUrl":"Organization-ex-OrgC.html","title":"Example Organization C","generation":"generated"},{"extension":[{"url":"http://hl7.org/fhir/tools/StructureDefinition/ig-page-name","valueUrl":"OrganizationAffiliation-ex-OrgAffC.html"}],"nameUrl":"OrganizationAffiliation-ex-OrgAffC.html","title":"Example OrganizationAffiliation C","generation":"generated"},{"extension":[{"url":"http://hl7.org/fhir/tools/StructureDefinition/ig-page-name","valueUrl":"Organization-MCSDOrganization-ExamplePartner.html"}],"nameUrl":"Organization-MCSDOrganization-ExamplePartner.html","title":"Example Partner Organization","generation":"generated"}]}]},"parameter":[{"code":"path-resource","value":"input/resources"},{"code":"path-resource","value":"fsh-generated/resources"},{"code":"path-resource","value":"input/capabilities"},{"code":"path-resource","value":"input/examples"},{"code":"path-resource","value":"input/extensions"},{"code":"path-resource","value":"input/models"},{"code":"path-resource","value":"input/operations"},{"code":"path-resource","value":"input/profiles"},{"code":"path-resource","value":"input/vocabulary"},{"code":"path-resource","value":"input/testing"},{"code":"path-resource","value":"input/history"},{"code":"path-pages","value":"template/config"},{"code":"path-pages","value":"input/images"},{"code":"path-tx-cache","value":"input-cache/txcache"}]}}