<?xml version="1.0" encoding="UTF-8"?>

<CapabilityStatement xmlns="http://hl7.org/fhir">
  <id value="IHE.NPFS.FileConsumerOption"/>
  <text>
    <status value="extensions"/><div xmlns="http://www.w3.org/1999/xhtml"><h2>IHE_NPFS_FileConsumerOption</h2><div><p>IHE ITI Non-patient File Sharing (NPFS) - File Consumer (client) - with ITI-109 Retrieve File</p>
</div><table><tr><td>Mode</td><td>CLIENT</td></tr><tr><td>Description</td><td><div><p>CapabilityStatement for File Consumer implementing Retrieve Document</p>
</div></td></tr><tr><td>Transaction</td><td></td></tr><tr><td>System History</td><td></td></tr><tr><td>System Search</td><td>y</td></tr></table><table><tr><th><b>Resource Type</b></th><th><b>Profile</b></th><th><b title="GET a resource (read interaction)">Read</b></th><th><b title="GET all set of resources of the type (search interaction)">Search</b></th><th><b title="PUT a new resource version (update interaction)">Update</b></th><th><b title="POST a new resource (create interaction)">Create</b></th></tr><tr><td>DocumentReference</td><td><a href="https://profiles.ihe.net/ITI/NPFS/StructureDefinition/IHE.NPFS.DocumentReference">https://profiles.ihe.net/ITI/NPFS/StructureDefinition/IHE.NPFS.DocumentReference</a></td><td>y</td><td>y</td><td></td><td></td></tr><tr><td>Binary</td><td> </td><td>y</td><td></td><td></td><td></td></tr></table></div>
  </text>
  <url value="https://profiles.ihe.net/ITI/NPFS/CapabilityStatement/IHE.NPFS.FileConsumerOption"/>
  <version value="2.2.0-comment"/>
  <name value="IHE_NPFS_FileConsumerOption"/>
  <title value="File Consumer (client) implementing Retrieve Document"/>
  <status value="active"/>
  <experimental value="false"/>
  <date value="2022-10-27"/>
  <publisher value="IHE IT Infrastructure Technical Committee"/>
  <contact>
    <telecom>
      <system value="url"/>
      <value value="https://www.ihe.net/ihe_domains/it_infrastructure/"/>
    </telecom>
  </contact>
  <contact>
    <telecom>
      <system value="email"/>
      <value value="iti@ihe.net"/>
    </telecom>
  </contact>
  <contact>
    <name value="IHE IT Infrastructure Technical Committee"/>
    <telecom>
      <system value="email"/>
      <value value="iti@ihe.net"/>
    </telecom>
  </contact>
  <description value="IHE ITI Non-patient File Sharing (NPFS) - File Consumer (client) - with ITI-109 Retrieve File"/>
  <jurisdiction>
    <coding>
      <system value="http://unstats.un.org/unsd/methods/m49/m49.htm"/>
      <code value="001"/>
    </coding>
  </jurisdiction>
  <kind value="requirements"/>
  <fhirVersion value="4.0.1"/>
  <format value="application/fhir+xml"/>
  <format value="application/fhir+json"/>
  <rest>
    <mode value="client"/>
    <documentation value="CapabilityStatement for File Consumer implementing Retrieve Document"/>
    <security>
      <description value="Recommend [ATNA](https://profiles.ihe.net/ITI/TF/Volume1/ch-9.html), encouraged [IHE-IUA](https://profiles.ihe.net/ITI/IUA/index.html) or [SMART-app-launch](http://www.hl7.org/fhir/smart-app-launch/)"/>
    </security>
    <resource>
      <type value="DocumentReference"/>
      <profile value="https://profiles.ihe.net/ITI/NPFS/StructureDefinition/IHE.NPFS.DocumentReference"/>
      <interaction>
        <code value="read"/>
      </interaction>
      <interaction>
        <code value="search-type"/>
      </interaction>
      <searchParam>
        <name value="_id"/>
        <type value="token"/>
        <documentation value="Logical id of this artifact"/>
      </searchParam>
      <searchParam>
        <name value="identifier"/>
        <type value="token"/>
        <documentation value="Logical identifier of this artifact"/>
      </searchParam>
      <searchParam>
        <name value="patient"/>
        <type value="token"/>
        <documentation value="This parameter shall always be used in this transaction to find resources that do not have the patient element valued, e.g., patient:missing=true"/>
      </searchParam>
      <searchParam>
        <name value="date"/>
        <type value="date"/>
        <documentation value="when the file, to which the DocumentReference refers, was submitted"/>
      </searchParam>
      <searchParam>
        <name value="author.identifier"/>
        <type value="token"/>
        <documentation value="The author that has submitted the file"/>
      </searchParam>
      <searchParam>
        <name value="format"/>
        <type value="token"/>
        <documentation value="File's format"/>
      </searchParam>
      <searchParam>
        <name value="language"/>
        <type value="token"/>
        <documentation value="The language of the file"/>
      </searchParam>
      <searchParam>
        <name value="location"/>
        <type value="uri"/>
        <documentation value="Where the file can be found"/>
      </searchParam>
      <searchParam>
        <name value="status"/>
        <type value="token"/>
        <documentation value="The status of the file"/>
      </searchParam>
      <searchParam>
        <name value="relatesto"/>
        <type value="reference"/>
        <documentation value="One or more existing DocumentReference Resources that have been replaced by the submitted DocumentReference Resource"/>
      </searchParam>
      <searchParam>
        <name value="relation"/>
        <type value="token"/>
        <documentation value="The type of relation that the file being searched has with the targeted file specified in the relatesTo parameter"/>
      </searchParam>
      <searchParam>
        <name value="relationship"/>
        <type value="composite"/>
        <documentation value="The combination of the relatesTo and relation search parameter."/>
      </searchParam>
    </resource>
    <resource>
      <type value="Binary"/>
      <interaction>
        <code value="read"/>
      </interaction>
    </resource>
    <interaction>
      <code value="search-system"/>
    </interaction>
  </rest>
</CapabilityStatement>