{"resourceType":"CapabilityStatement","id":"acdc-actor-assessmentrequestor","text":{"status":"generated","div":"<div xmlns=\"http://www.w3.org/1999/xhtml\"><h2>ACDC_AssessmentRequester</h2><div><p>This CapabilityStatement resource demonstrates how a system documents conformance\nas an Assessment Requester Actor in the ACDC Profile.</p>\n</div><table><tr><td>Mode</td><td>SERVER</td></tr><tr><td>Description</td><td/></tr><tr><td>Transaction</td><td></td></tr><tr><td>System History</td><td></td></tr><tr><td>System Search</td><td></td></tr></table><table><tr><th><b>Resource Type</b></th><th><b>Profile</b></th><th><b title=\"GET a resource (read interaction)\">Read</b></th><th><b title=\"GET all set of resources of the type (search interaction)\">Search</b></th><th><b title=\"PUT a new resource version (update interaction)\">Update</b></th><th><b title=\"POST a new resource (create interaction)\">Create</b></th></tr><tr><td>QuestionnaireResponse</td><td><a href=\"http://ihe.net/fhir/ACDC/StructureDefinition/ihe-acdc-questionnaireresponse\">http://ihe.net/fhir/ACDC/StructureDefinition/ihe-acdc-questionnaireresponse</a></td><td></td><td></td><td></td><td>y</td></tr></table></div>"},"url":"http://ihe.net/fhir/ACDC/CapabilityStatement/acdc-actor-assessmentrequestor","version":"0.1.0","name":"ACDC_AssessmentRequester","status":"active","date":"2020-02-25T00:00:00+00:00","publisher":"Integrating the Healthcare Enterprise (IHE)","contact":[{"name":"IHE Patient Care Coordination","telecom":[{"system":"url","value":"https://www.ihe.net/ihe_domains/patient_care_coordination/"},{"system":"email","value":"pcc@ihe.net"}]},{"name":"Keith W. Boone","telecom":[{"system":"email","value":"kboone@ainq.com"},{"system":"url","value":"https://motorcycleguy.blogspot.com"}]}],"description":"This CapabilityStatement resource demonstrates how a system documents conformance\nas an Assessment Requester Actor in the ACDC Profile.","kind":"requirements","fhirVersion":"4.0.1","format":["xml","json"],"rest":[{"mode":"server","security":{"cors":true,"service":[{"coding":[{"code":"SMART-on-FHIR"}]}],"description":"When the Assessment Requester implements the EHR Launch Option, it must include a rest.security element\nthat has rest.security.cors = true and rest.security.service = \"SMART-on-FHIR\".  It shall furthermore include the token and authorize\nendpoints using the oauth-uris extension described at [http://www.hl7.org/fhir/smart-app-launch/StructureDefinition-oauth-uris.html](http://www.hl7.org/fhir/smart-app-launch/StructureDefinition-oauth-uris.html)"},"resource":[{"type":"QuestionnaireResponse","profile":"http://ihe.net/fhir/ACDC/StructureDefinition/ihe-acdc-questionnaireresponse","documentation":"The AssessmentRequester Actor responds to QuestionnaireResponse create interactions.","interaction":[{"code":"create","documentation":"This interaction corresponds to the IHE PCC-73 transaction.\nWhen the QuestionnaireResponse is created, it may include a contained copy of the Questionnaire\nresource that was used to produce the response.  This has proven to be helpful to facilite consumption\nas it avoids additional retrievals of the questionnaire resource by the AssessmentRequester"}]}]}]}