<?xml version="1.0" encoding="UTF-8"?>

<Organization xmlns="http://hl7.org/fhir">
  <id value="ex-insurer-1"/>
  <text>
    <status value="generated"/><div xmlns="http://www.w3.org/1999/xhtml"><p class="res-header-id"><b>Generated Narrative: Organization ex-insurer-1</b></p><a name="ex-insurer-1"> </a><a name="hcex-insurer-1"> </a><a name="ex-insurer-1-en-US"> </a><p><b>name</b>: National Health Insurance Scheme</p></div>
  </text>
  <name value="National Health Insurance Scheme"/>
</Organization>