<?xml version="1.0" encoding="UTF-8"?>

<SearchParameter xmlns="http://hl7.org/fhir">
  <id value="InsurancePlan-benefitType"/>
  <text>
    <status value="generated"/><div xmlns="http://www.w3.org/1999/xhtml"><p class="res-header-id"><b>Generated Narrative: SearchParameter InsurancePlan-benefitType</b></p><a name="InsurancePlan-benefitType"> </a><a name="hcInsurancePlan-benefitType"> </a><a name="InsurancePlan-benefitType-en-US"> </a><h2>InsurancePlan_benefitType</h2><p>Parameter <code>benefit-type</code>:<code>token</code></p><div><p>This SearchParameter enables finding InsurancePlans by benefity type.</p>
</div><table class="grid"><tr><td>Resource</td><td><a href="http://hl7.org/fhir/R4/insuranceplan.html">InsurancePlan</a></td></tr><tr><td>Expression</td><td><code>InsurancePlan.coverage.benefit.type</code></td></tr><tr><td>Multiples</td><td><ul><li>multipleAnd: It's up to the server whether the parameter may repeat in order to specify multiple values that must all be true</li><li>multipleOr: It's up to the server whether the parameter can have multiple values (separated by comma) where at least one must be true</li></ul></td></tr></table></div>
  </text>
  <url value="https://profiles.ihe.net/ITI/FAIS/SearchParameter/InsurancePlan-benefitType"/>
  <version value="1.0.0"/>
  <name value="InsurancePlan_benefitType"/>
  <status value="active"/>
  <date value="2024-11-13T10:50:55-06:00"/>
  <publisher value="IHE IT Infrastructure Technical Committee"/>
  <contact>
    <telecom>
      <system value="url"/>
      <value value="https://www.ihe.net/ihe_domains/it_infrastructure/"/>
    </telecom>
  </contact>
  <contact>
    <telecom>
      <system value="email"/>
      <value value="iti@ihe.net"/>
    </telecom>
  </contact>
  <contact>
    <name value="IHE IT Infrastructure Technical Committee"/>
    <telecom>
      <system value="email"/>
      <value value="iti@ihe.net"/>
    </telecom>
  </contact>
  <description value="This SearchParameter enables finding InsurancePlans by benefity type."/>
  <jurisdiction>
    <coding>
      <system value="http://unstats.un.org/unsd/methods/m49/m49.htm"/>
      <code value="001"/>
    </coding>
  </jurisdiction>
  <code value="benefit-type"/>
  <base value="InsurancePlan"/>
  <type value="token"/>
  <expression value="InsurancePlan.coverage.benefit.type"/>
</SearchParameter>