{
  "codeSystems" : [
    {
      "url" : "https://profiles.ihe.net/ITI/Scheduling/ValueSet/iti-sched-status-reason",
      "version" : "1.0.0",
      "status" : "active",
      "name" : "IHE_ITI_Sched_Status_Reason_Codes",
      "title" : "IHE ITI Sched Status Reason Codes",
      "description" : "This value set is the full expansion of the ITI Scheduking Status Reason code system.",
      "systems" : [
        "https://profiles.ihe.net/ITI/Scheduling/CodeSystem/status-reason"
      ]
    },
    {
      "url" : "https://profiles.ihe.net/ITI/Scheduling/ValueSet/sct-services",
      "version" : "1.0.0",
      "status" : "active",
      "name" : "IHE_ITI_Scheduling_Snomed_CT_Services",
      "title" : "IHE ITI Scheduling Snomed CT Services",
      "description" : "The Snomed CT services and procedures concepts that represent visit types for scheduling appointments. These concepts are mapped to the [IHE ITI Scheduling Visit Types](http://fhir.org/guides/argonaut-scheduling/ConceptMap/visit-snomed-map).",
      "systems" : ["http://snomed.info/sct"]
    },
    {
      "url" : "https://profiles.ihe.net/ITI/Scheduling/ValueSet/specialty",
      "version" : "1.0.0",
      "status" : "active",
      "name" : "IHE_ITI_Scheduling_Specialties",
      "title" : "IHE ITI Scheduling Specialties",
      "description" : "The specialties offered by providers and  that would be required to perform the service requested in this appointment.",
      "systems" : ["http://snomed.info/sct"]
    }
  ]
}
