{
  "resourceType" : "ValueSet",
  "id" : "sct-services",
  "text" : {
    "status" : "generated",
    "div" : "<div xmlns=\"http://www.w3.org/1999/xhtml\"><p class=\"res-header-id\"><b>Generated Narrative: ValueSet sct-services</b></p><a name=\"sct-services\"> </a><a name=\"hcsct-services\"> </a><a name=\"sct-services-en-US\"> </a><p>This value set includes codes based on the following rules:</p><ul><li>Include codes from<a href=\"http://www.snomed.org/\"><code>http://snomed.info/sct</code></a> where concept  is-a 224891009 (Healthcare services)</li><li>Include these codes as defined in <a href=\"http://www.snomed.org/\"><code>http://snomed.info/sct</code></a><table class=\"none\"><tr><td style=\"white-space:nowrap\"><b>Code</b></td><td><b>Display</b></td></tr><tr><td><a href=\"http://snomed.info/id/241686001\">241686001</a></td><td style=\"color: #cccccc\">Dual energy X-ray absorptiometry (procedure)</td></tr><tr><td><a href=\"http://snomed.info/id/40701008\">40701008</a></td><td style=\"color: #cccccc\">Echocardiography</td></tr><tr><td><a href=\"http://snomed.info/id/433233004\">433233004</a></td><td style=\"color: #cccccc\">Exercise stress echocardiography (procedure)</td></tr><tr><td><a href=\"http://snomed.info/id/409073007\">409073007</a></td><td style=\"color: #cccccc\">Education</td></tr><tr><td><a href=\"http://snomed.info/id/54550000\">54550000</a></td><td style=\"color: #cccccc\">Electroencephalogram</td></tr><tr><td><a href=\"http://snomed.info/id/29303009\">29303009</a></td><td style=\"color: #cccccc\">Electrocardiographic procedure</td></tr><tr><td><a href=\"http://snomed.info/id/386053000\">386053000</a></td><td style=\"color: #cccccc\">Investigations</td></tr><tr><td><a href=\"http://snomed.info/id/86198006\">86198006</a></td><td style=\"color: #cccccc\">Influenza vaccination</td></tr><tr><td><a href=\"http://snomed.info/id/44491008\">44491008</a></td><td style=\"color: #cccccc\">Fluoroscopy</td></tr><tr><td><a href=\"http://snomed.info/id/185389009\">185389009</a></td><td style=\"color: #cccccc\">Follow-up visit</td></tr><tr><td><a href=\"http://snomed.info/id/439708006\">439708006</a></td><td style=\"color: #cccccc\">Home visit (procedure)</td></tr><tr><td><a href=\"http://snomed.info/id/59108006\">59108006</a></td><td style=\"color: #cccccc\">Injection</td></tr><tr><td><a href=\"http://snomed.info/id/185387006\">185387006</a></td><td style=\"color: #cccccc\">New patient consultation</td></tr><tr><td><a href=\"http://snomed.info/id/310058008\">310058008</a></td><td style=\"color: #cccccc\">Nuclear medicine service</td></tr><tr><td><a href=\"http://snomed.info/id/5880005\">5880005</a></td><td style=\"color: #cccccc\">Clinical examination</td></tr><tr><td><a href=\"http://snomed.info/id/439740005\">439740005</a></td><td style=\"color: #cccccc\">Postoperative follow-up visit (procedure)</td></tr><tr><td><a href=\"http://snomed.info/id/406153003\">406153003</a></td><td style=\"color: #cccccc\">Pre-admission assessment</td></tr><tr><td><a href=\"http://snomed.info/id/262068006\">262068006</a></td><td style=\"color: #cccccc\">Preoperative</td></tr><tr><td><a href=\"http://snomed.info/id/71388002\">71388002</a></td><td style=\"color: #cccccc\">Procedure</td></tr><tr><td><a href=\"http://snomed.info/id/76746007\">76746007</a></td><td style=\"color: #cccccc\">Cardiovascular stress testing</td></tr><tr><td><a href=\"http://snomed.info/id/277132007\">277132007</a></td><td style=\"color: #cccccc\">Therapeutic procedure</td></tr><tr><td><a href=\"http://snomed.info/id/103391001\">103391001</a></td><td style=\"color: #cccccc\">Urgency</td></tr><tr><td><a href=\"http://snomed.info/id/127785005\">127785005</a></td><td style=\"color: #cccccc\">Active or passive immunization</td></tr><tr><td><a href=\"http://snomed.info/id/410620009\">410620009</a></td><td style=\"color: #cccccc\">Well child visit (procedure)</td></tr></table></li></ul></div>"
  },
  "url" : "https://profiles.ihe.net/ITI/Scheduling/ValueSet/sct-services",
  "version" : "1.0.0-comment",
  "name" : "IHE_ITI_Scheduling_Snomed_CT_Services",
  "title" : "IHE ITI Scheduling Snomed CT Services",
  "status" : "active",
  "experimental" : false,
  "date" : "2018-03-14T19:40:10Z",
  "publisher" : "IHE IT Infrastructure Technical Committee",
  "contact" : [{
    "telecom" : [{
      "system" : "url",
      "value" : "https://www.ihe.net/ihe_domains/it_infrastructure/"
    }]
  },
  {
    "telecom" : [{
      "system" : "email",
      "value" : "iti@ihe.net"
    }]
  },
  {
    "name" : "IHE IT Infrastructure Technical Committee",
    "telecom" : [{
      "system" : "email",
      "value" : "iti@ihe.net"
    }]
  }],
  "description" : "The Snomed CT services and procedures concepts that represent visit types for scheduling appointments. These concepts are mapped to the [IHE ITI Scheduling Visit Types](http://fhir.org/guides/argonaut-scheduling/ConceptMap/visit-snomed-map).",
  "jurisdiction" : [{
    "coding" : [{
      "system" : "http://unstats.un.org/unsd/methods/m49/m49.htm",
      "code" : "001"
    }]
  }],
  "copyright" : "This value set includes content from SNOMED CT, which is copyright © 2002+ International Health Terminology Standards Development Organisation (IHTSDO), and distributed by agreement between IHTSDO and HL7. Implementer use of SNOMED CT is not covered by this agreement",
  "compose" : {
    "include" : [{
      "system" : "http://snomed.info/sct",
      "filter" : [{
        "property" : "concept",
        "op" : "is-a",
        "value" : "224891009"
      }]
    },
    {
      "system" : "http://snomed.info/sct",
      "concept" : [{
        "code" : "241686001"
      },
      {
        "code" : "40701008"
      },
      {
        "code" : "433233004"
      },
      {
        "code" : "409073007"
      },
      {
        "code" : "54550000"
      },
      {
        "code" : "29303009"
      },
      {
        "code" : "386053000"
      },
      {
        "code" : "86198006"
      },
      {
        "code" : "44491008"
      },
      {
        "code" : "185389009"
      },
      {
        "code" : "439708006"
      },
      {
        "code" : "59108006"
      },
      {
        "code" : "185387006"
      },
      {
        "code" : "310058008"
      },
      {
        "code" : "5880005"
      },
      {
        "code" : "439740005"
      },
      {
        "code" : "406153003"
      },
      {
        "code" : "262068006"
      },
      {
        "code" : "71388002"
      },
      {
        "code" : "76746007"
      },
      {
        "code" : "277132007"
      },
      {
        "code" : "103391001"
      },
      {
        "code" : "127785005"
      },
      {
        "code" : "410620009"
      }]
    }]
  }
}