{
  "resourceType" : "ValueSet",
  "id" : "e9480b9f-404f-462e-8c1f-b869ce9e9896-93",
  "url" : "http://hl7.org/fhir/comparison/ValueSet/e9480b9f-404f-462e-8c1f-b869ce9e9896-93",
  "name" : "IntersectionMCSDEndpointTypesCoreDocShareVSAndMCSDEndpointTypesCoreDocShareVS",
  "title" : "Intersection of mCSD Endpoint Core Document Sharing Types ValueSet And mCSD Endpoint Core Document Sharing Types ValueSet",
  "status" : "active",
  "date" : "2025-05-21T13:42:05-05:00",
  "jurisdiction" : [{
    "coding" : [{
      "system" : "http://unstats.un.org/unsd/methods/m49/m49.htm",
      "code" : "001"
    }]
  }],
  "compose" : {
    "include" : [{
      "concept" : [{
        "code" : "ihe-xcpd"
      },
      {
        "code" : "ihe-xca"
      },
      {
        "code" : "ihe-xds"
      },
      {
        "code" : "ihe-xdr"
      },
      {
        "code" : "ihe-pdq"
      },
      {
        "code" : "ihe-pix"
      },
      {
        "code" : "ihe-mhd"
      }]
    }]
  }
}