<?xml version="1.0" encoding="UTF-8"?><PlanDefinition xmlns="http://hl7.org/fhir"><id value="CCG-patient-plans-example"/><meta><profile value="https://profiles.ihe.net/QRPH/CCG/StructureDefinition/ccg-patient-plans"/></meta><url value="http://example.org/fhir/PlanDefinition/CCG-patient-plans-example"/><version value="1.0.0-comment"/><type><coding><system value="http://terminology.hl7.org/CodeSystem/plan-definition-type"/><code value="clinical-protocol"/></coding></type><status value="active"/><date value="2025-05-20T16:23:40-05:00"/><publisher value="IHE QRPH Technical Committee"/><contact><telecom><system value="url"/><value value="https://www.ihe.net/ihe_domains/quality_research_and_public_health/"/></telecom></contact><contact><telecom><system value="email"/><value value="qrph@ihe.net"/></telecom></contact><contact><name value="IHE QRPH Technical Committee"/><telecom><system value="email"/><value value="qrph@ihe.net"/></telecom></contact><jurisdiction><coding><system value="http://unstats.un.org/unsd/methods/m49/m49.htm"/><code value="001"/></coding></jurisdiction><action><definitionCanonical value="https://example.org/fhir/PlanDefinition/ccg-folder-Diabetes"/></action><action><definitionCanonical value="https://example.org/fhir/PlanDefinition/ccg-folder-Hypertension"/></action></PlanDefinition>