<?xml version="1.0" encoding="UTF-8"?>

<Measure xmlns="http://hl7.org/fhir">
  <id value="madx-hiv-indicator-example2"/>
  <meta>
    <profile value="https://profiles.ihe.net/QRPH/mADX/StructureDefinition/mADX-Measure"/>
  </meta>
  <text>
    <status value="generated"/><div xmlns="http://www.w3.org/1999/xhtml"><p class="res-header-id"><b>Generated Narrative: Measure madx-hiv-indicator-example2</b></p><a name="madx-hiv-indicator-example2"> </a><a name="hcmadx-hiv-indicator-example2"> </a><a name="madx-hiv-indicator-example2-en-US"> </a><div style="display: inline-block; background-color: #d9e0e7; padding: 6px; margin: 4px; border: 1px solid #8da1b4; border-radius: 5px; line-height: 60%"><p style="margin-bottom: 0px"/><p style="margin-bottom: 0px">Profile: <a href="StructureDefinition-mADX-Measure.html">IHE mADX Measure profile</a></p></div><p><b>url</b>: <a href="Measure-madx-hiv-indicator-example2.html">Measure mADX-Measure-example2</a></p><p><b>identifier</b>: <code>http://ohie.org/Measure/</code>/madx-hiv-indicator-example2</p><p><b>version</b>: 3.0.0-comment</p><p><b>name</b>: HIVInd21example2</p><p><b>title</b>: mADX-Measure-example2</p><p><b>status</b>: Draft</p><p><b>experimental</b>: true</p><p><b>subject</b>: <span title="Codes:{http://hl7.org/fhir/resource-types Location}">Location</span></p><p><b>date</b>: 2024-08-02</p><p><b>publisher</b>: IHE QRPH Technical Committee</p><p><b>contact</b>: <a href="https://www.ihe.net/ihe_domains/quality_research_and_public_health/">https://www.ihe.net/ihe_domains/quality_research_and_public_health/</a>, <a href="mailto:qrph@ihe.net">qrph@ihe.net</a>, IHE QRPH Technical Committee: <a href="mailto:qrph@ihe.net">qrph@ihe.net</a></p><p><b>description</b>: </p><div><p>Example of an indicator with 2 stratifiers, one containing 2 dimensions, supporting mADX implementation of the IHE mADXMeasure profile.Having 2 relatedArtifact instances for 'ageGroup-gender' means that the stratifier has 2 dimensions and it depends on 2 valueSets.</p>
</div><p><b>jurisdiction</b>: <span title="Codes:{http://unstats.un.org/unsd/methods/m49/m49.htm 001}">Global (Whole world)</span></p><blockquote><p><b>relatedArtifact</b></p><p><b>type</b>: Depends On</p><p><b>label</b>: ageGroup-gender</p><p><b>url</b>: <a href="http://hl7.org/fhir/R4/codesystem-administrative-gender.html">http://hl7.org/fhir/administrative-gender</a></p><h3>Documents</h3><table class="grid"><tr><td style="display: none">-</td><td><b>Url</b></td></tr><tr><td style="display: none">*</td><td><a href="http://hl7.org/fhir/R4/codesystem-administrative-gender.html">http://hl7.org/fhir/administrative-gender</a></td></tr></table></blockquote><blockquote><p><b>relatedArtifact</b></p><p><b>type</b>: Depends On</p><p><b>label</b>: ageGroup-gender</p><p><b>url</b>: <a href="http://hl7.org/fhir/us/ndh/2023Sep/CodeSystem-AgeGroupCS.html">http://hl7.org/fhir/us/ndh/CodeSystem/AgeGroupCS</a></p><h3>Documents</h3><table class="grid"><tr><td style="display: none">-</td><td><b>Url</b></td></tr><tr><td style="display: none">*</td><td><a href="http://hl7.org/fhir/us/ndh/2023Sep/CodeSystem-AgeGroupCS.html">http://hl7.org/fhir/us/ndh/CodeSystem/AgeGroupCS</a></td></tr></table></blockquote><blockquote><p><b>relatedArtifact</b></p><p><b>type</b>: Depends On</p><p><b>label</b>: TBdiagnosisResult</p><p><b>url</b>: <a href="http://ihe.net/qrph/madx/TBdiagnosisResult-stratifiers-example">http://ihe.net/qrph/madx/TBdiagnosisResult-stratifiers-example</a></p><h3>Documents</h3><table class="grid"><tr><td style="display: none">-</td><td><b>Url</b></td></tr><tr><td style="display: none">*</td><td><a href="http://ihe.net/qrph/madx/TBdiagnosisResult-stratifiers-example">http://ihe.net/qrph/madx/TBdiagnosisResult-stratifiers-example</a></td></tr></table></blockquote><p><b>improvementNotation</b>: <span title="Codes:{http://terminology.hl7.org/CodeSystem/measure-improvement-notation increase}">Increased score indicates improvement</span></p><blockquote><p><b>group</b></p><p><b>code</b>: <span title="Codes:{http://ihe.net/qrph/madx/ QRPH_mADX_ART1_N}">QRPH_mADX_ART1_N</span></p><p><b>description</b>: % of people newly diagnosed with HIV initiated on ART</p><blockquote><p><b>population</b></p><p><b>code</b>: <span title="Codes:{http://terminology.hl7.org/CodeSystem/measure-population numerator}">Numerator</span></p><p><b>description</b>: Number of people newly diagnosed with HIV and started on ART during the reporting period</p><h3>Criteria</h3><table class="grid"><tr><td style="display: none">-</td><td><b>Language</b></td><td><b>Expression</b></td></tr><tr><td style="display: none">*</td><td>CQL</td><td>Numerator_expression</td></tr></table></blockquote><blockquote><p><b>population</b></p><p><b>code</b>: <span title="Codes:{http://terminology.hl7.org/CodeSystem/measure-population denominator}">Denominator</span></p><p><b>description</b>: Number of people newly diagnosed with HIV during the reporting period</p><h3>Criteria</h3><table class="grid"><tr><td style="display: none">-</td><td><b>Language</b></td><td><b>Expression</b></td></tr><tr><td style="display: none">*</td><td>CQL</td><td>Denominator_expression</td></tr></table></blockquote><blockquote><p><b>stratifier</b></p><p><b>code</b>: <span title="Codes:{http://ihe.net/qrph/madx/hiv-stratifiers-example ageGroup-gender}">ageGroup-gender</span></p></blockquote><blockquote><p><b>stratifier</b></p><p><b>code</b>: <span title="Codes:{http://ihe.net/qrph/madx/hiv-stratifiers-example TBdiagnosisResult}">TBdiagnosisResult</span></p></blockquote></blockquote></div>
  </text>
  <url value="http://ohie.org/Measure/madx-hiv-indicator-example2"/>
  <identifier>
    <system value="http://ohie.org/Measure/"/>
    <value value="madx-hiv-indicator-example2"/>
  </identifier>
  <version value="3.0.0-comment"/>
  <name value="HIVInd21example2"/>
  <title value="mADX-Measure-example2"/>
  <status value="draft"/>
  <experimental value="true"/>
  <subjectCodeableConcept>
    <coding>
      <system value="http://hl7.org/fhir/resource-types"/>
      <code value="Location"/>
    </coding>
  </subjectCodeableConcept>
  <date value="2024-08-02"/>
  <publisher value="IHE QRPH Technical Committee"/>
  <contact>
    <telecom>
      <system value="url"/>
      <value value="https://www.ihe.net/ihe_domains/quality_research_and_public_health/"/>
    </telecom>
  </contact>
  <contact>
    <telecom>
      <system value="email"/>
      <value value="qrph@ihe.net"/>
    </telecom>
  </contact>
  <contact>
    <name value="IHE QRPH Technical Committee"/>
    <telecom>
      <system value="email"/>
      <value value="qrph@ihe.net"/>
    </telecom>
  </contact>
  <description value="Example of an indicator with 2 stratifiers, one containing 2 dimensions, supporting mADX implementation of the IHE mADXMeasure profile.Having 2 relatedArtifact instances for 'ageGroup-gender' means that the stratifier has 2 dimensions and it depends on 2 valueSets."/>
  <jurisdiction>
    <coding>
      <system value="http://unstats.un.org/unsd/methods/m49/m49.htm"/>
      <code value="001"/>
    </coding>
  </jurisdiction>
  <relatedArtifact>
    <type value="depends-on"/>
    <label value="ageGroup-gender"/>
    <url value="http://hl7.org/fhir/administrative-gender"/>
    <document>
      <url value="http://hl7.org/fhir/administrative-gender"/>
    </document>
  </relatedArtifact>
  <relatedArtifact>
    <type value="depends-on"/>
    <label value="ageGroup-gender"/>
    <url value="http://hl7.org/fhir/us/ndh/CodeSystem/AgeGroupCS"/>
    <document>
      <url value="http://hl7.org/fhir/us/ndh/CodeSystem/AgeGroupCS"/>
    </document>
  </relatedArtifact>
  <relatedArtifact>
    <type value="depends-on"/>
    <label value="TBdiagnosisResult"/>
    <url value="http://ihe.net/qrph/madx/TBdiagnosisResult-stratifiers-example"/>
    <document>
      <url value="http://ihe.net/qrph/madx/TBdiagnosisResult-stratifiers-example"/>
    </document>
  </relatedArtifact>
  <improvementNotation>
    <coding>
      <system value="http://terminology.hl7.org/CodeSystem/measure-improvement-notation"/>
      <code value="increase"/>
    </coding>
  </improvementNotation>
  <group>
    <code>
      <coding>
        <system value="http://ihe.net/qrph/madx/"/>
        <code value="QRPH_mADX_ART1_N"/>
      </coding>
    </code>
    <description value="% of people newly diagnosed with HIV initiated on ART"/>
    <population>
      <code>
        <coding>
          <system value="http://terminology.hl7.org/CodeSystem/measure-population"/>
          <code value="numerator"/>
        </coding>
      </code>
      <description value="Number of people newly diagnosed with HIV and started on ART during the reporting period"/>
      <criteria>
        <language value="text/cql"/>
        <expression value="Numerator_expression"/>
      </criteria>
    </population>
    <population>
      <code>
        <coding>
          <system value="http://terminology.hl7.org/CodeSystem/measure-population"/>
          <code value="denominator"/>
        </coding>
      </code>
      <description value="Number of people newly diagnosed with HIV during the reporting period"/>
      <criteria>
        <language value="text/cql"/>
        <expression value="Denominator_expression"/>
      </criteria>
    </population>
    <stratifier>
      <code>
        <coding>
          <system value="http://ihe.net/qrph/madx/hiv-stratifiers-example"/>
          <code value="ageGroup-gender"/>
        </coding>
      </code>
    </stratifier>
    <stratifier>
      <code>
        <coding>
          <system value="http://ihe.net/qrph/madx/hiv-stratifiers-example"/>
          <code value="TBdiagnosisResult"/>
        </coding>
      </code>
    </stratifier>
  </group>
</Measure>