{"resourceType":"SearchParameter","id":"IHE.mCSD.Organization.HierarchyPartOf","url":"http://profiles.ihe.net/ITI/mCSD/SearchParameter/IHE.mCSD.Organization.HierarchyPartOf","version":"3.6.0-comment","name":"IHE_mCSD_Hierarchy_PartOf","status":"active","date":"2022-02-28T21:52:33-06:00","publisher":"IHE IT Infrastructure Technical Committee","contact":[{"telecom":[{"system":"url","value":"https://www.ihe.net/ihe_domains/it_infrastructure/"}]},{"telecom":[{"system":"email","value":"iti@ihe.net"}]},{"name":"IHE IT Infrastructure Technical Committee","telecom":[{"system":"email","value":"iti@ihe.net"}]}],"description":"This Search Parameter enables finding [Organizations](StructureDefinition-IHE.mCSD.Organization.html)\nby the hierarchy [mCSD extension](StructureDefinition-IHE.mCSD.OrganizationHierarchy.html) part of.","jurisdiction":[{"coding":[{"system":"http://unstats.un.org/unsd/methods/m49/m49.htm","code":"001"}]}],"code":"ihe-mcsd-hierarchy-partof","base":["Organization"],"type":"reference","expression":"extension('http://profiles.ihe.net/ITI/mCSD/StructureDefinition/IHE.mCSD.OrganizationHierarchy').extension('part-of').value as Reference","modifier":["below","above"]}