[
  {
    "id": "IHE.mCSD.CareServicesSelectiveConsumer",
    "type": "CapabilityStatement",
    "url": "http://profiles.ihe.net/ITI/mCSD/CapabilityStatement/IHE.mCSD.CareServicesSelectiveConsumer",
    "version": "3.6.0-comment",
    "name": "IHE_mCSD_Care_Services_Selective_Consumer"
  },
  {
    "id": "IHE.mCSD.CareServicesSelectiveConsumer.LocationDistance",
    "type": "CapabilityStatement",
    "url": "http://profiles.ihe.net/ITI/mCSD/CapabilityStatement/IHE.mCSD.CareServicesSelectiveConsumer.LocationDistance",
    "version": "3.6.0-comment",
    "name": "IHE_mCSD_Care_Services_Selective_Consumer_Location_Distance_Option"
  },
  {
    "id": "IHE.mCSD.CareServicesSelectiveSupplier",
    "type": "CapabilityStatement",
    "url": "http://profiles.ihe.net/ITI/mCSD/CapabilityStatement/IHE.mCSD.CareServicesSelectiveSupplier",
    "version": "3.6.0-comment",
    "name": "IHE_mCSD_Care_Services_Selective_Supplier"
  },
  {
    "id": "IHE.mCSD.CareServicesSelectiveSupplier.LocationDistance",
    "type": "CapabilityStatement",
    "url": "http://profiles.ihe.net/ITI/mCSD/CapabilityStatement/IHE.mCSD.CareServicesSelectiveSupplier.LocationDistance",
    "version": "3.6.0-comment",
    "name": "IHE_mCSD_Care_Services_Selective_Supplier_Location_Distance_Option"
  },
  {
    "id": "IHE.mCSD.CareServicesUpdateConsumer",
    "type": "CapabilityStatement",
    "url": "http://profiles.ihe.net/ITI/mCSD/CapabilityStatement/IHE.mCSD.CareServicesUpdateConsumer",
    "version": "3.6.0-comment",
    "name": "IHE_mCSD_Care_Services_Update_Consumer"
  },
  {
    "id": "IHE.mCSD.CareServicesUpdateConsumer.LocationDistance",
    "type": "CapabilityStatement",
    "url": "http://profiles.ihe.net/ITI/mCSD/CapabilityStatement/IHE.mCSD.CareServicesUpdateConsumer.LocationDistance",
    "version": "3.6.0-comment",
    "name": "IHE_mCSD_Care_Services_Update_Consumer_Location_Distance_Option"
  },
  {
    "id": "IHE.mCSD.CareServicesUpdateSupplier",
    "type": "CapabilityStatement",
    "url": "http://profiles.ihe.net/ITI/mCSD/CapabilityStatement/IHE.mCSD.CareServicesUpdateSupplier",
    "version": "3.6.0-comment",
    "name": "IHE_mCSD_Care_Services_Update_Supplier"
  },
  {
    "id": "IHE.mCSD.CareServicesUpdateSupplier.LocationDistance",
    "type": "CapabilityStatement",
    "url": "http://profiles.ihe.net/ITI/mCSD/CapabilityStatement/IHE.mCSD.CareServicesUpdateSupplier.LocationDistance",
    "version": "3.6.0-comment",
    "name": "IHE_mCSD_Care_Services_Update_Supplier_Location_Distance_Option"
  },
  {
    "id": "Endpoint-EndpointSpecificType",
    "type": "SearchParameter",
    "url": "http://profiles.ihe.net/ITI/mCSD/SearchParameter/Endpoint-EndpointSpecificType",
    "version": "3.6.0-comment",
    "name": "EndpointSpecificType"
  },
  {
    "id": "IHE.mCSD.Organization.HierarchyPartOf",
    "type": "SearchParameter",
    "url": "http://profiles.ihe.net/ITI/mCSD/SearchParameter/IHE.mCSD.Organization.HierarchyPartOf",
    "version": "3.6.0-comment",
    "name": "IHE_mCSD_Hierarchy_PartOf"
  },
  {
    "id": "IHE.mCSD.Organization.HierarchyType",
    "type": "SearchParameter",
    "url": "http://profiles.ihe.net/ITI/mCSD/SearchParameter/IHE.mCSD.Organization.HierarchyType",
    "version": "3.6.0-comment",
    "name": "IHE_mCSD_Hierarchy_Type"
  },
  {
    "id": "MCSDEndpointTypes",
    "type": "CodeSystem",
    "url": "https://profiles.ihe.net/ITI/mCSD/CodeSystem/MCSDEndpointTypes",
    "version": "3.6.0-comment",
    "name": "MCSDEndpointTypes"
  },
  {
    "id": "MCSDOrgAffTypes",
    "type": "CodeSystem",
    "url": "https://profiles.ihe.net/ITI/mCSD/CodeSystem/MCSDOrgAffTypes",
    "version": "3.6.0-comment",
    "name": "MCSDOrgAffTypes"
  },
  {
    "id": "mcsd-example-hierarchy",
    "type": "CodeSystem",
    "url": "https://profiles.ihe.net/ITI/mCSD/CodeSystem/mcsd-example-hierarchy",
    "version": "3.6.0-comment",
    "name": "MCSDExampleHierarchy"
  },
  {
    "id": "ihe.iti.mcsd",
    "type": "ImplementationGuide",
    "url": "https://profiles.ihe.net/ITI/mCSD/ImplementationGuide/ihe.iti.mcsd",
    "version": "3.6.0-comment",
    "name": "IHE_ITI_mCSD"
  },
  {
    "id": "IHE.mCSD.Endpoint",
    "type": "StructureDefinition",
    "url": "https://profiles.ihe.net/ITI/mCSD/StructureDefinition/IHE.mCSD.Endpoint",
    "version": "3.6.0-comment",
    "name": "MCSDEndpoint"
  },
  {
    "id": "IHE.mCSD.Endpoint.DocShare",
    "type": "StructureDefinition",
    "url": "https://profiles.ihe.net/ITI/mCSD/StructureDefinition/IHE.mCSD.Endpoint.DocShare",
    "version": "3.6.0-comment",
    "name": "MCSDEndpointDocShare"
  },
  {
    "id": "IHE.mCSD.FacilityLocation",
    "type": "StructureDefinition",
    "url": "https://profiles.ihe.net/ITI/mCSD/StructureDefinition/IHE.mCSD.FacilityLocation",
    "version": "3.6.0-comment",
    "name": "MCSDFacilityLocation"
  },
  {
    "id": "IHE.mCSD.FacilityOrganization",
    "type": "StructureDefinition",
    "url": "https://profiles.ihe.net/ITI/mCSD/StructureDefinition/IHE.mCSD.FacilityOrganization",
    "version": "3.6.0-comment",
    "name": "MCSDFacilityOrganization"
  },
  {
    "id": "IHE.mCSD.HealthcareService",
    "type": "StructureDefinition",
    "url": "https://profiles.ihe.net/ITI/mCSD/StructureDefinition/IHE.mCSD.HealthcareService",
    "version": "3.6.0-comment",
    "name": "MCSDHealthcareService"
  },
  {
    "id": "IHE.mCSD.JurisdictionLocation",
    "type": "StructureDefinition",
    "url": "https://profiles.ihe.net/ITI/mCSD/StructureDefinition/IHE.mCSD.JurisdictionLocation",
    "version": "3.6.0-comment",
    "name": "MCSDJurisdictionLocation"
  },
  {
    "id": "IHE.mCSD.JurisdictionOrganization",
    "type": "StructureDefinition",
    "url": "https://profiles.ihe.net/ITI/mCSD/StructureDefinition/IHE.mCSD.JurisdictionOrganization",
    "version": "3.6.0-comment",
    "name": "MCSDJurisdictionOrganization"
  },
  {
    "id": "IHE.mCSD.Location",
    "type": "StructureDefinition",
    "url": "https://profiles.ihe.net/ITI/mCSD/StructureDefinition/IHE.mCSD.Location",
    "version": "3.6.0-comment",
    "name": "MCSDLocation"
  },
  {
    "id": "IHE.mCSD.LocationDistance",
    "type": "StructureDefinition",
    "url": "https://profiles.ihe.net/ITI/mCSD/StructureDefinition/IHE.mCSD.LocationDistance",
    "version": "3.6.0-comment",
    "name": "MCSDLocationDistance"
  },
  {
    "id": "IHE.mCSD.Organization",
    "type": "StructureDefinition",
    "url": "https://profiles.ihe.net/ITI/mCSD/StructureDefinition/IHE.mCSD.Organization",
    "version": "3.6.0-comment",
    "name": "MCSDOrganization"
  },
  {
    "id": "IHE.mCSD.OrganizationAffiliation",
    "type": "StructureDefinition",
    "url": "https://profiles.ihe.net/ITI/mCSD/StructureDefinition/IHE.mCSD.OrganizationAffiliation",
    "version": "3.6.0-comment",
    "name": "MCSDOrganizationAffiliation"
  },
  {
    "id": "IHE.mCSD.OrganizationAffiliation.DocShare",
    "type": "StructureDefinition",
    "url": "https://profiles.ihe.net/ITI/mCSD/StructureDefinition/IHE.mCSD.OrganizationAffiliation.DocShare",
    "version": "3.6.0-comment",
    "name": "MCSDOrganizationAffiliationDocShare"
  },
  {
    "id": "IHE.mCSD.OrganizationHierarchy",
    "type": "StructureDefinition",
    "url": "https://profiles.ihe.net/ITI/mCSD/StructureDefinition/IHE.mCSD.OrganizationHierarchy",
    "version": "3.6.0-comment",
    "name": "MCSDOrganizationHierarchy"
  },
  {
    "id": "IHE.mCSD.Practitioner",
    "type": "StructureDefinition",
    "url": "https://profiles.ihe.net/ITI/mCSD/StructureDefinition/IHE.mCSD.Practitioner",
    "version": "3.6.0-comment",
    "name": "MCSDPractitioner"
  },
  {
    "id": "IHE.mCSD.PractitionerRole",
    "type": "StructureDefinition",
    "url": "https://profiles.ihe.net/ITI/mCSD/StructureDefinition/IHE.mCSD.PractitionerRole",
    "version": "3.6.0-comment",
    "name": "MCSDPractitionerRole"
  },
  {
    "id": "ihe-endpointspecifictype",
    "type": "StructureDefinition",
    "url": "https://profiles.ihe.net/ITI/mCSD/StructureDefinition/ihe-endpointspecifictype",
    "version": "3.6.0-comment",
    "name": "EndpointSpecificType"
  },
  {
    "id": "MCSDEndpointTypesCoreDocShareVS",
    "type": "ValueSet",
    "url": "https://profiles.ihe.net/ITI/mCSD/ValueSet/MCSDEndpointTypesCoreDocShareVS",
    "version": "3.6.0-comment",
    "name": "MCSDEndpointTypesCoreDocShareVS"
  },
  {
    "id": "MCSDEndpointTypesDocShareVS",
    "type": "ValueSet",
    "url": "https://profiles.ihe.net/ITI/mCSD/ValueSet/MCSDEndpointTypesDocShareVS",
    "version": "3.6.0-comment",
    "name": "MCSDEndpointTypesDocShareVS"
  },
  {
    "id": "MCSDOrgAffTypesVS",
    "type": "ValueSet",
    "url": "https://profiles.ihe.net/ITI/mCSD/ValueSet/MCSDOrgAffTypesVS",
    "version": "3.6.0-comment",
    "name": "MCSDOrgAffTypesVS"
  }
]