"Path","Slice Name","Alias(s)","Label","Min","Max","Must Support?","Is Modifier?","Is Summary?","Type(s)","Short","Definition","Comments","Requirements","Default Value","Meaning When Missing","Fixed Value","Pattern","Example","Minimum Value","Maximum Value","Maximum Length","Binding Strength","Binding Description","Binding Value Set","Code","Slicing Discriminator","Slicing Description","Slicing Ordered","Slicing Rules","Base Path","Base Min","Base Max","Condition(s)","Constraint(s)","Mapping: RIM Mapping","Mapping: FiveWs Pattern Mapping"
"Endpoint","","","",0,*,"","","","","The technical details of an endpoint that can be used for electronic services","The technical details of an endpoint that can be used for electronic services, such as for web services providing XDS.b or a REST endpoint for another FHIR server. This may include any security context information.","","","","","","","","","",,,,,"",,,,"Endpoint",0,*,"","dom-2:If the resource is contained in another resource, it SHALL NOT contain nested Resources {contained.contained.empty()}
dom-3:If the resource is contained in another resource, it SHALL be referred to from elsewhere in the resource or SHALL refer to the containing resource {contained.where((('#'+id in (%resource.descendants().reference | %resource.descendants().as(canonical) | %resource.descendants().as(uri) | %resource.descendants().as(url))) or descendants().where(reference = '#').exists() or descendants().where(as(canonical) = '#').exists() or descendants().where(as(canonical) = '#').exists()).not()).trace('unmatched', id).empty()}dom-4:If a resource is contained in another resource, it SHALL NOT have a meta.versionId or a meta.lastUpdated {contained.meta.versionId.empty() and contained.meta.lastUpdated.empty()}dom-5:If a resource is contained in another resource, it SHALL NOT have a security label {contained.meta.security.empty()}dom-6:A resource should have narrative for robust management {text.`div`.exists()}","Entity. Role, or Act","n/a"
"Endpoint.id","","","",0,1,"","","Y","string {[]} {[]}
","Logical id of this artifact","The logical id of the resource, as used in the URL for the resource. Once assigned, this value never changes.","The only time that a resource does not have an id is when it is being submitted to the server using a create operation.","","","","","","","","",,,,,"",,,,"Resource.id",0,1,"",""
"Endpoint.meta","","","",0,1,"","","Y","Meta {[]} {[]}
","Metadata about the resource","The metadata about the resource. This is content that is maintained by the infrastructure. Changes to the content might not always be associated with version changes to the resource.","","","","","","","","","",,,,,"",,,,"Resource.meta",0,1,"","ele-1:All FHIR elements must have a @value or children {hasValue() or (children().count() > id.count())}
"
"Endpoint.implicitRules","","","",0,1,"","Y","Y","uri {[]} {[]}
","A set of rules under which this content was created","A reference to a set of rules that were followed when the resource was constructed, and which must be understood when processing the content. Often, this is a reference to an implementation guide that defines the special rules along with other profiles etc.","Asserting this rule set restricts the content to be only understood by a limited set of trading partners. This inherently limits the usefulness of the data in the long term. However, the existing health eco-system is highly fractured, and not yet ready to define, collect, and exchange data in a generally computable sense. Wherever possible, implementers and/or specification writers should avoid using this element. Often, when used, the URL is a reference to an implementation guide that defines these special rules as part of it's narrative along with other profiles, value sets, etc.","","","","","","","","",,,,,"",,,,"Resource.implicitRules",0,1,"","ele-1:All FHIR elements must have a @value or children {hasValue() or (children().count() > id.count())}
"
"Endpoint.language","","","",0,1,"","","","code {[]} {[]}
","Language of the resource content","The base language in which the resource is written.","Language is provided to support indexing and accessibility (typically, services such as text to speech use the language tag). The html language tag in the narrative applies  to the narrative. The language tag on the resource may be used to specify the language of other presentations generated from the data in the resource. Not all the content has to be in the base language. The Resource.language should not be assumed to apply to the narrative automatically. If a language is specified, it should it also be specified on the div element in the html (see rules in HTML5 for information about the relationship between xml:lang and the html lang attribute).","","","","","","","","",,"preferred","A human language.","http://hl7.org/fhir/ValueSet/languages","",,,,"Resource.language",0,1,"","ele-1:All FHIR elements must have a @value or children {hasValue() or (children().count() > id.count())}
"
"Endpoint.text","","narrative
htmlxhtmldisplay","",0,1,"","","","Narrative {[]} {[]}
","Text summary of the resource, for human interpretation","A human-readable narrative that contains a summary of the resource and can be used to represent the content of the resource to a human. The narrative need not encode all the structured data, but is required to contain sufficient detail to make it ""clinically safe"" for a human to just read the narrative. Resource definitions may define what content should be represented in the narrative to ensure clinical safety.","Contained resources do not have narrative. Resources that are not contained SHOULD have a narrative. In some cases, a resource may only have text with little or no additional discrete data (as long as all minOccurs=1 elements are satisfied).  This may be necessary for data from legacy systems where information is captured as a ""text blob"" or where text is additionally entered raw or narrated and encoded information is added later.","","","","","","","","",,,,,"",,,,"DomainResource.text",0,1,"","ele-1:All FHIR elements must have a @value or children {hasValue() or (children().count() > id.count())}
","Act.text?"
"Endpoint.contained","","inline resources
anonymous resourcescontained resources","",0,*,"","","","Resource {[]} {[]}
","Contained, inline Resources","These resources do not have an independent existence apart from the resource that contains them - they cannot be identified independently, and nor can they have their own independent transaction scope.","This should never be done when the content can be identified properly, as once identification is lost, it is extremely difficult (and context dependent) to restore it again. Contained resources may have profiles and tags In their meta elements, but SHALL NOT have security labels.","","","","","","","","",,,,,"",,,,"DomainResource.contained",0,*,"","","N/A"
"Endpoint.extension","","","",0,*,"","","","Extension {[]} {[]}
","Extension","An Extension","","","","","","","","","",,,,,"","value:url}
","",,"open","DomainResource.extension",0,*,"","ele-1:All FHIR elements must have a @value or children {hasValue() or (children().count() > id.count())}
ext-1:Must have either extensions or value[x], not both {extension.exists() != value.exists()}"
"Endpoint.extension","specificType","","",0,*,"Y","","","Extension {[CanonicalType[https://profiles.ihe.net/ITI/mCSD/StructureDefinition/ihe-endpointspecifictype]]} {[]}
","Endpoint Specific Type","The specific endpoint type. Given that the FHIR R4 Endpoint.connectionType is limited to a one value from a valueSet given by FHIR core and that valueSet includes XCA thus by Extensible rules one is forced to pick that value, we choose to add an additional codeableConcept for a more detailed code(s).","","","","","","","","","",,,,,"",,,,"DomainResource.extension",0,*,"ele-1
","ele-1:All FHIR elements must have a @value or children {hasValue() or (children().count() > id.count())}
ext-1:Must have either extensions or value[x], not both {extension.exists() != value.exists()}"
"Endpoint.modifierExtension","","extensions
user content","",0,*,"","Y","","Extension {[]} {[]}
","Extensions that cannot be ignored","May be used to represent additional information that is not part of the basic definition of the resource and that modifies the understanding of the element that contains it and/or the understanding of the containing element's descendants. Usually modifier elements provide negation or qualification. To make the use of extensions safe and manageable, there is a strict set of governance applied to the definition and use of extensions. Though any implementer is allowed to define an extension, there is a set of requirements that SHALL be met as part of the definition of the extension. Applications processing a resource are required to check for modifier extensions.

Modifier extensions SHALL NOT change the meaning of any elements on Resource or DomainResource (including cannot change the meaning of modifierExtension itself).","There can be no stigma associated with the use of extensions by any application, project, or standard - regardless of the institution or jurisdiction that uses or defines the extensions.  The use of extensions is what allows the FHIR specification to retain a core level of simplicity for everyone.","Modifier extensions allow for extensions that *cannot* be safely ignored to be clearly distinguished from the vast majority of extensions which can be safely ignored.  This promotes interoperability by eliminating the need for implementers to prohibit the presence of extensions. For further information, see the [definition of modifier extensions](http://hl7.org/fhir/R4/extensibility.html#modifierExtension).","","","","","","","",,,,,"",,,,"DomainResource.modifierExtension",0,*,"","ele-1:All FHIR elements must have a @value or children {hasValue() or (children().count() > id.count())}
ext-1:Must have either extensions or value[x], not both {extension.exists() != value.exists()}","N/A"
"Endpoint.identifier","","","",0,*,"","","Y","Identifier {[]} {[]}
","should be the homeCommunityId(s)","For simple single depth XCA communites.","","","","","","","","","",,,,,"",,,,"Endpoint.identifier",0,*,"","ele-1:All FHIR elements must have a @value or children {hasValue() or (children().count() > id.count())}
","n/a","FiveWs.identifier"
"Endpoint.status","","","",1,1,"Y","Y","Y","code {[]} {[]}
","represents the current status of this endpoint.","active | suspended | error | off | test.","Should be updated when maintenance or other status changes happen.","","","","","","","","",,"required","The status of the endpoint.","http://hl7.org/fhir/ValueSet/endpoint-status|4.0.1","",,,,"Endpoint.status",1,1,"","ele-1:All FHIR elements must have a @value or children {hasValue() or (children().count() > id.count())}
","n/a","FiveWs.status"
"Endpoint.connectionType","","","",1,1,"","","Y","Coding {[]} {[]}
","Protocol/Profile/Standard to be used with this endpoint connection","A coded value that represents the technical details of the usage of this endpoint, such as what WSDLs should be used in what way. (e.g. XDS.b/DICOM/cds-hook).","For additional connectivity details for the protocol, extensions will be used at this point, as in the XDS example.","","","","","","","","",,"required","","https://profiles.ihe.net/ITI/mCSD/ValueSet/MCSDEndpointTypesCoreDocShareVS","",,,,"Endpoint.connectionType",1,1,"","ele-1:All FHIR elements must have a @value or children {hasValue() or (children().count() > id.count())}
","n/a","FiveWs.class"
"Endpoint.name","","","",0,0,"","","Y","string {[]} {[]}
","Nothing useful to put in the name","A friendly name that this endpoint can be referred to with.","","","","","","","","","",,,,,"",,,,"Endpoint.name",0,1,"","ele-1:All FHIR elements must have a @value or children {hasValue() or (children().count() > id.count())}
","n/a","FiveWs.what[x]"
"Endpoint.managingOrganization","","","",1,1,"","","Y","Reference {[]} {[CanonicalType[https://profiles.ihe.net/ITI/mCSD/StructureDefinition/IHE.mCSD.Organization]]}
","Organization that manages this endpoint.","The organization that manages this endpoint, even if technically another organization is hosting this in the cloud.","This element is used when there is a technical problem with the endpoint operation, and would be used to contact for technical support.

This managing organization relationship is potentially independent of if the organization is the custodian/owner of the data available thru this endpoint.","","","","","","","","",,,,,"",,,,"Endpoint.managingOrganization",0,1,"","ele-1:All FHIR elements must have a @value or children {hasValue() or (children().count() > id.count())}
","n/a"
"Endpoint.contact","","","",0,*,"","","","ContactPoint {[]} {[]}
","Contact details for source (e.g. troubleshooting)","Contact details for a human to contact about the endpoint. The primary use of this for system administrator troubleshooting.","","","","","","","","","",,,,,"",,,,"Endpoint.contact",0,*,"","ele-1:All FHIR elements must have a @value or children {hasValue() or (children().count() > id.count())}
","n/a"
"Endpoint.period","","","",0,1,"Y","","Y","Period {[]} {[]}
","Overall deployment lifetime for this endpoint.","The interval during which the endpoint is expected to be operational.","usually indicating when the endpoint was deployed, and may indicate when this endpoint will be decommissioned.","","","","","","","","",,,,,"",,,,"Endpoint.period",0,1,"","ele-1:All FHIR elements must have a @value or children {hasValue() or (children().count() > id.count())}
","n/a","FiveWs.done[x]"
"Endpoint.payloadType","","","",1,*,"Y","","Y","CodeableConcept {[]} {[]}
","FormatCode(s)","The list of FormatCode(s) available at this endpoint.","Empty list of FormatCode(s) indicates indeterminate set of FormatCodes supported. For XCA Responding Gateways that do not host data themselves, but rather proxy for other communities, leave this element empty.","","","","","","","","",,"example","","http://hl7.org/fhir/ValueSet/endpoint-payload-type","",,,,"Endpoint.payloadType",1,*,"","ele-1:All FHIR elements must have a @value or children {hasValue() or (children().count() > id.count())}
","n/a"
"Endpoint.payloadMimeType","","","",0,*,"Y","","Y","code {[]} {[]}
","Mimetype to send. If not specified, the content could be anything (including no payload, if the connectionType defined this)","The mime type to send the payload in - e.g. application/fhir+xml, application/fhir+json. If the mime type is not specified, then the sender could send any content (including no content depending on the connectionType).","Sending the payload has obvious security consequences. The server is responsible for ensuring that the content is appropriately secured.","","","","","","","","",,"required","The mime type of an attachment. Any valid mime type is allowed.","http://hl7.org/fhir/ValueSet/mimetypes|4.0.1","",,,,"Endpoint.payloadMimeType",0,*,"","ele-1:All FHIR elements must have a @value or children {hasValue() or (children().count() > id.count())}
","n/a"
"Endpoint.address","","","",1,1,"","","Y","url {[]} {[]}
","The technical base address for connecting to this endpoint","The uri that describes the actual end-point to connect to.","XCA SOAP endpoint","","","","","","","","",,,,,"",,,,"Endpoint.address",1,1,"","ele-1:All FHIR elements must have a @value or children {hasValue() or (children().count() > id.count())}
","n/a"
"Endpoint.header","","","",0,0,"","","","string {[]} {[]}
","XCA defines protocol","Additional headers / information to send as part of the notification.","Exactly what these mean depends on the channel type. The can convey additional information to the recipient and/or meet security requirements.","","","","","","","","",,,,,"",,,,"Endpoint.header",0,*,"","ele-1:All FHIR elements must have a @value or children {hasValue() or (children().count() > id.count())}
"
