{"resourceType":"CapabilityStatement","id":"IHE.MHD.DocumentRecipient.Fdoc","text":{"status":"additional","div":"<div xmlns=\"http://www.w3.org/1999/xhtml\">\n\tThis Requirements CapabilityStatement describes the <a href=\"1331_actors_and_transactions.html#133113-document-recipient\">Document Recipient actor</a> with ITI-65 FHIR Documents Publish declared Option.\n\t</div>"},"url":"https://profiles.ihe.net/ITI/MHD/CapabilityStatement/IHE.MHD.DocumentRecipient.Fdoc","version":"4.2.0-ballot","name":"IHE_MHD_DocumentRecipient_Fdoc","title":"Document Recipient implementing ITI-65 FHIR Documents Publish Option","status":"active","experimental":false,"date":"2021-02-22T00:00:00-05:00","publisher":"IHE IT Infrastructure Technical Committee","contact":[{"telecom":[{"system":"url","value":"https://www.ihe.net/ihe_domains/it_infrastructure/"}]},{"telecom":[{"system":"email","value":"iti@ihe.net"}]},{"name":"IHE IT Infrastructure Technical Committee","telecom":[{"system":"email","value":"iti@ihe.net"}]}],"description":"IHE ITI Mobile access to Health Documents (MHD) - Document Recipient - with ITI-65 FHIR Documents Publish declared Option.","jurisdiction":[{"coding":[{"system":"http://unstats.un.org/unsd/methods/m49/m49.htm","code":"001"}]}],"copyright":"IHE http://www.ihe.net/Governance/#Intellectual_Property","kind":"requirements","fhirVersion":"4.0.0","format":["application/fhir+xml","application/fhir+json"],"rest":[{"mode":"server","security":{"description":"Recommend IUA or SMART"},"interaction":[{"code":"transaction","documentation":"https://profiles.ihe.net/ITI/MHD/StructureDefinition/IHE.MHD.Minimal.ProvideBundle"},{"code":"transaction","documentation":"https://profiles.ihe.net/ITI/MHD/StructureDefinition/IHE.MHD.UnContained.Comprehensive.ProvideBundle"},{"code":"transaction","documentation":"https://profiles.ihe.net/ITI/MHD/StructureDefinition/IHE.MHD.Comprehensive.ProvideBundle"}]}]}