{"resourceType":"SearchParameter","id":"List-DesignationType","url":"https://profiles.ihe.net/ITI/MHD/SearchParameter/List-DesignationType","version":"4.2.0-ballot","name":"DesignationType","status":"active","date":"2022-10-21T18:05:05-05:00","publisher":"IHE IT Infrastructure Technical Committee","contact":[{"telecom":[{"system":"url","value":"https://www.ihe.net/ihe_domains/it_infrastructure/"}]},{"telecom":[{"system":"email","value":"iti@ihe.net"}]},{"name":"IHE IT Infrastructure Technical Committee","telecom":[{"system":"email","value":"iti@ihe.net"}]}],"description":"This SearchParameter enables finding Lists by the designationType code in a submissionSet or folder.","jurisdiction":[{"coding":[{"system":"http://unstats.un.org/unsd/methods/m49/m49.htm","code":"001"}]}],"code":"designationType","base":["List"],"type":"token","expression":"(extension('https://profiles.ihe.net/ITI/MHD/StructureDefinition/DesignationType').value as CodeableConcept)"}