﻿{
  "openapi": "3.0.2",
  "info": {
    "title": "IHE PDQm Server",
    "description": "CapabilityStatement for Server Actor in the IHE IT Infrastructure Technical Framework Supplement IHE PDQm.",
    "license": {
      "name": "Creative Commons Attribution Share Alike 4.0 International",
      "url": "http://spdx.org/licenses/CC-BY-SA-4.0.html"
    },
    "version": "2.4.0",
    "contact": {
      "name": "IHE IT Infrastructure Technical Committee",
      "email": "iti@ihe.net"
    }
  },
  "externalDocs": {
    "url": "http://profiles.ihe.net/ITI/PDQm/CapabilityStatement/IHE.PDQm.server",
    "description": "FHIR CapabilityStatement"
  },
  "paths": {
    "/metadata": {
      "summary": "Access to the Server\u0027s Capability Statement",
      "description": "All FHIR Servers return a CapabilityStatement that describes what services they perform",
      "get": {
        "summary": "Return the server\u0027s capability statement",
        "operationId": "metadata",
        "responses": {
          "default": {
            "description": "Error, with details",
            "content": {
              "application/fhir+json": {
                "schema": {
                  "$ref": "https://hl7.org/fhir/R4/fhir.schema.json#/definitions/OperationOutcome"
                }
              },
              "application/fhir+xml": {
                "schema": {
                  "$ref": "https://hl7.org/fhir/R4/OperationOutcome.xsd"
                }
              }
            }
          },
          "200": {
            "description": "the capbility statement",
            "content": {
              "application/fhir+json": {
                "schema": {
                  "$ref": "https://hl7.org/fhir/R4/fhir.schema.json#/definitions/CapabilityStatement"
                }
              },
              "application/fhir+xml": {
                "schema": {
                  "$ref": "https://hl7.org/fhir/R4/CapabilityStatement.xsd"
                }
              }
            }
          }
        },
        "parameters": [
          {
            "$ref": "#/components/parameters/format"
          },
          {
            "$ref": "#/components/parameters/pretty"
          },
          {
            "$ref": "#/components/parameters/summary"
          },
          {
            "$ref": "#/components/parameters/elements"
          }
        ]
      }
    },
    "/Patient": {
      "summary": "manage the collection of resources of type Patient",
      "description": "Access to services to manage the collection of all resources of type Patient",
      "get": {
        "summary": "Search all resources of type Patient based on a set of criteria",
        "operationId": "searchPatient",
        "responses": {
          "default": {
            "description": "Error, with details",
            "content": {
              "application/fhir+json": {
                "schema": {
                  "$ref": "https://hl7.org/fhir/R4/fhir.schema.json#/definitions/OperationOutcome"
                }
              },
              "application/fhir+xml": {
                "schema": {
                  "$ref": "https://hl7.org/fhir/R4/OperationOutcome.xsd"
                }
              }
            }
          },
          "200": {
            "description": "the resource being returned",
            "content": {
              "application/fhir+json": {
                "schema": {
                  "$ref": "https://hl7.org/fhir/R4/fhir.schema.json#/definitions/Bundle"
                }
              },
              "application/fhir+xml": {
                "schema": {
                  "$ref": "https://hl7.org/fhir/R4/Bundle.xsd"
                }
              }
            }
          }
        },
        "parameters": [
          {
            "$ref": "#/components/parameters/format"
          },
          {
            "$ref": "#/components/parameters/pretty"
          },
          {
            "$ref": "#/components/parameters/summary"
          },
          {
            "$ref": "#/components/parameters/elements"
          },
          {
            "name": "_id",
            "in": "query",
            "description": "Logical id of this artifact",
            "schema": {
              "type": "string"
            }
          },
          {
            "name": "active",
            "in": "query",
            "description": "Whether the patient record is active",
            "schema": {
              "type": "string"
            }
          },
          {
            "name": "address-city",
            "in": "query",
            "description": "A city specified in an address",
            "schema": {
              "type": "string"
            }
          },
          {
            "name": "address-country",
            "in": "query",
            "description": "A country specified in an address",
            "schema": {
              "type": "string"
            }
          },
          {
            "name": "address-postalcode",
            "in": "query",
            "description": "A postalCode specified in an address",
            "schema": {
              "type": "string"
            }
          },
          {
            "name": "address-state",
            "in": "query",
            "description": "A state specified in an address",
            "schema": {
              "type": "string"
            }
          },
          {
            "name": "birthdate",
            "in": "query",
            "description": "The patient\u0027s date of birth",
            "schema": {
              "type": "string",
              "pattern": "([0-9]([0-9]([0-9][1-9]|[1-9]0)|[1-9]00)|[1-9]000)(-(0[1-9]|1[0-2])(-(0[1-9]|[1-2][0-9]|3[0-1])(T([01][0-9]|2[0-3]):[0-5][0-9]:([0-5][0-9]|60)(\\.[0-9]+)?(Z|(\\+|-)((0[0-9]|1[0-3]):[0-5][0-9]|14:00)))?)?)?"
            }
          },
          {
            "name": "family",
            "in": "query",
            "description": "A portion of the family name of the patient",
            "schema": {
              "type": "string"
            }
          },
          {
            "name": "gender",
            "in": "query",
            "description": "Gender of the patient",
            "schema": {
              "type": "string"
            }
          },
          {
            "name": "given",
            "in": "query",
            "description": "A portion of the given name of the patient",
            "schema": {
              "type": "string"
            }
          },
          {
            "name": "identifier",
            "in": "query",
            "description": "A patient identifier",
            "schema": {
              "type": "string"
            }
          },
          {
            "name": "telecom",
            "in": "query",
            "description": "The value in any kind of telecom details of the patient",
            "schema": {
              "type": "string"
            }
          },
          {
            "name": "_lastUpdated",
            "in": "query",
            "description": "When the resource version last changed",
            "schema": {
              "type": "string",
              "pattern": "([0-9]([0-9]([0-9][1-9]|[1-9]0)|[1-9]00)|[1-9]000)(-(0[1-9]|1[0-2])(-(0[1-9]|[1-2][0-9]|3[0-1])(T([01][0-9]|2[0-3]):[0-5][0-9]:([0-5][0-9]|60)(\\.[0-9]+)?(Z|(\\+|-)((0[0-9]|1[0-3]):[0-5][0-9]|14:00)))?)?)?"
            }
          },
          {
            "name": "mothersMaidenName",
            "in": "query",
            "description": "Search based on patient\u0027s mother\u0027s maiden name",
            "schema": {
              "type": "string"
            }
          }
        ]
      }
    },
    "/Patient/{rid}": {
      "summary": "Read/Write/etc resource instance of type Patient",
      "description": "Access to services to manage the state of a single resource of type Patient",
      "get": {
        "summary": "Read the current state of the resource",
        "operationId": "readPatient",
        "responses": {
          "default": {
            "description": "Error, with details",
            "content": {
              "application/fhir+json": {
                "schema": {
                  "$ref": "https://hl7.org/fhir/R4/fhir.schema.json#/definitions/OperationOutcome"
                }
              },
              "application/fhir+xml": {
                "schema": {
                  "$ref": "https://hl7.org/fhir/R4/OperationOutcome.xsd"
                }
              }
            }
          },
          "200": {
            "description": "the resource being returned",
            "headers": {
              "ETag": {
                "description": "Version from Resource.meta.version as a weak ETag",
                "schema": {
                  "type": "string"
                }
              }
            },
            "content": {
              "application/fhir+json": {
                "schema": {
                  "$ref": "https://hl7.org/fhir/R4/fhir.schema.json#/definitions/Patient"
                }
              },
              "application/fhir+xml": {
                "schema": {
                  "$ref": "https://hl7.org/fhir/R4/Patient.xsd"
                }
              }
            }
          }
        },
        "parameters": [
          {
            "$ref": "#/components/parameters/rid"
          },
          {
            "$ref": "#/components/parameters/summary"
          },
          {
            "$ref": "#/components/parameters/format"
          },
          {
            "$ref": "#/components/parameters/pretty"
          },
          {
            "$ref": "#/components/parameters/elements"
          }
        ]
      }
    },
    "/": {
      "summary": "System level operations",
      "description": "System level operations",
      "get": {
        "summary": "Search all resources of all types based on a set of criteria",
        "operationId": "searchAll",
        "responses": {
          "default": {
            "description": "Error, with details",
            "content": {
              "application/fhir+json": {
                "schema": {
                  "$ref": "https://hl7.org/fhir/R4/fhir.schema.json#/definitions/OperationOutcome"
                }
              },
              "application/fhir+xml": {
                "schema": {
                  "$ref": "https://hl7.org/fhir/R4/OperationOutcome.xsd"
                }
              }
            }
          },
          "200": {
            "description": "the resource being returned",
            "content": {
              "application/fhir+json": {
                "schema": {
                  "$ref": "https://hl7.org/fhir/R4/fhir.schema.json#/definitions/Bundle"
                }
              },
              "application/fhir+xml": {
                "schema": {
                  "$ref": "https://hl7.org/fhir/R4/Bundle.xsd"
                }
              }
            }
          }
        },
        "parameters": [
          {
            "$ref": "#/components/parameters/format"
          },
          {
            "$ref": "#/components/parameters/pretty"
          },
          {
            "$ref": "#/components/parameters/summary"
          },
          {
            "$ref": "#/components/parameters/elements"
          }
        ]
      }
    }
  },
  "components": {
    "parameters": {
      "rid": {
        "name": "rid",
        "in": "path",
        "description": "id of the resource (\u003dResource.id)",
        "required": true,
        "allowEmptyValue": false,
        "style": "simple",
        "schema": {
          "type": "string"
        }
      },
      "hid": {
        "name": "hid",
        "in": "path",
        "description": "id of the history entry (\u003dResource.meta.versionId)",
        "required": true,
        "allowEmptyValue": false,
        "style": "simple",
        "schema": {
          "type": "string"
        }
      },
      "summary": {
        "name": "_summary",
        "in": "query",
        "description": "Requests the server to return a designated subset of the resource",
        "allowEmptyValue": true,
        "style": "form",
        "schema": {
          "type": "string",
          "enum": [
            "true",
            "text",
            "data",
            "count",
            "false"
          ]
        }
      },
      "format": {
        "name": "_format",
        "in": "query",
        "description": "Specify alternative response formats by their MIME-types (when a client is unable acccess accept: header)",
        "allowEmptyValue": true,
        "style": "form",
        "schema": {
          "type": "string",
          "format": "mime-type"
        }
      },
      "pretty": {
        "name": "_pretty",
        "in": "query",
        "description": "Ask for a pretty printed response for human convenience",
        "allowEmptyValue": true,
        "style": "form",
        "schema": {
          "type": "boolean"
        }
      },
      "elements": {
        "name": "_elements",
        "in": "query",
        "description": "Requests the server to return a collection of elements from the resource",
        "allowEmptyValue": true,
        "style": "form",
        "explode": false,
        "schema": {
          "type": "array",
          "format": "string",
          "items": {
            "format": "string"
          }
        }
      },
      "count": {
        "name": "_count",
        "in": "query",
        "description": "The maximum number of search results on a page. The server is not bound to return the number requested, but cannot return more",
        "schema": {
          "type": "number"
        }
      }
    }
  }
}