{
  "package": "ihe.iti.pdqm",
  "version": "2.4.0",
  "fhirVersion": "4.0.1",
  "jurisdiction": "001",
  "extensions": [],
  "profiles": {
    "Patient": [
      {
        "url": "https://profiles.ihe.net/ITI/PDQm/StructureDefinition/IHE.PDQm.Patient",
        "title": "PDQm Patient Profile"
      }
    ],
    "AuditEvent": [
      {
        "url": "https://profiles.ihe.net/ITI/PDQm/StructureDefinition/IHE.PDQm.Query.Audit.Consumer",
        "title": "Audit Event for PDQm Query at Consumer"
      },
      {
        "url": "https://profiles.ihe.net/ITI/PDQm/StructureDefinition/IHE.PDQm.Query.Audit.Supplier",
        "title": "Audit Event for PDQm Query at Supplier"
      }
    ]
  },
  "usage": {
    "http://hl7.org/fhir/StructureDefinition/elementdefinition-bestpractice": [
      "StructureDefinition.snapshot.element.constraint"
    ],
    "http://hl7.org/fhir/StructureDefinition/elementdefinition-bestpractice-explanation": [
      "StructureDefinition.snapshot.element.constraint"
    ],
    "http://hl7.org/fhir/StructureDefinition/elementdefinition-bindingName": [
      "StructureDefinition.snapshot.element.binding"
    ],
    "http://hl7.org/fhir/StructureDefinition/elementdefinition-isCommonBinding": [
      "StructureDefinition.snapshot.element.binding"
    ],
    "http://hl7.org/fhir/StructureDefinition/elementdefinition-maxValueSet": [
      "StructureDefinition.snapshot.element.binding"
    ],
    "http://hl7.org/fhir/StructureDefinition/patient-mothersMaidenName": [
      "Patient"
    ],
    "http://hl7.org/fhir/StructureDefinition/structuredefinition-category": [
      "StructureDefinition"
    ],
    "http://hl7.org/fhir/StructureDefinition/structuredefinition-explicit-type-name": [
      "StructureDefinition.snapshot.element"
    ],
    "http://hl7.org/fhir/StructureDefinition/structuredefinition-fhir-type": [
      "StructureDefinition.snapshot.element.type"
    ],
    "http://hl7.org/fhir/StructureDefinition/structuredefinition-hierarchy": [
      "StructureDefinition.snapshot.element.type"
    ],
    "http://hl7.org/fhir/StructureDefinition/structuredefinition-security-category": [
      "StructureDefinition"
    ],
    "http://hl7.org/fhir/tools/StructureDefinition/ig-parameter": [
      "ImplementationGuide.definition"
    ],
    "http://hl7.org/fhir/tools/StructureDefinition/resource-information": [
      "ImplementationGuide.definition.resource"
    ]
  }
}