<?xml version="1.0" encoding="UTF-8"?><Questionnaire xmlns="http://hl7.org/fhir"><id value="ihe-acdc-example-PHQ-2-questionnaire"/><meta><profile value="http://ihe.net/fhir/ACDC/StructureDefinition/ihe-acdc-questionnaire"/></meta><text><status value="generated"/><div xmlns="http://www.w3.org/1999/xhtml"><p><b>Generated Narrative with Details</b></p><p><b>id</b>: ihe-acdc-example-PHQ-2-questionnaire</p><p><b>meta</b>: </p><p><b>url</b>: <b>http://example.com/PHQ-2</b></p><p><b>version</b>: 0.1.0</p><p><b>name</b>: PHQ2</p><p><b>title</b>: Patient Health Questionnaire-2</p><p><b>status</b>: ACTIVE</p><p><b>date</b>: Feb 15, 2020, 12:00:00 AM</p><p><b>publisher</b>: Integrating the Healthcare Enterprise (IHE)</p><p><b>contact</b>: IHE Patient Care Coordination: https://www.ihe.net/ihe_domains/patient_care_coordination/,pcc@ihe.net, Keith W. Boone: kboone@ainq.com,https://motorcycleguy.blogspot.com</p><p><b>description</b>: Implements the PHQ-2 Depression Screening Assessment Instrument as a FHIR Questionnaire Resource</p><p><b>purpose</b>: The PHQ-2 is the ultra-brief depression measure (using first 2 items of PHQ-9) and ranges from 0-6. Most who use the short PHQ-2 use it for screening and not for monitoring depression</p><p><b>code</b>: Patient Health Questionnaire 2 item (PHQ-2) [Reported] (Details: LOINC code 55757-9 = &#39;Patient Health Questionnaire 2 item (PHQ-2) [Reported]&#39;, stated as &#39;Patient Health Questionnaire 2 item (PHQ-2) [Reported]&#39;)</p><blockquote><p><b>item</b></p><p><b>linkId</b>: PHQ-2</p><p><b>text</b>: Over the last 2 weeks, how often have you been bothered by the following problems?</p><p><b>type</b>: DISPLAY</p></blockquote><blockquote><p><b>item</b></p><p><b>linkId</b>: Question-1</p><p><b>code</b>: Little interest or pleasure in doing things in last 2 weeks [Reported.PHQ] (Details: LOINC code 44250-9 = &#39;Little interest or pleasure in doing things in last 2 weeks [Reported.PHQ]&#39;, stated as &#39;null&#39;)</p><p><b>text</b>: Little interest or pleasure in doing things?</p><p><b>type</b>: CHOICE</p><blockquote><p><b>answerOption</b></p><p><b>value</b>: Not at all (Details: LOINC code LA6568-5 = &#39;Not at all&#39;, stated as &#39;Not at all&#39;)</p></blockquote><blockquote><p><b>answerOption</b></p><p><b>value</b>: Several days (Details: LOINC code LA6569-3 = &#39;Several days&#39;, stated as &#39;Several days&#39;)</p></blockquote><blockquote><p><b>answerOption</b></p><p><b>value</b>: More than half the days (Details: LOINC code LA6570-1 = &#39;More than half the days&#39;, stated as &#39;More than half the days&#39;)</p></blockquote><blockquote><p><b>answerOption</b></p><p><b>value</b>: Nearly every day (Details: LOINC code LA6571-9 = &#39;Nearly every day&#39;, stated as &#39;Nearly every day&#39;)</p></blockquote></blockquote><blockquote><p><b>item</b></p><p><b>linkId</b>: Question-2</p><p><b>code</b>: Feeling down, depressed, or hopeless in last 2 weeks [Reported.PHQ] (Details: LOINC code 44255-8 = &#39;Feeling down, depressed, or hopeless in last 2 weeks [Reported.PHQ]&#39;, stated as &#39;null&#39;)</p><p><b>text</b>: Feeling down, depressed, or hopeless?</p><p><b>type</b>: CHOICE</p><blockquote><p><b>answerOption</b></p><p><b>value</b>: Not at all (Details: LOINC code LA6568-5 = &#39;Not at all&#39;, stated as &#39;Not at all&#39;)</p></blockquote><blockquote><p><b>answerOption</b></p><p><b>value</b>: Several days (Details: LOINC code LA6569-3 = &#39;Several days&#39;, stated as &#39;Several days&#39;)</p></blockquote><blockquote><p><b>answerOption</b></p><p><b>value</b>: More than half the days (Details: LOINC code LA6570-1 = &#39;More than half the days&#39;, stated as &#39;More than half the days&#39;)</p></blockquote><blockquote><p><b>answerOption</b></p><p><b>value</b>: Nearly every day (Details: LOINC code LA6571-9 = &#39;Nearly every day&#39;, stated as &#39;Nearly every day&#39;)</p></blockquote></blockquote><blockquote><p><b>item</b></p><p><b>linkId</b>: Assessment</p><p><b>code</b>: Patient Health Questionnaire 2 item (PHQ-2) total score [Reported] (Details: LOINC code 55758-7 = &#39;Patient Health Questionnaire 2 item (PHQ-2) total score [Reported]&#39;, stated as &#39;Patient Health Questionnaire 2 item (PHQ-2) total score [Reported]&#39;)</p><p><b>text</b>: Patient health questionnaire 2 item total score [Reported]</p><p><b>type</b>: INTEGER</p><p><b>readOnly</b>: true</p></blockquote></div></text><extension url="http://ihe.net/fhir/ACDC/StructureDefinition/questionnaire-launchurl"><valueUri value="https://example.com/launch/PHQ-2"/></extension><url value="http://example.com/PHQ-2"/><version value="0.1.0"/><name value="PHQ2"/><title value="Patient Health Questionnaire-2"/><status value="active"/><date value="2020-02-15T00:00:00+00:00"/><publisher value="Integrating the Healthcare Enterprise (IHE)"/><contact><name value="IHE Patient Care Coordination"/><telecom><system value="url"/><value value="https://www.ihe.net/ihe_domains/patient_care_coordination/"/></telecom><telecom><system value="email"/><value value="pcc@ihe.net"/></telecom></contact><contact><name value="Keith W. Boone"/><telecom><system value="email"/><value value="kboone@ainq.com"/></telecom><telecom><system value="url"/><value value="https://motorcycleguy.blogspot.com"/></telecom></contact><description value="Implements the PHQ-2 Depression Screening Assessment Instrument as a FHIR Questionnaire Resource"/><purpose value="The PHQ-2 is the ultra-brief depression measure (using first 2 items of PHQ-9) and ranges from 0-6. Most who use the short PHQ-2 use it for screening and not for monitoring depression"/><code><system value="http://loinc.org"/><code value="55757-9"/><display value="Patient Health Questionnaire 2 item (PHQ-2) [Reported]"/></code><item><linkId value="PHQ-2"/><text value="Over the last 2 weeks, how often have you been bothered by the following problems?"/><type value="display"/></item><item><linkId value="Question-1"/><code><system value="http://loinc.org"/><code value="44250-9"/></code><text value="Little interest or pleasure in doing things?"/><type value="choice"/><answerOption><valueCoding><system value="http://loinc.org"/><code value="LA6568-5"/><display value="Not at all"/></valueCoding></answerOption><answerOption><valueCoding><system value="http://loinc.org"/><code value="LA6569-3"/><display value="Several days"/></valueCoding></answerOption><answerOption><valueCoding><system value="http://loinc.org"/><code value="LA6570-1"/><display value="More than half the days"/></valueCoding></answerOption><answerOption><valueCoding><system value="http://loinc.org"/><code value="LA6571-9"/><display value="Nearly every day"/></valueCoding></answerOption></item><item><linkId value="Question-2"/><code><system value="http://loinc.org"/><code value="44255-8"/></code><text value="Feeling down, depressed, or hopeless?"/><type value="choice"/><answerOption><valueCoding><system value="http://loinc.org"/><code value="LA6568-5"/><display value="Not at all"/></valueCoding></answerOption><answerOption><valueCoding><system value="http://loinc.org"/><code value="LA6569-3"/><display value="Several days"/></valueCoding></answerOption><answerOption><valueCoding><system value="http://loinc.org"/><code value="LA6570-1"/><display value="More than half the days"/></valueCoding></answerOption><answerOption><valueCoding><system value="http://loinc.org"/><code value="LA6571-9"/><display value="Nearly every day"/></valueCoding></answerOption></item><item><linkId value="Assessment"/><code><system value="http://loinc.org"/><code value="55758-7"/><display value="Patient Health Questionnaire 2 item (PHQ-2) total score [Reported]"/></code><text value="Patient health questionnaire 2 item total score [Reported]"/><type value="integer"/><readOnly value="true"/></item></Questionnaire>