{
  "resourceType" : "Bundle",
  "id" : "9d3322a5-4647-43b9-ba41-211f2b31e928",
  "meta" : {
    "lastUpdated" : "2022-08-12T07:17:00.533-05:00"
  },
  "type" : "collection",
  "entry" : [{
    "fullUrl" : "http://example.org/svcm/example-valueset",
    "resource" : {
      "resourceType" : "ValueSet",
      "id" : "svcm-example-valueset",
      "meta" : {
        "profile" : ["https://profiles.ihe.net/ITI/SVCM/StructureDefinition/IHE.SVCM.ValueSet"]
      },
      "text" : {
        "status" : "generated",
        "div" : "<div xmlns=\"http://www.w3.org/1999/xhtml\"><p>This value set contains 1 concepts</p><p style=\"border: black 1px dotted; background-color: #EEEEEE; padding: 8px; margin-bottom: 8px\">Expansion based on <a href=\"CodeSystem-svcm-example-codesystem.html\">SVCM Example CodeSystem v1.4.0 (CodeSystem)</a></p><p>All codes in this table are from the system <a href=\"CodeSystem-svcm-example-codesystem.html\"><code>http://example.org/svcm/example</code></a></p><table class=\"codes\"><tr><td style=\"white-space:nowrap\"><b>Code</b></td><td><b>Display</b></td><td><b>Definition</b></td></tr><tr><td style=\"white-space:nowrap\"><a name=\"http---example.org-svcm-example-example\"> </a>  <a href=\"CodeSystem-svcm-example-codesystem.html#svcm-example-codesystem-example\">example</a></td><td>Example</td><td>Example Concept</td></tr></table></div>"
      },
      "url" : "http://example.org/svcm/example-valueset",
      "version" : "1.4.0",
      "name" : "SVCMExampleValueSet",
      "title" : "SVCM Example ValueSet",
      "status" : "active",
      "date" : "2022-08-12T07:17:00-05:00",
      "publisher" : "IHE IT Infrastructure Technical Committee",
      "contact" : [{
        "telecom" : [{
          "system" : "url",
          "value" : "https://www.ihe.net/ihe_domains/it_infrastructure/"
        }]
      },
      {
        "telecom" : [{
          "system" : "email",
          "value" : "iti@ihe.net"
        }]
      },
      {
        "name" : "IHE IT Infrastructure Technical Committee",
        "telecom" : [{
          "system" : "email",
          "value" : "iti@ihe.net"
        }]
      }],
      "description" : "An example ValueSet for SVCM",
      "jurisdiction" : [{
        "coding" : [{
          "system" : "http://unstats.un.org/unsd/methods/m49/m49.htm",
          "code" : "001"
        }]
      }],
      "expansion" : {
        "identifier" : "urn:uuid:7404c10c-0ea8-4bdb-9fb8-e31e3cf18cad",
        "timestamp" : "2022-08-12T07:18:00-05:00",
        "total" : 1,
        "parameter" : [{
          "name" : "excludeNested",
          "valueBoolean" : false
        },
        {
          "name" : "version",
          "valueUri" : "http://example.org/svcm/example|1.4.0"
        }],
        "contains" : [{
          "system" : "http://example.org/svcm/example",
          "code" : "example",
          "display" : "Example"
        }]
      }
    }
  },
  {
    "fullUrl" : "http://example.org/svcm/example2-valueset",
    "resource" : {
      "resourceType" : "ValueSet",
      "id" : "svcm-example2-valueset",
      "meta" : {
        "profile" : ["https://profiles.ihe.net/ITI/SVCM/StructureDefinition/IHE.SVCM.ValueSet"]
      },
      "text" : {
        "status" : "generated",
        "div" : "<div xmlns=\"http://www.w3.org/1999/xhtml\"><p>This value set contains 1 concepts</p><p style=\"border: black 1px dotted; background-color: #EEEEEE; padding: 8px; margin-bottom: 8px\">Expansion based on <a href=\"CodeSystem-svcm-example-codesystem2.html\">SVCM Example 2 CodeSystem v1.4.0 (CodeSystem)</a></p><p>All codes in this table are from the system <a href=\"CodeSystem-svcm-example-codesystem2.html\"><code>http://example.org/svcm/example2</code></a></p><table class=\"codes\"><tr><td style=\"white-space:nowrap\"><b>Code</b></td><td><b>Display</b></td><td><b>Definition</b></td></tr><tr><td style=\"white-space:nowrap\"><a name=\"http---example.org-svcm-example2-example\"> </a>  <a href=\"CodeSystem-svcm-example-codesystem2.html#svcm-example-codesystem2-example\">example</a></td><td>Example</td><td>Example Concept</td></tr></table></div>"
      },
      "url" : "http://example.org/svcm/example2-valueset",
      "version" : "1.4.0",
      "name" : "SVCMExample2ValueSet",
      "title" : "SVCM Example 2 ValueSet",
      "status" : "active",
      "date" : "2022-08-12T07:17:00-05:00",
      "publisher" : "IHE IT Infrastructure Technical Committee",
      "contact" : [{
        "telecom" : [{
          "system" : "url",
          "value" : "https://www.ihe.net/ihe_domains/it_infrastructure/"
        }]
      },
      {
        "telecom" : [{
          "system" : "email",
          "value" : "iti@ihe.net"
        }]
      },
      {
        "name" : "IHE IT Infrastructure Technical Committee",
        "telecom" : [{
          "system" : "email",
          "value" : "iti@ihe.net"
        }]
      }],
      "description" : "An example 2 ValueSet for SVCM",
      "jurisdiction" : [{
        "coding" : [{
          "system" : "http://unstats.un.org/unsd/methods/m49/m49.htm",
          "code" : "001"
        }]
      }],
      "expansion" : {
        "identifier" : "urn:uuid:53169c65-31d0-40b1-867e-c4d8098dce8a",
        "timestamp" : "2022-08-12T07:18:00-05:00",
        "total" : 1,
        "parameter" : [{
          "name" : "excludeNested",
          "valueBoolean" : false
        },
        {
          "name" : "version",
          "valueUri" : "http://example.org/svcm/example2|1.4.0"
        }],
        "contains" : [{
          "system" : "http://example.org/svcm/example2",
          "code" : "example",
          "display" : "Example"
        }]
      }
    }
  }]
}