URL,Version,Status,OIDs,Name,Title,Descriptino,Used
http://snomed.info/sct,null,active,"2.16.840.1.113883.6.96",SNOMED_CT,SNOMED CT (all versions),"SNOMED CT is the most comprehensive and precise clinical health terminology product in the world, owned and distributed around the world by The International Health Terminology Standards Development Organisation (IHTSDO).","ValueSet/referencerange-appliesto,ValueSet/body-site"
http://terminology.hl7.org/CodeSystem/PHOccupationalDataForHealthODH,2.0.1,active,"2.16.840.1.114222.4.5.327",PHOccupationalDataForHealthODH,Occupational Data for Health (ODH),"The concepts representing the values supporting Occupational Data for Health, including Job Supervisory Level or Pay Grade (ODH) code system consists of data elements that describe a person's work information, structured to facilitate individual, population, and public health use; not intended to support billing.).","ValueSet/2.16.840.1.114222.4.11.7613"
http://terminology.hl7.org/CodeSystem/referencerange-meaning,0.1.0,draft,"2.16.840.1.113883.4.642.1.1124",ObservationReferenceRangeMeaningCodes,Observation Reference Range Meaning Codes,"This value set defines a set of codes that can be used to indicate the meaning/use of a reference range for a particular target population.","ValueSet/referencerange-meaning"
http://terminology.hl7.org/CodeSystem/v3-ObservationValue,2.1.0,draft,"2.16.840.1.113883.5.1063",ObservationValue,ObservationValue,"This code system covers all concepts of HL7-defined values for the Observation value element, when it has a coded datatype.","ValueSet/v3-WorkScheduleODH,ValueSet/v3-employmentStatusODH"
http://terminology.hl7.org/CodeSystem/v3-WorkClassificationODH,2.2.0,active,"2.16.840.1.113883.5.1139",WorkClassificationODH,Work Classification (Occupational Data for Health),"Code system of concepts representing a person's job type as defined by compensation and sector (e.g. paid vs. unpaid, self-employed vs. not self-employed, government vs. private, etc.).","ValueSet/v3-WorkClassificationODH"
