{
  "resourceType" : "ValueSet",
  "id" : "22389aa1-b18c-402f-9e77-8a92da96894d-9",
  "url" : "http://hl7.org/fhir/comparison/ValueSet/22389aa1-b18c-402f-9e77-8a92da96894d-9",
  "name" : "IntersectionDocumentReferenceStatusAndDocumentReferenceStats",
  "title" : "Intersection of DocumentReferenceStatus And MHD DocumentReference status codes",
  "status" : "draft",
  "date" : "2022-10-21T18:05:35-05:00",
  "expansion" : {
    "contains" : [{
      "system" : "http://hl7.org/fhir/document-reference-status",
      "code" : "current",
      "display" : "Current"
    },
    {
      "system" : "http://hl7.org/fhir/document-reference-status",
      "code" : "superseded",
      "display" : "Superseded"
    }]
  }
}