{
  "resourceType" : "ValueSet",
  "id" : "22389aa1-b18c-402f-9e77-8a92da96894d-96",
  "url" : "http://hl7.org/fhir/comparison/ValueSet/22389aa1-b18c-402f-9e77-8a92da96894d-96",
  "name" : "IntersectionMHDlistTypesVSAndMHDlistTypesVS",
  "title" : "Intersection of MHD List Types ValueSet And MHD List Types ValueSet",
  "status" : "active",
  "date" : "2022-10-21T18:05:36-05:00",
  "jurisdiction" : [{
    "coding" : [{
      "system" : "http://unstats.un.org/unsd/methods/m49/m49.htm",
      "code" : "001"
    }]
  }],
  "compose" : {
    "include" : [{
      "concept" : [{
        "code" : "folder"
      },
      {
        "code" : "submissionset"
      }]
    }]
  },
  "expansion" : {
    "contains" : [{
      "system" : "https://profiles.ihe.net/ITI/MHD/CodeSystem/MHDlistTypes",
      "code" : "folder",
      "display" : "Folder as a FHIR List"
    },
    {
      "system" : "https://profiles.ihe.net/ITI/MHD/CodeSystem/MHDlistTypes",
      "code" : "submissionset",
      "display" : "SubmissionSet as a FHIR List"
    }]
  }
}