{
  "resourceType" : "ValueSet",
  "id" : "22389aa1-b18c-402f-9e77-8a92da96894d-98",
  "url" : "http://hl7.org/fhir/comparison/ValueSet/22389aa1-b18c-402f-9e77-8a92da96894d-98",
  "name" : "UnionMHDprovideFolderActionsAndMHDprovideFolderActions",
  "title" : "Union of MHD Folder List Types ValueSet And MHD Folder List Types ValueSet",
  "status" : "active",
  "date" : "2022-10-21T18:05:36-05:00",
  "jurisdiction" : [{
    "coding" : [{
      "system" : "http://unstats.un.org/unsd/methods/m49/m49.htm",
      "code" : "001"
    }]
  }],
  "compose" : {
    "include" : [{
      "concept" : [{
        "code" : "POST"
      },
      {
        "code" : "PUT"
      }]
    }]
  },
  "expansion" : {
    "contains" : [{
      "system" : "http://hl7.org/fhir/http-verb",
      "code" : "POST",
      "display" : "POST"
    },
    {
      "system" : "http://hl7.org/fhir/http-verb",
      "code" : "PUT",
      "display" : "PUT"
    }]
  }
}