{
  "resourceType": "Bundle",
  "id": "ex-minimalProvideDocumentBundleSimple",
  "meta": {
    "profile": [
      "https://profiles.ihe.net/ITI/MHD/StructureDefinition/IHE.MHD.Minimal.ProvideBundle"
    ],
    "security": [
      {
        "system": "http://terminology.hl7.org/CodeSystem/v3-ActReason",
        "code": "HTEST"
      }
    ]
  },
  "type": "transaction",
  "timestamp": "2004-10-25T23:50:50-05:00",
  "entry": [
    {
      "fullUrl": "urn:uuid:aaaaaaaa-bbbb-cccc-dddd-e00111100001",
      "resource": {
        "resourceType": "List",
        "id": "aaaaaaaa-bbbb-cccc-dddd-e00111100001",
        "meta": {
          "profile": [
            "https://profiles.ihe.net/ITI/MHD/StructureDefinition/IHE.MHD.Minimal.SubmissionSet"
          ],
          "security": [
            {
              "system": "http://terminology.hl7.org/CodeSystem/v3-ActReason",
              "code": "HTEST"
            }
          ]
        },
        "text": {
          "status": "extensions",
          "div": "<div xmlns=\"http://www.w3.org/1999/xhtml\">SubmissionSet with Patient</div>"
        },
        "contained": [
          {
            "resourceType": "Practitioner",
            "id": "in-practitioner2",
            "telecom": [
              {
                "system": "email",
                "value": "JohnMoehrke@gmail.com"
              }
            ]
          }
        ],
        "extension": [
          {
            "url": "https://profiles.ihe.net/ITI/MHD/StructureDefinition/ihe-sourceId",
            "valueIdentifier": {
              "value": "urn:oid:1.2.3.4"
            }
          },
          {
            "url": "https://profiles.ihe.net/ITI/MHD/StructureDefinition/ihe-intendedRecipient",
            "valueReference": {
              "reference": "#in-practitioner2"
            }
          }
        ],
        "identifier": [
          {
            "use": "official",
            "system": "urn:ietf:rfc:3986",
            "value": "urn:oid:1.2.129.6.58.92.88337.1"
          },
          {
            "use": "usual",
            "system": "http://example.org/documents",
            "value": "23425234-23470-1"
          }
        ],
        "status": "current",
        "mode": "working",
        "code": {
          "coding": [
            {
              "system": "https://profiles.ihe.net/ITI/MHD/CodeSystem/MHDlistTypes",
              "code": "submissionset"
            }
          ]
        },
        "subject": {
          "reference": "urn:uuid:aaaaaaaa-bbbb-cccc-dddd-e00111100004"
        },
        "date": "2004-10-25T23:50:50-05:00",
        "entry": [
          {
            "item": {
              "reference": "urn:uuid:aaaaaaaa-bbbb-cccc-dddd-e00111100002"
            }
          }
        ]
      },
      "request": {
        "method": "POST",
        "url": "List"
      }
    },
    {
      "fullUrl": "urn:uuid:aaaaaaaa-bbbb-cccc-dddd-e00111100002",
      "resource": {
        "resourceType": "DocumentReference",
        "id": "aaaaaaaa-bbbb-cccc-dddd-e00111100002",
        "meta": {
          "profile": [
            "https://profiles.ihe.net/ITI/MHD/StructureDefinition/IHE.MHD.Minimal.DocumentReference"
          ],
          "security": [
            {
              "system": "http://terminology.hl7.org/CodeSystem/v3-ActReason",
              "code": "HTEST"
            }
          ]
        },
        "text": {
          "status": "generated",
          "div": "<div xmlns=\"http://www.w3.org/1999/xhtml\"><p><b>Generated Narrative</b></p><div style=\"display: inline-block; background-color: #d9e0e7; padding: 6px; margin: 4px; border: 1px solid #8da1b4; border-radius: 5px; line-height: 60%\"><p style=\"margin-bottom: 0px\">Resource \"aaaaaaaa-bbbb-cccc-dddd-e00111100002\" </p><p style=\"margin-bottom: 0px\">Profile: <a href=\"StructureDefinition-IHE.MHD.Minimal.DocumentReference.html\">MHD DocumentReference Minimal</a></p><p style=\"margin-bottom: 0px\">Security Labels: <span title=\"{http://terminology.hl7.org/CodeSystem/v3-ActReason http://terminology.hl7.org/CodeSystem/v3-ActReason}\">http://terminology.hl7.org/CodeSystem/v3-ActReason</span></p></div><p><b>masterIdentifier</b>: id: urn:oid:1.2.840.113556.1.8000.2554.53432.348.12973.17740.34205.4355.50220.62012</p><p><b>identifier</b>: id: urn:uuid:7d5bb8ac-68ee-4926-85e7-b8aac8e1f09d</p><p><b>status</b>: current</p><p><b>subject</b>: <a href=\"#Patient_aaaaaaaa-bbbb-cccc-dddd-e00111100004\">See above (urn:uuid:aaaaaaaa-bbbb-cccc-dddd-e00111100004)</a></p><blockquote><p><b>content</b></p><p><b>format</b>: ITI XDS-SD TEXT (Details: http://ihe.net/fhir/ihe.formatcode.fhir/CodeSystem/formatcode code urn:ihe:iti:xds-sd:text:2008 = 'ITI XDS-SD TEXT', stated as 'null')</p></blockquote></div>"
        },
        "masterIdentifier": {
          "system": "urn:ietf:rfc:3986",
          "value": "urn:oid:1.2.840.113556.1.8000.2554.53432.348.12973.17740.34205.4355.50220.62012"
        },
        "identifier": [
          {
            "system": "urn:ietf:rfc:3986",
            "value": "urn:uuid:7d5bb8ac-68ee-4926-85e7-b8aac8e1f09d"
          }
        ],
        "status": "current",
        "subject": {
          "reference": "urn:uuid:aaaaaaaa-bbbb-cccc-dddd-e00111100004"
        },
        "content": [
          {
            "attachment": {
              "contentType": "text/plain",
              "url": "urn:uuid:aaaaaaaa-bbbb-cccc-dddd-e00111100003",
              "size": 11,
              "hash": "MGE0ZDU1YThkNzc4ZTUwMjJmYWI3MDE5NzdjNWQ4NDBiYmM0ODZkMA=="
            },
            "format": {
              "system": "http://ihe.net/fhir/ihe.formatcode.fhir/CodeSystem/formatcode",
              "code": "urn:ihe:iti:xds-sd:text:2008"
            }
          }
        ]
      },
      "request": {
        "method": "POST",
        "url": "DocumentReference"
      }
    },
    {
      "fullUrl": "urn:uuid:aaaaaaaa-bbbb-cccc-dddd-e00111100003",
      "resource": {
        "resourceType": "Binary",
        "id": "aaaaaaaa-bbbb-cccc-dddd-e00111100003",
        "meta": {
          "security": [
            {
              "system": "http://terminology.hl7.org/CodeSystem/v3-ActReason",
              "code": "HTEST"
            }
          ]
        },
        "contentType": "text/plain",
        "data": "SGVsbG8gV29ybGQ="
      },
      "request": {
        "method": "POST",
        "url": "Binary"
      }
    },
    {
      "fullUrl": "urn:uuid:aaaaaaaa-bbbb-cccc-dddd-e00111100004",
      "resource": {
        "resourceType": "Patient",
        "id": "aaaaaaaa-bbbb-cccc-dddd-e00111100004",
        "meta": {
          "security": [
            {
              "system": "http://terminology.hl7.org/CodeSystem/v3-ActReason",
              "code": "HTEST"
            }
          ]
        },
        "text": {
          "status": "generated",
          "div": "<div xmlns=\"http://www.w3.org/1999/xhtml\"><p><b>Generated Narrative</b></p><div style=\"display: inline-block; background-color: #d9e0e7; padding: 6px; margin: 4px; border: 1px solid #8da1b4; border-radius: 5px; line-height: 60%\"><p style=\"margin-bottom: 0px\">Resource \"aaaaaaaa-bbbb-cccc-dddd-e00111100004\" </p><p style=\"margin-bottom: 0px\">Security Labels: <span title=\"{http://terminology.hl7.org/CodeSystem/v3-ActReason http://terminology.hl7.org/CodeSystem/v3-ActReason}\">http://terminology.hl7.org/CodeSystem/v3-ActReason</span></p></div><p><b>name</b>: Dee Schmidt </p></div>"
        },
        "name": [
          {
            "family": "Schmidt",
            "given": [
              "Dee"
            ]
          }
        ]
      },
      "request": {
        "method": "POST",
        "url": "Patient"
      }
    }
  ]
}