{
  "resourceType" : "List",
  "id" : "ex-minimalSubmissionSet",
  "meta" : {
    "profile" : ["https://profiles.ihe.net/ITI/MHD/StructureDefinition/IHE.MHD.Minimal.SubmissionSet"],
    "security" : [{
      "system" : "http://terminology.hl7.org/CodeSystem/v3-ActReason",
      "code" : "HTEST"
    }]
  },
  "text" : {
    "status" : "generated",
    "div" : "<div xmlns=\"http://www.w3.org/1999/xhtml\"><table class=\"clstu\"><tr><td>Date: Dec 25, 2004, 10:50:50 PMMode: workingStatus: currentCode: SubmissionSet as a FHIR List</td></tr><tr><td/></tr></table><table class=\"grid\"><tr style=\"backgound-color: #eeeeee\"><td><b>Items</b></td></tr><tr><td><a href=\"DocumentReference-ex-documentreference.html\">DocumentReference/ex-documentreference</a></td></tr></table></div>"
  },
  "extension" : [{
    "url" : "https://profiles.ihe.net/ITI/MHD/StructureDefinition/ihe-sourceId",
    "valueIdentifier" : {
      "value" : "urn:oid:1.2.3.4"
    }
  }],
  "identifier" : [{
    "use" : "official",
    "system" : "urn:ietf:rfc:3986",
    "value" : "urn:uuid:40b3366f-7e4b-4d02-bbac-901aaa8d7183"
  },
  {
    "use" : "usual",
    "system" : "urn:ietf:rfc:3986",
    "value" : "urn:oid:1.2.840.113556.1.8000.2554.58783.21864.3474.19410.44358.58254.41281.46354"
  }],
  "status" : "current",
  "mode" : "working",
  "code" : {
    "coding" : [{
      "system" : "https://profiles.ihe.net/ITI/MHD/CodeSystem/MHDlistTypes",
      "code" : "submissionset"
    }]
  },
  "date" : "2004-12-25T23:50:50-05:00",
  "entry" : [{
    "item" : {
      "reference" : "DocumentReference/ex-documentreference"
    }
  }]
}