{
  "resourceType": "List",
  "id": "minimalFolderList",
  "meta": {
    "profile": [
      "http://ihe.net/fhir/ITI.MHD/StructureDefinition/IHE.MHD.Comprehensive.ListFolder"
    ],
    "security": [
      {
        "system": "http://terminology.hl7.org/CodeSystem/v3-ActReason",
        "code": "HTEST"
      }
    ]
  },
  "text": {
    "status": "generated",
    "div": "<div xmlns=\"http://www.w3.org/1999/xhtml\"><h2>Physical</h2><table class=\"clstu\"><tr><td>Date: Dec 26, 2004, 4:50:50 AMMode: workingStatus: currentCode: folderSubject: Patient/exampleSource: (null)<b>Items</b>DocumentReference/exampleDocumentReference/example2</td></tr><tr></tr></table><table class=\"grid\"><tr style=\"backgound-color: #eeeeee\"></tr><tr></tr><tr></tr></table></div>"
  },
  "extension": [
    {
      "url": "http://hl7.org/fhir/StructureDefinition/workflow-reasonCode",
      "valueCodeableConcept": {
        "coding": [
          {
            "system": "http://snomed.info/sct",
            "code": "225728007"
          }
        ]
      }
    }
  ],
  "identifier": [
    {
      "use": "official",
      "system": "urn:ietf:rfc:3986",
      "value": "urn:oid:1.2.129.6.58.92.88337.4"
    },
    {
      "use": "usual",
      "system": "http://example.org/documents",
      "value": "23425234-23470"
    }
  ],
  "status": "current",
  "mode": "working",
  "title": "Physical",
  "code": {
    "coding": [
      {
        "system": "http://ihe.net/fhir/ITI.MHD/CodeSystem/MHDlistTypes",
        "code": "folder"
      }
    ]
  },
  "subject": {
    "reference": "Patient/example"
  },
  "date": "2004-12-25T23:50:50-05:00",
  "source": {
    "reference": "Organization/example"
  },
  "entry": [
    {
      "item": {
        "reference": "DocumentReference/example"
      }
    },
    {
      "item": {
        "reference": "DocumentReference/example2"
      }
    }
  ]
}