{
  "resourceType" : "OperationDefinition",
  "id" : "generate-metadata",
  "text" : {
    "status" : "extensions",
    "div" : "<div xmlns=\"http://www.w3.org/1999/xhtml\"><p>URL: [base]/DocumentReference/$generate-metadata</p><p>Input parameters Profile: <a href=\"StructureDefinition-IHE.MHD.GenerateMetadata.Parameters.In.html\">IHE MHD GenerateMetadata Parameters In</a></p><p>Output parameters Profile: <a href=\"StructureDefinition-IHE.MHD.GenerateMetadata.Parameters.Out.html\">IHE MHD GenerateMetadata Parameters Out</a></p><p>Parameters</p><table class=\"grid\"><tr><td><b>Use</b></td><td><b>Name</b></td><td><b>Cardinality</b></td><td><b>Type</b></td><td><b>Binding</b></td><td><b>Documentation</b></td></tr></table></div>"
  },
  "url" : "https://profiles.ihe.net/ITI/MHD/OperationDefinition/generate-metadata",
  "version" : "4.2.0",
  "name" : "GenerateMetadata",
  "title" : "Generate a DocumentReference from a document",
  "status" : "active",
  "kind" : "operation",
  "experimental" : false,
  "date" : "2022-12-07T16:41:29-06:00",
  "publisher" : "IHE IT Infrastructure Technical Committee",
  "contact" : [{
    "telecom" : [{
      "system" : "url",
      "value" : "https://www.ihe.net/ihe_domains/it_infrastructure/"
    }]
  },
  {
    "telecom" : [{
      "system" : "email",
      "value" : "iti@ihe.net"
    }]
  },
  {
    "name" : "IHE IT Infrastructure Technical Committee",
    "telecom" : [{
      "system" : "email",
      "value" : "iti@ihe.net"
    }]
  }],
  "description" : "A client can ask a server to generate a documentReference from a document.\nThe server reads the existing document and generates a matching DocumentReference resource, or returns one it has previously generated. \nThe server will persist the document and the DocumentReference; and may propigate based on grouping with other Actors.\nServers may be able to return or generate document references for the following types of content:\n- CDA\n- FHIR Document",
  "jurisdiction" : [{
    "coding" : [{
      "system" : "http://unstats.un.org/unsd/methods/m49/m49.htm",
      "code" : "001"
    }]
  }],
  "affectsState" : true,
  "code" : "generate-metadata",
  "resource" : ["DocumentReference"],
  "system" : false,
  "type" : true,
  "instance" : false,
  "inputProfile" : "https://profiles.ihe.net/ITI/MHD/StructureDefinition/IHE.MHD.GenerateMetadata.Parameters.In",
  "outputProfile" : "https://profiles.ihe.net/ITI/MHD/StructureDefinition/IHE.MHD.GenerateMetadata.Parameters.Out"
}