{
  "resourceType" : "SearchParameter",
  "id" : "DocumentReference-Creation",
  "text" : {
    "status" : "generated",
    "div" : "<div xmlns=\"http://www.w3.org/1999/xhtml\"><h2>Creation</h2><p>Parameter <code>creation</code>:<code>date</code></p><div><p>This SearchParameter enables finding DocumentReference by the creation dateTime.</p>\n</div><table class=\"grid\"><tr><td>Resource</td><td><a href=\"http://hl7.org/fhir/R4/documentreference.html\">DocumentReference</a></td></tr><tr><td>Expression</td><td><code>DocumentReference.content.attachment.creation</code></td></tr><tr><td>Multiples</td><td>The parameter cannot repeat or have multiple values</td></tr></table></div>"
  },
  "url" : "https://profiles.ihe.net/ITI/MHD/SearchParameter/DocumentReference-Creation",
  "version" : "4.2.1",
  "name" : "Creation",
  "status" : "active",
  "date" : "2023-08-02T11:14:45-05:00",
  "publisher" : "IHE IT Infrastructure Technical Committee",
  "contact" : [{
    "telecom" : [{
      "system" : "url",
      "value" : "https://www.ihe.net/ihe_domains/it_infrastructure/"
    }]
  },
  {
    "telecom" : [{
      "system" : "email",
      "value" : "iti@ihe.net"
    }]
  },
  {
    "name" : "IHE IT Infrastructure Technical Committee",
    "telecom" : [{
      "system" : "email",
      "value" : "iti@ihe.net"
    }]
  }],
  "description" : "This SearchParameter enables finding DocumentReference by the creation dateTime.",
  "jurisdiction" : [{
    "coding" : [{
      "system" : "http://unstats.un.org/unsd/methods/m49/m49.htm",
      "code" : "001"
    }]
  }],
  "code" : "creation",
  "base" : ["DocumentReference"],
  "type" : "date",
  "expression" : "DocumentReference.content.attachment.creation"
}