{
  "resourceType": "CapabilityStatement",
  "id": "IHE.MHD.DocumentSource",
  "text": {
    "status": "additional",
    "div": "<div xmlns=\"http://www.w3.org/1999/xhtml\">\n\tThis Requirements CapabilityStatement describes the <a href=\"1331_actors_and_transactions.html#133111-document-source\">Document Source actor</a> with no declared Options.\n\t</div>"
  },
  "url": "https://profiles.ihe.net/ITI/MHD/CapabilityStatement/IHE.MHD.DocumentSource",
  "version": "4.2.0-ballot",
  "name": "IHE_MHD_DocumentSource",
  "title": "Document Source (publisher)",
  "status": "active",
  "experimental": false,
  "date": "2021-02-22T00:00:00-05:00",
  "publisher": "IHE IT Infrastructure Technical Committee",
  "contact": [
    {
      "telecom": [
        {
          "system": "url",
          "value": "https://www.ihe.net/ihe_domains/it_infrastructure/"
        }
      ]
    },
    {
      "telecom": [
        {
          "system": "email",
          "value": "iti@ihe.net"
        }
      ]
    },
    {
      "name": "IHE IT Infrastructure Technical Committee",
      "telecom": [
        {
          "system": "email",
          "value": "iti@ihe.net"
        }
      ]
    }
  ],
  "description": "IHE ITI Mobile access to Health Documents (MHD) - Document Source (publisher) - with no declared Options or all declared Options.",
  "jurisdiction": [
    {
      "coding": [
        {
          "system": "http://unstats.un.org/unsd/methods/m49/m49.htm",
          "code": "001"
        }
      ]
    }
  ],
  "copyright": "IHE http://www.ihe.net/Governance/#Intellectual_Property",
  "kind": "requirements",
  "fhirVersion": "4.0.0",
  "format": [
    "application/fhir+xml",
    "application/fhir+json"
  ],
  "rest": [
    {
      "mode": "client",
      "security": {
        "description": "Recommend IUA or SMART"
      },
      "interaction": [
        {
          "code": "transaction",
          "documentation": "https://profiles.ihe.net/ITI/MHD/StructureDefinition/IHE.MHD.Minimal.ProvideBundle"
        },
        {
          "code": "transaction",
          "documentation": "https://profiles.ihe.net/ITI/MHD/StructureDefinition/IHE.MHD.UnContained.Comprehensive.ProvideBundle"
        },
        {
          "code": "transaction",
          "documentation": "https://profiles.ihe.net/ITI/MHD/StructureDefinition/IHE.MHD.Comprehensive.ProvideBundle"
        }
      ]
    }
  ]
}