<?xml version="1.0" encoding="UTF-8"?><ValueSet xmlns="http://hl7.org/fhir"><id value="BasicAuditEntityTypesVS"/><text><status value="generated"/><div xmlns="http://www.w3.org/1999/xhtml"><ul><li>Include all codes defined in <a href="CodeSystem-BasicAuditEntityType.html"><code>https://profiles.ihe.net/ITI/basicaudit/CodeSystem/BasicAuditEntityType</code></a></li></ul></div></text><url value="https://profiles.ihe.net/ITI/basicaudit/ValueSet/BasicAuditEntityTypesVS"/><version value="1.0.0-comment"/><name value="BasicAuditEntityTypesVS"/><title value="Entity Types used by IHE BasicAudit"/><status value="active"/><date value="2022-02-28T21:25:08-06:00"/><publisher value="IHE IT Infrastructure Technical Committee"/><contact><telecom><system value="url"/><value value="https://www.ihe.net/ihe_domains/it_infrastructure/"/></telecom></contact><contact><telecom><system value="email"/><value value="iti@ihe.net"/></telecom></contact><contact><name value="IHE IT Infrastructure Technical Committee"/><telecom><system value="email"/><value value="iti@ihe.net"/></telecom></contact><description value="For use with AuditEvent.entity.type.  This includes codes defined in the BasicAudit."/><jurisdiction><coding><system value="http://unstats.un.org/unsd/methods/m49/m49.htm"/><code value="001"/></coding></jurisdiction><copyright value="IHE http://www.ihe.net/Governance/#Intellectual_Property"/><compose><include><system value="https://profiles.ihe.net/ITI/basicaudit/CodeSystem/BasicAuditEntityType"/></include></compose></ValueSet>