URL,Version,Status,OIDs,Name,Title,Descriptino,Uses,Used,Sources
https://profiles.ihe.net/ITI/MHD/ValueSet/AllReadVS,5.0.0-comment,active,,AllReadVS,all Reads,"ValueSet of the restful-interaction reads","StructureDefinition/IHE.BasicAudit.MHD5.Read","hl7.fhir.r5.core"
https://profiles.ihe.net/ITI/MHD/ValueSet/AllSearchVS,5.0.0-comment,active,,AllSearchVS,all Searches,"ValueSet of the restful-interaction searches","StructureDefinition/IHE.BasicAudit.MHD5.Query","hl7.fhir.r5.core"
https://profiles.ihe.net/ITI/MHD/ValueSet/BasicAuditEntityTypesVS,5.0.0-comment,active,,BasicAuditEntityTypesVS,Entity Types used by IHE BasicAudit,"For use with AuditEvent.entity.type.  This includes codes defined in the BasicAudit.",,"Internal"
https://profiles.ihe.net/ITI/MHD/ValueSet/DataSources,5.0.0-comment,active,,DataSources,participant source types for RESTful create,"create agent participant types for user operators that are in REST","StructureDefinition/IHE.BasicAudit.MHD5.Create","THO (V3)"
https://profiles.ihe.net/ITI/MHD/ValueSet/DocumentReferenceStats,5.0.0-comment,active,,DocumentReferenceStats,MHD DocumentReference status codes,"ValueSet that does not include entered-in-error as that does not map","StructureDefinition/IHE.MHD.Minimal.DocumentReference","hl7.fhir.r5.core"
https://profiles.ihe.net/ITI/MHD/ValueSet/MHDlistTypesVS,5.0.0-comment,active,,MHDlistTypesVS,MHD List Types ValueSet,"ValueSet of the MHD List Types allowed","StructureDefinition/IHE.MHD.List","Internal"
https://profiles.ihe.net/ITI/MHD/ValueSet/MHDprovideFolderActions,5.0.0-comment,active,,MHDprovideFolderActions,MHD Folder List Types ValueSet,"A ValueSet of the allowed actions in a ITI-65 Provide Document Bundle for the Folder List type Resources. Where Folders are allowed to be Updated in addition to Created.","StructureDefinition/IHE.MHD.Minimal.ProvideBundle","hl7.fhir.r5.core"
https://profiles.ihe.net/ITI/MHD/ValueSet/MHDprovidePatientActions,5.0.0-comment,active,,MHDprovidePatientActions,MHD Patient Types ValueSet,"A ValueSet of the allowed actions in a ITI-65 Provide Document Bundle for the Patient type Resource. Where Patient would typically be indicated as a GET (read), but might be created or updated depending on policy.","StructureDefinition/IHE.MHD.Minimal.ProvideBundle","hl7.fhir.r5.core"
https://profiles.ihe.net/ITI/MHD/ValueSet/RestObjectRoles,5.0.0-comment,active,,RestObjectRoles,RESTful objects role in the event,"The role that the given Object played in the Audit Event recorded","StructureDefinition/IHE.BasicAudit.MHD5.Create,StructureDefinition/IHE.BasicAudit.MHD5.Read","THO"
