<?xml version="1.0" encoding="UTF-8"?>

<Observation xmlns="http://hl7.org/fhir">
  <id value="ex-IMRObservation-Impression-4"/>
  <meta>
    <profile value="https://profiles.ihe.net/RAD/imr/StructureDefinition/imr-observation"/>
    <security>
      <system value="http://terminology.hl7.org/CodeSystem/v3-ActReason"/>
      <code value="HTEST"/>
    </security>
  </meta>
  <text>
    <status value="generated"/><div xmlns="http://www.w3.org/1999/xhtml"><p><b>Generated Narrative</b></p><div style="display: inline-block; background-color: #d9e0e7; padding: 6px; margin: 4px; border: 1px solid #8da1b4; border-radius: 5px; line-height: 60%"><p style="margin-bottom: 0px">Resource "ex-IMRObservation-Impression-4" </p><p style="margin-bottom: 0px">Profile: <a href="StructureDefinition-imr-observation.html">IMR Observation</a></p><p style="margin-bottom: 0px">Security Labels: <span title="{http://terminology.hl7.org/CodeSystem/v3-ActReason http://terminology.hl7.org/CodeSystem/v3-ActReason}">http://terminology.hl7.org/CodeSystem/v3-ActReason</span></p></div><p><b>basedOn</b>: <a href="ServiceRequest-ex-ServiceRequest.html">ServiceRequest/ex-ServiceRequest</a></p><p><b>partOf</b>: <a href="ImagingStudy-ex-ImagingStudy.html">ImagingStudy/ex-ImagingStudy</a></p><p><b>status</b>: final</p><p><b>category</b>: Imaging <span style="background: LightGoldenRodYellow; margin: 4px; border: 1px solid khaki"> (<a href="http://terminology.hl7.org/3.1.0/CodeSystem-observation-category.html">Observation Category Codes</a>#imaging)</span></p><p><b>code</b>: Radiology Imaging study [Impression] (narrative) <span style="background: LightGoldenRodYellow; margin: 4px; border: 1px solid khaki"> (<a href="https://loinc.org/">LOINC</a>#19005-8)</span></p><p><b>subject</b>: <a href="Patient-ex-Patient.html">Patient/ex-Patient</a></p><p><b>effective</b>: 2020-12-31 11:50:50-0500</p><p><b>value</b>: Unchanged circumferential thickening of the tracheal and bronchial walls, in keeping with the patient's known diagnosis of polychondritis.</p></div>
  </text>
  <basedOn>
    <reference value="ServiceRequest/ex-ServiceRequest"/>
  </basedOn>
  <partOf>
    <reference value="ImagingStudy/ex-ImagingStudy"/>
  </partOf>
  <status value="final"/>
  <category>
    <coding>
      <system value="http://terminology.hl7.org/CodeSystem/observation-category"/>
      <code value="imaging"/>
      <display value="Imaging"/>
    </coding>
  </category>
  <code>
    <coding>
      <system value="http://loinc.org"/>
      <code value="19005-8"/>
      <display value="Radiology Imaging study [Impression] (narrative)"/>
    </coding>
  </code>
  <subject>
    <reference value="Patient/ex-Patient"/>
  </subject>
  <effectiveDateTime value="2020-12-31T23:50:50-05:00"/>
  <valueString value="Unchanged circumferential thickening of the tracheal and bronchial walls, in keeping with the patient's known diagnosis of polychondritis."/>
</Observation>