{
  "resourceType" : "ActorDefinition",
  "id" : "IHE.MPD.DispenseReceiver",
  "text" : {
    "status" : "generated",
    "div" : "<div xmlns=\"http://www.w3.org/1999/xhtml\"><p class=\"res-header-id\"><b>Generated Narrative: ActorDefinition IHE.MPD.DispenseReceiver</b></p><a name=\"IHE.MPD.DispenseReceiver\"> </a><a name=\"hcIHE.MPD.DispenseReceiver\"> </a><a name=\"IHE.MPD.DispenseReceiver-en-US\"> </a><table class=\"grid\"><tr><td><b>Actor: IHEMPDDispenseReceiver </b></td><td>IHE MPD Dispense Receiver</td><td>Type: system </td></tr><tr><td colspan=\"3\"/></tr><tr><td>Capabilities:</td><td colspan=\"2\"><a href=\"CapabilityStatement-IHE.MPD.DispenseReceiverCS.html\">IHE MPD Dispense Receiver Actor (server)</a></td></tr></table></div>"
  },
  "url" : "https://profiles.ihe.net/PHARM/MPD/ActorDefinition/IHE.MPD.DispenseReceiver",
  "version" : "1.0.0-comment-2",
  "name" : "IHEMPDDispenseReceiver",
  "title" : "IHE MPD Dispense Receiver",
  "status" : "active",
  "experimental" : false,
  "date" : "2024-07-08T16:49:44+00:00",
  "publisher" : "Integrating the Healthcare Enterprise (IHE)",
  "contact" : [{
    "name" : "Integrating the Healthcare Enterprise (IHE)",
    "telecom" : [{
      "system" : "url",
      "value" : "http://ihe.net"
    },
    {
      "system" : "email",
      "value" : "secretary@ihe.net"
    }]
  },
  {
    "name" : "José Costa Teixeira",
    "telecom" : [{
      "system" : "email",
      "value" : "jose.a.teixeira@gmail.com",
      "use" : "work"
    }]
  }],
  "description" : "The Dispense Receiver accepts and stores dispense reports from the Dispense Reporter.",
  "jurisdiction" : [{
    "coding" : [{
      "system" : "http://unstats.un.org/unsd/methods/m49/m49.htm",
      "code" : "001"
    }]
  }],
  "copyright" : "IHE http://www.ihe.net/Governance/#Intellectual_Property",
  "type" : "system",
  "capabilities" : "https://profiles.ihe.net/PHARM/MPD/CapabilityStatement/IHE.MPD.DispenseReceiverCS"
}