{
  "codeSystems" : [
    {
      "url" : "http://hl7.org/fhir/http-verb",
      "version" : "4.0.1",
      "status" : "active",
      "name" : "HTTPVerb",
      "title" : "HTTPVerb",
      "description" : "HTTP verbs (in the HTTP command line). See [HTTP rfc](https://tools.ietf.org/html/rfc7231) for details.",
      "oids" : ["2.16.840.1.113883.4.642.4.625"],
      "uses" : {
      },
      "https://profiles.ihe.net/ITI/MHD/4.2.1/ValueSet-MHDprovidePatientActions.html" : "MHD Patient Types ValueSet",
      "ValueSet-DSUBmPublishBundleActions.html" : "DSUBm Update to document sharing resources actions ValueSet"
    }
  ]
}
