[
  {
    "id" : "IHE.IMR.RenderedReportReader",
    "type" : "CapabilityStatement",
    "url" : "https://profiles.ihe.net/RAD/IMR/CapabilityStatement/IHE.IMR.RenderedReportReader",
    "version" : "1.1.0",
    "name" : "IHE_IMR_RenderedReportReader"
  },
  {
    "id" : "IHE.IMR.ReportCreator",
    "type" : "CapabilityStatement",
    "url" : "https://profiles.ihe.net/RAD/IMR/CapabilityStatement/IHE.IMR.ReportCreator",
    "version" : "1.1.0",
    "name" : "IHE_IMR_ReportCreator"
  },
  {
    "id" : "IHE.IMR.ReportReader",
    "type" : "CapabilityStatement",
    "url" : "https://profiles.ihe.net/RAD/IMR/CapabilityStatement/IHE.IMR.ReportReader",
    "version" : "1.1.0",
    "name" : "IHE_IMR_ReportReader"
  },
  {
    "id" : "IHE.IMR.ReportRepository",
    "type" : "CapabilityStatement",
    "url" : "https://profiles.ihe.net/RAD/IMR/CapabilityStatement/IHE.IMR.ReportRepository",
    "version" : "1.1.0",
    "name" : "IHE_IMR_ReportRepository"
  },
  {
    "id" : "ihe.rad.imr",
    "type" : "ImplementationGuide",
    "url" : "https://profiles.ihe.net/RAD/IMR/ImplementationGuide/ihe.rad.imr",
    "version" : "1.1.0",
    "name" : "IHE_RAD_IMR"
  },
  {
    "id" : "DiagnosticReport-ImagingStudy",
    "type" : "SearchParameter",
    "url" : "https://profiles.ihe.net/RAD/IMR/SearchParameter/DiagnosticReport-ImagingStudy",
    "version" : "1.1.0",
    "name" : "ImagingStudy"
  },
  {
    "id" : "associatedStudy",
    "type" : "StructureDefinition",
    "url" : "https://profiles.ihe.net/RAD/IMR/StructureDefinition/associatedStudy",
    "version" : "1.1.0",
    "name" : "AssociatedStudy"
  },
  {
    "id" : "imaging-study-endpoint",
    "type" : "StructureDefinition",
    "url" : "https://profiles.ihe.net/RAD/IMR/StructureDefinition/imaging-study-endpoint",
    "version" : "1.1.0",
    "name" : "ImagingStudyEndpoint"
  },
  {
    "id" : "imr-diagnosticreport",
    "type" : "StructureDefinition",
    "url" : "https://profiles.ihe.net/RAD/IMR/StructureDefinition/imr-diagnosticreport",
    "version" : "1.1.0",
    "name" : "IMRDiagnosticReport"
  },
  {
    "id" : "imr-find-multimedia-report-response",
    "type" : "StructureDefinition",
    "url" : "https://profiles.ihe.net/RAD/IMR/StructureDefinition/imr-find-multimedia-report-response",
    "version" : "1.1.0",
    "name" : "IMRFindMultimediaReportResponse"
  },
  {
    "id" : "imr-imagingstudy",
    "type" : "StructureDefinition",
    "url" : "https://profiles.ihe.net/RAD/IMR/StructureDefinition/imr-imagingstudy",
    "version" : "1.1.0",
    "name" : "IMRImagingStudy"
  },
  {
    "id" : "imr-observation",
    "type" : "StructureDefinition",
    "url" : "https://profiles.ihe.net/RAD/IMR/StructureDefinition/imr-observation",
    "version" : "1.1.0",
    "name" : "IMRObservation"
  },
  {
    "id" : "imr-servicerequest",
    "type" : "StructureDefinition",
    "url" : "https://profiles.ihe.net/RAD/IMR/StructureDefinition/imr-servicerequest",
    "version" : "1.1.0",
    "name" : "IMRServiceRequest"
  },
  {
    "id" : "imr-store-multimedia-report-bundle",
    "type" : "StructureDefinition",
    "url" : "https://profiles.ihe.net/RAD/IMR/StructureDefinition/imr-store-multimedia-report-bundle",
    "version" : "1.1.0",
    "name" : "IMRStoreMultimediaReportBundle"
  },
  {
    "id" : "imr-store-multimedia-report-bundle-response",
    "type" : "StructureDefinition",
    "url" : "https://profiles.ihe.net/RAD/IMR/StructureDefinition/imr-store-multimedia-report-bundle-response",
    "version" : "1.1.0",
    "name" : "IMRStoreMultimediaReportBundleResponse"
  },
  {
    "id" : "imaging-study-endpoint-connectiontype-vs",
    "type" : "ValueSet",
    "url" : "https://profiles.ihe.net/RAD/IMR/ValueSet/imaging-study-endpoint-connectiontype-vs",
    "version" : "1.1.0",
    "name" : "ImagingStudyEndpointConnectionTypeVS"
  },
  {
    "id" : "imaging-study-endpoint-payloadtype-vs",
    "type" : "ValueSet",
    "url" : "https://profiles.ihe.net/RAD/IMR/ValueSet/imaging-study-endpoint-payloadtype-vs",
    "version" : "1.1.0",
    "name" : "ImagingStudyEndpointPayloadTypeVS"
  },
  {
    "id" : "imr-servicerequest-intent-vs",
    "type" : "ValueSet",
    "url" : "https://profiles.ihe.net/RAD/IMR/ValueSet/imr-servicerequest-intent-vs",
    "version" : "1.1.0",
    "name" : "IMRServiceRequestIntentVS"
  }
]
